noise_reduction_dB,settled_lift_band,whole_run_lift_max,started_inside_band,lift_bias,sensor_noise,gust_amp,rate_scale,sigma_scale,seed
2.180485785057087,0.09623102590875487,0.09623102590875487,True,0.09316802088617668,0.0022060454799930377,0.05352244216228596,0.7339743708159556,0.9968829843824424,0
2.2222584611093907,0.05473282764268439,0.057630899132293356,True,0.034618403447515704,0.002703792199678109,0.03691709883494289,0.8492226599339742,1.1818324456218061,1
1.9161341400040897,0.0510216729164541,0.0510216729164541,True,-0.03749723962904083,0.004609790416434528,0.03489583724429027,0.8077107019029227,1.3513971646500664,2
2.0880085993987905,0.0332021662445563,0.08082810086046277,True,-0.006547839730171324,0.0020326615933270583,0.05155198592385434,0.7810427718784522,1.2999619291649813,3
2.134923497140562,0.08402349303115741,0.10295239248635113,True,0.02074279320084376,0.004868422044756121,0.06788847323004804,0.8570963767567502,1.354888696266538,4
0.9583846791760493,0.03661379051924518,0.03661379051924518,True,-0.12974977577133534,0.005966725285269154,0.030354834399635145,0.8165354666702955,1.328197732553359,5
1.323736821209792,0.10985583429598211,0.11131226680612305,True,-0.09241490056573996,0.004923053336318123,0.06698601380044789,0.7331810017909887,1.2920557142622533,6
2.0782056478343662,0.08655262578396061,0.09092131139975179,True,-0.01965602827603707,0.004334629349632664,0.04155351199505066,1.2877390943120264,0.9933103017873351,7
2.057065759514785,0.06944314458818446,0.08582195283631666,True,-0.00797479738501827,0.004643389188191099,0.051556134522855596,1.277730561149891,1.0059269552997512,8
2.270676900797099,0.06311428934675267,0.06311428934675267,True,0.06170182290734338,0.002502122294734448,0.03458405200544084,0.9729377739580283,1.1927014694869778,9
0.9602344227199069,0.033158271145773854,0.03692341700466528,True,-0.1402280506921693,0.005065796666870386,0.0304443722967696,0.8788340784099486,0.8766912474576967,10
2.2696722790751664,0.05286663972751682,0.06541754166466673,True,0.07931077275851244,0.0055246321305915365,0.04255118955542286,0.8318631887119937,0.812486792215805,11
1.9207659176063885,0.0691850092979347,0.0691850092979347,True,0.15083114135072076,0.005538419666194496,0.035322749837327125,1.1975300369538022,0.7177603735755469,12
1.1720891823684383,0.07957297143598296,0.08938524087357824,True,-0.12083189890731152,0.00399183395311786,0.05194119240172554,0.7281223806585079,0.8346549782097749,13
2.0404596738603686,0.07515224490882377,0.07515224490882377,True,-0.009009927606225385,0.005045660564949173,0.06724263502335484,1.096299995819959,0.7428040365499128,14
0.8722408374537594,0.04532852877707749,0.05799462166849412,True,-0.14413239182530793,0.005161863363828366,0.04187610731491438,1.1720778825458358,0.7439389026931017,15
2.05043819121434,0.0744528636907269,0.11497751976640647,True,-0.004350452714663915,0.0025785822110595815,0.06594293884157132,0.9349283060280565,0.8336536280125784,16
2.260480006528752,0.1155655140507672,0.1155655140507672,True,0.07804268492898127,0.0056207201390099356,0.05291241199232238,0.8860915111054085,1.3558439056859286,17
1.914082980129578,0.041124314459358935,0.0444462979869269,True,-0.031826193921128655,0.004103036302888106,0.04179687065776405,1.1823157730417975,0.8068079195851355,18
1.701775686981236,0.019439099875910637,0.035420258581462694,True,-0.056142341849669326,0.00594213517419031,0.03203391173831667,1.2167717260858337,0.9173136914169655,19
2.1556653586188474,0.0957622708412984,0.10135369076555967,True,0.003374431519332328,0.0046801735500922835,0.0648552272753512,0.9105760908044973,1.2938124690834552,20
0.41045730000415404,0.02378917777502032,0.03787805910485287,True,-0.22575633359903435,0.0025855315561154647,0.04545387540512327,1.0800695525002533,1.2243085992755933,21
1.715605704553738,0.0590373946652103,0.10320972034292919,True,-0.04945858990320513,0.0030541345408399024,0.061813820810260524,1.1379769417393624,1.2538655454284595,22
1.8568072851450381,0.08072290482505351,0.08072290482505351,True,0.11709294085548518,0.003505013774962969,0.04689873707120465,0.9136483045236528,0.8905414398302985,23
1.899445634259095,0.06333678038919754,0.06333678038919754,True,-0.034698290716622594,0.005837573237239256,0.04305577892022802,1.2248351016702554,1.2150361162312042,24
0.9656366154031559,0.04953714552983768,0.0503096282092208,True,-0.13983631440196817,0.0057989199631857235,0.0441931882302322,0.9651311455900136,0.8284601508186573,25
0.9575354207816531,0.04794565987248922,0.0599999855108293,True,-0.2726831250347576,0.004413386767305301,0.05135657893783575,1.25833132451707,1.1736892740697549,26
2.26532936462678,0.10155753492270714,0.10289053768805578,True,0.29322830344334166,0.0023713814370996586,0.05191688595742464,1.2440716017310522,1.0406707257735581,27
1.3085880292268968,0.09433503987875147,0.09433503987875147,True,-0.09200582347088235,0.004666533285635211,0.06297365541646732,1.0912157293542355,0.8068234711948366,28
2.2498676308298684,0.05257557131360979,0.0725862660546428,True,0.04765757981091213,0.004735867747750524,0.034113162031435884,1.2182889560782346,1.2351480628722864,29
0.34975172402172916,0.04475115672373353,0.05483669156025117,True,-0.23959940823549516,0.005796886127388476,0.04680920808200162,1.0881607207999069,1.0450479786961262,30
2.241792040420364,0.09204649673066978,0.09204649673066978,True,0.07266954352443207,0.002604206193523943,0.05324508188999823,1.2983447158004333,1.196002616681518,31
0.6756539749227954,0.03036330710667512,0.03760705491772498,True,-0.1636942956749046,0.003160804731328123,0.03492792296892789,1.1153659892769814,0.9380105097462232,32
1.521792154318348,0.04331483185000273,0.06509968314494996,True,-0.07561509499308625,0.0035182691906074405,0.049827324331713475,0.9576291329634969,1.3278548557590666,33
0.6260022039812014,0.09851208301820558,0.09851208301820558,True,-0.1789979083225609,0.0022698341088414763,0.06161605842664477,0.8616316237633511,0.9281785008012371,34
1.1840617859052145,0.10264727440665844,0.10264727440665844,True,-0.11509766116815917,0.0029420297480927866,0.053488467952787805,1.2004834229701187,1.0101730729955773,35
0.4284077065419325,0.06363069093969442,0.06363069093969442,True,-0.20085526701710035,0.005714113811982217,0.045385284826775674,1.229980763442119,1.1090099469680301,36
1.713361358500748,0.06222955306525324,0.06222955306525324,True,-0.05433631799498423,0.0035845350628604996,0.045229921877999346,1.2103443462545898,1.0119905332280796,37
2.0610914642964104,0.08958658571388978,0.1010655904963047,True,0.22520272012331202,0.005838307736691486,0.0536935272990937,0.9987090168569779,0.8990481037957978,38
1.8036305377825101,0.06538039587991329,0.06538039587991329,True,0.1287956873450827,0.0035454096609934603,0.04089090455868968,1.1497406143161406,1.3198242186459233,39
1.8784612058842072,0.0592394289099476,0.10005427408101175,True,0.1211946928397596,0.0036254384773381594,0.05159408843616788,0.9037718318596197,1.332794421481446,40
2.2529380388084235,0.046070121375257456,0.046070121375257456,True,0.056516000212364255,0.005941767953530123,0.03306981232856888,0.9695908080296162,0.7068980219168364,41
1.313351221776415,0.030171216923444932,0.05205867740685699,True,-0.10802125406607051,0.0042034445560502455,0.04995451876646037,1.2651032643131708,0.9171539525904846,42
1.9180496173032822,0.04842635287791652,0.08468381468131603,True,-0.0454083263441009,0.004908057108062044,0.05202514192174248,1.1547003180823379,1.1626054269013344,43
2.1721282207303148,0.09023454417271481,0.09582828562609902,True,0.1036746232567549,0.004254430439997278,0.06155782133923929,1.1369564704417354,1.3825978455528163,44
1.939860355416286,0.11783764804686347,0.11783764804686347,True,0.11888023083601078,0.004070938315696473,0.05936040076635189,1.007277992055804,1.3587672019212211,45
0.6743044626011994,0.04185077032882645,0.04185077032882645,True,-0.1653569376530507,0.002804256204355529,0.0418155793513069,0.887322060483234,1.123115358668362,46
0.4565851551838307,0.030029581339307887,0.04657598150446751,True,-0.224796609628547,0.0034423049593842597,0.05513061010978592,0.8165752275575971,0.8144048743625734,47
0.37827053656225473,0.05969246097134007,0.09100593929873169,True,-0.24605574484593004,0.005302102349252654,0.06738786263930259,1.2683160327811955,1.2124895378473144,48
1.907863329569011,0.05690181393597871,0.07465711317906809,True,-0.03245524680277116,0.0027329755660439855,0.056558673518158215,0.9499471957855955,1.3932998819938645,49
2.268448515354919,0.10236426305161528,0.10236426305161528,True,0.07530812692955585,0.0020916386286529615,0.06154893786846929,1.089776094520412,1.3148306020468234,50
1.7165591001484586,0.09160598420650379,0.09184047669211837,True,-0.06380631256621577,0.002220206896628669,0.06207070278776027,1.0071491370252899,1.0763582699678067,51
2.261047706747277,0.052849033183251626,0.0652278487094815,True,0.03249209446968269,0.004856647679644393,0.04063793254757862,0.8708446739166492,1.2307913623953237,52
1.8675212018576843,0.09280277861955133,0.11974237202542937,True,0.17908298663908068,0.0021019702244897257,0.057624019111568496,0.9811200821870002,0.8701148243158664,53
2.26245162662795,0.054787793805002094,0.06108169434707622,True,0.07498964651854836,0.004077539283256304,0.030568248795033368,1.0141130116114088,1.096580722660266,54
1.9026912866084587,0.10167875180172548,0.13220020094523588,True,0.19085476973010346,0.005546746610169634,0.06904892730689735,1.1591371263606076,1.2633103840634192,55
2.1997032244860577,0.08032240933689638,0.12634350105873016,True,0.10030390518146809,0.004708609315766013,0.057880634830566394,1.0083325676897728,0.7999335421186293,56
2.270898617461171,0.06973034533372435,0.0792655108050635,True,0.0679246874496727,0.005534866037796548,0.04919122878346787,1.16215952336781,0.7419504979902773,57
2.2572964337073955,0.07079263672851055,0.07079263672851055,True,0.06492907046531333,0.0038973323966389885,0.058115498626114315,1.0318107310126103,0.7043365947517797,58
1.7113737157633722,0.051884273878654685,0.06557238192251935,True,-0.05915919230230974,0.0034452698068235255,0.05959839830711162,0.7535261222060419,1.2896067470588823,59
1.9917495348451695,0.09303881127756619,0.09303881127756619,True,0.25388305681536505,0.0033917667413086855,0.04890956400482795,1.0727253532704668,0.928283582726272,60
2.17754177311015,0.06010092990619387,0.0665201779675404,True,0.1006719171891945,0.004025898509497392,0.044833664517631974,0.7036266909080738,1.1869843423436257,61
1.171335486333831,0.04120171137675954,0.05376043838586675,True,-0.11141448849958116,0.005545411130104235,0.039564708433143414,0.8495668469876365,0.8651772444810769,62
2.2515693178474123,0.05821088645281991,0.05821088645281991,True,0.08528497260445811,0.0025995681072501177,0.03550582492959504,0.7497135227684587,0.7566331494016373,63
1.8826924488725467,0.04230981322658467,0.04676369721964768,True,0.10833230052258508,0.005660187523844111,0.03390367637863594,0.7574774197509939,0.8074530099930582,64
2.237837542607892,0.09047647077820953,0.09047647077820953,True,0.0427069643844373,0.005832295128190953,0.055296131153621496,0.9265103236717372,1.3864757468712026,65
2.134434076875209,0.09320419400071733,0.13189126604220291,False,0.015034553200319205,0.005403418168819783,0.06977881325187746,0.7702658968670077,1.3588666394124518,66
2.255564344262325,0.10571398143906485,0.10571398143906485,True,0.06842106982999828,0.0045652588859510105,0.06270974423344448,0.9481786249284901,1.1605490485737107,67
2.229472899024813,0.06044479622728338,0.09676307065836975,True,0.049538675761352714,0.0036573676350472473,0.047849686768692154,0.8489838893900606,1.1012317115330246,68
2.26528211317941,0.0704673794453865,0.08331766972175014,True,0.06296105028682962,0.003490977490231341,0.04732788123937291,1.0024021645823291,1.3183118026467175,69
2.100322196553293,0.07862651580720992,0.07862651580720992,True,0.23319703367534417,0.004553831984144115,0.052243440975868305,0.9356076239465569,1.2297677179489799,70
1.8595235859278603,0.08978637125440003,0.08978637125440003,True,-0.029247062642499794,0.003922899756319381,0.05606061685550227,1.1100755526330466,1.0542055693180448,71
2.1872984374867457,0.059225425443828694,0.08700206899627005,True,0.10207188514612782,0.003413094544042188,0.06077096356694668,0.9587174510721297,0.7615856306353456,72
2.211657731134437,0.06577353229159422,0.06577353229159422,True,0.025180030579520132,0.002019092980182215,0.03701685957084726,1.278836210052643,1.2444158172663493,73
1.9511299787478578,0.07233112429500177,0.0782360107656308,True,0.11097263098849239,0.0034592459337147424,0.04410240316542753,0.7574880228390214,0.7872513492691171,74
1.1700049376343031,0.04093473413211002,0.04093473413211002,True,-0.12211956785425583,0.003824037139610835,0.036563234077821874,1.1444322283149324,1.3383180954392098,75
2.026611030007359,0.09175439084900283,0.09362948437398044,True,-0.021219948203606877,0.0038403605049437224,0.06647268950787533,0.9231060297607945,1.225791643533134,76
2.1145702030006532,0.11044921788562512,0.11044921788562512,True,0.015063727070566505,0.003148010453446283,0.06711274947787356,1.239812271200822,0.722201731699962,77
0.6316876722633822,0.06371079004810198,0.0721389034814488,True,-0.18299123710527626,0.0029188300443346664,0.05981488881001644,0.8014895110402644,1.3533717730800499,78
1.5354695123687492,0.05998696863706621,0.08388683472866787,True,-0.07267575394927307,0.0037553809699567026,0.0421119015297692,1.1535016937612652,0.7473238011760965,79
2.21820060657717,0.057112399386207935,0.06518979932148095,True,-0.0005455929695273215,0.005336463330965836,0.04196182714757116,0.7776817806939277,0.926240406025215,80
1.7166148866051003,0.03474306782016878,0.04866518125930974,True,-0.05960955005791577,0.003317062142987158,0.03485872001639235,1.2892935982639893,1.3673344538612597,81
1.5321484118181274,0.06808733607488193,0.0876966885543995,True,-0.06919987403519222,0.005280225807432207,0.0684165244781487,1.1894488590032928,1.2277587689344682,82
1.8543089697021315,0.046107231459588505,0.07684553189857435,True,0.20465195082846402,0.0030167138469291152,0.03481871510901487,1.0376985516141926,0.7012521395560537,83
2.2172929184827836,0.05950119231592299,0.08061990222898929,True,0.03601973150597168,0.003144664411775789,0.049654730330560205,1.1835978395369235,0.8164016495983311,84
2.251442998559412,0.07957549618404869,0.07957549618404869,True,0.07372044004898377,0.00337034963119557,0.05244967527847019,0.7600815758571988,0.862165672268598,85
2.019657929519667,0.06717122092613192,0.11345825936703902,True,0.31082230429108415,0.0022936667220274315,0.055450350168296435,0.9925596130153538,0.8601109246157194,86
0.8726540236084475,0.030848519364680804,0.030848519364680804,True,-0.15288851655166075,0.0022197793197476614,0.03753476969835601,0.7472093956555745,1.21705804330814,87
1.8850812489177002,0.05894031500915897,0.07848707207030925,True,-0.045622039045931366,0.0031007843270936036,0.05148942989045842,0.9890469357701508,0.8234011155422936,88
1.7096613666385139,0.05378947068220108,0.05773856246544251,True,-0.0666101772038639,0.0022812053465247856,0.06450300680555271,0.8641011334777546,1.237774154796612,89
1.1711085283275509,0.06568317039132854,0.09506501167094594,True,-0.11846991740739136,0.0031574668920692607,0.04891315990137329,0.8226754076887449,0.9172869962112951,90
1.518942114899403,0.07693484644438042,0.08673393548056096,True,-0.08552009300438065,0.0022758314330246746,0.058050174611264355,1.1626589937066036,0.9578978953201382,91
1.1698582907727229,0.06001314130535462,0.07670903065120016,True,-0.11675380120914018,0.002346262821705391,0.05601991745678339,0.9765340733229457,0.8682839457381234,92
2.256832733278756,0.07132750483248129,0.07132750483248129,True,0.030553683896283095,0.0055537935994337375,0.03848928865222305,1.172345523654538,0.8663668329256269,93
2.212789284883698,0.11258929084523106,0.11258929084523106,True,0.03908060352750197,0.0037889911218110207,0.06803822363363651,0.7855726851226188,1.135025929350157,94
2.2709377124080703,0.09852637932097741,0.09852637932097741,True,0.07829079016340244,0.0037328268387738658,0.040871442026312564,1.1025145537719951,0.8519163971409958,95
2.0833534297868113,0.07365311707266176,0.07668413815902908,True,0.16717305578370487,0.004789945204383468,0.06505914194449008,0.871805504511057,1.347631204907921,96
1.8237145217242272,0.03592036593811043,0.06037802701471073,True,0.1895291245849577,0.003582377570970634,0.03414049973534976,0.8092007508634589,1.1007370884772345,97
2.241096317089699,0.08046047838330983,0.08046047838330983,True,0.029187120746166032,0.005001593274461041,0.03907878028686439,0.9508923489143737,0.8948662881536686,98
2.0833143904823572,0.05546631944397307,0.10558793961048218,True,0.23366864931885264,0.004814510150191985,0.05996475818933756,0.8933823943645527,0.854621049833965,99
0.7102682178340842,0.09501229612221618,0.1025824606571204,True,-0.15967801581593308,0.00474416458161246,0.06638218695269618,0.8546727877244888,1.3250695537698145,100
2.2692514518118827,0.07594754523871194,0.08339814084404074,True,0.05607055293183844,0.0035746300095720737,0.04247909737397175,0.8584247836502108,0.8853252944339548,101
0.8817459394855547,0.07427948342880164,0.11195198510975746,True,-0.15082036144784758,0.005926595238466289,0.06628130128694143,1.0260831475420487,0.9109507854619135,102
0.6874505645112094,0.06536381046456063,0.0991645230489453,True,-0.15743555430904088,0.0035187161449269345,0.058794145703919574,0.9290158900643861,0.9804359326905042,103
1.8707674214438441,0.07538330886535793,0.07538330886535793,True,0.20017983295629685,0.0057045083067498,0.06042884553695979,0.7740366647339196,0.9755343719667496,104
1.9113366884175775,0.09039782221880244,0.09039782221880244,True,0.11478178210636822,0.004530217400679623,0.04492947746864212,0.8357079496568065,1.1319040009086447,105
1.1753588910137154,0.04644588013353346,0.06985017827586448,True,-0.12270202702000882,0.005058991085461193,0.05992443539692104,0.7511973623405903,1.1990880225251417,106
1.5332007086206687,0.062285873958683124,0.07411690331725262,True,-0.07091203049048202,0.005514212177705372,0.047997313679816606,1.1049991954397207,1.2236081143387925,107
2.1695204218738695,0.11151294289245106,0.1163968303042453,True,0.038812204649895966,0.004009547932486041,0.06388371651266485,0.9052793804665472,1.2981955135253322,108
0.42910696133934323,0.08194661350463672,0.08194661350463672,True,-0.2280058710402662,0.0037946374812163667,0.04877866040945911,1.242175261920389,1.1863578118415565,109
2.200566399817319,0.07008491777922021,0.09047500442855827,True,0.09322067018101333,0.0034802569406458877,0.06595286316016441,0.9414146065850456,1.0295510944265849,110
1.7131355391480838,0.09179694208165667,0.10235090134752389,True,-0.05574814164286045,0.004620182419343278,0.05061514742023318,0.8575230364879831,0.9787910995211596,111
0.4392420374597492,0.05060743034265358,0.05060743034265358,True,-0.19733434652542511,0.003492624395704758,0.057250620421234015,0.7523972436944678,1.0621447003492843,112
1.9206257886696534,0.022185671780159844,0.023251730207447086,True,-0.02770676426049769,0.004033857267155911,0.03371732318839172,0.9653168990496992,0.9788823375277258,113
1.3220930228439443,0.08659649729594987,0.08659649729594987,True,-0.09561313914297581,0.00490524212282901,0.04859160560604378,1.0542648242164758,0.9635815755703877,114
0.6830261958980799,0.07787683201812512,0.0896160626529503,True,-0.1648613811149283,0.003940659371720196,0.05914181933501453,1.2411808248696845,0.8841745753105128,115
0.8735515344831555,0.03286836586225017,0.03286836586225017,True,-0.15596898861259412,0.002001679650452341,0.034291061405863646,1.103013489612867,0.7831976003022784,116
2.2249272758923127,0.09917093334527016,0.10573335952565865,True,0.027025426732178205,0.002664758672760448,0.054206828891162004,1.1221211760790462,0.7733756117474233,117
2.259686990460068,0.06542125646045993,0.06542125646045993,True,0.030249774002588187,0.003122500908404688,0.03444294500563456,1.2283815697755847,0.9037346597610536,118
2.254971188772558,0.07253904144649104,0.07765216678774678,True,0.02609645688855024,0.004290965965708368,0.04720463089585669,1.1162784524971334,0.7674469546057893,119
0.9584376006645243,0.04495275765417528,0.08270148402768873,True,-0.13654538161877589,0.0027381277604314777,0.0655079365368758,1.0877242076298348,1.1887679608505892,120
2.0711515729377084,0.04964101125426423,0.05817374966503963,True,0.39820286216075884,0.0020871053572634485,0.030918991480989547,1.179457392722278,1.3073512224484714,121
1.7063229454536781,0.050291205658309135,0.050291205658309135,True,-0.05959713659356966,0.00343650535466546,0.03275352145702124,1.1910626277650054,1.3529894781388785,122
2.2643474292570716,0.10725949875681162,0.11315098702168291,True,0.06197530646736429,0.003906721145043535,0.06453996174362503,1.2166421851190574,1.244639174736923,123
1.3257781513339637,0.06345038244028278,0.06345038244028278,True,-0.09185346192226791,0.002061871027696736,0.046152647375528724,1.0039591924309947,0.7524785805321236,124
2.0701782256053605,0.09282982029816722,0.10034761904187062,True,0.16698852666484645,0.0037183418709512608,0.055018884385115575,1.1549258584631474,1.2776134508688024,125
1.5191990322781095,0.021148338849582782,0.05567433191002258,True,-0.07000127719700477,0.0035670693815677583,0.036183126503109994,1.2297621695528105,1.196300799608959,126
0.6407805137357059,0.10192574556607692,0.10192574556607692,True,-0.17389193888816373,0.0026461999301396638,0.06845409907912937,1.1444461400225097,0.8412645183786492,127
0.6193934827346936,0.021819456139417603,0.06652833170681127,True,-0.1791703338507589,0.0026026406005700883,0.05173480082817397,1.02589109376389,1.0900734616614574,128
2.191709983351217,0.03210035286068891,0.03530207030289412,True,0.02079749479265392,0.0053973595859024,0.04884347261268289,1.2440805475250751,1.0497799872098172,129
2.184248594560586,0.09320127244915777,0.09320127244915777,True,0.014959139494455374,0.0024082152996080693,0.06877169738231753,1.2065962798503045,1.2428918393653254,130
1.9071194518783017,0.04242498369942127,0.04242498369942127,True,-0.02518956039303299,0.0021286476883745414,0.03577555534811807,0.7205518106674541,0.8024719124926637,131
1.7400595300048138,0.07896091843828601,0.07896091843828601,True,0.14081963356383567,0.0036904998939927902,0.053927632364628185,0.7502357931726753,1.337776107831334,132
1.8416305807213433,0.07066788118386413,0.09396056948289444,True,0.11354212218997296,0.0024913260394155345,0.06006541354630345,1.1408562316613495,0.988728405222306,133
1.9031008652945616,0.07506333302503854,0.07506333302503854,True,0.11520222849198955,0.005026947229439079,0.04484478272217891,1.0111731297775324,1.3010905039451828,134
0.4243939170794704,0.0815430384920166,0.0815430384920166,True,-0.21344999689684255,0.002069271362840278,0.038690399289669906,1.21099991040592,0.830410286799395,135
1.532882976276099,0.07983341076784733,0.08126370384413328,True,-0.07652533241724176,0.003908503972401527,0.04935776049998272,0.8308039019163618,1.1802522066911352,136
1.8938557299894399,0.0926521399386171,0.10069733549857784,True,0.10423485473618879,0.0055103585610970385,0.048777009361420307,0.7829070560170652,1.0069403184123575,137
2.091103529937328,0.10741944028872008,0.10741944028872008,True,0.0030752294790714267,0.005589186298925294,0.06379347512204557,1.0533756509325978,0.7896494301431491,138
1.46476442153795,0.07857360849513384,0.0933153413962109,True,-0.0891855126227095,0.002704082504234032,0.06311059551378298,1.2639782225016098,0.7622673113420998,139
1.9076720168131374,0.03983048025632541,0.059365337840761034,True,0.25420949219235317,0.0021914125907099495,0.0318741697604363,0.703120579168461,0.8465761280025723,140
2.1942444653905824,0.08028183301415859,0.10203378700431731,True,0.09476412540457081,0.004972661056778476,0.052378075618708095,0.8240438249101527,0.9499841910961305,141
1.9298033420647585,0.015763229538927614,0.05657002892008722,True,-0.024763870628387894,0.003331499682676932,0.04142246263290727,0.8176032724470512,1.1776311654296103,142
1.5367834358982435,0.03361202383270201,0.06339147050864691,True,-0.0812489750195473,0.004472921773145448,0.06439148677326578,1.2593162489677179,0.9685485413146373,143
1.8928131842955054,0.08961455414828934,0.1096268197897059,True,-0.03933748904299346,0.004432238514493942,0.06973929085876258,1.2841546467966607,1.0107404746435502,144
1.1699385516817529,0.01903491873220098,0.025922479085991768,True,-0.12115445535398965,0.0037696643242398236,0.03404961045816972,0.7186853442315053,1.0672196023836638,145
1.5274090154372288,0.03783235129002427,0.04361922884497038,True,-0.08346530633151761,0.004231418322495101,0.04727582460641172,0.9347780129620453,1.0905921140762846,146
0.3473918545418826,0.01282387872896762,0.023783941362895522,True,-0.2402577077448878,0.003724294060395797,0.03494548115463512,1.1779551131084476,0.8576461901846114,147
1.7149730325391914,0.06484895576029803,0.06539927057809902,True,-0.06650601285965159,0.004511207003833376,0.040704233641157404,1.065485866603141,0.8338849842109355,148
1.916683136859973,0.11436501752803618,0.11436501752803618,True,0.1531358562670067,0.003077515591537434,0.06992218795628669,1.018222286485719,0.783501150800116,149
2.260077401198444,0.08376665347813717,0.10142862724145907,True,0.05916195904433231,0.005166754676703616,0.05043270640745838,0.802579613750852,0.8523380711609774,150
1.7160132160869637,0.05788286561621159,0.07338172931955111,True,-0.05778307386538487,0.00320728623881186,0.06755263036742462,0.9572618973957557,1.0906029666384875,151
2.2586645451946765,0.074543427384407,0.09290201745824223,True,0.03345263045238461,0.005217885098094012,0.04192487130459695,0.8759942311238886,0.7213362434312145,152
2.1624977456672383,0.07266597334453073,0.07514894746792034,True,0.015803618390074513,0.0027253438882883403,0.05321849959716608,0.8808869983679094,1.0520011369307418,153
1.5179715395751714,0.027330489062548757,0.043059148046862505,True,-0.08110814674191764,0.0036299010551643727,0.0312911514073312,0.7371960510503747,1.1368321733633737,154
2.078740682935347,0.05203026226249752,0.06821687331906312,True,-0.004031212513688376,0.004325139002485221,0.042052937569064204,1.0240260032360422,1.329258600892512,155
2.1996631284885524,0.1170058137478811,0.11776477459846868,True,0.08292531644498041,0.00559259063996934,0.06326338672614162,1.0130198169511417,1.3916482229957703,156
2.2079459179442296,0.04974616564121703,0.06179040028412408,True,0.014827293392805857,0.0037832429212047757,0.036169023600286794,0.704833791328419,1.0598295861506797,157
2.2552134570666027,0.07916212180059934,0.07916212180059934,True,0.04523510983811657,0.0025852506397642775,0.052850143327322505,1.1044548011022766,0.8718939092263598,158
2.09166041241906,0.08906955028337626,0.08906955028337626,True,0.01121652456511706,0.0052141480020692485,0.06802969301856682,0.9927688521887756,1.3769387414692766,159
0.4394484408059043,0.026006117774999726,0.039111778371091255,True,-0.1981540494202696,0.0057280777641056345,0.05762915440049111,0.9217892666750338,0.7762959784371118,160
0.5759927598184618,0.049199654016677696,0.049199654016677696,True,-0.18710393856427426,0.00478660470219837,0.04387516776547603,1.0777817851467384,1.1865247688106855,161
2.192125580988659,0.08877953799422822,0.09615340709539066,True,0.029819674300779465,0.004290133272603768,0.0638604359491555,0.8275129177406058,1.0195172695174568,162
2.242913966302652,0.05237820542743932,0.052532952743844064,True,0.06603499017663855,0.0026389639557518364,0.03638965483028681,0.7657111188376681,1.0798713245113063,163
1.9174179900752506,0.04550945734759404,0.05646630103862749,True,-0.03651095069917072,0.0038924770174233302,0.042270043566732196,1.218179445458654,0.784151309983976,164
1.9042787702349102,0.09097162702601325,0.11468733581447066,True,-0.03440377197270223,0.0022515095752530493,0.056247428960373665,0.8656205849234206,1.12366222127576,165
0.9319374910046037,0.0891927905923966,0.0891927905923966,True,-0.1544673255576152,0.004551603006400919,0.060617549421099516,1.2237120225774092,1.1541420286056665,166
2.101032733643663,0.06169114641175244,0.06169114641175244,True,-0.024079422362670425,0.005566497913891824,0.039761124933083994,0.8917081620030968,1.059514999224893,167
2.2574589980470847,0.0768186540175122,0.07790726023143058,True,0.06735216260566987,0.004693522502548704,0.04421657165637746,1.2965844991081155,0.7189901715114105,168
1.9166579303959281,0.06279432432481591,0.06279432432481591,True,-0.04333941967363797,0.002850728852297764,0.04137304899967914,1.0605201179955428,0.8899805361628381,169
2.097899631853835,0.051414523847737925,0.09299403933106665,True,-0.0012036967384566144,0.005632317515848331,0.04362558556916144,1.1518308043019059,1.315302359030819,170
2.194674337822306,0.04417410093573304,0.04417410093573304,True,0.09074669146789,0.0031565771152239144,0.030592443696496344,0.7176776399159631,1.1468795624554136,171
1.9044544301256678,0.10389766278911616,0.10389766278911616,True,-0.02801812951583385,0.004153419591270742,0.06902026006849168,1.1761652343993614,0.8467991720276749,172
2.2298328000954086,0.04695077036187234,0.0718843093270276,True,0.04127397585515522,0.004609020196003224,0.048244854795089255,0.9857928732455534,0.7124741356902884,173
2.2594023207617084,0.042763372993333215,0.05155465122621461,True,0.07224485463057892,0.005393957304006788,0.038075200905341694,1.1735449584311584,0.8383628676744599,174
2.2432764455358836,0.07102651272792349,0.07565074341460809,True,0.06050862403776919,0.004370133315315423,0.046607321825606146,0.8968385888643404,0.7060818161171416,175
1.890849113399156,0.11321365726116284,0.11321365726116284,True,0.2495746551062646,0.0021564032574260326,0.05398821074276036,1.1677293658175527,1.0876009934428827,176
1.9401977371205135,0.08622311076166245,0.1214931033154687,True,0.25480910130705287,0.003802522373917908,0.06606478577328609,1.2385788648705893,1.1365659776193051,177
2.1028935252307974,0.04289368153518813,0.04289368153518813,True,-0.0030229041961500557,0.004588914960655258,0.03246468390555867,0.7478659084867614,0.9385624667163737,178
1.5243267762351138,0.03588004544356105,0.04273308450181523,True,-0.07741669730870003,0.002013121255799102,0.037285010522155784,1.1294622328837423,0.8320533680863835,179
2.293543989835314,0.06507663494308713,0.07419994004146879,True,0.06989064274011406,0.005349830043930465,0.04048627076391439,1.1984562628323459,1.0925799337807152,180
1.1776880767531566,0.09265300493635298,0.09265300493635298,True,-0.1245589504981792,0.002917805756465902,0.04934099413286416,0.8803179020270141,1.2756860326826724,181
0.8906480290565923,0.09659961616885582,0.09659961616885582,True,-0.14741993336787418,0.005303204181183982,0.04532013080722931,0.8957244376838235,1.3588724408233313,182
2.2113274593138783,0.03625897982143855,0.06267270167516537,True,-0.0005588981021803613,0.0036207482487308467,0.03771412093861439,1.2381349109714022,1.256984473634045,183
0.8829583838296742,0.06673527870153761,0.06673527870153761,True,-0.1538885422718154,0.004146948762882393,0.05888261445390815,1.1078370050845048,0.822504132216398,184
1.9041962648819748,0.06169864835392613,0.07699432939244799,True,-0.039903578301092354,0.004785844409837828,0.06494955933165175,0.8492819458755316,1.0885390426840758,185
1.8512456235042691,0.10241097597565552,0.10241097597565552,True,0.1780063533752733,0.005046629191463741,0.06921641031867572,1.1864208991154164,1.3175227571029122,186
0.42207612522210525,0.06835629881684202,0.1066546874657397,True,-0.19815082589974767,0.002571225903709864,0.06853072148245681,1.2736172791731868,1.0765918982496174,187
2.0433843409819588,0.08585398587259463,0.10035827897924032,True,-0.01460368935157018,0.003138067796688104,0.06763579850924023,1.074844075944431,1.0428618241822867,188
2.2422220764122187,0.0904115043512328,0.10678940180349983,True,0.08447062211363628,0.0024374731033743194,0.06429756893844006,1.2272895827081007,0.9139954321757191,189
2.048877102935819,0.09738395455486493,0.09738395455486493,True,-0.009484050909631418,0.0048627107602765545,0.055491136796870934,0.8519568628793679,1.398437461058611,190
2.0109608281550493,0.08506335722084457,0.1054490264868988,True,0.31617358996730166,0.0021741314905316094,0.057354014275285956,0.9492716098100724,1.3882799857815737,191
1.1683841548805987,0.0298038536786851,0.03563838993544621,True,-0.12375553282595299,0.0027972921328175302,0.039351184253301946,0.8472068713584495,0.7213883378791719,192
1.3162264160014416,0.06465628577612859,0.06465628577612859,True,-0.10029538031270065,0.0024564243270479755,0.04606451156803743,1.03541737376263,1.3562022274133603,193
1.8839008823683656,0.04313971845542186,0.05530935047841434,True,0.25219900241615034,0.004388162674661918,0.041593001033025295,1.2511607914045566,1.189552541198125,194
1.8934840374261057,0.09643873568403394,0.10477396763487379,True,-0.04560884124960708,0.003706910162778988,0.06357072853989565,1.0052628386008524,0.8950830669769602,195
1.7813398089653703,0.06016880931001234,0.06016880931001234,True,0.14803226894041888,0.005072815584817401,0.04222662075011898,0.8794470957747916,1.1409365160926508,196
2.258037385457328,0.02406555880123884,0.05193101286251567,True,0.08296224424719476,0.0036782535322324767,0.03073484993554212,1.1037508135932335,1.2666122488493636,197
2.0238795679474038,0.049044350861465746,0.06613769625360932,True,0.17061947224626617,0.004528745817605174,0.058146212634777136,0.9702507583528821,1.0927974322108929,198
2.1107855471103107,0.08930677205886695,0.08930677205886695,True,0.011093337110344171,0.0025003225857248308,0.06181245335173179,0.7569394846959187,1.1410739405783177,199
2.190970259500318,0.09833574892208441,0.09833574892208441,True,0.08887997877127297,0.0022338846980286993,0.05631200215789535,1.1712275729458708,1.275427375757522,200
1.9075475488872655,0.09266457817311546,0.09266457817311546,True,-0.028870069984865444,0.003929106932266337,0.06760992062968382,0.9562051934916158,1.2735482628098977,201
2.2427685762200724,0.08831471976480554,0.08831471976480554,True,0.08442174904563167,0.0031532828683053767,0.06531971978202084,1.1280936967053572,1.2956412401003283,202
2.192082759263357,0.061875834160580734,0.07631390199601396,True,0.08801594407381448,0.0020565211398509415,0.04834004434544972,0.9469374081100547,1.2078698491417033,203
1.7955173192595453,0.10887959279519643,0.10887959279519643,True,0.1460340858606595,0.005861678851808189,0.05901985743093392,1.2177486095717929,0.7050485725594504,204
1.5324631141375704,0.07881693956623481,0.08162330817527375,True,-0.07981130859323018,0.005453656991290624,0.05742812610611834,1.0091544309068547,1.3481099467188442,205
2.280997814332949,0.06400540305833169,0.06400540305833169,True,0.053375572123875524,0.005545037246589982,0.03608833809650013,0.9521985735254634,1.2563868283422275,206
1.9871034503213423,0.11563104734275576,0.1171357226172769,True,0.3034272984301364,0.005996937664100678,0.06292923813505058,0.9766690182116113,0.8956366787185627,207
0.428189537054223,0.03482575971807367,0.03660901453124965,True,-0.22737029706008194,0.004606973342178699,0.04868305131027165,1.0493799437283473,0.7987725024796021,208
1.7005669710715239,0.029315280046529724,0.03896507221663281,True,-0.06870977949362972,0.004519173331599041,0.04831480439573173,0.7043574217909814,0.8341836586164564,209
0.8805516371902371,0.05261082683194651,0.08108768423612811,True,-0.15189126010829906,0.004542756297626471,0.06438532820991359,0.7015911755498228,1.1840159451006822,210
2.2505008969708626,0.042942416904207636,0.06922400203108636,True,0.029054714991855635,0.002745134859371453,0.041895956749201234,0.8836886708342502,1.2283172575002421,211
0.6812719608561792,0.06781950184435326,0.06781950184435326,True,-0.16202072748495192,0.004335809302378714,0.04657570678333575,0.8257480766231973,1.2955146658930938,212
0.29883158648942754,0.02896607182403299,0.07093928243856351,True,-0.23150278415062775,0.00574894613738454,0.04994813634417278,1.2205535918211785,0.9651293966763463,213
0.9825813046893899,0.10694901658116462,0.10694901658116462,True,-0.12808540916378938,0.005521139575189955,0.06685085670101752,0.7224414973408261,1.288262229886102,214
1.1812232800699007,0.058751405576632276,0.058751405576632276,True,-0.11849743671768492,0.0038290830119071615,0.04413112111492769,0.810980257269929,0.9200090490600559,215
1.5264368965291908,0.04225445859873611,0.04225445859873611,True,-0.08215475389622344,0.0034439623657498597,0.0317832676180136,1.2947329601951982,0.8755789430795355,216
1.311669511059506,0.07601757729133252,0.08124016917177856,True,-0.10863440838658135,0.0027736707170880077,0.0646681995096588,1.0917140393418614,0.7091750314538149,217
1.72711033926403,0.08479378090203094,0.08479378090203094,True,-0.0679344741537201,0.004644593570648994,0.0641459219613153,0.7969030181471383,1.3431730389845096,218
2.253796464145111,0.03767781376973911,0.06915857601192776,True,0.061149488973695466,0.0027214373328638027,0.03329047058296517,1.1350261282167668,1.3711682254351631,219
2.2140469757623435,0.08686485201593497,0.11139737699187058,True,0.09479613830152606,0.003549462432351064,0.0568761422328218,0.7743565496445018,1.3488492334960833,220
1.3303394376237634,0.08707810204074606,0.10397633181574717,True,-0.09143264215841922,0.0039018336446374827,0.06164349876611827,0.9969584796199232,1.2042476105658633,221
2.066500132505155,0.08374658603236851,0.10144892550699147,True,0.3256009843661468,0.003115407084749915,0.056339090342402226,1.1097809528592149,1.188665131038385,222
1.8737516912616456,0.06359408431715718,0.06359408431715718,True,0.18865408810562304,0.0031413556419930934,0.036321774292535566,1.119283708429488,1.3717263571021971,223
0.9600245715932942,0.03627668577642695,0.03627668577642695,True,-0.1381217766449648,0.002558954176653699,0.037096496411873965,0.7944860404334328,1.1587736867798648,224
1.9260985962764607,0.0981037081467595,0.1078760502324243,True,0.11833784450197253,0.004831159520283686,0.0678173611917832,0.7686718431096539,0.9220669412320601,225
1.533480574298551,0.10472896654436581,0.10472896654436581,True,-0.08495422856970315,0.0023467295389522965,0.06792969325427786,0.8126379277267717,0.7124182370660976,226
2.204625723705391,0.07310041228888786,0.07643619990548545,True,0.0944826940809435,0.0059955531778447995,0.04424500929469747,1.269519208891124,0.8392339378241025,227
2.2607886192155746,0.03415975529919968,0.06715904658936678,True,0.058583379275591416,0.004893458553701765,0.034967813348496184,0.9401802044486127,1.03990427296896,228
1.305044847801355,0.0661117663693529,0.0661117663693529,True,-0.09489446221771289,0.004310036859813675,0.050400989721377416,1.206214448152874,1.2724827152044922,229
2.0536152759649156,0.11657433757202007,0.11657433757202007,True,0.17004326726890842,0.004397820940039746,0.06723140833675095,0.9824919451261602,0.76466158473693,230
1.3384770093973515,0.10005309068795354,0.10005309068795354,True,-0.10002414310778297,0.004969387649944044,0.05693511123135493,1.1010947195547118,1.1068732635440794,231
2.1507049273330807,0.11417538231706192,0.11417538231706192,True,-0.000676169563741357,0.003967993404414523,0.06465660312119328,1.2917992078051297,1.0761941087156361,232
1.2966745827642256,0.026223635549660118,0.05137209907627649,True,-0.09518473972711032,0.00518027828723807,0.03642446534298526,0.9603905765769072,1.2530344598175938,233
1.3067538749376695,0.053922136167623425,0.06229941860315935,True,-0.1086885822385206,0.005835368186881302,0.04884794946440689,0.9082890433635187,0.7526465141286076,234
1.7206554590442806,0.06176864500353618,0.06176864500353618,True,0.12918396417537722,0.005146080455250548,0.03761013649071843,1.0564233342250686,1.0735225387081184,235
0.574667284097643,0.023108924462693192,0.04621509610813712,True,-0.19658438783389348,0.0037193443585378117,0.0445871493261211,1.1380996771569787,0.7225202033945303,236
1.1756481257023523,0.09221912023584089,0.11748965081473983,True,-0.11747717110527245,0.0054803614204025405,0.06965233436832527,1.0657005612411163,1.3801885228726904,237
1.8510606793933277,0.1137788532071411,0.1137788532071411,True,0.1259290103088119,0.002091711945879591,0.06641352812336612,0.74533331510573,1.3980612126072314,238
1.300931047094366,0.06969710120470496,0.07651602558837944,True,-0.10660778363971356,0.005143734420794318,0.04985688478465968,1.2863935376498303,0.7774520733479319,239
2.0873290625906407,0.06270266883935127,0.07176075849188135,True,0.1681316651533995,0.005720712760739927,0.051766879882344644,1.0729030783684403,1.3927153492016178,240
0.5715716256552525,0.05338508847190915,0.06232236719131801,True,-0.19613001159213583,0.005582282044199931,0.05162667839038268,0.9851971019549142,1.087724298824119,241
0.4231999655596468,0.026531986695914167,0.059489715550195,True,-0.21178050549005425,0.0028467269246165057,0.0426748905770146,1.012794850356649,1.2038456667572746,242
1.310536593711987,0.021810264525803147,0.023335889045397407,True,-0.09576174592434841,0.004393704292522494,0.05288090121151107,0.9876444606116908,0.8961439909910547,243
1.7094229479317278,0.0634445239531991,0.0634445239531991,True,-0.06636323084599187,0.0054514461181252236,0.06140438735429508,0.8108001996771592,0.7347923653609175,244
0.5752218534424713,0.08338961588952198,0.10718881705423788,True,-0.188057189601167,0.0029683123700811587,0.06313821662304017,1.2736131806703739,1.3076064028845469,245
1.722527761137087,0.04597288725503912,0.07599002126164578,True,-0.06865136757956718,0.0023062032960499703,0.04650159933502943,1.2260658491691871,1.1862831455560623,246
2.257908218471343,0.0484879984854909,0.05506113437755311,True,0.027494584312924047,0.005365091844403814,0.03184158707512268,0.7039413116059632,0.8303646268200959,247
2.274662463758986,0.07600721627854945,0.07600721627854945,True,0.07685141181657222,0.005378330275478753,0.057058930774162304,1.2448802181291778,0.9387476526477887,248
1.9256311280545333,0.07874877772535971,0.08386879421093618,True,0.12384060716741392,0.0033202364896793334,0.05104500038688062,0.9514774979187032,0.7327024869447126,249
1.880496921248536,0.06851982405335266,0.07565521483333137,True,0.10907301153509891,0.005277725288992433,0.049465227880410315,1.0542804173566787,1.3333228977641074,250
2.259889733910967,0.10817111243333333,0.10817111243333333,True,0.028366570931998496,0.004597334228802666,0.056609930391173985,1.1085217635313862,0.8183541529114348,251
1.9188409471995698,0.1105106383895853,0.1105106383895853,True,0.187718452961722,0.003277506360803494,0.05005891009971734,0.8138366188068208,1.248238503332991,252
1.872113208367736,0.03485494701179337,0.03485494701179337,True,0.12130102074666275,0.003043163266949367,0.04551433871415714,0.9273452667086299,1.3448582320609723,253
1.5328529000510542,0.07251281845595758,0.07251281845595758,True,-0.08134127653665507,0.004644775461912056,0.03437890373989954,1.2874480151107748,0.8225092684997212,254
0.9766865982957142,0.09242111204112513,0.09242111204112513,True,-0.13229999347084848,0.002235447773109722,0.05936153147692931,1.2352793358707586,0.9896986228158879,255
2.2282560359780206,0.11588076776485101,0.11588076776485101,True,0.09601238546496975,0.00547297318058784,0.06827435891384365,0.8510007835676594,1.1470857750863117,256
2.181810638088365,0.0978299743776716,0.0978299743776716,True,0.016926882873698833,0.0036243357448446124,0.04889000315092345,1.1233296749273187,0.9157359465036281,257
2.229318485826809,0.057982953238258306,0.06542672431706564,True,0.03626964569549427,0.004296877404879015,0.04001185774006849,1.0247167930979326,1.3121856470448146,258
0.8771724168775563,0.05119310702205415,0.05119310702205415,True,-0.14764839413500974,0.004391579451348957,0.03942282705332631,1.0062844837458615,1.233071613948053,259
0.6771149789697688,0.0350038918094977,0.05061837368425315,True,-0.1701992630227268,0.004782466854489941,0.053419078334240776,0.9352632275969778,1.3888519201256817,260
2.2487353600189692,0.031323454806112094,0.03959773184979842,True,0.06428457450343851,0.004811024738930435,0.03215055260682856,0.8508764479162918,1.2649325041252024,261
2.074504639036178,0.0630251098529957,0.07234221814178676,True,-0.015035219457074348,0.004298329686707611,0.04993215645939725,0.8318907497429483,0.906245373323996,262
0.3683857054084996,0.10847323700182065,0.10847323700182065,True,-0.23750741674418838,0.0038270523274522295,0.06773389675718251,1.0295968802190865,0.8624112358313305,263
1.7216308462243433,0.10998295729772378,0.10998295729772378,True,-0.06183602506750892,0.004334578413593016,0.06224516565432815,0.8632468766237897,1.1632840147112864,264
2.191632983193017,0.07733419440312539,0.08015877394612292,True,0.009818764396415002,0.003250480450404065,0.06783511258443571,1.1421282560968797,0.8292280486846203,265
2.1875516764601173,0.07889479896476548,0.1202121454829943,True,0.0016576364181799927,0.005733780513891152,0.06430254317297576,1.1448065626609152,1.2786470049444572,266
2.28060387414385,0.050604313294530634,0.05392163902086611,True,0.07168050177323916,0.00545506633386072,0.03871332551888115,1.010958732462316,1.2628275642001563,267
1.801101352491159,0.08660634815092783,0.09079488236136024,True,0.18436866441624922,0.0037729005800609303,0.053818260074401034,0.9175195278986877,1.0348180815995307,268
1.0722214624769322,0.05980659477520556,0.060453411025989556,True,-0.12532533746188457,0.004694320883649583,0.04410239300804674,1.0884926279960905,0.7612611603400343,269
2.1847710444009465,0.05152498477239931,0.0834664122079094,True,0.09095887784945415,0.004187531101058257,0.03701369908044996,0.9203984573280227,0.7794227605536043,270
1.92563022336563,0.06730797509909858,0.07601903629706142,True,-0.030876010924561097,0.005136916517198827,0.0482684075244656,0.9191145844072358,0.8509781835511926,271
1.8972671714881386,0.06938184659738966,0.09415140217376639,True,-0.03881245589036226,0.00428553256616265,0.05453527067931486,1.2282295047492602,0.7735959987704499,272
1.7223366971909684,0.04655242897191303,0.05284191286899165,True,-0.06184231667223203,0.005110089513852599,0.042602869913924875,0.9496900268295612,1.346616056158874,273
2.1999282328240497,0.12101063419007674,0.12101063419007674,True,0.09256323376015328,0.0023650669487622405,0.0640043685168682,0.7712242827272213,0.9784442040854822,274
1.0462807804596252,0.004630062446216554,0.011280430124475993,True,-0.2717033686431348,0.002120953319132396,0.03078676919731378,0.8678727793961079,1.0992291189716574,275
0.5125519067198496,0.0795202221927025,0.08755840091069866,True,-0.2510072464975296,0.002444724379832276,0.06297331327193151,1.083868907750551,1.1260873488550223,276
1.88685217148398,0.02711724505632862,0.02711724505632862,True,-0.03435989313166905,0.002059086062806448,0.052764561201687474,1.115674228321829,0.7422622535664316,277
0.9771187019093617,0.06885962120677291,0.06885962120677291,True,-0.27652684738055844,0.0020991841296635516,0.051649031794603936,1.0214741276784416,0.7171816524208708,278
0.572384132674415,0.04667810167802955,0.07083249784563272,True,-0.19088796615586132,0.00312015637871625,0.04518567518039571,0.9099432108987703,0.9208633645159,279
1.995278626609121,0.11984795259711833,0.11984795259711833,True,0.1539477621926106,0.004070056490713745,0.060560687733123085,0.7292296438191969,1.3250991255830025,280
1.4498430275515375,0.01044862805858271,0.04267384857240497,True,-0.09062336295306375,0.004899665531223269,0.04654029511223651,1.1709551874139028,1.2999281984192579,281
2.1910195978444165,0.06651367234939976,0.10243808477366656,True,0.098043311732347,0.005668934658321523,0.0442894950476641,0.9300152924349027,1.1255317038636177,282
1.5404956088374462,0.11144156999314436,0.11144156999314436,True,-0.07693071872785269,0.0030575495509107256,0.06660268881963771,1.1729652686996093,1.2990473344451323,283
2.065022478128782,0.06708794388603856,0.09668146593800908,True,-0.0074136198537500374,0.003021285792188704,0.06582539738367008,0.9088028085848601,0.8383564082705974,284
2.2503258273914213,0.03362789766514718,0.05274260119463525,True,0.07283072605396426,0.005546187163116853,0.03155266495534468,0.7213154041356029,0.8122124038533576,285
2.229806223721255,0.0373521947381672,0.0963665303770076,True,0.03273454898411976,0.005835892957014865,0.045516885288746055,1.2164310684122204,0.815838825881949,286
2.2034196270858786,0.05777327523451126,0.07102779531989145,True,0.09402004331779033,0.0020405274131469957,0.03318566591145445,0.8571726041583629,1.0916325351806,287
2.065569950221928,0.05158995989607518,0.05351433416243068,True,-0.0183156651742629,0.005345379995911236,0.04531974592886438,0.8698451972925644,0.959393275716401,288
1.9742572545772816,0.06084456201967847,0.06084456201967847,True,0.250111937160154,0.004597945907830756,0.04543072729849883,0.7087340161519827,0.9667069836059305,289
2.0903859786155863,0.06862839879306004,0.07191127879707193,True,-0.009932424498718116,0.004958765493248124,0.05380826145501545,1.0928472630655293,1.160597926898399,290
1.9003972103008522,0.017405337223877826,0.04953064925237505,True,0.11988513063139772,0.005393629474765932,0.032361719498445254,0.9263180439900951,1.189413606242969,291
1.716169731380404,0.03715574824193024,0.06715493680866103,True,-0.05846743669753905,0.004467994473744763,0.039855799141920334,1.268093394931864,1.2182096658334642,292
0.4445074101619184,0.1098569416532984,0.1098569416532984,True,-0.21321522178694366,0.005116801942975598,0.06915359414964559,0.7327308983367852,1.2161236836143359,293
2.2518464017673523,0.06891221392936409,0.11832169190273456,True,0.0525398256967248,0.0034300274464737052,0.06475224775540607,0.9914642881246065,1.1134466830918663,294
0.9631063909697559,0.0504322062121727,0.07316021707193276,True,-0.13913849852200105,0.005447183313285548,0.03680772556815725,0.981143886231806,1.1485950649835428,295
1.9144861749825424,0.10101658251643975,0.10101658251643975,True,-0.027864504759134223,0.005497438040283813,0.05712291308127973,0.919036344730571,0.9139269959473233,296
2.1998557013967,0.06558960527105318,0.06558960527105318,True,0.012393011801501777,0.0026991197348658945,0.060852319005166744,0.8704994514149085,1.2807633621937011,297
2.1987478854792215,0.08141924235272802,0.08141924235272802,True,0.026971448920202874,0.0031163288600291102,0.04880909824521627,1.0193041875413908,1.2169066754970461,298
1.302393273360991,0.024959532168249643,0.024959532168249643,True,-0.09559809419955027,0.0032909862553618975,0.033110367182649786,0.86741263406548,1.010408539911288,299
2.02442211132265,0.1863253923847683,0.1863253923847683,True,0.2082874275977051,0.0040971582955746585,0.06474650992063258,0.7517011841613555,1.2868235445764404,300
0.8801028098810093,0.06449703584630129,0.06449703584630129,True,-0.14814649413530712,0.005960579411391699,0.03998097963716503,0.7926009108601607,1.2492150177621313,301
2.094012787101178,0.059617688960940995,0.059617688960940995,True,-0.0012474603085612704,0.0033864521337166175,0.03131754680843816,0.7828813625717526,0.9968435785657956,302
0.6714167140470408,0.03266607713559688,0.03266607713559688,True,-0.16549404509150542,0.0026783576093940098,0.03521309895150923,0.7091889772643538,0.803983646173889,303
2.2391368771518785,0.07430289860435946,0.08762096636495631,True,0.0789113905470613,0.005193742979207729,0.061473886273382364,0.9978809646523847,0.7098838536847736,304
2.2398605073814792,0.11071657115296318,0.11071657115296318,True,0.04309606337037969,0.005681839810450168,0.06665244598469164,0.7820694236377037,1.3898411159402555,305
2.1874775398374453,0.0868121532219257,0.0868121532219257,True,0.03685310626656106,0.0056253996780783,0.054233294090259544,0.9335272847696356,0.7641093519836545,306
1.3209615467956866,0.030601515052748107,0.043370219344098127,True,-0.09610614058024165,0.0024655008373472087,0.05474922651341015,0.7676401396790855,0.7037966531902955,307
2.213264264731947,0.06950453750092911,0.06950453750092911,True,0.01597390504672145,0.0032729059687481342,0.04284048947553035,0.9519175446321035,1.3054326366531916,308
1.8658580189135137,0.08410412576331106,0.09254023991634708,True,0.14192155390792133,0.003634020809947093,0.051388279095570935,1.1795437609920238,0.7801946014175124,309
1.8327001840268764,0.07116693637097815,0.07116693637097815,True,0.13087768159868615,0.0021096673894790297,0.034668471489671226,0.7214240375266849,1.1537245883339233,310
2.200760901604042,0.05562861235406147,0.07074986462781463,True,0.283912722395148,0.00471167929962411,0.05118601749785671,1.0358880853432748,0.7338927754458133,311
1.8665305743964637,0.07577238171165468,0.08544691768454737,True,0.10549623266803206,0.0028721184998267407,0.04389451308406836,0.81925492908759,0.7410655320025086,312
2.0958163435835786,0.046803991558012736,0.06077330125605629,True,-0.002685478109282845,0.003967761046531817,0.03635200609044462,1.1220141445119998,1.0134980891825802,313
1.7167473226328411,0.04068663698131747,0.04068663698131747,True,-0.06507183566913101,0.00469319011707268,0.03681488539228054,1.2654237636271408,1.2577918144518927,314
1.527894430621572,0.07785682794549653,0.07785682794549653,True,-0.08564967274999999,0.005268277500567916,0.05274010680445132,0.7131228842154329,0.7446350902073425,315
2.029036970683819,0.034012446199736424,0.034012446199736424,True,0.15907231813023096,0.00245791134707069,0.030641658615457708,1.064661653242375,1.3494379486707255,316
2.2100066529459497,0.08873698782581263,0.10808424907392133,True,0.0432076306508215,0.004655034152447353,0.06792274856541924,0.8862850344642376,1.260750991251097,317
1.8785592745005744,0.03376666844546672,0.042154208774633606,True,0.20393869669289694,0.005965676223032689,0.04419348807167037,1.2751929114486398,1.1584508910906053,318
2.195394790134074,0.07023581741159535,0.09881574456636644,True,0.01571390228378244,0.005368202278207683,0.0632431614091547,1.0592284383601376,1.3029012384339924,319
2.272088993550156,0.07319076535909841,0.07319076535909841,True,0.031143028464174938,0.0041422867636440605,0.043884158011607964,1.2300933542363566,1.0015419078311485,320
0.4067914439321072,0.0921104438977034,0.0921104438977034,True,-0.24642530469989976,0.005568336445248447,0.06905401249873233,0.8574032625569512,0.8832833147744944,321
1.758611905541855,0.030401387117830136,0.04776998441249147,True,0.13008844735058347,0.002766336215329029,0.03405318053544572,0.8850675839463292,1.3034975734580034,322
1.5414747358636305,0.10798361940917989,0.10798361940917989,True,-0.06976060379020765,0.004024528696781913,0.0678283652170098,0.9327031999072375,1.2840255577526856,323
0.8805261373816222,0.04992036134898248,0.04992036134898248,True,-0.15235326070069294,0.002009501120650797,0.050214373643420684,1.080918341889292,1.2733386321001636,324
1.7332232180963132,0.046518534866828,0.0597076943956425,True,0.13659740592594027,0.0023910114725497205,0.04175275845491544,1.1360511948995455,0.7034916256368385,325
2.246726036040357,0.06582945577035093,0.0683281313810522,True,0.05371566454192786,0.004087876750205969,0.04500582804476039,1.0614180795021753,1.0242285210226214,326
1.8942163583099045,0.09063640868949996,0.0945352961748045,True,-0.04470219052206709,0.005953266604648607,0.06503426844221999,1.0428396060438947,0.7212165336088102,327
2.2132588771436303,0.11684097191364362,0.11684097191364362,True,0.0721495754341488,0.002513256320851843,0.05972787867810969,0.7953445492908596,1.3454320304148966,328
2.0959134725887054,0.08705670484984651,0.08705670484984651,True,0.16165371316360674,0.0027482772481220645,0.06405796059647245,1.165921454888253,1.2807950698155153,329
2.209090103022163,0.0514854613760487,0.09306608605332412,True,0.09575767615926242,0.004051075114659687,0.05021696915465536,1.0486192572824138,0.9843994556287522,330
2.2029908842560104,0.03997935539474784,0.06868161158008612,True,0.10295548064549247,0.0047183750428711245,0.03393696534121624,0.765085600843121,1.0732310637733369,331
2.06848620849928,0.1385549682503433,0.1385549682503433,True,0.15917799078180922,0.003886479289089343,0.06346904141376408,1.205681867343956,1.1655926122244746,332
1.9111688068382477,0.0479828515650087,0.0758198116842117,True,-0.040664451107624115,0.005945227623407351,0.04903171755901893,0.881399071827042,1.1267261267830366,333
1.6990728167968285,0.09998545812792359,0.10403337735749063,True,0.1347250890052019,0.004677598351429218,0.05512413679686687,1.2087542784355478,1.1057861520250567,334
1.892590366573117,0.10151789172716263,0.10151789172716263,True,-0.033275822016012147,0.003094663769492377,0.058475682899378975,0.7760932524709309,0.9820020824272488,335
1.0719611393524389,0.0737177440638841,0.08925556191821782,True,-0.12485439433827795,0.005267840011376118,0.05590133589785906,0.9320385884701036,0.8874248434247172,336
2.1712682977381093,0.09698514840274286,0.10059816817697542,True,0.09189723490232807,0.0038757377889486323,0.051224941230584985,0.7360074045040803,0.8043217935511924,337
1.3224486568322504,0.07622147126376078,0.07622147126376078,True,-0.10565690917331315,0.004863782343583737,0.06708719878693517,0.769059730498596,0.7354644762788619,338
2.255573479784985,0.0550800545146064,0.0550800545146064,True,0.04588831427706286,0.005740803520317823,0.0355971384942717,1.0418807440012576,1.3413440767430496,339
1.528254197645424,0.051866267444152125,0.051866267444152125,True,-0.07384746268223091,0.00324878912763658,0.042832767243292345,1.161162640265291,1.3887965290804654,340
1.858931946035085,0.07024718268705099,0.07024718268705099,True,0.19415621726320226,0.004755009116933496,0.030023194207034472,0.8801161135650672,0.8772666624269962,341
1.7171257659429244,0.054660143251269444,0.054660143251269444,True,-0.04998798403248688,0.0034119608280219543,0.05713980089128968,0.8897977533048648,1.123392277877898,342
2.1690678053472396,0.09104465543005946,0.09104465543005946,True,0.022062561805564932,0.0031768581771220252,0.06830574229679034,1.1330094144260257,1.1240856356221092,343
1.9199952448499857,0.03976575991845532,0.054113004403039566,True,-0.028463378387055822,0.005152876681298341,0.040497770029815826,0.8180957657674679,1.0980971709572764,344
1.3147932377969909,0.10334318808273002,0.11135060721377976,True,-0.1081742026388788,0.003957114123200249,0.06418682753952282,1.0595859015536808,0.9968096932847212,345
2.241010509264129,0.08394792052453037,0.09171157968052235,True,0.029386172292609147,0.003967076451965061,0.052874137613234035,1.2787424754644938,1.348138521786323,346
2.2141931026527857,0.046385199147782386,0.08893794432186364,True,0.05902603301078555,0.004798262794253665,0.04928460212351608,1.001039117846692,1.18515048284903,347
2.0110012821497207,0.09249912555076345,0.09249912555076345,True,0.24703004026455627,0.004208025014228182,0.04754741673671217,0.8228661986848232,1.178916744963038,348
1.5376018240732776,0.06855927190156841,0.09597050757452896,True,-0.07920835404943168,0.0027534625553113506,0.06546064355857661,1.2579914602429503,1.1081523571835907,349
1.300598334479588,0.018351264799299383,0.021924442481173978,True,-0.10867916629427542,0.004783545703925623,0.04187931285830333,1.0321622264453434,1.1083879500039535,350
2.267135519262297,0.04385090484182008,0.05236670625445994,True,0.08414682711060055,0.0036102961072251027,0.034128233226867664,0.7415883851491034,1.0570477349634773,351
1.8881510032867368,0.04452851601326757,0.05048700229020797,True,0.20144740784566284,0.0020056190187436006,0.037245487363390235,1.1820664464989914,1.1674972134656283,352
1.7959482865424974,0.07499421582032273,0.07499421582032273,True,0.14827975841063962,0.005712271489111739,0.04485268735261849,0.824029641954865,1.2871765871751852,353
2.196525306807331,0.0626057608807542,0.11832018251662757,True,0.09844772435530356,0.003647748272917352,0.056612538437635446,1.0742816747182178,1.1070810542427123,354
2.268055182781822,0.09411719885603209,0.09411719885603209,True,0.061192662710975725,0.004709977963698668,0.05585511368261005,1.2777703057619458,0.7169385389391064,355
0.8805387460657812,0.06826044105279894,0.08885990856271486,True,-0.14326702832636332,0.002034026781723045,0.05995153352865568,1.2609820931277647,1.3593290693709323,356
1.8792197105504442,0.06788923691215065,0.06788923691215065,True,0.12394939405092674,0.004774163901831533,0.04018151330083764,1.14688936619536,1.3722265565176641,357
2.2214641105372976,0.02801659960670788,0.029672025342010855,True,0.018241697957706998,0.0039673726855320975,0.032209489279843365,1.1530184888332777,1.399020071301062,358
2.1033854735883892,0.04306108121346841,0.08134771307988387,True,-0.01939245626119173,0.0020687582171102416,0.03965704371517919,0.9887022209273058,1.2358115558231408,359
2.2474572399447936,0.03823322764678583,0.03823322764678583,True,0.04399339298705778,0.004039519629815929,0.03291948797357928,0.9741596563607002,1.3400697532849484,360
2.0912557866123933,0.026215075530669596,0.04770373664621608,True,-0.011156706350150241,0.005320680959071577,0.030735361059639858,0.7216171152783257,1.2755133870711761,361
2.2439394827825794,0.08032765321167323,0.10004661071522292,True,0.05459082953943288,0.003087447597055523,0.058300262451721346,0.8331888300561621,1.2949035428119713,362
1.72146129347432,0.05928240507337912,0.07413037466887551,True,-0.051039661784408996,0.005684139707953281,0.05035654219700018,1.18414244263924,0.7242448845786595,363
2.210479123644177,0.0813585385105775,0.10844946381847342,True,0.08886919358459976,0.0025761207924938105,0.049248741421387535,0.9707143689963806,1.0411557011214758,364
2.2658824963889117,0.058824579959550816,0.058824579959550816,True,0.08389471603173515,0.005347323138233738,0.04080436041479885,0.8757011127515384,1.0947235272191127,365
2.2673746947540394,0.06847119889729703,0.06847119889729703,True,0.0641136579500967,0.004939532282706511,0.030085552491753095,1.2879238878735269,0.9974533295232444,366
1.1796967411433457,0.06068125703508365,0.06068125703508365,True,-0.11476945714879856,0.005102178191635116,0.054383750081082455,1.192774426943119,1.288590879979081,367
2.061310041735922,0.09622797189030652,0.09622797189030652,True,0.22576281532987613,0.003521955030663418,0.04593899698709388,0.7356983080871913,1.137106984938188,368
1.997462594513138,0.08344995546570821,0.09248897769843545,True,-0.011385782559982804,0.004514485061214442,0.0640403944171953,0.7356641408807322,1.2563160960479054,369
0.8728624713058224,0.016493093179081875,0.016493093179081875,True,-0.15628342677455714,0.0037653797639930183,0.03687040877315675,0.9349488011331081,1.361541222353343,370
1.7028241423506785,0.05678685594948729,0.05678685594948729,True,-0.06628529786344561,0.005111870364316514,0.03962994717275033,1.0600118191099748,1.2616023325282093,371
2.0617720150052037,0.08074604188319179,0.08295155490377293,True,-0.004342275330124126,0.0051445793761097924,0.051463196417988015,1.1482786569815704,1.2729442956770012,372
2.166207605343402,0.07928865013289177,0.0868809806826365,True,0.017456248676702726,0.0035280458840832958,0.05731700296551333,0.7193081164315497,0.9885860888828615,373
1.1734642977265821,0.0627753396919497,0.06476466101449341,True,-0.12237620893168076,0.0037715231930297143,0.05220075504318501,1.2259387189281974,1.3547566035138794,374
2.2623384002068008,0.05097316616778569,0.06005676727500209,True,0.04333007432737572,0.005553482597083476,0.03941625608131433,0.8543492924740408,1.2855167342771967,375
0.6332618319957675,0.08014942778069556,0.08014942778069556,True,-0.17469688098378916,0.0021659192516759753,0.05675861409386496,1.18671279329154,0.936749775889343,376
2.218248564300538,0.07674320272292534,0.07674320272292534,True,0.03592664419605218,0.003237983454610168,0.04979977307332284,0.9924856409723577,1.1941755567228935,377
1.8711053522912664,0.06346754473009542,0.07475857387028406,True,-0.04686369135794683,0.0021154347272859604,0.06868113817934025,1.1882031630260015,0.9184261115926482,378
1.8994068370177501,0.07973295127772362,0.07973295127772362,True,-0.034726242569248764,0.002736321343189325,0.06400336988451111,0.7693911141852887,1.3153313020718418,379
1.9085134258980503,0.0630961004626518,0.0630961004626518,True,-0.04306148035319811,0.004980659687453802,0.06501694031036315,1.252707001352373,0.9794747349921444,380
1.7167636557063588,0.05990306813165658,0.08167480877100486,True,-0.05415605929262805,0.0051755189434356105,0.0576049692025714,1.227306316734666,1.0056677551764792,381
2.0842225329536177,0.053891977603165886,0.05681158714134549,True,0.1762059320544574,0.005141000804064499,0.04635362417995596,0.7217723879002836,0.8067823876466417,382
2.240856395871816,0.10031962024560936,0.10940153999507118,True,0.035863088780431235,0.0059377035334479186,0.06655544928510793,0.9448042992571608,0.9347612708585408,383
0.882184403632877,0.014934537484019073,0.014934537484019073,True,-0.1447114078171445,0.0059750510307624545,0.035619878641792536,1.1612193752260622,0.9453464117261445,384
2.047980620173931,0.07749116271743106,0.09731950702900538,True,-0.018451294359231804,0.005377774987907237,0.05810190357006366,1.1618066254792567,1.2733987364820698,385
1.9734994648066362,0.08370514207203694,0.08488427798309428,True,0.24265336177481392,0.0042557556034842,0.054562867190318075,1.189162775910425,0.7661023468620596,386
1.905733384257303,0.0682085654969058,0.07065305866778449,True,-0.030155384527472025,0.0041688972850663095,0.051692618413967106,1.1720183744569193,1.1735934548501104,387
1.915782546847666,0.06775119571600152,0.07746261830039392,True,0.10778636905653599,0.0023595742236046094,0.041692958851644056,1.0369840099918743,1.0381754744586342,388
1.7078007915678484,0.07258420284602796,0.07258420284602796,True,-0.05404827630170277,0.002680401505253621,0.06793377724824651,1.0767165311340132,0.7295423124414009,389
2.1976382237398724,0.048366269183234945,0.048366269183234945,True,0.0077232146472124875,0.0034294787159274386,0.054752955850274336,1.2433358560076182,1.05635228573925,390
2.1031189996592445,0.03970612273458607,0.07850771466856266,True,0.22311769502021053,0.002136670344765936,0.039091158762976544,1.2761892475794032,1.2424690376290388,391
0.43316457053839486,0.05214016892112561,0.05620722120014232,True,-0.2070240606245422,0.004914534481052498,0.06117497530201642,0.7272860191387746,1.0885105595063123,392
0.5950169121448141,0.05921853092866036,0.07033101600858482,True,-0.19256347036059446,0.005623022169214833,0.041904521849957715,0.7898086211053371,0.8684163009229847,393
2.1708805574834855,0.06031463582263963,0.07351762367554282,True,0.020703095125408633,0.005292329082333146,0.04173375020444484,0.9657778186643733,1.1936914513977135,394
2.2511105136690617,0.042790890516758884,0.05483055904704304,True,0.07546483341093274,0.0030575896753259986,0.033489419826714946,0.977758029548675,0.9832314447602761,395
1.8996017576729258,0.05858903216750333,0.07713313653080123,True,0.18793702437450063,0.004444292324972866,0.04976969511510276,1.2493570056206735,0.8841455313897956,396
1.8954290663835707,0.04739577134102646,0.09685039678156948,True,0.10924319515521753,0.0029297581498257093,0.0659766391935089,0.747803796516021,1.3149039960431708,397
0.4267064543486754,0.03844173286511898,0.07127305378882576,True,-0.2488997512939364,0.0025627454936632743,0.033406854266521895,0.8098076114290672,1.184939417395579,398
1.7479165676416244,0.10195628702101711,0.1202301489943276,True,0.1261815596287126,0.005643514782933741,0.06525431062642015,0.8115734647373309,0.9541277072943,399
1.8641870325422758,0.0691809665810541,0.0691809665810541,True,-0.04897357952487465,0.005388966644500247,0.056858387049396844,1.2766488106761633,1.2086558868563726,400
0.5723776945489618,0.0488089198215349,0.05083036702828392,True,-0.18619233501077792,0.002487854571768414,0.06398964573367068,0.7610625597705513,1.174330133053924,401
0.8790570771950144,0.05987700249299044,0.08438695259664364,True,-0.14550088690170052,0.0024536964181892077,0.04903293370704931,0.7667157888468157,1.298593931181893,402
1.6710014278043275,0.06570711776940086,0.10394473527850279,True,-0.05759572074943434,0.003164053650283258,0.06664232384238133,0.87116956837943,1.2739214774338623,403
2.196258065794453,0.0675356234379274,0.0675356234379274,True,0.005174066452050236,0.004737337515675867,0.03911629439923314,0.7910872988305144,0.8019812512842546,404
2.2292481177442056,0.044497829014080725,0.0449834256971644,True,0.03472533001379035,0.0026169983268294916,0.03020756057590392,0.7148906171879251,1.0352373683338398,405
1.974258084586154,0.08351236605882306,0.08351236605882306,True,0.3132441409856885,0.00580904570711611,0.04854778379268048,0.7756643664833069,0.7107656807302897,406
2.198257256403238,0.04220946482838639,0.0881686029520865,True,0.10259924526485831,0.005460083943515347,0.03936588023975787,1.1139670602773937,1.1794943610018827,407
2.1177388465779217,0.028018452535010674,0.030506851129099344,True,-0.0212093777672614,0.004564776816043489,0.035206363999685686,1.1803642581327918,1.0476855414189732,408
2.200094212914678,0.08398965099048405,0.08398965099048405,True,0.0962952672234826,0.005724339540293078,0.03505919379102532,0.7007764616455457,1.125641140052428,409
1.9226474643923268,0.05043374361768227,0.05043374361768227,True,-0.027831787463059632,0.0026947866495976936,0.0439328488916867,0.9193482207659514,1.3624342373731033,410
1.8818045162697103,0.0494978106309214,0.06210270396757811,True,0.11015598100798843,0.0027374274474554995,0.03904639262688603,1.00688184702645,0.9941288099764283,411
2.0719716776712005,0.105029664927758,0.105029664927758,True,-0.012826386391326857,0.0030364950505949047,0.04434523325814374,1.2383105389527165,0.8433585046480697,412
2.187404638150369,0.04944642273885291,0.0924876408907298,True,0.09103187554154359,0.004868896404942874,0.03499836746450026,0.8794192878253912,1.202705227949463,413
1.5152205596725565,0.03821640503373991,0.03821640503373991,True,-0.0737252995691547,0.0037122280692300337,0.038526858605150247,0.7049307028926929,0.7594559064720064,414
2.043333436599241,0.058993989876326314,0.079293730006335,True,0.16050773393753273,0.004784391907959664,0.044135848398351774,1.253009273813952,1.334702036966732,415
2.1994782069759395,0.06150646471149224,0.09280271158747766,True,0.09874842569217458,0.00563132487124505,0.04360386437113717,1.1767602887846154,1.3833002525665363,416
2.0228449288583334,0.05048661060699633,0.05551119905526147,True,0.15354413525583815,0.004471618419450355,0.0409589994024239,1.0140547107091273,1.0051057420505873,417
1.1671171798826663,0.05451823498753905,0.05451823498753905,True,-0.11446310868376773,0.004767491393344989,0.046326329530007135,1.1308689310194247,0.9382222926608655,418
1.9035042421086246,0.07294752164831397,0.07423805258992955,True,-0.03560370234834158,0.004593951391523779,0.05487059880739946,0.8653592700814268,0.9735995616025374,419
1.1495665373660842,0.05026416924590826,0.06241579874214476,True,-0.3097208992627273,0.005507005011988175,0.048102425674696775,1.0532074984817965,0.7658362240756351,420
1.9867356330937866,0.0646684903999466,0.0646684903999466,True,-0.005430906659069219,0.00590209589727065,0.054676894154777944,0.9379957692287199,1.1191316789670682,421
2.2704614239538046,0.1099808095286734,0.13615476106181945,False,0.05739461675126085,0.003460162960591615,0.06616091982567984,1.2306683764907436,1.3120989084924248,422
0.8787307543025094,0.0626178440142462,0.0719548724094059,True,-0.15044485948706873,0.004522010251595607,0.06098013594889742,0.9165017662739748,0.995251533885865,423
0.9617702107453567,0.043266097887130206,0.07594952962715196,True,-0.1415913805066575,0.003949733127848612,0.06269394462919216,1.068066299569602,1.2944421768370091,424
2.2893302642334135,0.08314789888309115,0.10606000602163124,True,0.0643129660382749,0.0027055791024698755,0.06950945587819601,0.7427365209183985,0.982395013455573,425
1.7390950100312352,0.03286955011042525,0.03286955011042525,True,-0.06371737945733474,0.004029854542799851,0.05084537123783895,0.7675044204736607,0.8526362759607122,426
2.1983826867641483,0.041298293724150614,0.06128780428321989,True,0.09669499606337331,0.004495184072670756,0.03268430123067435,0.8115180867039671,1.0154170343242304,427
1.9094974560402704,0.051529516014688914,0.051529516014688914,True,-0.03108343188290288,0.005283712029855803,0.03649359239981474,1.0657918584150314,0.9528160308628999,428
1.7561324482170733,0.0767906479825522,0.10880942921499415,True,0.17724121997947218,0.004034975132698497,0.06436789875098103,0.8011454915590421,1.3689576842935591,429
2.1084871950056936,0.059162947078273964,0.08094715178678102,True,-0.006458504009753304,0.0021630179973470562,0.04137924787434379,1.2878618440047669,1.1930470420895354,430
1.8894174672793156,0.09875486696778735,0.11069639792298847,True,-0.036582336602636545,0.0038557458137534304,0.06874785728629186,1.107140815815938,0.8250759756948267,431
1.900450721368415,0.07484658778850406,0.07484658778850406,True,-0.03576351480519058,0.0030938670105962393,0.04871663316670022,1.1877651675813672,0.960675016959812,432
1.813816015680871,0.0714074911118927,0.0714074911118927,True,0.13517631210542275,0.0039737464183271344,0.04641207886562858,0.7985877213111688,1.3452853391064317,433
1.5404827703059567,0.08639155339129023,0.08639155339129023,True,-0.06959871684760392,0.002685961850859874,0.06744136405542851,0.748721731087171,1.0801077225951219,434
1.7313480762112476,0.06787344799923711,0.10001678683440796,True,-0.0683742778757959,0.0034541409376635237,0.049594913960910064,1.09337091044338,0.9000699625966952,435
2.2570110156929104,0.09289855764937394,0.11456261747096508,True,0.06987511007493782,0.004763245480496135,0.05168877269783758,1.1384524839077708,1.08765342295153,436
2.063971625342816,0.10238206255664295,0.11046509757950052,True,0.16688899119915532,0.005899062706172103,0.06228299110145635,0.7554553856478474,0.9234223757890805,437
2.1794501289331123,0.06916643819179802,0.06916643819179802,True,0.09366110466674947,0.0042523438010190935,0.034630485167909536,1.16033631195733,0.7648014449743709,438
2.2354429448067634,0.08738886973441984,0.09006249776938446,True,0.05020263351245269,0.0031739446425886183,0.05248847996877265,0.7209958768015324,1.3169596509504036,439
1.3227041962933725,0.058279389913462154,0.058279389913462154,True,-0.09336905251749614,0.0032683643775529513,0.058064189119079374,1.166923331611492,0.7545775119250122,440
1.3145905581892094,0.0355487768363103,0.04857118857616949,True,-0.10542386057232608,0.005000568634299969,0.04661447357170638,0.9949246633927802,1.3906046222019812,441
2.2339408250336277,0.08009764599806513,0.08024453366770934,True,0.06650077322981296,0.0028366474201911135,0.04860732554409227,0.8791879483574297,0.7851725890970574,442
1.7194838992711396,0.070506313407668,0.08196104067696242,True,-0.062042356329723644,0.004421202041704231,0.041027427802353945,1.187648725479481,0.7300583770415167,443
0.6767295960916613,0.04538747168663604,0.07575929701208484,True,-0.16251552246415998,0.0032881590591571615,0.04239629272193703,1.2349208916339713,1.1829446228817617,444
2.170736675071339,0.09297607276441777,0.11812136807272977,True,0.08946831906203447,0.005298289993897235,0.061177699764194335,0.8825975716182515,0.9073168017039296,445
2.037758650838029,0.018159106373920153,0.049674879718286435,True,0.1719191432024282,0.002282263772301768,0.03258920922896832,1.1589627186163236,1.3067765891769407,446
2.1941531620983596,0.043571520668547414,0.05895062583818489,True,0.0001469869852981666,0.0056152515333245095,0.041658487241961764,1.1832520547207008,1.1183199519394282,447
0.6351324248573889,0.0794155962917964,0.0794155962917964,True,-0.1847976019609594,0.002577788452557122,0.04070879571294312,1.0760889404690235,0.9061878473171581,448
2.084467345132623,0.0736230811235481,0.0834880023908644,True,-0.0020760941213069364,0.005710581352839294,0.05024146480612916,1.2229815258200945,1.0820811505098313,449
1.896133189896048,0.05448359768419331,0.060837971306104466,True,0.12122510710978562,0.0048289989259526975,0.036068457645202584,1.1736711204558299,0.805102103551915,450
2.1155152178083085,0.02985040918645021,0.05245063126880867,True,-0.015790755037769114,0.00563089341548184,0.03074710787485646,1.1238719087413593,1.2686598224971295,451
1.8409971464168962,0.10685239664825885,0.10915782065536228,True,0.137997609124095,0.0037556408255324135,0.06856453645877039,1.0738478196784467,1.1379401646014562,452
1.548447147346863,0.09452757614910356,0.09452757614910356,True,-0.076280618027843,0.004576506595467924,0.06894978392927802,0.9952659739446389,0.9754309427673202,453
2.249051951305205,0.03941094341611007,0.06710027518459749,True,0.0429114759916696,0.005578807751475728,0.032954088702150434,1.2833909797855045,0.8512417874506284,454
2.1072679043776503,0.11365842106607316,0.11365842106607316,True,0.1625036187571641,0.005302134221386356,0.06932755402247123,1.04958953532284,1.1863876543330432,455
2.1477954134573167,0.08800030828696848,0.11857708491080698,True,0.01860681648156704,0.005518866913230039,0.06629912592353988,1.2452806063377702,1.3701470662077315,456
2.052763212091918,0.06478294292659825,0.06478294292659825,True,-0.019349101321688943,0.003902945223822008,0.047588820434766935,1.2259765074965046,0.8485410031788205,457
2.2305413690365015,0.039441846426604865,0.039441846426604865,True,0.023595105429495493,0.0028486310466790043,0.0453853076302133,0.7213001674301636,1.0494281864237376,458
1.1711962038612,0.020576447697163713,0.0330361670521655,True,-0.35197587430807864,0.005554340767389313,0.03363506317843708,1.2593301904998382,0.8669256598067274,459
1.925954455706318,0.06299308694930494,0.06299308694930494,True,-0.034745890986943244,0.004770150221992913,0.04440676493786414,0.790766412064293,1.0971900530014567,460
0.8790640585984733,0.047945697965126044,0.047945697965126044,True,-0.14901253796561384,0.004610990803101524,0.03516378940637082,0.834767145312056,1.3322757623356267,461
2.135934289342913,0.044611934893379335,0.054112545571058934,True,0.20860771127986918,0.005140931941792347,0.030552954503595048,1.0421730730236192,0.7545405056695063,462
2.2769839313710776,0.07668483177770535,0.07846460923758225,True,0.07230233014798662,0.005251476943608923,0.060023848893245864,0.9647495043649359,1.1182017446879327,463
2.2275795907290785,0.10407398091844988,0.10407398091844988,True,0.08389418053912998,0.002219613850925428,0.044418661326576285,0.8119107230115739,0.7944431018179376,464
0.9780248599754771,0.08461546688728405,0.10261365591867522,True,-0.1369277175331375,0.0037096133400803914,0.06983593265492036,1.2099871930715698,1.066283686226644,465
2.2528133746777286,0.04369741510919112,0.045714143912767735,True,0.0687666677563909,0.004052812308498018,0.030894689721608522,1.1754161186648144,1.2349324319017516,466
2.220044500193893,0.06907539780556737,0.11300097324700076,True,0.027643476976436376,0.0031823133746840633,0.05497685586705499,1.0535992874930602,0.7894907665768759,467
0.43328805793389336,0.02458093331243072,0.0319342032526857,True,-0.21313696679063113,0.004471778560413132,0.03776794209336935,1.227832603455052,1.3650647528302482,468
2.230802208061263,0.08849459275938387,0.10534830640233639,True,0.061468998726931366,0.0034578309519047484,0.060380393614384686,1.103709972805272,0.9903201042885135,469
1.7085928473814533,0.0921824882023543,0.0921824882023543,True,-0.06858633156030017,0.0051312995453827275,0.05903756895657861,1.1066132146038146,1.10707344514777,470
0.9695225071064755,0.035370323866156905,0.04869489246856418,True,-0.1286843056244307,0.004501669740509648,0.045336405598285084,1.0339584431429574,1.283844930445106,471
0.8963348668313529,0.10599859943568446,0.10770552737975136,True,-0.1471416555577063,0.004545390579500831,0.06699985143288241,1.0994688962315537,0.887303765050394,472
1.7134962491192454,0.04366167709670332,0.05021500385208655,True,-0.054667943288070106,0.0020793736822658218,0.048452054948029344,0.8835602640389713,1.0176762141452227,473
1.8636817729436501,0.10063624458351872,0.10063624458351872,True,0.1297391330486277,0.004600833983386253,0.06629238122499362,0.7676187832643023,1.0722354970048693,474
1.5263654121015406,0.08796800596989307,0.08796800596989307,True,-0.08334321243998752,0.003277877767050501,0.05255783036801971,0.745386882764351,0.8968316115942883,475
0.6829470686629406,0.03195430986732495,0.05362205226422967,True,-0.1603982623382785,0.002034309247852676,0.03946776031643998,0.7796550751306287,0.9301878460853296,476
2.2045718128285756,0.07023091184875119,0.07023091184875119,True,0.0026583514249125164,0.005159547060246126,0.04249509796436787,1.0574290225909686,1.360196254497487,477
1.1664033414136412,0.040748383676424194,0.040748383676424194,True,-0.116663785741753,0.00493992399155598,0.036517429083745244,0.7249488181128932,0.7663311754032052,478
1.0663530221373207,0.0475422405456607,0.0475422405456607,True,-0.2987141260571233,0.002173997248883927,0.035750305658159884,0.957328220786738,0.9282010806102526,479
2.2613290674121203,0.08083111470438342,0.09597511419573435,True,0.08415459791102296,0.004244679652143124,0.04777176250577122,1.003138869264955,1.2626824848153704,480
2.1126523035183595,0.11459369892120108,0.11459369892120108,True,0.023921406686209963,0.004868656551120652,0.06735699673104237,1.2170256962090154,1.0890718545516278,481
2.2287780299749187,0.05151088336931453,0.10622391628982375,True,0.02951476893002939,0.005733877934105897,0.06225731325340162,1.1434605068189292,0.9323679183037376,482
2.259745136540147,0.07718478385060434,0.10582428714583814,True,0.04866948962581305,0.0029092528674286747,0.04832521198525139,1.0384709243022545,1.0202727655460622,483
2.07929955477249,0.11952814268427736,0.11952814268427736,True,0.10403308674539913,0.002864195605579329,0.06998658889466627,1.2037790967361715,1.2199303561595176,484
1.3045763489865863,0.04740962373740243,0.04740962373740243,True,-0.0911998196518695,0.005083190396698767,0.06114486991478617,0.8155813620599858,0.9700515166413924,485
2.2451564796962913,0.10973985342204884,0.11132128918055018,True,0.07497488201650736,0.0038451230755910783,0.06531517439913043,0.8791998417740317,1.3488609159327152,486
2.0816825404877477,0.06449994806481563,0.08599960507172777,True,-0.006410175236197969,0.004232829554461524,0.05015688919884224,1.1034371910462077,0.7934797597736826,487
1.1876616698935152,0.043332908297652795,0.09818022225849488,True,-0.12257516033459992,0.0034123721562029307,0.05640906442094656,1.0912228930789618,1.069003173440461,488
2.2553014920155903,0.08078935267445009,0.08078935267445009,True,0.07849702859743199,0.0051383583110003505,0.050080925861935535,1.248361159264789,1.222898835413558,489
1.3039164796015115,0.01118038155265122,0.05014099930238958,True,-0.0983111663482039,0.003754458548795615,0.0364781443048125,0.7499852377197483,1.0174449002926975,490
2.252297903210959,0.07477671332990377,0.08468919665656083,True,0.02365704307324972,0.004665418353127319,0.04964250683050619,1.152845797940023,0.8103772367331966,491
0.6310658672121576,0.042651073210862256,0.05718811920395006,True,-0.1778991603004344,0.005981131156843557,0.05711239445956695,1.0272983198080072,0.9898284793819401,492
1.7372573242939637,0.048340726295495795,0.049529583567933244,True,-0.06690163378181545,0.005892525024137292,0.05918540196874525,0.7608510474946565,0.8462732905983408,493
2.0671574018684,0.08441891117159228,0.08441891117159228,True,-0.019681542025764994,0.004382143705124474,0.04809039545536303,0.7467478237104664,0.8711631899923457,494
2.264822670779097,0.041484736357827456,0.041484736357827456,True,0.028535102131035796,0.0045586516521985854,0.03400709780220475,0.9506664766524343,1.0666333085962902,495
1.1848847594846603,0.06655305008260837,0.06655305008260837,True,-0.11955230889133502,0.0043797965781866175,0.04594334622953157,0.9317446868853563,1.2967972315777307,496
0.44652406763741226,0.10018941255346991,0.10018941255346991,True,-0.21658441160072384,0.005586256575067294,0.06380650065243476,0.8558324355398778,1.230857104661201,497
1.534051848394185,0.07294546329028062,0.07294546329028062,True,-0.07429411083714729,0.0032916677269588237,0.04906511528161382,0.7070185230114,0.7701511992907007,498
2.196351808983323,0.07392226460277729,0.07392226460277729,True,0.022678806586351626,0.0023553800865529716,0.04168216361074169,1.1490410461666039,1.1450157451459964,499
2.2678798616831557,0.09555320327715044,0.09562902955627095,True,0.03980879096924726,0.0036249470238877072,0.05703588283715695,0.9472309368777826,1.0524709693119323,500
0.3450239317685231,0.05759392988246037,0.08422761595108375,True,-0.23150177478716039,0.0026490948373290714,0.05775764802576261,0.8275887599790044,1.1736078418331155,501
1.922093558179796,0.04593285824780535,0.07504319614824717,True,-0.03542373467847646,0.0027708367865592405,0.03688030347779388,0.746257964153176,0.7888590820590642,502
2.1024058662875973,0.06552659796196458,0.06552659796196458,True,-0.020503669872064343,0.0029067599790613533,0.03932261423292706,0.9504503567414375,1.3628791936845666,503
2.1615551553885552,0.059536482806312296,0.11659262382336633,True,0.0011115884671877973,0.0036222400813928106,0.0678827816300906,0.8628318674066734,0.7187647423446005,504
2.1853754770191784,0.05907934234254486,0.07428659045990882,True,0.026727556570036805,0.0032583122047673257,0.048006679803298424,1.0680859835562448,0.8800121717910392,505
2.1163871650988426,0.04447757386484108,0.04447757386484108,True,-0.014897093225042075,0.005351685770540222,0.036961045978657,0.7213219462469976,1.1296532169647027,506
1.9058747920401515,0.06891039205325833,0.06911214525369824,True,-0.03732385350962455,0.0043793702569340405,0.052002879990017,1.2109927036558434,1.034827915195279,507
1.8773274562402378,0.04567046116086937,0.04567046116086937,True,0.12394721056492743,0.005993179680047885,0.051209871998513345,0.9171859669323406,1.3752282628884882,508
0.8815216732216271,0.08027630180249723,0.08027630180249723,True,-0.15227083030877828,0.0032673224218121846,0.04857757784611767,0.9335703027000853,0.9436935782981841,509
1.1792376158988986,0.06673235722126813,0.06673235722126813,True,-0.12053694754601921,0.003210998869603899,0.05774734075164194,1.1412811825953264,1.2368296390957396,510
2.100327732691312,0.06070068155169572,0.07181381529411834,True,-0.018447775041546273,0.005023607438068019,0.03918839021244435,1.0968181014395837,1.3800556406443403,511
1.520723970761594,0.05304054516341061,0.05304054516341061,True,-0.07837446737889928,0.002468217278245744,0.04904680004343186,0.8446654743695943,1.1561611578309157,512
0.9651044601314709,0.029848532184350685,0.03449085779621153,True,-0.13782514602814222,0.002328342338388509,0.04324401006831202,0.8044824111464327,0.8053518145665065,513
1.7085817254615137,0.03928024730501756,0.050259554356337555,True,-0.05025186198908041,0.003011710522645987,0.05261637622006354,0.7615771662002304,0.7897572838585305,514
2.0998363996822036,0.06290840423377153,0.06290840423377153,True,-0.019377404482666814,0.005573412576287334,0.04553422303778552,1.068231221879788,0.8329964819014821,515
2.10231853618329,0.08143694569023796,0.0863392859466201,True,-0.0012012140291586123,0.004405714078637115,0.06368283784302517,0.7184722160029594,0.7948257710578821,516
0.9662848807339657,0.04800020069349453,0.04800020069349453,True,-0.12803537521047995,0.004412398566638593,0.03939715403418662,1.0319689861632049,1.0417351508959318,517
2.0646279862705796,0.06363581451694955,0.09240142177311306,True,-0.02155324920436955,0.004704898198015577,0.040104781940518676,1.1615521055154612,0.9682728780437,518
1.8977528874027314,0.08774731019695836,0.09388757604537057,True,-0.0356054268706315,0.0032872697780940642,0.06999438718737747,0.7762757147716142,0.8669145943352567,519
2.1765711129797864,0.04697697564788261,0.056184339540785055,True,0.09496588515886868,0.00589042759218157,0.04361742746086423,1.0890102879238803,1.2185240439072147,520
1.852035862432274,0.057030188743041554,0.057030188743041554,True,0.1255347205367493,0.005079540200192614,0.033955790893057974,0.829709485650401,0.7953484681908929,521
1.3007548931371247,0.04016343153605262,0.050238206110999384,True,-0.09178798038861893,0.005202710129210266,0.03680513428035309,0.8424800536361198,0.9063918572287099,522
1.8050875332787797,0.07670631951961027,0.07670631951961027,True,0.1424409741040846,0.005013774440367696,0.04861626788772996,1.190192088392306,1.2320219560196082,523
1.1789594260178973,0.09937166945801179,0.11709680009029899,True,-0.1134536278764024,0.003389248290949213,0.06060638874066996,1.0862662851012805,0.7720817739835505,524
1.5408773877423698,0.05464633319999801,0.05464633319999801,True,-0.07089229855740228,0.00486196239813364,0.04802026704428326,1.1592874202165555,1.0256353594066128,525
2.209892669204649,0.04512224284067212,0.04512224284067212,True,0.013408675653668052,0.00331523757625776,0.0357675750399198,1.0973111302591265,1.1367809114024412,526
2.0702512262514574,0.10862778517184024,0.10862778517184024,True,0.16676333800706403,0.005072333299729882,0.06863579744217704,0.800958730776097,0.8723634325694465,527
2.088037681334754,0.05575200650543066,0.09876365974330548,True,-0.010268688568608087,0.005110958137811011,0.051998926346660826,1.2191524558433113,1.011582475442708,528
2.1884143582498723,0.07699487957068785,0.1097131420392834,True,0.0872072695655604,0.002421202760156804,0.0529825375075189,1.073322670020702,1.0926320943687275,529
1.7131188166734432,0.009289542554776542,0.009289542554776542,True,-0.062309049788014194,0.00443055409350634,0.037284800935694404,1.2402255278653969,0.7991469183428208,530
2.180623083443791,0.07337211575617708,0.07337211575617708,True,0.00323297586501107,0.002015168194734696,0.03587348672899671,0.9061119014067117,1.0562510749832597,531
1.7830552648489686,0.050236846511103606,0.0914267006456293,True,0.14886614503541346,0.0059083398236676,0.05452350387475827,0.7844559909695767,0.8303913718863591,532
1.7126145451718884,0.037201818048615554,0.03880576543753156,True,-0.06805089673777096,0.0049629333931120526,0.03370125250155583,1.1455248115979606,1.0203639086954959,533
2.262080275868442,0.05146792931573918,0.056167444993029614,True,0.05019968319817904,0.002665525052742747,0.04172650821499631,0.953259061818059,0.9203915584501083,534
2.184190071551086,0.09906685155745998,0.09906685155745998,True,0.09562036401183865,0.005724946192881291,0.04310935024128317,1.0337276945577452,0.7944277173913453,535
1.6965162362918562,0.08429905792465386,0.10444164002963374,True,-0.05372072635253723,0.005308149831933768,0.06787223720222321,0.9145931848730919,1.304910819321758,536
0.9750794380088905,0.05320718168804861,0.0666956201982456,True,-0.13582093275039644,0.0037938291769134725,0.06366854555199919,0.9182314918729223,1.2813771522549247,537
1.3147802052125712,0.042268279813552745,0.06443892011983454,True,-0.0991854855966203,0.0037178090454863155,0.04221177146139106,0.767195859445047,1.379364537491471,538
2.0493155966523204,0.09967563053391926,0.09967563053391926,True,0.1592246692647158,0.0028703509055015256,0.05235911935892672,0.9482816077420954,1.2350577810287762,539
1.6696706356103448,0.11538538614208083,0.11538538614208083,True,-0.06642949362509531,0.005214260942549812,0.06557878362498062,1.0432480507512603,0.9742398053661872,540
1.7090096832773156,0.012393342290225817,0.033562109333545864,True,-0.06237896373940992,0.005479473698363222,0.03794649132924845,1.2798162556437154,1.1620269540659052,541
2.0954778154613933,0.059308320007572135,0.059308320007572135,True,-0.005736799228721113,0.0026923281746737276,0.04378821283123961,1.0795981794772076,1.1739224553792025,542
1.322851026084578,0.08854550115262083,0.10245684559386481,True,-0.10473878905566018,0.003065444637438762,0.06303845787794687,0.8734045182268861,1.283328780658617,543
1.7058338156019346,0.024311584808041742,0.03161257550933483,True,-0.05672198862358403,0.00581979805037979,0.037912296350010484,0.7559666440670069,0.945617036925727,544
1.709504871230763,0.06949431384445082,0.094112004409314,True,-0.055387389714605786,0.0025504463599401385,0.06738219833986045,0.8561726845862411,1.2087297700369204,545
2.1301010533196205,0.013155736040167731,0.023259055423310082,True,0.21925998016322676,0.003517795019298149,0.0345512457935836,1.0267658297429918,0.727589848049839,546
2.1777829641565916,0.07383032915238785,0.07383032915238785,True,0.00333649361685324,0.0034141718414895973,0.060404173942435656,1.073935055675504,0.8029722062113589,547
0.42710989112910624,0.03130459208512071,0.09349707314627564,True,-0.20355085497755834,0.0020602019441533607,0.062291789633042216,1.1180947973557205,1.397584905408979,548
1.3056957632010153,0.059012805227860454,0.09377744402650401,True,-0.10854734584551365,0.004289338389089044,0.06414911482493485,1.2991461738287051,1.1102068164193588,549
1.90249298187004,0.06114798139790478,0.08198942672806919,True,-0.043601998744643766,0.005108017523149707,0.0524552548617056,1.0638113660296469,1.1887792091379235,550
2.259237875814051,0.062251906004747726,0.07612160812313018,True,0.05653334433612275,0.0035814971300247456,0.04482849109457528,0.8747456658803654,1.22076452067933,551
1.9035524832863189,0.09911967178303804,0.09911967178303804,True,-0.028405118859400027,0.004655199130393512,0.06317086604510581,0.7999008975898273,0.9402798193454774,552
2.2445183520992344,0.052313923540942664,0.08248458320697272,True,0.025051642933466282,0.005837704273836099,0.05503861403466692,1.2934346439392286,1.3255100944023046,553
2.165077656260223,0.08327452795593127,0.1125076266762659,True,0.10299168064885243,0.004974826371797794,0.05019403395721138,0.7785801549417528,1.0511634164126897,554
2.2043199147850174,0.053607355082269104,0.06785752230979591,True,0.007037193849580752,0.004383773558054841,0.04097695986686025,1.1860281779383424,1.1219217796608132,555
1.170077189210005,0.05929205243005087,0.06279285212061292,True,-0.11973305577063693,0.002493125964048119,0.04566542811253871,1.208366746522249,0.9886211477936733,556
2.2375326166893075,0.10956340629063166,0.12221239810154394,True,0.06234139386348247,0.002265328404182243,0.06429553041899513,0.9468992336274418,1.3285411834334249,557
2.186559419385418,0.08035923735155914,0.08848650199171981,True,0.024584572796113598,0.0050376987413127215,0.06005815503001291,1.1754517355565963,1.2621260753375072,558
2.1903830481765,0.046690367669383726,0.06217636563188034,True,0.016443577763815918,0.005980435388971805,0.039338319552456896,0.8332576687928175,1.266031967834746,559
2.2271519494517946,0.06282697917614133,0.06376506316734631,True,0.02409218111768334,0.005804090154652932,0.05278578863613344,0.9436645277423799,1.0374059602184538,560
2.054370178774775,0.06303978773144792,0.07492913622526576,True,-0.01791744295255423,0.004436680742194063,0.060450243939673035,1.217560197476619,0.8195501000534451,561
0.3280060969804026,0.026772691913835578,0.028935186241316746,True,-0.23536011266091608,0.0034950143799032567,0.03567157188252256,1.2587557643268483,0.8213590275297762,562
2.188966446033902,0.03721059451571018,0.05852573525827576,True,0.008921117766244569,0.004072826780500653,0.04045099019344038,0.9252490519482761,1.0564676523447352,563
1.7096697896202073,0.010540708070529092,0.020831242352375545,True,-0.06575174446973008,0.004027580009896043,0.03815598364501409,1.1489752383754628,1.0719059590055509,564
0.9583022935664189,0.02007561196986596,0.04671557459340914,True,-0.12649438864658472,0.0020367393924685556,0.03809239426759006,1.277266199338863,0.7451474929299651,565
0.4268587702460991,0.06674103901816175,0.06674103901816175,True,-0.19698715469716901,0.0054160293531309725,0.054899416492415434,1.2026930286359692,1.2912542254461958,566
1.132458275495381,0.019273260850124263,0.047560620380155516,True,-0.30528149122229464,0.003747605529143218,0.038727463477513234,0.8899379830061038,1.2775353308556945,567
2.1728600708410823,0.090249618289302,0.090249618289302,True,0.020849726967595048,0.005574306016792329,0.054087969922595035,1.1102953273079068,0.8264439303190804,568
1.7194757299055965,0.05313572051021542,0.05313572051021542,True,-0.05156324556192851,0.005191635928296691,0.057544836036174385,0.9810754275544087,1.0972677327792946,569
1.782043858955248,0.04555358034421486,0.04555358034421486,True,0.1467622567711176,0.004204149743869148,0.035025641838924294,0.7150194732463064,1.2884852715530846,570
0.5888294564718706,0.06806911915258573,0.06806911915258573,True,-0.2848415748376076,0.0026243882482878027,0.04515817152249456,1.188325631080871,1.1109907412995772,571
1.5254125766818163,0.07437894313130244,0.0822879017281315,True,-0.07376699654656525,0.004145753111624505,0.060381950453804324,0.8540693377571164,0.8402111205671883,572
1.4497944328570043,0.048941726250729234,0.051429000391546964,True,-0.0884184606429162,0.005388144794425602,0.05163980750273245,1.0495530692050037,1.3670541762752704,573
2.0764183832475567,0.08384973763745585,0.08384973763745585,True,-0.019740113180340933,0.005673059300471149,0.04609919201003044,1.1785268372759439,1.2005524173427666,574
2.25638922809253,0.07106485773235405,0.07220117901809475,True,0.04942442255817627,0.003210634812445606,0.04666644304604797,1.2834854084530682,0.7034739517985021,575
1.9220617536013265,0.03758676212298395,0.04687322582380071,True,-0.02471378998764819,0.0024303272708176265,0.05898265943535166,0.8867013275581683,0.9748169992451652,576
1.8731876087479975,0.08404911380819491,0.08404911380819491,True,0.2592927407660109,0.004251502662889771,0.03444202834463018,1.2363767436858002,1.2921997780835544,577
2.146735215593239,0.061252099281109196,0.07442194428854809,True,0.007337412070111637,0.004340349769542506,0.05101257108705948,1.1139252953212553,1.108665361413209,578
1.309034768089603,0.07827217057326852,0.0895575790687213,True,-0.09871568101167999,0.0059330660547431855,0.05121307663720259,0.7383651167401802,0.9513363891533144,579
1.9122190475802938,0.052477358776341854,0.052477358776341854,True,-0.036195239457851185,0.005016136072396971,0.036613851633000044,0.7033445880102511,0.8215174282700206,580
1.3233778232731908,0.05811475455068682,0.05811475455068682,True,-0.10475626704871585,0.005226498932572685,0.05586359450283883,1.0847111667904472,0.7300445240024361,581
1.9320686223617685,0.05238916205817712,0.05982573040607253,True,-0.03271698825550532,0.0030078574687185046,0.04676157436254405,0.8549142373171411,0.841459966775087,582
2.188218453784174,0.076772743946387,0.076772743946387,True,0.014539925956006967,0.005155930958672391,0.0435536152596947,0.8063940930751903,1.2071212086665266,583
1.9271529594602157,0.03726571008069279,0.06307504305873124,True,-0.03873672937125029,0.0027754044598991817,0.035865444431227245,1.1438711850137113,1.3264425137454365,584
0.6818230025180867,0.009589453271368509,0.07120590551828743,True,-0.1604250374252141,0.003077010509005186,0.034893389324516556,1.1374808650634187,0.7216256651429545,585
1.8758821949089395,0.08747389051820864,0.08747389051820864,True,-0.03360468964764753,0.003750353205146806,0.06597810612547399,1.1561667731322116,1.1153438540231904,586
1.9341771100226737,0.040808266093032675,0.05531990554688493,True,0.24350144328841294,0.0028492339921499113,0.030967250085449597,1.1805595086790694,0.7984650835364057,587
1.7695847986775135,0.10670623336389151,0.10700499646087991,True,0.12429031705420965,0.005900617274144131,0.06842756743786843,0.7821791460979212,1.0321245520037339,588
1.5320868872693438,0.04488289876557583,0.07482380889376139,True,-0.0863219959535131,0.0029559978664779702,0.03705488981721901,1.1869595781807103,1.3924487729194648,589
2.283767330736339,0.08618009173140306,0.08618009173140306,True,0.07802278404377055,0.0038518258009632407,0.03790996799678446,1.1366461642937353,1.3987261362062582,590
2.2034685114067685,0.05968240162061078,0.05968240162061078,True,0.09684275058414088,0.004416301126831728,0.04183983361249401,1.0669339224178345,1.1150182724172804,591
1.9194781740985718,0.06339842737604351,0.07078594835838126,True,-0.03037076539007645,0.002594899801350978,0.049089293457788175,0.9237586808907996,1.2773556167963247,592
2.015684495197007,0.04060931919868649,0.08829829516129406,True,0.1618229234816607,0.002691020963750095,0.0428661879496131,0.7986721746302954,1.2627441895182623,593
1.445212752927148,0.024666210422232382,0.04977016039884563,True,-0.08967013403859246,0.0020079635576468074,0.05594297161571027,0.7119826096968077,1.1233988735603704,594
1.9142932102533905,0.0890076486288518,0.0890076486288518,True,-0.032770845050115245,0.0051286080189738535,0.053359884511139606,0.9373206989419638,0.9681603226245992,595
1.9187195275745523,0.025805636438083646,0.08280572257654129,True,-0.03603142822953235,0.005792750017584709,0.05236474185850844,1.0923452408549585,0.9581044026122965,596
1.1709404970294628,0.051566090514611806,0.07276562629206396,True,-0.12001155802249971,0.0021707373023887237,0.052263387463436055,0.8089158050581973,1.1109808751596613,597
1.8679912318130647,0.08049007191547908,0.11502757928644214,True,0.12155930678866983,0.005890431556623672,0.05416061966871973,1.0028871478142292,1.1923445412514402,598
2.1733718008218688,0.10558263739012541,0.10558263739012541,True,0.013147020446954911,0.0021231999617617836,0.06454327289779038,1.1321419452453187,1.086109798531159,599
2.2134437177191586,0.037832411769425534,0.07601534878853755,True,0.046042412908960884,0.004626110968943514,0.05603519460152957,1.0701640205829797,0.9132787881015515,600
1.1346809380579117,0.0533723386023055,0.06393867664485531,True,-0.31866870053354895,0.005227684866046491,0.061222902866065756,0.8834998136222976,0.9369969485502464,601
0.5779331884382941,0.02657325355222473,0.035020270659815944,True,-0.19453092002855063,0.0034005055003278164,0.048773959807533296,1.0871554292003567,1.3499597948086484,602
1.7159334741351842,0.01647746150855034,0.01706635580866589,True,-0.049514458460575686,0.004663472365511286,0.04056381896545966,0.8913673485696096,1.0277734825675644,603
1.7238974069908437,0.10832998110056913,0.10832998110056913,True,0.13989462469167455,0.004841913797712229,0.05853960676477096,1.0952891315534319,1.0226412702041898,604
1.8386979978026687,0.104526554816043,0.10945436597232283,True,-0.046702926593442266,0.004702598467231383,0.05882368316441712,1.0395026499951918,0.8985037448848091,605
2.2051925146677718,0.08737353251230084,0.09391556231484666,True,0.08666090366760824,0.004512974787281368,0.06327724193328521,1.0209660307815986,0.7419753988656643,606
2.242046294279959,0.07695244329960937,0.11098412386932477,True,0.0496354621786387,0.0022778114988740955,0.04077788847991548,0.9349176098761544,0.7536357445457631,607
2.1910631662017863,0.0672532837089348,0.10159935644256257,True,0.026423695964366715,0.0030751379843613146,0.05830272059236515,0.7326259854424124,1.3552360453513235,608
0.3425296088424261,0.024130778390617502,0.038206370347595886,True,-0.2463798762741219,0.002457957020601979,0.04030064377629758,0.732610280460975,1.382224501843225,609
0.8805523109051876,0.04922413804746806,0.05454844753651322,True,-0.15353615005599727,0.002858552307849847,0.03644035051723199,0.7892283540614237,1.1545696813060404,610
0.9628915098345487,0.02636431554909402,0.02636431554909402,True,-0.12873281093583042,0.0021459885582246637,0.03584181758768813,0.8390624546607476,1.2995313413092342,611
2.223264711920592,0.06280018685375688,0.07443262962807662,True,0.03376936469805996,0.00434486334793123,0.0493803455649965,1.0358336477931542,0.8677716834431316,612
0.6294970268645272,0.03566075446550765,0.0847795980080579,True,-0.1795677264145829,0.005593689509782297,0.05024298770414907,1.129644358404784,0.7232062512339895,613
1.811595195076194,0.05461388657329724,0.05461388657329724,True,0.19823339618838318,0.0043425224960621156,0.0461959729198515,1.0680344555336232,1.164129286919794,614
2.2545805730347723,0.07091915934035353,0.08187170396049659,True,0.0638124560003846,0.005329236395692677,0.04804773015617982,1.0272766964449866,1.2697021747199377,615
2.0594865727151728,0.10892398022919392,0.10892398022919392,True,0.16458760398740627,0.004884613751982109,0.055604077481201254,0.8319272658875562,0.8548164022576448,616
1.0989549543597832,0.06989270018768012,0.1070524918720035,True,-0.33111169169988,0.003968713368762746,0.06235576373861371,0.8580897803804786,1.1739991656203594,617
2.0144859919212763,0.10055115834284689,0.10055115834284689,True,0.2526106343740322,0.00314719379543996,0.057619238108894646,1.0381283997166595,1.1813784514512329,618
2.2227517621093114,0.09248959269784751,0.0934682679837644,True,0.02444753638049403,0.003463607454657784,0.06233769788318736,1.2342095516981861,1.178423831932165,619
2.1292033793511678,0.08155029140264114,0.11619592368578924,True,0.21426684279955863,0.002471148774965901,0.06483194114657481,0.7943875348341533,1.031111175523025,620
2.2655434881379506,0.10041783436684804,0.1162226271414275,True,0.0846142900602419,0.0024969218999851507,0.05780393283391233,0.7030092877316756,0.7290174041171141,621
1.7097702428946917,0.032185337200107744,0.05176943217398078,True,-0.0637832800598277,0.005442051696633513,0.03588515006500815,1.0559343213962389,1.2979175006015433,622
1.7406921039068948,0.0799041849808444,0.09412421042326224,True,-0.06506221463832235,0.003002089530973262,0.06354103622126966,0.8413203166184653,1.24995241434332,623
1.8944109757157435,0.03712238816827296,0.06931025080091247,True,0.25932095214830975,0.0034076196316568394,0.04428771973429758,1.0527563000657174,0.7193256504430154,624
2.16680730250215,0.11373928284900914,0.11373928284900914,True,0.10192862497678673,0.003064738151366441,0.06735295371602217,1.1374804927422162,1.0150463362096014,625
0.6248757948751091,0.04755308590847296,0.04755308590847296,True,-0.17206924097031026,0.003691694341011734,0.05263330543626388,1.1149091466824106,1.187345425992985,626
0.6345073166903035,0.03694614838862953,0.046361687344257385,True,-0.17261850684390506,0.002921932448266809,0.04982620015899747,0.8869124628762215,0.7444780404344509,627
2.1315107220104323,0.0934814574865368,0.0934814574865368,True,0.2175443067726547,0.005377588382869235,0.06279311228616788,0.9905824368816432,0.7233594097594868,628
1.5302968191051463,0.06557085067557789,0.07866910005466776,True,-0.07697296263277752,0.004265838417151302,0.0556735937654771,0.8200224806370305,1.2198085203759166,629
0.42239901946459213,0.06532604765243022,0.0752551440563809,True,-0.2127558169858223,0.004440413164938062,0.05686775716818092,0.7893098003780621,0.7670049060518681,630
1.3170704172158736,0.07335657172717247,0.11634683707773963,True,-0.09475131683665106,0.004742906576523457,0.05755360230949297,0.7795140878697382,0.7285615177811001,631
2.183497823935568,0.06905909935183785,0.06905909935183785,True,0.013441547670989788,0.004303542647326146,0.051775880473499264,0.9626020932419519,1.1557349742334488,632
1.7743921425639257,0.044879557251481295,0.044879557251481295,True,0.1397290094508761,0.0026908908853049045,0.031713005629090935,0.8670568061099464,0.9680038164595322,633
2.1913819988478593,0.07244663660951556,0.07468160717575456,True,0.009613495308359274,0.004309385760337653,0.04342318201489169,1.0147883489439833,0.8839454458317315,634
2.169361105992209,0.0767222763841997,0.0767222763841997,True,0.01510262218771655,0.003218187371698142,0.04981030226684927,0.977555749850552,0.7925875452501636,635
1.9409259186430177,0.03831638949538774,0.0407264605304003,True,0.11545899075185338,0.004024409099751541,0.047870667850219456,1.159706184304614,0.9997014850125245,636
1.7023050131138575,0.07530397426127333,0.07530397426127333,True,-0.0642948832449384,0.0035191542938065724,0.04370405103457468,1.063006037495805,0.9487059511734,637
1.5402122815323622,0.0954830422639199,0.11687259307151954,True,-0.08283738366385392,0.0026436038028990584,0.05871721183004768,0.9679798834756093,0.9605594573259606,638
2.077080391069927,0.08645935507575353,0.08645935507575353,True,-0.011787589599967277,0.005410912219109951,0.05847818937012401,0.8233788395951823,0.9834409947302634,639
2.1878966539001397,0.09605862817309019,0.09605862817309019,True,0.09387751145664733,0.003872692969373619,0.05033388380667697,1.0736778215014438,1.258301375469412,640
2.169677679711384,0.08182889248009162,0.0872212006469768,True,0.007696516664203726,0.0025671282742697984,0.06087705859508251,1.2637663527883947,1.1106328412894215,641
1.7085772966061796,0.02203216303598121,0.07429290105243003,True,-0.05048809329048746,0.0028339832049581863,0.030523480260318706,0.8237118947480173,1.095946580856277,642
2.205039539678353,0.08132165388609036,0.11707441447861666,True,0.08646386315224805,0.0023714931720654414,0.061772238232094594,1.1586159540076444,1.0105243908358856,643
1.9200086465351518,0.07176547155540369,0.07703989054371241,True,-0.045027598635049126,0.0021628431768216825,0.04455026783219387,1.1709229820169604,0.8419199118806034,644
2.2654203341998027,0.0970033273923927,0.0982276169317029,True,0.08408553524292725,0.0020305625079945497,0.05872269635434304,0.9780603984351759,1.00943712399298,645
1.1717683366443765,0.039096756266642885,0.06381147116438224,True,-0.10961053739837388,0.002062843189765813,0.04371444422843055,0.914536825037751,1.379758993338507,646
1.92066307613743,0.10487655122467232,0.10487655122467232,True,0.19363195757827667,0.004336502089742739,0.04937920772403455,1.0934427213548268,1.0463550344091885,647
1.712041975635529,0.06265138999285336,0.06265138999285336,True,-0.054757837038206615,0.005859691796084501,0.03021735882199309,0.9312206707852511,1.1934374060759865,648
1.7300381325114813,0.05532559251988789,0.05532559251988789,True,-0.05842874833991238,0.00517203094452632,0.045122727171750275,0.7284476590072368,0.7237118689609928,649
1.9004009724416449,0.07854401678509548,0.07854401678509548,True,-0.03745317511921149,0.004776273856838155,0.05555457524280437,1.1681302338664041,1.3640266680281605,650
1.9913517524561115,0.11068636786761421,0.11068636786761421,True,-0.0064286422987515635,0.0030473910052654556,0.06406563714040192,1.043921031861907,1.2625735968757632,651
1.3035467432200676,0.028202679924045126,0.030798221800550474,True,-0.09815399241782617,0.002822056432673209,0.04184800782924235,1.2611312494493374,1.2327992732963953,652
2.090004373761346,0.04589607666783402,0.05030243942735879,True,-0.014452956647257147,0.0033474066554233617,0.034657681725169004,1.1130888382195425,1.1079129796651948,653
2.256689205410254,0.046542791246326765,0.051260476052958914,True,0.08016722898133348,0.005443608910304474,0.0325273457633282,0.9590914391996761,0.8623330797011687,654
2.183624923137927,0.06568037223381773,0.06647463767609163,True,0.01271482713123132,0.004408682091347043,0.037448579635351704,1.2464189010724809,1.1139941242973843,655
0.9680379517547237,0.09631744089870242,0.09631744089870242,True,-0.13027803781751524,0.0038393228771173515,0.04982894279506709,0.7182765627836779,1.3004654131234008,656
2.2316694884073627,0.05197396732850401,0.05320937530248515,True,0.08537577119721203,0.00272466934267286,0.03410414729087217,1.072345828871076,1.1584641023147901,657
0.4278055711759521,0.10531586434652462,0.10627339502077682,True,-0.19959903403747217,0.003951367212627089,0.06748025924265699,1.2133274394234517,0.984157145254589,658
1.1654396566285214,0.026163822761314792,0.04641260730429253,True,-0.11519447067287818,0.0030666413897297,0.03697936766130813,0.9533025828003461,0.8284890224164292,659
0.6799087649088733,0.04876188520028024,0.05360178568013585,True,-0.1671914789048627,0.00412072787878937,0.045691490803382084,1.1125048762093441,0.7978847393179607,660
2.2653151547447408,0.06502323242668107,0.10557223268240645,True,0.06056624031858725,0.0023661407939319992,0.05744483774455783,1.0264331056151177,0.7987926043826057,661
1.5308971189986096,0.052208066039280965,0.052208066039280965,True,-0.08669359828359295,0.004460576838058564,0.03536695163110476,1.0562091835929457,1.2929271877506818,662
2.108783450906074,0.10300956286725182,0.10300956286725182,True,0.2097362024818855,0.0036638525057291205,0.055568716178817416,0.9738346264114849,1.0441380840690637,663
2.1925020056545605,0.07459389398325467,0.07459389398325467,True,0.00131011176378727,0.004987217669415067,0.034451315628218786,1.052835170423197,1.042220537420342,664
2.0704712533301404,0.08194724480614246,0.09432572925852956,True,-0.019927565927443183,0.005858970582775413,0.05233351319853923,0.9952529279198629,1.1251625478005702,665
0.4295015879998374,0.06764662797250542,0.06764662797250542,True,-0.21221412419720057,0.004248915286844549,0.0575955223119042,1.2473365889649894,0.9356773565257476,666
2.189279044251407,0.08394009210712672,0.08931522669649805,True,0.001236988366996296,0.0036622268447275377,0.05477947045861684,1.2887666655919885,0.8051111075592928,667
1.3211304684425187,0.09081581268559957,0.11332796859160021,True,-0.09820645817776548,0.0025578526908536315,0.06982699088738532,1.0308111041377936,0.7213190479720597,668
2.0782419060879675,0.09793476503781462,0.09793476503781462,True,-0.018805274713950815,0.0037529112773123504,0.056207212249912215,1.0541112835805853,1.1707787302604498,669
1.8916628844144583,0.11190416660065483,0.11190416660065483,True,-0.0356223937672686,0.005516216019328787,0.06932852171945825,1.079629236016196,1.3119362283960783,670
1.8781291224984074,0.07383444560489405,0.07383444560489405,True,0.10692913744707841,0.002991965643014307,0.05507633140710184,1.2935037799914015,1.1100758513188638,671
2.224867976478535,0.05494109339984066,0.06687801699512907,True,0.04523551632054078,0.0027596502878312157,0.05128680033179626,0.8820951785425973,1.1128708604023525,672
2.235302196419781,0.07289383739120514,0.08466781109325616,True,0.037357990624352876,0.004873375801494856,0.03814911397645912,1.2225997647306814,1.2168351113050586,673
0.43288945017280867,0.05134556636044896,0.10288945729166432,True,-0.2074425928601761,0.0028818467438852012,0.06141388552051828,0.9975692513671135,1.3039969058597274,674
1.9182041261127125,0.05477373958215592,0.06519351446042876,True,0.10722158540083462,0.003303592964871583,0.041701941648566734,1.2633617183787802,1.3394542739040414,675
2.2325747076857283,0.07093837920176682,0.08709974495954698,True,0.08606563651499177,0.002019838236903702,0.05250059857650481,1.262127042817116,0.9046499303109913,676
2.0415856955970213,0.10531046297392077,0.10646359753958823,True,-0.009098861595815105,0.00425349380290526,0.06666740391833692,0.9893633324607045,1.1154308278482987,677
1.904906048147268,0.07899199404473611,0.07899199404473611,True,-0.02869409662969334,0.005181786114164099,0.051715836880049534,1.131332432451888,1.122186054672556,678
1.9047106951652637,0.05133074341618871,0.06515851877164391,True,0.1067914004103199,0.005808732431466401,0.036880444706830745,1.0324928428121456,0.8800689434386703,679
2.2550771144441626,0.04952286312674481,0.04952286312674481,True,0.02989574562810377,0.004658439574973944,0.0338002060136265,0.805396991838755,0.9649201837550742,680
0.9574739114856925,0.012775881762424168,0.0200159081357576,True,-0.13772375565524717,0.005058482425448794,0.03062018455710891,1.275560577588967,1.1977779105498547,681
0.6416779014765126,0.08708796763634141,0.08708796763634141,True,-0.17288919552274817,0.005921033389687385,0.06344421572201096,1.229962903955928,0.9703314325625662,682
0.9653101988108688,0.0410621921005494,0.0410621921005494,True,-0.13875632390691117,0.0033436670124735793,0.04898110195883992,1.0223868458941077,0.8068169321681284,683
2.2538225895071946,0.04577472735848609,0.055237796509645776,True,0.03926789899572465,0.0046515215660877934,0.03535300555391185,0.8782372185357163,1.113261497974391,684
2.102926792337314,0.03111949017729221,0.04438029844794378,True,-0.00819163147145584,0.0027100908920159265,0.03868273701595259,0.9958925545309605,1.0086620224307403,685
1.1773108472292222,0.06165881565930453,0.10594951427814836,True,-0.11443038227808312,0.005031096999265064,0.05735314300594433,1.0954564733578038,1.1327745046225666,686
1.91669800060383,0.10459515087083893,0.10459515087083893,True,0.10996116221353672,0.0036684927536658057,0.05323172791381552,0.8020376030552061,1.2271153008114029,687
2.173943616163399,0.08642413558238782,0.08642413558238782,True,0.011591397624345441,0.005047634278750391,0.06174055720818026,1.2402602759637413,0.7230828588716426,688
1.5323714471768994,0.06750696567715542,0.10707507311489106,True,-0.07381757521197078,0.004159559500487244,0.06879700069040626,0.82019364235586,1.0778681411849864,689
0.6947448177824782,0.1071982455392766,0.1071982455392766,True,-0.16231698891642507,0.003790728217175811,0.0619419433115307,0.7188204326148184,0.7084971322931509,690
1.899130829447813,0.07637823740082439,0.07717583647834614,True,-0.047526792895379984,0.003224996623861535,0.05683578718204446,0.8639351149950232,1.351507035028653,691
0.8924650802995444,0.09565396476656152,0.09676516550663972,True,-0.154519817738548,0.0036960264402663024,0.0683630816571693,0.9879000121015684,1.0198874897469268,692
1.5298339310182314,0.08489817882161943,0.12560117221045863,True,-0.07228387471905838,0.0037907483235162086,0.064675960939242,1.2898815270625532,0.7816173938352908,693
1.9131620150577646,0.035239011165119516,0.035239011165119516,True,-0.0363497766893797,0.005961566351284963,0.05213808815464743,1.1121897208996088,0.8698354756247475,694
2.0766635726121905,0.05572645273144494,0.057040823734830104,True,0.16445997989160055,0.004894064839579213,0.03898804295431105,1.2965004403959866,1.38464902757481,695
1.5184950403908033,0.012278716764150488,0.02100992649333433,True,-0.07096465584071199,0.005882735832476114,0.03177825439947163,0.7403539368611175,1.312542231340141,696
2.15598870032737,0.04817598078991536,0.05557653353602876,True,0.2120051529418681,0.0050266708036131435,0.04441520951546859,0.9060017339773936,1.0155012914363737,697
0.6212644118664485,0.04003253324695866,0.07706406264305721,True,-0.18163633355560335,0.0021617020420152404,0.05517531118737728,0.7848643077546561,1.040851826634054,698
2.1138703730449464,0.047596783516209884,0.047596783516209884,True,-0.009033632141510976,0.005763463151424772,0.03381861569510734,0.8021367533520891,0.9273796834573516,699
2.1853960314191454,0.05935441598251989,0.05935441598251989,True,0.007878158925749968,0.002516037194554927,0.05700140454919341,1.1460801761588995,1.10199313630924,700
1.2056119997113228,0.07369633094611672,0.09685089144243242,True,-0.11527193893303403,0.0058435727473287145,0.06556431039787187,1.1164362511384889,0.9623176055562026,701
1.522892741769283,0.04271221996835495,0.04271221996835495,True,-0.07022642803462141,0.005559627801644826,0.034526513443143156,0.9697454513362727,1.1823556391736492,702
0.6181289309972442,0.033218911369647275,0.04127397831170687,True,-0.17600573365860048,0.004403876401050664,0.04008908356101816,1.1276982845698764,0.8634283088605577,703
1.1731849117137472,0.022991523559196425,0.03686936681256325,True,-0.11752171697129238,0.002330376279986982,0.04161692324101297,0.823915760210816,1.2434239723670928,704
1.8667630758213392,0.036773038485641285,0.07627449224985572,True,-0.0478987454938635,0.005417187734211403,0.06004628163018677,0.8140555940350511,1.264470143726091,705
2.2376873725589377,0.05170807480509709,0.051848517479571976,True,0.059939640818524376,0.005748774829217927,0.03837647670634364,1.0439767403294742,1.207098397293532,706
2.271414066766198,0.04797373938938265,0.09728139680927539,True,0.06511892982111259,0.005188423947080493,0.04296155457263574,1.0498524364083939,1.3684966064923434,707
2.11651395124548,0.027916776142520083,0.04555179226051442,True,-0.010682725103931328,0.0020447563499445694,0.03979289659228178,1.0447665973966307,0.9073543648605549,708
1.1677854381355814,0.03853367004626951,0.05648684951117944,True,-0.11825467222014123,0.005236786669759263,0.04321238323591999,1.2368108309276367,1.3137344503503972,709
2.2094126085987256,0.0473586284008527,0.11377439289537716,True,0.006006130648706657,0.0035958162012517995,0.0518990044797786,0.7430092076508447,1.173943445396413,710
0.6029476969224419,0.055182943805374585,0.081497537474162,True,-0.2847956676320152,0.004807081488093685,0.059578374095454203,1.1660746433449813,0.7639260624888313,711
2.0445589897295235,0.09867672453829401,0.09867672453829401,True,0.16439747653591147,0.0024115899402657316,0.06352993709382726,1.2077815910625744,0.8111918923609396,712
2.111878797212654,0.11274167863126916,0.11274167863126916,True,0.018084194869417484,0.0026204176411131538,0.05793988938474724,0.731446418098041,1.222427439448726,713
2.076408873491417,0.06708698549496606,0.06708698549496606,True,-0.008779850726934076,0.0043654122448503925,0.0555075971644902,0.9517365866319913,1.2212513928695041,714
2.2488782059909482,0.06555739595053622,0.06555739595053622,True,0.03579977332214186,0.0059330826824738675,0.05702103901367474,0.9442553198116391,0.9748951340638843,715
2.2039179073044863,0.07077944118420842,0.07235793750607988,True,0.10345310776407697,0.0051847015219859665,0.04130770519881368,1.098170950897858,1.2802287133112062,716
2.1952472420043136,0.06234720003736016,0.0699244529932952,True,0.09596099664623106,0.002742259114064719,0.043218543275638496,1.169442522781026,0.7454973696091619,717
1.522415749412346,0.04911988541037937,0.04911988541037937,True,-0.08359798049124452,0.005819583106677272,0.0409766550857191,0.9855404715383369,1.0265501859857784,718
1.8902308179471277,0.06866956286778869,0.072048773939416,True,-0.024823190795575257,0.0028644760356795564,0.04961825855754246,0.8146881027391626,1.1043243889201464,719
1.1772545438669226,0.09504560321131827,0.12181688072507857,True,-0.11186147119910315,0.005071122527591066,0.06720194862670009,0.7099336170445213,1.3021129119825736,720
2.2293308217365677,0.07480807943423029,0.07504456564895601,True,0.04125656337162671,0.004040666853896551,0.0514944386994593,0.8120269302809278,0.9817540073683375,721
1.9436019385416898,0.06320556039023728,0.08296943517242772,True,0.1075745245662593,0.00434933117841141,0.0455621140817031,0.9706477503100901,1.0474318236241982,722
1.8713583604237414,0.03922653489661343,0.049704516183909364,True,0.1223218589526362,0.004480359896903031,0.03503148007541483,1.1794211834510433,0.8478536513691317,723
1.7104585245521946,0.03153657998312287,0.03395339498045913,True,-0.054425919285707884,0.0036851334043287174,0.03232492184974618,0.9253015878827147,1.1667980238201678,724
1.8778880357974117,0.029336205564431284,0.04317078923741602,True,-0.048910737331104716,0.0056017504447270945,0.03522203637871642,1.1458448494689772,0.7671557020256835,725
1.0668288176508014,0.050873472997508884,0.050873472997508884,True,-0.12515246447977463,0.0031268763096058624,0.049154043867577296,1.1591139417084013,1.172412057594626,726
0.41468209617136154,0.0180774069726628,0.0180774069726628,True,-0.21657611285475203,0.005010260108157736,0.03825454807183434,1.020259830179761,1.0913135086244043,727
1.8376089962735733,0.08230466743616915,0.08292129540825388,True,0.20171978238937255,0.00474603270726388,0.0520308396841545,1.258583857204959,0.9231737722386767,728
2.2382787800499955,0.05450139250458652,0.09221708911311355,True,0.05526274279961266,0.0037338215551642306,0.0628855827752243,0.9956259545234196,1.005914334348673,729
1.800890287231482,0.09288770255068979,0.09288770255068979,True,0.13901266692668268,0.005682283771118682,0.05287750119831216,0.8777133989691438,1.1264023602805961,730
0.8863773658095226,0.05063173840688551,0.0758617238172774,True,-0.15564071399516294,0.0051371910031148445,0.0681633396939946,1.007954578476103,0.8053320875782916,731
1.7069340296888953,0.03939854046469082,0.03939854046469082,True,-0.05984455426934012,0.005746074808402748,0.038640286476608166,0.7314295080224318,1.1331832014265921,732
2.2016791739191888,0.0807007209594428,0.08952631852104731,True,0.03864406227480769,0.004581537427356968,0.05798762619216667,0.8677271095495541,0.8343730540549747,733
1.3014310471298103,0.039700504256225067,0.039700504256225067,True,-0.10775141357093718,0.00436803813553449,0.049416053273303104,0.9645674142646611,0.7165514349387669,734
2.243953817410116,0.06575490339689982,0.06575490339689982,True,0.04014002781017348,0.003427172259830508,0.04187865244342328,0.9333045461762175,0.856901387268648,735
2.1660112409057604,0.07401219254129132,0.07401219254129132,True,0.011904932083556228,0.004837151566164356,0.05041931642214245,0.8564258195995402,1.2615069752259946,736
1.3022473306129712,0.03765834829886616,0.03765834829886616,True,-0.0972250617783557,0.005321983988950666,0.04698927905494439,1.187849955056068,1.2137733131719384,737
1.910231837145659,0.08796069088878022,0.08796069088878022,True,-0.03801784069952625,0.002683505364083939,0.039836658090129914,1.2490490804594483,1.271409467139992,738
1.8755824425822993,0.07206575544775395,0.0926612257870465,True,0.1057818866860268,0.004865288081612872,0.06682157805169708,1.1307313912256063,1.1995596541769207,739
1.9078140543083606,0.09480835211192584,0.10077388654435704,True,0.12380577805152551,0.00540447614511834,0.06067312215971276,0.9493422500485549,0.8632431562392482,740
1.8680799520187747,0.13855782570694264,0.13855782570694264,True,0.11988106922181617,0.005498608893425421,0.06983799480818192,1.2392718825264475,0.8165655782422332,741
2.0773452083934245,0.07764232478932986,0.11255973067391678,True,-0.019978217996424862,0.005116612600030962,0.06545240256093138,1.0648286137397505,1.1655496920996116,742
2.2577114162480996,0.11025479844230124,0.11025479844230124,True,0.08081519761363057,0.004103088774236041,0.05891404564166357,1.0243794902140655,0.7354425199156962,743
1.3248349800844466,0.03723841532230088,0.03723841532230088,True,-0.09090611466279966,0.005990427000210007,0.05673192335584887,1.0173835221832241,1.1924127143605918,744
0.3428589821405694,0.040586696998471616,0.053702880417949794,True,-0.2310397438730878,0.00478500170494044,0.04640668851699882,1.1871997744904028,1.357594626083278,745
0.33255250739176745,0.09930612925604598,0.09930612925604598,True,-0.23684001290845536,0.004211888423898309,0.06724118047976252,0.9416264435317887,1.1232772552230113,746
2.216415432047029,0.04900129458564684,0.05850848678400622,True,0.022547674886290052,0.002625400044860172,0.03163411046563208,1.123649343495894,0.9432470391477684,747
2.152943406239629,0.030487037544665085,0.03394815763317416,True,0.21398122171962525,0.00402111537806273,0.03454630953845254,1.1548251037262875,1.3720643524483038,748
1.8313144180037852,0.10048450836845846,0.10048450836845846,True,0.1338855807059046,0.0023630113608780878,0.047270950333927045,1.0738023991474646,1.3798450888825404,749
2.1983648602314787,0.04446713230604038,0.04446713230604038,True,0.008927270361549475,0.0038743679136414378,0.030290204467123827,0.7532997078864864,1.3010431851256192,750
0.6740639515607967,0.0502338960057922,0.08219996084280368,True,-0.15860605576881281,0.004719231975610845,0.04551658780930089,1.096856498993072,1.0273445078778483,751
2.2481374409471755,0.07163316166069444,0.07655653844643218,True,0.07459927034123547,0.002425907758257263,0.056801436356550536,1.2318881419146293,1.021609195764975,752
1.8978700686416232,0.09989092477383799,0.09989092477383799,True,0.11002541994724252,0.005723646451057834,0.06223457901913893,0.8877474911149905,1.0857582075879129,753
1.8572720783834171,0.06286625151839353,0.06286625151839353,True,0.12252163594555464,0.0035939792451324983,0.03502195592598935,1.1889201026427734,0.9305722721324527,754
2.255275547994458,0.07246573658695055,0.07246573658695055,True,0.05227144924865349,0.0040889559591740544,0.04343735791620386,1.120535837490035,1.2399137474469795,755
1.7126348540841718,0.08892479181268476,0.08892479181268476,True,-0.0521115523934662,0.00367476128845493,0.05861072657003977,0.9475722863815905,1.1986300253825157,756
2.1829711288503404,0.07344516503588383,0.07344516503588383,True,0.08837865165408298,0.002762908883572229,0.04599589466217865,0.8574787263064492,0.9870572639272817,757
2.2113229810069583,0.11593225508391547,0.11593225508391547,True,0.06066945774218012,0.0023174451245909456,0.05662823977049779,1.0040135606924783,1.3977549445102198,758
1.7741055815769187,0.03860047732038763,0.04423554638924254,True,0.12624820219262275,0.0048191772545663255,0.04001454675401929,1.0634154658124646,1.179961827438274,759
2.1856318906234975,0.08717822839422329,0.08717822839422329,True,0.023137416264801394,0.00289385882417959,0.048329808222297974,1.2808758589797153,0.9360841871873351,760
2.2510624374737915,0.03853784011569639,0.041843718540033326,True,0.029686210572808448,0.0026505201080646934,0.034759149976619684,0.9110522388394843,0.8354139243010539,761
1.9227971531773704,0.07303943090656473,0.0854991074827256,True,-0.03339111131387753,0.0023357575139508653,0.05057860316660217,1.2554571450110248,1.0404605654752244,762
0.8824790744360342,0.0511687511786163,0.07324734924068643,True,-0.15463032617317565,0.00583987405666315,0.05863055691238932,0.993513420092841,1.0240434224933428,763
1.7067872905604418,0.11053369707209648,0.11053369707209648,True,-0.06513426009006508,0.0028209165251061904,0.05521277921993024,0.8768242491532436,1.3691547533932318,764
1.884511197774259,0.0809210648248595,0.1156651623380025,True,-0.029947764758431694,0.003934308601276622,0.06435552848331055,1.2085209595776214,1.3379359246369626,765
2.17308626439592,0.05262007585143902,0.056317745997156665,True,0.004210303811053202,0.005518964726772189,0.047377739820625896,1.242274880447398,1.3250568769386395,766
2.259620215856799,0.06339957839717036,0.07161909886826456,True,0.033747197419396094,0.00531543805681059,0.03369811066760836,0.8734790629328149,0.9928814020020793,767
2.0285024975516137,0.0997358151161214,0.0997358151161214,True,-0.003788270958674888,0.005316876577608149,0.06257944030884871,1.0649776362863321,0.7355545474386521,768
2.073556663791365,0.053038251971206485,0.07030341085054093,True,-0.0017444266684477918,0.002191219402311295,0.05795409005003277,1.2064239275381698,0.9080655109622366,769
2.0132451463726397,0.09287573253414139,0.09287573253414139,True,0.11512124292871204,0.0021337900731936217,0.06482130399539288,0.9014484642540526,1.3866148651102383,770
1.734470515987482,0.12173886384130594,0.12173886384130594,True,0.14210378207053553,0.004222229610964943,0.06800645517179668,1.1817663032655128,1.26898131072602,771
2.1975361765578327,0.05923717486859825,0.05923717486859825,True,0.007062935601315389,0.0021208685554331527,0.03619085785846757,1.039463970155224,1.1096395764433322,772
1.9114360409894573,0.09211682524434273,0.09211682524434273,True,-0.02464584070006345,0.005729503375824875,0.053692690547514285,1.2828837173501033,1.0873770759089179,773
2.1870304369037967,0.06301106806216006,0.09061594732861855,True,0.004259942785351547,0.003046880712916793,0.06750205680416133,0.991134315376693,1.3585427213978307,774
2.275059474381493,0.10672621555949857,0.10672621555949857,True,0.05975817651383598,0.004418666105888558,0.05714897936907579,0.8598159377961387,1.3847185163843636,775
2.274043682905699,0.0567553744860565,0.06672452847860133,True,0.03852185004117952,0.002542933648564637,0.04250761818866619,0.9272715968481329,1.084060294932842,776
1.904150485797686,0.09800626929173628,0.10778752362516442,True,-0.04617913854731693,0.004291395888349232,0.06737703810065068,1.2286099651198916,0.8481852030040237,777
1.3109213097443444,0.06464990585450714,0.06464990585450714,True,-0.10411851279738872,0.004860059248576423,0.044001597524527425,1.064301519805967,1.06182020437152,778
1.3056339503381764,0.07004161623407512,0.10709241713441142,True,-0.10502465704492824,0.004689315387088704,0.05108069916613562,0.8823667112102868,1.2979270881689504,779
1.9643221928194947,0.10021222901962368,0.11899867180532797,True,0.11292286481888988,0.0022509578618931055,0.06642630421984047,1.1921309855907447,0.9483055471397279,780
2.0480266173167365,0.11130859208772903,0.11130859208772903,True,-0.0017125102475972246,0.002263024569802372,0.06071865431534169,1.0103013884304997,1.091295597017485,781
1.540506458929471,0.02251605631349962,0.023412606393532265,True,-0.07718384378480568,0.0045213300014161385,0.03516454142282813,0.9247708488700385,0.7079956173601122,782
0.5766952226709776,0.05672384723855428,0.0773283195696628,True,-0.18751102371487952,0.005588220116779188,0.061556350951354984,0.7115215805051461,0.7429584284201137,783
2.262327942341244,0.03549475168518512,0.07457724471806038,True,0.07013748867237866,0.0032622082613681202,0.03412189635381683,0.7942505426055759,1.0810446373158005,784
1.9152009485439834,0.03805901284939295,0.050842970014215894,True,0.11731171898018229,0.002545914490721176,0.03200002491447798,1.0335432542932168,0.7307917877352439,785
2.2576473854974353,0.10449794594014938,0.10449794594014938,True,0.06140188837525437,0.005418950095042677,0.05296422136319901,0.8098276289393711,1.253285603104553,786
2.192896757614207,0.033026357807608875,0.045655983519784504,True,0.09550226642518604,0.005809384028499478,0.03001478573833134,0.7867292310487275,1.3321985488345771,787
2.047482655602181,0.0431291768391755,0.06688996805985514,True,0.1658127559568856,0.004203997480655689,0.04450467968438934,0.961967460276684,1.1709864259160736,788
1.8509791408584988,0.05614136832535577,0.0654278180899508,True,0.1798678106253085,0.0026581820975424626,0.03216214032946375,1.2698777949186448,1.0281118752906147,789
1.5262025488930249,0.06231622370100798,0.06583235657065267,True,-0.07478013780257674,0.004667848462727125,0.035883448379313954,1.164909737791442,1.2143510705587195,790
1.924455901094575,0.0519261025474409,0.0519261025474409,True,-0.04277482705269522,0.003817381596719796,0.034145724478650774,1.100114613369306,0.8182040978744953,791
1.7287599419955768,0.06931297744774678,0.09601487299349643,True,-0.0662863661621324,0.0032426242579966765,0.05022142717856786,0.843346047368194,1.301615165643049,792
2.240400537765808,0.06368385311531122,0.09668858004340586,True,0.04238732739047884,0.0050078685397524445,0.05947818303247517,0.7164562027003026,0.8795280372113168,793
2.1307865889091318,0.03611213618603348,0.05569274941006408,True,-0.019363462948066644,0.005066080067182894,0.03178711349942134,1.1651779616500568,1.2272505345479572,794
0.966946919163135,0.04325949346488711,0.09673981837521439,True,-0.12608646455758854,0.004833088482999465,0.05085370900666783,1.0973619379358635,0.8909892035466896,795
1.697199295953368,0.09945150174235495,0.09945150174235495,True,-0.053250040699748626,0.005692450509954667,0.06136928779113902,0.7387701528359202,0.9869183093093118,796
1.907331878381143,0.04916037941135398,0.07617308250104893,True,-0.037012557737646216,0.003972942154884325,0.05019799969885437,0.9441576446258355,0.8407439304821444,797
2.2324998126956217,0.08116089308538688,0.09111067830951036,True,0.05314719465728842,0.004274212442599552,0.049397624593942216,1.2459008916590775,1.0839647379708965,798
2.3303979334799294,0.08987641052263173,0.11385723451275287,True,0.26893225318556097,0.0046922192854467575,0.05567384890852474,1.2503935685777066,1.1288374220459243,799
1.8705878240860443,0.06381541131836399,0.07632681086107973,True,0.24153911956654234,0.004160963893846015,0.04272677847991628,1.1886686114205103,0.9931070040300213,800
1.5346708135689084,0.0382832445799568,0.049505629212257096,True,-0.08441061779148078,0.005023332640160878,0.040185634524103585,1.277584487354134,0.923768847528239,801
2.2739634322275606,0.06309930685341403,0.06309930685341403,True,0.02681770433863532,0.003501739620601416,0.03874295936447422,1.2766500277134947,0.7586289587170183,802
2.1593816835463997,0.07883373106651215,0.08081013300824935,True,0.00905191364801774,0.00509355765192149,0.0584598180683498,0.9967451988723446,0.7452689904367873,803
1.448341747822525,0.05153901656400639,0.07896447705786236,True,-0.08822591062558689,0.0030924844118718426,0.05128247573668054,1.0445351336684439,0.919291199408452,804
2.2319041513186875,0.08178296275993979,0.08461602612054242,True,0.037349748440770394,0.0029908634968623966,0.044604457090863726,1.0129405846461377,0.9470482652114453,805
2.0810891101866247,0.05616512698216569,0.05616512698216569,True,-0.0019461774108171462,0.0029747618331478517,0.04671309920283095,0.7137249133203086,1.344703400753418,806
2.1793886765166093,0.07240545688216349,0.07240545688216349,True,0.007246955640522783,0.0031480100964674873,0.047592883066373756,0.9576471654867222,1.15428988063749,807
2.2279603719345005,0.043626871399049305,0.05420511014229645,True,0.01250104157590246,0.003434530327283822,0.030726876617531918,1.111669127830025,0.9757534908144931,808
2.2205956032899508,0.04723480703979943,0.04723480703979943,True,0.014439150432799967,0.005206335069631344,0.03907770800318095,1.145030823067772,1.3645145430484924,809
2.2022816524951025,0.06548189392945925,0.08916043418175312,True,-0.0009030791864717174,0.0057964455548700135,0.0660298273905771,1.2745599443050097,0.9998614171378266,810
2.1879872079084066,0.07523031938186131,0.07523031938186131,True,0.008081557141607774,0.002612019303632384,0.05136483770614766,1.2888959946255727,1.397548954919958,811
2.24098240233117,0.10218954760107057,0.10320140582806481,True,0.0948540433998205,0.0029891364148078147,0.05818353542927451,1.0222280535268358,0.8008887811361224,812
0.966775656530956,0.0726527298224997,0.0726527298224997,True,-0.13134118478615447,0.003587989284777076,0.05121488719215822,0.7420214021432855,0.7126504654525875,813
2.24296244121777,0.05163783519453102,0.056558569919076485,True,0.05256900060587315,0.003657343180399618,0.03159019780688768,0.7476796552148594,0.7816015382588184,814
1.932107119292624,0.06991971726781743,0.06991971726781743,True,-0.03758310164875427,0.004500529969169621,0.0347157033452836,1.0998364588263045,1.2595318630055723,815
0.6755439212914922,0.010485723876525688,0.01120445911049095,True,-0.15826912350052502,0.0059769251060446315,0.049458060180721256,1.2336842315063703,0.9052078587692041,816
1.904352502158801,0.0591568653383292,0.0591568653383292,True,-0.02613363264516337,0.005258657848880242,0.04594111633387324,1.1133086256092475,0.8900441733125946,817
1.710868534647787,0.07568010900015243,0.07992374658594925,True,-0.0682922065863162,0.005178657515190232,0.048847042683021355,0.8377677224401957,1.1301120815011663,818
2.2047382714443415,0.054426989407014625,0.07570197081496555,True,0.014113206410043079,0.003026869318287684,0.05423796605790097,0.7889978792153133,1.102094059830733,819
2.017858464874948,0.08839104625092498,0.08839104625092498,True,0.1679383276166294,0.005004311640536281,0.05595657464271837,1.259983481666373,0.9735077673374837,820
0.674015118557648,0.06694988424468828,0.07628243050084782,True,-0.16340997593600887,0.004193084951525475,0.05863851927454031,0.7526856833473703,0.7364552549991079,821
0.5718011418207709,0.02397166827820496,0.028265040555486287,True,-0.18691454621278517,0.005743515286932762,0.04072699205152692,0.8531790272078245,1.168609438397726,822
1.0235133420699185,0.05959765132893424,0.06458708380534905,True,-0.2721518173406703,0.002694678797128025,0.06251922794538066,0.8770969468818652,1.273530069329135,823
1.880846837554401,0.08532429721872026,0.14184684479899312,False,-0.0379967921072247,0.005948138183579396,0.06732420397192437,1.0670687660221039,1.286173876775444,824
1.7022328161888822,0.031133817578143264,0.08012388385163827,True,-0.05103024664957743,0.003094400180438104,0.05086802199460043,0.7284055012552926,0.7843820481587959,825
1.900582571575569,0.11771118646853074,0.11771118646853074,True,0.2047882002977928,0.0022557973491779577,0.06533988415438206,0.726189524026328,0.9583357379410632,826
2.268724216282834,0.10244919095704952,0.10244919095704952,True,0.07852370169322198,0.0036925890699859077,0.04871259111150729,0.824289356981637,0.8569063054588074,827
1.1720415589451534,0.034870467597327925,0.04245692039892823,True,-0.11267429638078903,0.0039981235708105144,0.04857854929540746,0.9868062921399023,1.0150790939009955,828
1.9064317717678279,0.08771137039729604,0.10311490234929566,True,-0.029085324073614922,0.005397426352465335,0.0484297925586213,0.7324644609634351,1.1641029228737358,829
1.5233507800064388,0.04214723604847315,0.0545422292694806,True,-0.08223540502558073,0.003741854978945417,0.04579581893125992,1.1783534156048563,1.1715621164442565,830
2.2330231431431002,0.13652409429322865,0.13652409429322865,True,0.05586185432496336,0.004335132079928093,0.06832998664450254,0.9133258167560547,0.8775799122565902,831
0.8767606077001915,0.048613923764270206,0.06185992992961231,True,-0.14472942570122083,0.003053842094622625,0.04273797199097501,0.7436637230744858,1.0154034005930979,832
2.1871195748501577,0.08034346877869858,0.08551981648879825,True,0.093676887292501,0.005786910812929523,0.03876069438524143,1.0785784465573074,0.8306709294578369,833
0.6397400084264859,0.11111221153612205,0.11111221153612205,True,-0.17400484108958358,0.002890840675234925,0.06843973795357122,1.163354612566719,1.3295882886680301,834
2.197849328774865,0.06649244077118333,0.08325701429700949,True,0.10141267629554537,0.0033562745120292187,0.046083245738126555,0.8680954038207106,0.7743020674164477,835
1.8949175425121183,0.10106960188733294,0.11028033720682684,True,-0.038912285936505926,0.0022421575017014285,0.06927518208165148,1.0250489946636463,1.0260873815765406,836
0.967644422480987,0.09538630080355937,0.09538630080355937,True,-0.12705533371058658,0.0032782160756224116,0.06508023366831649,0.8695332603864118,1.2321172064577666,837
2.097241051394718,0.1145103902014557,0.1145103902014557,True,0.17382492687882012,0.004732012496364744,0.05676406210165282,0.8011443733667627,1.251418135433543,838
2.180357451111661,0.06694506083126028,0.10851188478297935,True,0.09750599848181835,0.004635537079672656,0.060862854257569494,1.271604957389727,1.3445424898198501,839
0.98825094257937,0.10805807514492272,0.10991742059215137,True,-0.13879335002687765,0.003445465067184437,0.06995309290317651,1.2468554329270964,1.066587280958796,840
1.1665005038262848,0.009315830695707294,0.014894703300200263,True,-0.3538558113046826,0.0020200156735195127,0.03641041002944975,1.2031316214420724,0.7941297653614419,841
2.165724088506579,0.1092250304261908,0.1092250304261908,True,0.01748881096527527,0.002986591305932469,0.06499913793954336,1.243071298543149,1.1506415866132924,842
0.9711747362990764,0.058210483498966736,0.0782817120909527,True,-0.13627735305248967,0.0023655678455185977,0.047597264241872037,1.1202717525722652,0.7020676127969266,843
2.1782139556825797,0.1033454939399876,0.12569786048578013,True,0.09374958759366225,0.0029072588101369083,0.06039772226061381,1.2785491016654085,0.7878249772069528,844
1.871254112391469,0.08917711723406119,0.10560741848325161,True,-0.030336542513579343,0.0032692469312300223,0.06980744055756025,0.7598588197839057,1.1598916709448477,845
0.3219373098280016,0.0555049060008046,0.0555049060008046,True,-0.23606088417979693,0.003703688503486752,0.04457435199285899,0.7829100062921405,0.8376720437929073,846
1.9401587697103224,0.08685173359352549,0.09096469769523052,True,0.10375909311114714,0.005514406574964185,0.06162986635897617,0.8600433947863028,0.9652228198746367,847
0.6742391354020469,0.03329806698073501,0.04225495814432545,True,-0.16408980222124325,0.0027537492398782685,0.038584390983513496,1.0883770456053719,0.7018803990483475,848
1.895903269347059,0.07603593085287996,0.08054219019088182,True,-0.030620197064693013,0.0040994561809911114,0.056255353408194576,1.209110425452319,1.1281305640491102,849
2.0887107488122183,0.0693609670027786,0.09301108261517599,True,0.16562704566130604,0.005522689526006106,0.050456619275330496,1.0307897720811794,1.2835838105246902,850
1.5280791470445791,0.032930406100192045,0.05280016513491215,True,-0.06965956153584753,0.0043499230199687345,0.04151654016924995,0.9584819176033409,0.9694623869024617,851
2.162254358958137,0.08085351673141261,0.10814255045937804,True,0.00453554626545172,0.005919544433577757,0.06601922471809588,0.8276920425509184,0.7185112150169397,852
2.265412664893063,0.08390377771866353,0.10149478406407009,True,0.056617845339790404,0.002015997448130522,0.05299223586200216,0.9884188970674275,1.1849500172188066,853
2.2359088366088287,0.07330206694002639,0.08469720848198792,True,0.07240640218460796,0.0030950222544010282,0.04639547587735929,1.2856245482657194,0.8226235159444966,854
1.3021246391989507,0.051639384992052006,0.051639384992052006,True,-0.09847153502648026,0.0037514384691733614,0.0412535165067975,1.0385668889405688,1.179213243225989,855
2.2449215789263235,0.059469743846319645,0.059469743846319645,True,0.07769941214830858,0.0037846212263956246,0.03615241713011105,0.8774925144051854,1.0057387286595336,856
0.9687285603167624,0.0348577906056744,0.06668075773244975,True,-0.14292936813940355,0.0022855678106954718,0.04730214614575451,1.235987015176446,0.9965549494552406,857
1.3270708783770715,0.06586282827438361,0.07319763153924042,True,-0.10040307605236265,0.005414188885649412,0.05662442104209013,1.0230123691015884,1.3550451662324203,858
2.040761946092175,0.09982987009899147,0.09982987009899147,True,-0.017543005903795057,0.0047236049637109055,0.06340700405503077,1.2529948895943561,0.9066302983262065,859
2.252906959136567,0.0862120075895354,0.09395860701401326,True,0.0764372365168667,0.005958320753300321,0.048090699881968305,0.9229405766249985,1.3503566902665922,860
1.7684440094809446,0.12370469075236734,0.12370469075236734,True,0.14396998275362885,0.005465139138281592,0.06218571126436491,1.2665412633788264,0.9007284699931934,861
2.0126143620735633,0.06435740183271066,0.08108493340408174,True,0.15792431292869777,0.003149648792915217,0.0394279700224355,0.9041447961156237,0.8697700541451613,862
1.9722103010013967,0.11064179074282965,0.11064179074282965,True,0.16765106354818843,0.004567503403377576,0.05683939265966378,1.2696879302559814,1.1082931515172545,863
1.305826463380285,0.027768695251298547,0.039439298356783725,True,-0.09428936762947948,0.003809137811568948,0.03953122587181723,1.195692975923964,1.3422480908464685,864
2.1165723569034753,0.07441499457360834,0.09135903504880272,True,0.16761252933151213,0.003628833923577485,0.057607980011788594,1.129342036476708,0.9986048813637174,865
1.700468629477271,0.07619377971981756,0.09620003728761528,True,-0.06736782458242202,0.0028187338764697817,0.06321623325325494,0.7741370332112097,0.8593689111043548,866
1.6897708540229246,0.08813374800514606,0.09949418620652484,True,-0.056479675546996885,0.0035674432173422527,0.06688414475538669,1.2684055793470481,1.0614066574763519,867
2.2325017011475694,0.10691621044293775,0.10691621044293775,True,0.042203993447797065,0.0020236349226739015,0.062196690815459046,1.2062206661796755,1.1579692523061769,868
2.1112659303052936,0.016976391711884142,0.031426232327547154,True,-0.023569978351707713,0.0023969764886058397,0.03409491792757856,1.0705831966675834,0.8185563683516217,869
1.8363611234723578,0.04688183331956064,0.07908696815925542,True,0.1934282228877442,0.0036939853825945566,0.036887571384992046,0.7637335988533525,0.9063469999803323,870
0.6518755125661784,0.08566845323757866,0.08566845323757866,True,-0.18205201874169571,0.004190997224904222,0.06483668279007745,1.2911074555747466,0.7253035041091814,871
2.2061356064382522,0.03346060924696137,0.045191728250076224,True,0.0112723271800354,0.0027966134257996936,0.035939838668325716,0.9195631463435232,0.9320237434222223,872
2.2415243954408908,0.07226493871722695,0.07631035398331454,True,0.04772960258654743,0.0051492997941224635,0.0563262733590827,0.9894117808148264,0.985593250021939,873
1.9002129949881663,0.06273288935489285,0.09401849793369998,True,-0.046006026030460265,0.0037597715932451477,0.06737559210964138,1.2578808560584336,0.9041690170227734,874
0.8707780572714512,0.025563257980464993,0.03379357062402244,True,-0.14491159789766386,0.002234640663813717,0.03428770495330839,1.0751435303387273,1.1745571542819038,875
1.7132246519794307,0.09223110160759007,0.09282900466250643,True,-0.05518897074945366,0.0034545274314021247,0.0631472894293098,0.8705069594633165,0.8622735891878847,876
2.115625964418669,0.040836476639132036,0.056667222781084936,True,-0.014315604570971023,0.005726719385139982,0.036120878043716574,1.263984508989728,1.1944961083417014,877
2.2007533953171645,0.045308180072347604,0.08718794769130844,True,0.10042822116322826,0.005968493147875875,0.03429440646078387,1.0947070619219497,0.7353371223426455,878
1.8494435364488169,0.05031384388732607,0.05202149701489667,True,-0.04826083519075368,0.005904646724781387,0.04492904315273366,1.0017479103477265,0.7901524828294609,879
0.9603213979826108,0.042996055729059623,0.05812714085543069,True,-0.13446560163837812,0.004399645191388111,0.032083691018548605,1.291739364062173,0.7096080613431167,880
1.7098309672250025,0.026761018088002242,0.06644100462634883,True,-0.05561674217785653,0.0031782203885700713,0.03842901377887723,1.221290224801748,0.8281958259731916,881
2.2601367781841617,0.05745823745453893,0.0743149317278824,True,0.04867428243434538,0.00215389349203104,0.04023290775595208,1.232069503285814,0.8121736765767502,882
1.8263069541012413,0.10023381986113811,0.11415875016308785,True,0.14485224023790344,0.004395561564016887,0.0559168674214123,0.885148239231331,1.270232583046976,883
1.5392078055847378,0.06520585327183803,0.08047070408111812,True,-0.08764537421323923,0.003141091199822768,0.04866297263305028,1.0623015941622527,1.2997230151259658,884
2.2227254158081564,0.09586512648812962,0.09623540005137787,True,0.03979715562108816,0.0057436897359067355,0.06182110652819016,1.1070225901192967,0.7584011895357701,885
2.2145541183417663,0.053784118456369656,0.08243110169587053,True,0.2941117437285506,0.004493227565368832,0.04964857224233589,1.0011665125831941,0.978174621039344,886
2.1716520903539873,0.0885371289936836,0.0885371289936836,True,0.008150885658724202,0.0045458572789697435,0.06944556513051653,0.8861097160725001,1.0387674696125355,887
2.1682098568002175,0.08889590735429409,0.09875442966464121,True,0.001141839381384485,0.005369854176661354,0.05858885802027421,1.2679577880914752,0.8428742985426624,888
2.2412582991692886,0.05516999283870794,0.05516999283870794,True,0.05375185011111169,0.005528908944579266,0.04379939311620068,1.1653293270501957,1.2566342352542743,889
2.112601515206194,0.05909635892927989,0.06139195337395664,True,0.22140217048821195,0.004256084625818774,0.03504726837358308,0.7952805732262902,0.9943721324758178,890
2.252929045343592,0.09431688665923676,0.10288383424403102,True,0.05661574947416539,0.004290149723586293,0.060526850972290526,0.7531341869302681,1.1850089226064353,891
2.2206506942341804,0.11826826452259831,0.11826826452259831,True,0.05178164223245487,0.005941776588125764,0.05541970020683773,1.2942985162003158,0.8696899576908363,892
2.1954418578944654,0.07547956100747655,0.08283698970206355,True,0.09357430999523074,0.004528133522567991,0.04203358035438713,1.2659576840559823,0.8363427024287109,893
1.871425191148873,0.08327468877769029,0.08327468877769029,True,0.18867324743391628,0.002447863030011964,0.06371021033842308,0.7429800138861151,1.3160329386939522,894
0.32004385008268343,0.0688124627592892,0.0688124627592892,True,-0.230672587354952,0.005009837461955571,0.0622663205217071,1.1157061536131252,1.1353180985961453,895
0.3278962747622103,0.0813120619408445,0.09131866392235644,True,-0.23102020109235513,0.0034460402408441016,0.06834453629303028,1.0567701085013643,1.3610919849108178,896
0.6336414639808936,0.04556089121964657,0.07358549766564493,True,-0.17209006035518853,0.004596180583407491,0.06377837736358205,0.7821706402859645,1.141161077849382,897
2.1596109184875445,0.08780385658094003,0.08780385658094003,True,0.008121979497757672,0.002599955830517658,0.054299793180824125,1.233822126985344,1.371935486217983,898
0.9689131550137802,0.03975802366502368,0.03975802366502368,True,-0.13399272160531703,0.0044032309309659555,0.05071424350258853,1.063081329006403,0.7035694399089599,899
2.171506789858128,0.0940757349284973,0.0940757349284973,True,0.09117490996191492,0.0058786111606730015,0.05571557083561058,1.2553040407892018,1.1711991460829125,900
0.6161407620199952,0.024241433214101882,0.041189697430587424,True,-0.18091886869829432,0.005069458138633012,0.04122961205565575,1.2509741190593977,1.1542316169947056,901
2.051855139906394,0.10424864959434843,0.10424864959434843,True,0.15803073173651913,0.00367365227874726,0.05234993576151692,1.2848889757469368,1.1693597837498473,902
2.206703166931163,0.07779092301832136,0.07779092301832136,True,0.014666368829934131,0.0052618565868321945,0.03609327411004541,0.9585684899886691,0.9100554702268855,903
1.9433522954165028,0.04968875725929278,0.04968875725929278,True,0.10885068551089376,0.00407723628968139,0.030388443107741143,0.9247836218605434,0.7247089579924918,904
2.190096185186704,0.0642807928046285,0.07643911567311168,True,0.014002827099247992,0.005714913491356419,0.0584738710321677,1.2165456022065169,0.9958723655409517,905
0.4199299703091697,0.05710958373083308,0.06572919003908351,True,-0.2410358162025472,0.004853244832846993,0.05099116136267754,1.15490625737409,0.8481549404630229,906
1.7466416341362958,0.10495441319296339,0.10495441319296339,True,0.1391355532796696,0.005864978823335955,0.05857170252997531,0.832100170143921,0.7243771456576394,907
2.039190005598911,0.09482923902395601,0.09482923902395601,True,0.31415823572382984,0.002636103778218388,0.04399985218692667,1.0350600110961818,0.9369068555307177,908
2.2683102976137235,0.13686357886336253,0.13686357886336253,True,0.07146858232255751,0.0039053961907204475,0.06769412610475628,1.1963267632697698,1.3571048392375378,909
2.208485886669351,0.08362645768294708,0.08362645768294708,True,0.0956169662649195,0.003565957140381455,0.0447043223973331,0.988150915822563,1.1840461602443113,910
1.7804185890649222,0.07966327253102623,0.08894144391293213,True,0.14407085993056568,0.0036100697119344606,0.061297842068013225,1.1339350588395094,1.060932509515316,911
1.7220736710152948,0.05890725454526313,0.05890725454526313,True,-0.061598959215262254,0.0029501223180332086,0.0477466568097534,0.9352547144781674,1.1532107081611183,912
2.1301373942573747,0.09079121535801704,0.09079121535801704,True,0.17669050639500022,0.004026624090887325,0.06324977993118862,0.8014214901472827,1.1840076755081943,913
1.3168063820258453,0.03811638663296568,0.09468499504811834,True,-0.10206512539512615,0.005303648403110055,0.06651627076222075,1.25522113976664,1.2413007767803572,914
2.243865918274082,0.06482873686150104,0.06482873686150104,True,0.05173640539308315,0.00331652420826727,0.049410838741343735,1.1417912869810727,0.7163148321033813,915
2.2510160176851173,0.06168840023905631,0.06168840023905631,True,0.08335403658442359,0.004709264236243038,0.0384882549453548,0.7285756869952515,0.7272862438675172,916
1.921702166464101,0.03849122828582474,0.05520633937841324,True,0.260020157934929,0.004329317044224918,0.0329564830443491,1.0941250855406153,1.3302641038681537,917
2.1812010478836896,0.06638978563847098,0.08387158181906718,True,0.01072359505837497,0.005893695938784764,0.0691693726438464,0.8824879466709729,0.9099903266607909,918
1.3169586321758544,0.055752658586023074,0.06037014569699628,True,-0.09483580701363334,0.003243213712539585,0.036720592265579895,1.0791199041055828,1.0106076406908873,919
2.2831204031402734,0.05545469344614262,0.06899706036759179,True,0.06578713222471523,0.00462094653130602,0.040046506770271856,0.8971887435121886,1.3143157755371861,920
2.130133133903314,0.10094112077211337,0.10094112077211337,True,0.009468246621818024,0.005236086439601965,0.06755011678389339,1.1062331633696534,1.1207144630687762,921
0.3495580593289844,0.03232500748022593,0.03232500748022593,True,-0.24701116739543463,0.0036166893661674247,0.03362072020987037,0.7927128662642844,0.9373957677290059,922
1.963571075602033,0.04818531441941687,0.07674958575602742,True,0.12371362193117978,0.0021272546177379956,0.04821460871024985,0.9397135039394571,0.9075022563894769,923
1.8975016647842153,0.10655936698221469,0.1139976902384563,True,0.18907516126293816,0.00463719877211087,0.055581730147274126,0.8585528019792356,0.8460347640674546,924
1.920135841229225,0.07340231593047775,0.07340231593047775,True,-0.026917743262649174,0.005642910968798875,0.03638601759317249,0.7916004257941945,1.125644431236476,925
0.8745128633552781,0.020771770471789353,0.02419227687576031,True,-0.15406212413857315,0.005263489179281915,0.030698423621611307,0.7142481213887776,1.0135523812256788,926
0.9645439288911604,0.06006940045527087,0.06006940045527087,True,-0.13635805968285933,0.005843332135786696,0.0422605438571693,0.7198112177588105,0.7309306688372732,927
2.181397827170173,0.092422228197649,0.092422228197649,True,0.009331611935652179,0.005190650130976325,0.04140805902270693,1.2941609244660013,0.8032419287098767,928
0.6171643685580506,0.009194162896871472,0.01713705671052157,True,-0.17441628335826698,0.002063159506599525,0.030374862081875453,1.1531886694018543,0.9849251902155276,929
2.188465250738872,0.06059248439905929,0.06059248439905929,True,0.0006181977205508329,0.0025650611945671055,0.039111775609435906,1.1364654238276348,1.274154491685918,930
1.9076390678795292,0.06307410820774262,0.08322513731917525,True,-0.03343968653410056,0.0030360470914774654,0.0698997109312808,1.257959059772725,1.3775451690710985,931
2.1176386206648345,0.03440527793874315,0.05098214626837305,True,-0.01645719269697269,0.004381367602708492,0.031120940378475008,1.203757195658978,1.0732629291906335,932
2.2159118235089323,0.09302016056794771,0.1026382319846113,True,0.05067700116147096,0.004139398443655083,0.06742348827487013,1.1953476429411272,1.156322277410927,933
2.060695650810146,0.11072241220739731,0.11072241220739731,True,0.0018105881000928393,0.0056758598958465975,0.0661967061966792,0.9470263228300944,1.2206163643015542,934
2.1756286923970265,0.08960418200085796,0.10693893356916373,True,0.0032036858180712986,0.0025364502766431745,0.05698520728244259,1.163765371266443,1.352807135551728,935
2.265844957574984,0.052923121118817695,0.052923121118817695,True,0.04586978537634136,0.005181238059092725,0.04172214722120481,1.2084664237042906,1.0394231037980828,936
2.057297118997539,0.0802625390858065,0.0802625390858065,True,0.17484621318522325,0.002923218131935149,0.053320947938086206,1.0714837513674194,1.1525176757146074,937
1.902957504778385,0.076148182761695,0.09877146294517747,True,-0.034468739343969004,0.004237993879168913,0.05664399875991412,0.8761705484613724,0.9825860846195624,938
2.0793276339383056,0.058154155209434455,0.07561440698248711,True,0.17449141470486024,0.005001625186735328,0.04859879444076792,0.8287665807760886,0.7165287362480135,939
2.1800565697121073,0.05173038861861712,0.06058914098861923,True,-0.00018236117044547124,0.005075318387458856,0.04308389417662259,1.1783984158649647,1.3619297080285158,940
2.243990285394375,0.08077445062574751,0.08077445062574751,True,0.07956910629261303,0.002151425221612697,0.036556878792272214,0.7189880498414911,0.8824894642299466,941
2.2564108528291626,0.046532739689291835,0.05561855057491005,True,0.057293294586697185,0.004423498533132196,0.03120761584949641,0.9285818954482489,0.7511943594364116,942
0.9666945266683484,0.05732072030641855,0.06052451936474568,True,-0.13552974684753447,0.002773271024828365,0.042002556438763244,1.0981431566375102,1.2087768100863365,943
0.6220823376170301,0.0721556483350787,0.0721556483350787,True,-0.17982035904567262,0.0023174097770819867,0.04086504295457857,0.9704436428246078,0.9607263838318801,944
0.6891138746427998,0.12345763771473206,0.12345763771473206,True,-0.1693500614293224,0.004106819840115223,0.0594583163872042,1.1884525789785,0.9038633164561729,945
1.1666299179811404,0.027185664379773655,0.04939778683241536,True,-0.12370700370950471,0.003497412543709981,0.03264425049785598,0.7650020500245015,1.264888924636602,946
2.047436871267564,0.07380924639261988,0.09064883198031626,True,0.15640023265135694,0.0027221576455798563,0.04501464553259807,0.704233455825009,1.380484423556891,947
2.264984957390439,0.05139869362539873,0.08282621232612497,True,0.036818519145997444,0.0050020368304790445,0.05541823391018891,0.7276646566487363,1.232625197240978,948
2.5655306674216263,0.08319211137351012,0.09009297946911521,True,0.41962120288182914,0.0021380791469898935,0.06824427079675419,0.7239477883306163,1.0426474373979984,949
1.8820000448460945,0.12342423885840526,0.12342423885840526,True,0.19302597995716453,0.005469291790033022,0.06675498235375374,0.7349756868740782,0.9334463517238936,950
1.7039107916455691,0.06831185806009255,0.06831185806009255,True,-0.06414385147935171,0.0038314010019681174,0.05071764395796513,0.7289555242624971,0.9163370766970412,951
1.3094394248373646,0.08400582740987028,0.08400582740987028,True,-0.108077157389566,0.0020662739269724597,0.05767710678747306,0.7353461163531838,1.0800990599619622,952
1.8076881607865545,0.0901058199486926,0.10390313757192127,True,0.13882805586608615,0.005225688493032498,0.06325131792088548,0.8143511122037715,1.2621687208927832,953
2.0928763346836377,0.07178497171539133,0.0765141209487532,True,-0.014595224046610853,0.0020972921186110764,0.047092023818570736,0.9296797085396091,1.2765890659301746,954
1.5308924580394887,0.09831554819526334,0.09831554819526334,True,-0.08751023168514276,0.00595365979430301,0.05556113459287605,1.1046336459864234,1.1274475593287567,955
2.23772840449098,0.0716012041763483,0.07852854427724276,True,0.06202911059433335,0.003635783815744709,0.03748241394011363,0.9330690981243418,1.1026537161133692,956
2.186546110023329,0.06756996447095642,0.07663237125455313,True,0.09161539139204795,0.0020539678385356128,0.05171966423886608,1.2239888486680508,1.3762030399022072,957
2.2393946357298233,0.06272257649126023,0.06272257649126023,True,0.03161911180080693,0.002154985231548954,0.05214164691178244,1.1839858854431937,0.7080136175132885,958
2.280772834643159,0.07033248498932698,0.07033248498932698,True,0.059186291645324234,0.003178807303912003,0.03268018383873201,1.2072957964985338,0.7483316968320314,959
2.241146535638279,0.09217275788405854,0.09217275788405854,True,0.039961881596285075,0.0025933636081350558,0.05646143229392974,0.7391783767989029,0.9919277247003745,960
2.17955109580123,0.0959272471658501,0.10697913995429253,True,0.012255033544225882,0.005957676634095575,0.0657239643498281,0.7924030584455942,1.1299474603608335,961
0.8855397406316996,0.07684168320852147,0.09431065124997451,True,-0.14949193899199728,0.004621338459384383,0.06888632851479867,1.2542404948098906,0.7639320918036612,962
1.8679648777781495,0.054675517706294974,0.054675517706294974,True,0.19652314231293802,0.004019231227799417,0.03238216433313557,1.225012978108572,0.7484105596989106,963
2.167940122971345,0.08776029653332218,0.11004500238347004,True,0.00855973771160876,0.003929258550342136,0.0672587777422405,0.876930028008054,0.9665088536682069,964
2.253548291025652,0.072665818130633,0.0905960643148982,True,0.05812775507476538,0.004423585049306159,0.047834041322401676,1.03366667541643,0.7033294531846962,965
2.2251038462890875,0.11152320332093324,0.11152320332093324,True,0.03624795053441758,0.0055892313972916476,0.06090889332230339,1.0602809780585658,1.367098615728001,966
0.8830241455494843,0.05775367598301928,0.07275266993900886,True,-0.14650376477770044,0.005134655453209751,0.06619256234476625,1.2414008255001572,1.2263236982280121,967
2.1855317255246405,0.04857086010065337,0.08125667705872197,True,0.008856324764430202,0.002049177710927335,0.04384571700964047,1.167373648255627,0.971868496626918,968
0.9693671064412683,0.06320447221632852,0.06320447221632852,True,-0.13922904418970786,0.0041645086681350255,0.05085576119061523,0.7840529284042814,0.9934333081524227,969
1.5203531953927154,0.08530885727619886,0.10089230569800556,True,-0.07374735114387063,0.004687063931913775,0.05427313896487289,1.1275305713343458,1.346754469806827,970
1.9129316806037195,0.07454857444349683,0.08326564952637172,True,-0.03335712402034197,0.0027047930765997166,0.05378652751269664,1.0770255925656158,0.8708813739985559,971
0.42149075634948474,0.016065610124110785,0.016065610124110785,True,-0.21085449034833129,0.0022184160929905328,0.031046960080607477,0.902574427424705,1.071995076607212,972
2.2649137609298435,0.02004687242106762,0.03456715661027632,True,0.032203958676626974,0.003831737839417831,0.04089215712432145,1.0898861176469659,1.114370559057202,973
0.881653926423553,0.058285239770467845,0.058285239770467845,True,-0.14551606379279267,0.00573771099732729,0.04437228545043618,1.2846772612348274,1.214124564617286,974
2.031362028716046,0.0947591445669913,0.0947591445669913,True,0.16019968720773434,0.005628657625404078,0.05349487819533502,1.2581279554678915,0.9492671953451244,975
2.2539716702013948,0.029947470709343227,0.04074799827237663,True,0.07040144297770054,0.0031804842631259333,0.030377843914110997,0.7496035473927571,1.235089316670889,976
1.5280654417044417,0.052717347259946035,0.052717347259946035,True,-0.0821339925207212,0.0043084121451596805,0.03435758761927754,1.2354851704226513,0.8470281060729841,977
0.9708907611332762,0.06085706300887961,0.08448489169889761,True,-0.12963126579653594,0.0033849977749708894,0.06073516387545709,1.1506254897879387,1.0302113851439525,978
2.0840816639848327,0.07902624509560296,0.07902624509560296,True,-0.012046313843362017,0.004032765546418288,0.053657109359240715,0.8311184866314063,0.7412383815965341,979
1.881321115636979,0.07671613266337451,0.07671613266337451,True,0.10433386304559782,0.0035704347219996666,0.046389828297510496,0.7445707040711881,1.2472050111083322,980
2.2567678567263414,0.08034569676865422,0.09055555210546262,True,0.029076431171812432,0.0038817610128483076,0.05300386097893463,1.252491071941288,1.10920489679207,981
2.2202731161592624,0.05634238016682325,0.06520467724506873,True,0.011609738361638382,0.0041329566920574965,0.03314462403464443,0.8700816124076115,1.2427200069678244,982
1.9071373924122383,0.03600958191133463,0.08895728400423297,True,0.10875533497820099,0.005169763398960134,0.05693424763932595,0.822166740673162,1.0682466490288811,983
1.793340210809788,0.03015970086618025,0.04118759839780539,True,0.12453499509100009,0.0027348831760166882,0.03324039985677494,1.134924148516789,1.0230480408955969,984
2.2486554133751326,0.03898842905593636,0.05316369929153164,True,0.027959165786111653,0.005630844546123167,0.03056793262913955,1.2368921857492827,1.2859653728642846,985
1.309430894051303,0.07289423049017274,0.08009811656836985,True,-0.10567620420488454,0.004141547995610079,0.050201748088264324,0.7943751281860292,1.1431026442322796,986
0.9659273949708904,0.07370669850260358,0.07370669850260358,True,-0.13670261098119535,0.004232974499478152,0.053391724244978955,0.8685912054195508,1.1824745885570016,987
1.8941249146926964,0.08403952538007675,0.09144620399303482,True,-0.0423847201950595,0.004225792056347001,0.06446962496241566,1.1364014709244987,1.2858619068103299,988
1.5492390173280342,0.05810727157915374,0.08456048389355164,True,-0.08490221907628397,0.0031113426048292453,0.0471001099684454,1.032106420944797,0.8238083553462127,989
1.896467774864135,0.11399717668186393,0.11475980300093425,True,0.1869473150389779,0.004299857726334044,0.06519457164933093,0.9906563844453152,1.000614253126031,990
2.1182124470455506,0.03919535108892758,0.07301812466147695,True,-0.011131278530340556,0.0020103017679352687,0.03500815064381966,0.8036449120247172,1.0557951171163895,991
1.1837181368445044,0.07571295355860896,0.0941694836100293,True,-0.12345356463514122,0.0053787436184598875,0.0588887022506849,1.12550481533153,1.0999052276549168,992
1.8882046261589949,0.050079191373916476,0.06329258940126214,True,-0.04695648421524024,0.00529773043805205,0.048131033626542113,1.192768324741538,1.2994195204604257,993
2.1933384860945466,0.04749663411855476,0.04749663411855476,True,0.09022236695590323,0.0059203531490903015,0.03207630277518545,0.9448213396968678,0.8327116520582143,994
1.9296082591474146,0.03712424124691838,0.06402979376887408,True,-0.03712589727380105,0.004149972112880233,0.034267612704600985,1.1795286779652407,1.2676536826152844,995
1.5211233064083984,0.03698788011104437,0.05387608802425681,True,-0.0733494616337678,0.002286395432867995,0.03681467343288713,0.9685506093610338,0.8864979201385093,996
1.9123507273698408,0.06529916717684059,0.0964442133229857,True,-0.04492595649199558,0.005985281208513386,0.06792915556840246,0.870304924661742,1.2170013232524175,997
2.192833013141396,0.10133765256633032,0.10133765256633032,True,0.04075044229051061,0.004671526235244467,0.06816148849061052,1.0783956764552092,1.3062038109152425,998
1.178379152542675,0.08381381219403794,0.08381381219403794,True,-0.11643923219690101,0.004587659611940388,0.06889101565078846,1.2299907764409137,0.8152179798135305,999
2.2351097286945105,0.059571353847103214,0.06564576145546908,True,0.05221285853108524,0.002472266796999095,0.04656790517228297,1.0078264018869858,0.9576336496887807,1000
1.9195179318509759,0.06444485631070362,0.0808660297162298,True,0.26732329851771464,0.005392947593091189,0.056270786480697346,0.9298946795448624,1.166139771827215,1001
1.9080299759601758,0.08564871559151066,0.08564871559151066,True,-0.02457633956991252,0.002355948872697438,0.052242797116948556,1.2445966846720227,0.9336304477666881,1002
2.2421076614557904,0.08258814877974752,0.08258814877974752,True,0.07575957622222076,0.005623144563838002,0.04381432146144331,1.2318333473874596,1.1148595498645466,1003
2.0953680211382135,0.06847638767561959,0.06847638767561959,True,-0.010338296258431006,0.0023194943543731195,0.052636341794635264,1.0644112012162323,0.7016791050819717,1004
2.202451042900094,0.08734388920127967,0.08734388920127967,True,0.017006614598217742,0.003140806975897668,0.044977885005858774,0.9486474635907317,1.2575278954800893,1005
1.9319496030136065,0.047916256967132975,0.047916256967132975,True,-0.02857299624342255,0.003410918837965543,0.03342688847383353,0.7291094477971467,0.8066126523062553,1006
2.2368612958631786,0.0838040549662673,0.0838040549662673,True,0.04061607452718706,0.005872564217633971,0.038880967111500145,1.1621729518400472,1.1098646713895495,1007
1.5394199220220344,0.048986109623514684,0.06734835273704798,True,-0.07749138727261583,0.002027699963827895,0.04814170259552149,1.043120039308899,1.0853054120364147,1008
2.246830394482231,0.10752162371305873,0.10752162371305873,True,0.02513640954964203,0.004606866341844254,0.04805546929892099,1.1640328646037768,0.9611072314235422,1009
1.3181650954852415,0.05346747762968773,0.07589808674940723,True,-0.1060785783989735,0.004225367248807855,0.061469779742881814,0.840704703228554,1.323306543213386,1010
1.520696213272828,0.021324571182002705,0.043751145049880424,True,-0.07524054599702867,0.00575870977814427,0.030719029039308562,0.8296611431677452,1.0943683010746088,1011
0.5744461246279826,0.01615791237169617,0.02267052696266636,True,-0.1874966168004552,0.0022107964620901224,0.03255424229067978,0.9167702580579413,0.7999341832065803,1012
2.12270175547215,0.09155026089202911,0.1108015240505209,True,0.01904454998812849,0.003076637596670306,0.0618220932666419,1.2703345732558726,0.998302789294755,1013
0.9729322870530552,0.09019361341566867,0.09019361341566867,True,-0.1296558541418285,0.004548788186124522,0.04724449761257187,0.764035950194219,1.0130570160930588,1014
2.0990195065204915,0.03907608303032628,0.04109839575472307,True,-0.01609244579556849,0.005064781424256388,0.03376293234321552,1.269130048721765,1.062271965276079,1015
0.9979962917305727,0.0967106268302349,0.0967106268302349,True,-0.12633462909625742,0.0023382863297708636,0.06201991512564233,1.0623269980618186,0.8546182235850147,1016
1.8880394285559987,0.020942082738753198,0.04019263696713238,True,0.10627684042968669,0.0037334249248933845,0.03413367746464674,0.9202000397906757,0.7343156246107722,1017
1.456685744531697,0.060614211780841476,0.07306906845085259,True,-0.08867720651896652,0.004905433397316265,0.05554156216148069,0.9002411045830601,0.8181329757489519,1018
1.9266905104136782,0.06297241989004454,0.09847611124082856,True,-0.027422027054258915,0.0042906350001701435,0.05565266226710484,1.000957822486543,1.2456063080238864,1019
1.872849630050041,0.08488875510572602,0.08804479988287084,True,-0.04320332834887861,0.00412339513770363,0.0663375570718455,1.269801115983007,1.1584683209422826,1020
2.208948030926308,0.026756536545609277,0.040440469838612714,True,0.004309547229938204,0.0023784026561796223,0.032218322922974635,0.918389606279293,1.39289713744693,1021
0.8764651260643603,0.08488293161690019,0.08488293161690019,True,-0.15077718790056213,0.002860263844706142,0.04437253815424827,1.0549713488387424,0.9747097368440781,1022
0.8724935322260592,0.035925849038111135,0.03939718095723532,True,-0.15176899284571038,0.0029104257115217798,0.03994070739302219,1.2913618736064199,1.3491988344855654,1023
1.3125055569052648,0.09273365992875937,0.09273365992875937,True,-0.10350635657081461,0.0035861841383834922,0.05169328595298744,0.9679476874723318,1.2902040813932745,1024
1.7119197847901688,0.050269473069828985,0.050269473069828985,True,-0.06398744679553423,0.005707508237197449,0.042279307807407775,1.2876519129648676,1.260954680135045,1025
1.9214661222943903,0.06631090276722262,0.06631090276722262,True,-0.03271545625575191,0.0023136836549750134,0.045332403661827135,0.9325578662810231,1.1548561099918624,1026
1.6984427900986248,0.08349451441378553,0.09208183385262059,True,-0.06405263330662196,0.0031119958546599567,0.051252313351303216,1.2709537938746778,0.8423552097601203,1027
2.2017013965790824,0.0600557719958108,0.0600557719958108,True,-0.0008964734915723952,0.004771135456572007,0.041930082153617196,1.14883104974122,1.2147003736353827,1028
1.3120296587897542,0.05263658005385663,0.07988101158525351,True,-0.1021425531637125,0.0026919680450904317,0.050238115439533784,1.1640014486738817,0.7124678015073734,1029
1.4479978509044429,0.05115536004896715,0.05115536004896715,True,-0.08834206636044661,0.0033087133612735202,0.052225295829464294,1.259967728208154,0.78816259747519,1030
0.9851639768834559,0.08674937791879955,0.094894071514118,True,-0.2792270134468216,0.0024121653256050134,0.06249080304918508,0.9649263377649688,1.399765455901016,1031
2.2534574852684557,0.07940290616096957,0.08335565268045242,True,0.025119875091568714,0.0034584453052054712,0.05676107062235011,1.0123336379323251,1.2980748288938835,1032
1.857321388358514,0.05086359431892973,0.054799274048397795,True,0.1998546064709316,0.002300014572276375,0.03274209815771494,1.2356404000281542,0.8503569710332717,1033
1.527889521438297,0.03152779385569504,0.031811001536986794,True,-0.07253517637568324,0.0031724599638745772,0.03654626509446807,0.8243150197524655,1.3612127272433843,1034
2.2532840763327044,0.05600344756329201,0.09685004524044838,True,0.08552815437438191,0.002727715399499682,0.062122447907022274,1.2565924698782176,1.302713461712593,1035
1.538635503184608,0.07375685082941952,0.07375685082941952,True,-0.08447430614894832,0.004294553439626141,0.04500677765251845,0.706386147944903,0.9050043473636256,1036
1.7171070164065299,0.09364089679116838,0.09364089679116838,True,-0.05847037209887428,0.003714330560617993,0.05801425619917233,1.2708054523738934,1.0934877026820353,1037
1.8385467439843524,0.13403096223657962,0.13403096223657962,True,-0.0481242893664097,0.005242615346276583,0.06929123951350001,1.0958814416987186,1.3200068424534868,1038
2.11653575238023,0.032071610997424393,0.03827880018112939,True,-0.016190433771575648,0.002909206471471494,0.03737922377123133,1.0472541092453773,0.8687757677404355,1039
0.9663248664435855,0.06985958640538703,0.08666229386233648,True,-0.1356955296858474,0.005812159544344176,0.0520998197510015,0.9516188747260181,1.3045471334862102,1040
0.6306625591493571,0.048339364214025515,0.08017711980134368,True,-0.18371929326703612,0.0026387467282976062,0.047754964042896406,0.953756084456169,1.137358916900673,1041
1.8827137089018038,0.07126969405088279,0.08019069706591164,True,0.12313724680786181,0.0026875858754994604,0.04565986930310016,1.2843432212555899,1.0261785863673456,1042
0.8816682979072539,0.06222683436048082,0.08977390273611374,True,-0.14422625109618065,0.004568176163693012,0.06937355572043914,1.1991691093127375,0.8225134856428199,1043
1.3030548991393118,0.033803377023569725,0.042913450794587416,True,-0.09340652972534273,0.0035154711870826966,0.030822070880570516,0.7482562982000894,1.314491559529857,1044
1.9112267143584631,0.08115133118773343,0.08863643456525039,True,-0.0354196908323576,0.004031048712723718,0.053884220459328676,1.1302262040248319,1.1156503271143174,1045
2.146537178895045,0.1155504963395535,0.12778300231866702,True,0.015917585125902182,0.004326239566668706,0.06558849992652654,1.2312708298626964,0.8402194450025189,1046
2.2818817786956345,0.06462613773113524,0.07079267212213014,True,0.07999997654844067,0.005236170468023138,0.03727612653337513,1.0099436500560817,1.0024815946164263,1047
1.9125091684837372,0.010903442199663216,0.024735603905895465,True,-0.031960084448832644,0.0036171207721334983,0.03311282777878602,0.8894371512321608,1.2076822479403098,1048
1.5380125390174015,0.08996860799144213,0.10397155362328614,True,-0.07539443176240694,0.0020237187642748924,0.06095931719754048,1.022873441483337,1.26611267272361,1049
1.864797759734813,0.06824425653986688,0.06824425653986688,True,0.13214587056604757,0.0035597599184068467,0.04100665584431213,0.9647332526693482,1.3308473325941415,1050
1.8910140539495188,0.08861024808100781,0.10657571466692706,True,-0.04051135960653008,0.004096084747836548,0.06669699830182316,1.1265273104959843,0.7604748856112484,1051
1.8477693120743908,0.04930707809576562,0.06340388124492824,True,0.19836698332393085,0.004989262470522494,0.03897187782538135,1.2939841174181552,0.8694233819335293,1052
0.9666457406932807,0.03443999121546715,0.0911626683044604,True,-0.13359831791056243,0.0038787918462207323,0.05749567451404026,0.9667086104732384,0.8578510398426893,1053
0.8742344931984576,0.034825717302639836,0.043183607932890666,True,-0.15151225166393156,0.005314061857284341,0.04452370351392354,0.7727411296342239,0.7554424953256034,1054
0.6709243623612196,0.010642255540748602,0.0922425824951505,True,-0.1675651630662187,0.0028867287342589556,0.04384351603893778,1.2072698769313424,0.8558021447327226,1055
2.2462529127757307,0.11211956812013302,0.11211956812013302,True,0.04648547035936837,0.003908245809930209,0.06631008498779414,1.0232854975303,1.078972629451619,1056
0.6435701959646423,0.0631313900139665,0.10049384969627995,True,-0.1719736695199839,0.0047605528027788386,0.06488208632997622,1.1099094864183332,1.111012928612591,1057
1.9285062393913819,0.030608606021266915,0.05443678493527537,True,-0.03828681291514032,0.005335936925421907,0.03473218847102584,1.28800452669901,0.7572581576360926,1058
2.25250842280893,0.0734826550135732,0.0734826550135732,True,0.035492954178024165,0.002047893092195655,0.047964549407622806,1.2913099587801349,1.2399833291816904,1059
1.2001553200842494,0.09080956335431511,0.09080956335431511,True,-0.31504633591682973,0.002299252731067924,0.05981794515305082,1.095944138829549,0.9879849369344105,1060
2.202468141041777,0.07076844714159147,0.07329933272254907,True,0.09854169962400744,0.005442214803558167,0.04669546779639727,0.7092220463181189,0.9737581253236287,1061
0.6311329575805189,0.06672274436932746,0.06672274436932746,True,-0.1810220557075194,0.0031922657049386774,0.047353213095411635,0.7779481873409992,0.8876183409609153,1062
1.909172505569117,0.07116289816119292,0.07116289816119292,True,-0.025391652165426628,0.003671161949739111,0.04918150640773139,0.9821878782011103,0.7087379795443396,1063
2.2340450136272807,0.06115525155202306,0.07605022819412532,True,0.044329868899359484,0.003978451770455978,0.04695181705409938,1.0937410061752362,1.2891829384611309,1064
2.24365230018455,0.05713212040169302,0.05713212040169302,True,0.04668948440007453,0.005958834499104087,0.03174270119249329,1.0101198968595793,0.9956703625564108,1065
1.7239358701023662,0.03077837028723529,0.054631218233350154,True,-0.06701349569931185,0.003277216765069156,0.03934406771377813,1.1663270200833795,0.7349621689160913,1066
0.6872986236832759,0.061317375172707855,0.07362776007438199,True,-0.16522157341113466,0.005204193379983584,0.055135683630594276,1.1660156096176313,1.2934714082542964,1067
2.111630727736383,0.040311507921866774,0.040311507921866774,True,-0.002582835426800801,0.004477420839693363,0.037354025852114565,1.2692886676321349,1.3551930622101027,1068
0.991877035506775,0.014584867636243448,0.014584867636243448,True,-0.27095267190316585,0.002064423669389317,0.03365746810893745,1.082665017782411,1.064084854977395,1069
2.2344451831479546,0.09788427990792559,0.09788427990792559,True,0.07847613455973251,0.005544330556928876,0.06913630628600205,1.1825170712774427,1.3358429438557122,1070
1.8907640050552885,0.054653264793232514,0.054653264793232514,True,-0.04565744032032428,0.00478230973456252,0.0450495577217213,0.7884382336071984,0.827561368727767,1071
1.4556832694178752,0.05060605973403676,0.06054780902462942,True,-0.08902382788249259,0.004906811148963734,0.05480631887378252,0.7633551758705466,0.9817513017293817,1072
2.1031487946983134,0.06024242834047522,0.06024242834047522,True,-0.00221039466961216,0.003517624267669238,0.048922407205925916,0.7696755214252272,0.907153933186438,1073
2.2155731651252353,0.0804012949760915,0.09133974330117489,True,0.04389818523262133,0.003024179084752324,0.055541826640697414,1.1450402397292412,0.966054994645984,1074
1.8648965059961853,0.007957931297125187,0.025347070753768852,True,0.11177653925851523,0.0023736287545126395,0.03400706350738947,1.1406229247485098,1.1371188800088041,1075
0.8960509140667909,0.07715219525500583,0.07715219525500583,True,-0.14572910148981344,0.002861002041021336,0.06115974428285226,1.0666638282925671,0.8657618975765144,1076
1.9047303742626411,0.08335939289484862,0.08335939289484862,True,-0.03524425970368205,0.0029186405348092435,0.05298983355886662,1.0382055080477437,1.3791560498344269,1077
1.909776545859927,0.039306150345643776,0.08760740847292037,True,-0.04380094146426901,0.002057134881060333,0.056504661078262,1.1012130859676212,1.0001499766106132,1078
2.2418618252782494,0.05613427328738396,0.06187241401688448,True,0.02833724370707509,0.004512227798190539,0.05275467523818366,0.8219292479741022,1.0464016348062912,1079
1.8815733373791659,0.08130981871398735,0.08130981871398735,True,-0.0380752061674143,0.0024947572606406816,0.06003343351640775,0.8235925556787875,0.7535637854277717,1080
1.790900722288768,0.0933571840772649,0.09530053055978316,True,0.1423474854958966,0.002824378514987848,0.06522025249041366,1.2763530927601514,0.8933184264188215,1081
0.9635056540111151,0.04884230721260163,0.11259060616534233,True,-0.12762771384818586,0.005087281658289084,0.06101834435861671,0.9431301955257574,1.3438701538152267,1082
1.9230500466720741,0.06152129895281555,0.06152129895281555,True,-0.03072044445937938,0.0020961204452471325,0.03694713377245028,0.8193941312746456,0.8672935755007226,1083
1.7069797816633638,0.10649813441424882,0.15370174268974846,False,0.1351904319694541,0.0055173762103844295,0.06850488137238386,1.0513906861500246,0.7297765860497025,1084
2.2121478469657205,0.09357325659962923,0.11159816547930812,True,0.10108154221617166,0.0056168553645408355,0.0679173065058255,0.8616842259088979,1.0742648828220622,1085
2.0852194701444517,0.05800197733442136,0.09307020049365189,True,-0.002418558808531703,0.005758767837735899,0.06513957255715526,1.2726153923424754,0.8683237873851826,1086
1.5203312339405954,0.06387293671790517,0.06387293671790517,True,-0.0816785164643006,0.004710244249913594,0.054345853602494325,0.9015367796435775,1.2494507303212778,1087
1.5178422958126134,0.1230863234445363,0.1230863234445363,True,-0.07495350584245299,0.005338587491993115,0.06169483169302844,0.8021908541581098,0.826319638881964,1088
0.9809725545847954,0.04008921201215965,0.04056790317786363,True,-0.12655381808201904,0.002840542263964262,0.05328522895112049,0.8462820782875338,1.3201111886795425,1089
1.7146838568899057,0.05046824734360311,0.05046824734360311,True,-0.0568509160310647,0.005467204391417317,0.04514838620165343,1.1276658751008595,0.845876424384542,1090
2.201299865980218,0.07351367276770149,0.11041758246617572,True,0.014122130700638157,0.005585108428093958,0.06841164180264214,0.7015315174622133,0.9051380690039175,1091
1.907975925658306,0.045511911748717715,0.045511911748717715,True,-0.03995524198349587,0.002846689306189967,0.03361538878598122,1.1579087707665576,1.2884856097043929,1092
2.0271522351134195,0.0932204464863351,0.0932204464863351,True,-0.021139697888232428,0.005966737762369195,0.05473000470729507,1.276323377870292,1.3789495182785185,1093
1.862923755881667,0.0668244893135308,0.0668244893135308,True,0.17922705043576867,0.0026658566188554307,0.035402431715258344,0.8835430059914742,1.0312120115212768,1094
2.150634063940231,0.0901484248818063,0.09383036663979527,True,0.008368189769260553,0.002815293228877452,0.053257433123370806,1.2626852671165678,1.023948875743998,1095
2.2442021780152857,0.08098896832460478,0.10758918663754535,True,0.028032926775274022,0.004801578913892888,0.06290159289346028,1.1786755902216082,0.9585439739480197,1096
2.193154607758416,0.07226442365951358,0.09985382568006118,True,0.00513476353792437,0.00570088320163472,0.056521323681191026,0.9871315284350051,0.8211426157230242,1097
2.2673584020165833,0.08855274759795839,0.08855274759795839,True,0.04540045495775492,0.0023482019578058176,0.05801479462911022,1.1043680570332366,1.3508025485693815,1098
1.8546563870848871,0.07814410161513963,0.09763944074264952,True,0.1988602621475064,0.0022912432612661746,0.051093829059489206,1.267976033106699,1.0712212575134836,1099
2.2552635605328106,0.08446522068099527,0.11774826944545835,True,0.04065106018155079,0.0020441429847341424,0.0551411921585214,0.9436166037909661,1.2638287267087507,1100
2.258393432810834,0.06191714987496044,0.08728418403226401,True,0.0342219488065694,0.003582902233892837,0.056332284182405254,0.7816932219111241,0.9192864654487944,1101
1.7190565296855453,0.04057240927907513,0.04057240927907513,True,-0.051139880091304823,0.003211183426445082,0.03577279677018587,0.9408539929348864,1.0910841773771318,1102
2.26534480218605,0.04933834814132476,0.04933834814132476,True,0.025982233488346905,0.0026867253996666774,0.04103407403990529,0.9569121431860103,1.1876179471480386,1103
0.9594447245747517,0.02894286465393603,0.035141163958785304,True,-0.1399080296785273,0.005148853630687292,0.033507235995857386,1.2737187456011685,0.964402502772726,1104
0.6957485335198612,0.09071544058481651,0.09071544058481651,True,-0.16796416403947498,0.0028905931922780037,0.06035078472807815,1.1801852317807566,0.7309986433534806,1105
1.5283694294800085,0.08066719597368333,0.08066719597368333,True,-0.07182087585935226,0.0022774115722395635,0.05343217951820504,0.8871311962714339,1.3034492303613066,1106
2.212649274722537,0.1079893416642943,0.11336320392643628,True,0.02673059497280038,0.005703825979648674,0.06724752402588463,1.0634917122421705,1.3502564183790113,1107
2.1057840873061906,0.04112657888847604,0.04980747168737687,True,-0.017984468094531966,0.004627299833956127,0.03496251146887501,1.271108980418165,0.8976950088398412,1108
1.8925465556083054,0.09229125907918312,0.10640697738633431,True,0.2027355756409108,0.004152337894077751,0.06890914209933963,1.1803617444132462,0.8225870784866991,1109
2.209908242411629,0.08939728924811763,0.08939728924811763,True,0.08687273664196685,0.003548140677866901,0.03271369501535746,0.8040672839535907,0.705528910745659,1110
2.0605415640675204,0.08906676086831555,0.11773606021401228,True,-0.021633862573682713,0.0021235736516617893,0.06382922783369675,1.234231982046243,0.9277637983258095,1111
2.2448581975769315,0.05388745613283641,0.07786378236899139,True,0.02542694993894219,0.0023603301618404524,0.03895627591612637,1.2784813103468344,1.2244717902084028,1112
0.4147085480061321,0.02794869421065438,0.0564347004895398,True,-0.22194718518137732,0.002114644589629443,0.04804443162059285,1.0067960091692225,0.7193985963426228,1113
1.7777808820051888,0.11156902404500801,0.11156902404500801,True,0.13785940461975457,0.003190124196871355,0.05431132823813608,1.001656798120675,0.8967816779161806,1114
1.7046996201525957,0.06169312549138373,0.06169312549138373,True,-0.051315167490768955,0.003875904010870312,0.05310414949153808,1.1254268427258696,1.3620306127903477,1115
2.1029391646457327,0.10982412852861168,0.10982412852861168,True,-0.0004834585496061009,0.004625104550234399,0.06891274114176893,1.0352898673766204,0.8101016584558866,1116
0.8879825752502484,0.09583282142509875,0.09583282142509875,True,-0.15696389686754939,0.0036690463215530906,0.062181987022614744,0.7345087968649223,1.263705623464987,1117
2.2084646860173365,0.08551711739766188,0.08551711739766188,True,0.007362268219334441,0.005419482126807786,0.048083692971135766,0.8051176888566118,0.9317454323708043,1118
1.5409060507354582,0.09043880554852524,0.14250854482317554,True,-0.07203203916624204,0.005582517761555352,0.06441901253870666,1.199800376357746,1.3218609960000525,1119
1.8569000343110247,0.06147434841962118,0.10672363239730243,True,0.18465442886578062,0.003913101770893937,0.062416775292115804,0.8883515366435084,1.014477159418222,1120
1.8546469368047553,0.10429625932944009,0.10462014318365132,True,0.11415884372319048,0.0037391512460134575,0.06613261355871583,0.8000653778040346,1.396273390356944,1121
1.860249449171306,0.03945808423578723,0.04822027029746567,True,0.10920604172471735,0.0033453440901993464,0.030585192072142137,1.2609018573722262,0.739584774631706,1122
2.2315811222259327,0.09236527394364114,0.09885602352435408,True,0.07970254773019858,0.005134536562080345,0.05587053430518573,0.7346948939484728,1.3266085292728218,1123
2.2109823463912477,0.105182524076181,0.119351325374625,True,0.06186184489456089,0.0022259627196972746,0.06899665918336101,1.2902313699310142,1.2744764201771805,1124
2.0374610224084932,0.055488597766349734,0.06956044465568456,True,0.16079802951045047,0.005511019243011546,0.035842986350561185,1.2745893556021668,1.3207310411197049,1125
1.1717501070325795,0.06315166215454115,0.06959656752061139,True,-0.11062119220404251,0.003899834997260117,0.043055930496157954,1.161246886344824,0.8004188049711027,1126
2.171840068269262,0.08165573451945285,0.08165573451945285,True,0.016314708148610968,0.004684989861113764,0.04437428317339565,1.2818544394535383,1.25539491805017,1127
2.0767834599605237,0.07038548500655262,0.09758231813684315,True,-0.020209599398625627,0.002927030974984003,0.060776848539926015,1.1045716168151012,1.2855317373171116,1128
1.9874108830512824,0.10431856533401529,0.10431856533401529,True,0.11579531635985418,0.0023721669489050108,0.06411710359903008,1.102264772635088,1.145376668121147,1129
0.9627464113331712,0.0682527119891001,0.0682527119891001,True,-0.13822478847739406,0.0042271601363772435,0.044980315952783304,0.7831239872319194,1.3101961236145947,1130
1.9068596852088575,0.064114819347872,0.06456663101853821,True,-0.026299456575409705,0.004920977074138308,0.04623752694821488,1.2669464999474993,1.3999452703085438,1131
1.7832676005033363,0.07466656119712889,0.07466656119712889,True,0.12817519581774894,0.0058849892155574375,0.041630955217044865,0.7269230270355215,0.7696350315264042,1132
2.1790337529442354,0.052722244967490894,0.06715558669638888,True,0.017218054011724528,0.004846165419531978,0.04914292311997777,0.8316339643868702,1.2532052597810983,1133
2.169849338459926,0.0741911396518975,0.10833243471632947,True,0.08766812865910173,0.004706181951445856,0.05084076817515722,1.1405312317651652,0.897015572125662,1134
0.30050101594997614,0.06922367944217567,0.10686036665702492,True,-0.23109868024394684,0.00349099959042138,0.0682768959522499,0.7770205390055173,1.120989427064265,1135
1.9683183833305407,0.0672594382790781,0.0672594382790781,True,0.15015068110833807,0.0020794207693771924,0.04597259865047837,0.8935030834304635,1.2971968201030188,1136
0.5621416722909629,0.03349235249832572,0.03873761920107199,True,-0.2591891275196469,0.005030658559794862,0.03971609607417175,1.0745108656229816,0.7907384420315637,1137
2.17509420619632,0.07496705773762291,0.07496705773762291,True,0.09259932087704817,0.00287228764423569,0.04493514324325194,1.1258759347834706,1.2218244749465992,1138
0.7013283202621778,0.11843492082183671,0.11843492082183671,True,-0.16192654132250445,0.005225180757951667,0.06946172261009496,1.2203271041768433,1.1542261231576103,1139
2.1863801214987006,0.06535004067607209,0.06535004067607209,True,0.015402931335855526,0.0030460537787255397,0.03433910124783375,0.8987408742132497,0.8336625418535304,1140
0.4296798425377659,0.0036830329116532834,0.032742990458191956,True,-0.20888117293511213,0.0026125781101525238,0.04113315363922114,0.825991292424236,1.2804583398677574,1141
2.240494804186369,0.07923820019618888,0.07981549640787011,True,0.041197520831958635,0.0024565489575469825,0.045290236555889166,0.8115144371707391,0.8541354324289956,1142
1.8230460752021003,0.047037427803231724,0.06591366243104235,True,0.14808011453804676,0.0026129330665650478,0.06331850017096104,0.8731854259480433,1.2027418586944314,1143
1.8125970015645692,0.04669718498788744,0.04761407579033561,True,0.18188593970543138,0.004384480383497119,0.03569586667568417,1.1172788928965627,1.1526409636692736,1144
2.225585411899999,0.09820584603793425,0.12727896079750245,False,0.034315417930552435,0.0032645894574326656,0.056188647194696115,1.0284675204158642,1.295524242364817,1145
1.9416621524472504,0.07000953788284514,0.07000953788284514,True,0.15058277541845697,0.004100855089006615,0.04141298739035916,0.8770303295030315,0.7391979759476852,1146
1.9038588143799728,0.05898213664638652,0.08551358437353729,True,-0.03819702094068116,0.00421119846897767,0.04648018153061553,0.7778954664724574,0.931239937950008,1147
2.183058176312656,0.07384008988757063,0.08669766897704312,True,0.011179573451233464,0.004368440108485524,0.04709697018246585,0.848258336621897,1.0010563348314125,1148
1.894127805293465,0.05648442662093989,0.05648442662093989,True,-0.0285731973949066,0.0020267991516113434,0.043218601009586716,0.8610123906357481,1.2618748364813952,1149
1.7105979807926985,0.07571400909975967,0.09675696992631777,True,-0.054321381162355215,0.002841887838369895,0.060896104568969885,1.2977979709886636,1.150814091184899,1150
2.1019987300493312,0.05259771364011567,0.08666226900078766,True,-0.008020815914546064,0.004357354372416904,0.04064686990653899,0.7313541529517332,0.7221192056467043,1151
2.0710264147543853,0.06506285188675331,0.09453930311505898,True,0.16146162373785936,0.004586729484083838,0.053800037302519976,1.000950456013133,0.8421576084618216,1152
0.6128205684860575,0.044915302645705424,0.044915302645705424,True,-0.25794218463739566,0.0042662956109905965,0.04705153803353981,0.9827234301419069,1.3195928911201515,1153
2.075458136034115,0.07466259149851617,0.09266257580073312,True,-0.012147612384273915,0.0052800942435619405,0.06446091644087981,1.2181228675960662,0.7889954850829081,1154
2.2022060819948166,0.05545475607669448,0.05545475607669448,True,0.09892166714220835,0.005534005520082088,0.03198044295705498,1.1068418029624605,1.1940684298240518,1155
1.9297110203578427,0.06741559492207139,0.0696826262945307,True,0.115235599409812,0.004626649643139242,0.04527377185500986,0.8749076082958245,0.8477450829200455,1156
2.17557256980038,0.04251331630275845,0.052417592269013324,True,0.08743396950949975,0.0032108461771508667,0.03705830930664024,0.9414907045181331,0.7997586467617241,1157
2.0689901584144366,0.08404035997286852,0.08404035997286852,True,-0.01684935552105594,0.005784897687739254,0.04084999442515217,1.2422218510877503,1.180589397436771,1158
2.042976897011343,0.08422328468580753,0.08422328468580753,True,0.16974898630246282,0.005439924651371223,0.06731518002896125,1.0421802163971878,1.1412883183776128,1159
2.1077049908634393,0.04156836627776794,0.05347880541159622,True,-0.003135843199227261,0.005239203855334184,0.046930526824978,1.1135805779236259,1.3085266414871521,1160
1.709613340520491,0.026900696505291588,0.03414057821685401,True,-0.06403797727873932,0.003987164396251803,0.03311129052454235,0.8107493720997181,1.0375307511769207,1161
2.1881011065547966,0.08547979581853538,0.09647984970373136,True,0.011407665847768849,0.005174448715359286,0.0636289535234621,1.0940270308751043,1.1076271771291304,1162
0.4544013469161996,0.05716900091430732,0.10794224558169252,True,-0.2481060870180945,0.005272623343161904,0.04836581756687369,1.083875024800348,1.130549563307468,1163
1.5249854872222954,0.04271165732001325,0.0677732440369534,True,-0.07742624011894127,0.004173182467838004,0.042557489426854396,1.284458688751041,0.7504554752015827,1164
1.906032072846628,0.054095181143857474,0.054095181143857474,True,0.12116302592196723,0.0031803911537867627,0.038973452012612514,1.013778705768556,0.9109389754545155,1165
1.30514234990072,0.06176124601255473,0.09199511883024036,True,-0.10716510289936593,0.0032763743088365807,0.04969234795627847,1.252026512232201,1.0692594551196355,1166
2.23291632223048,0.09711010653377494,0.1389058847787037,False,0.051664797817913666,0.0020211955719489205,0.0677282699221721,1.2465723409260292,1.0105607379457777,1167
2.0311325953886836,0.09951308092265854,0.09951308092265854,True,0.1736714087120459,0.002232324216439819,0.044828578018313,1.0484157021719973,1.3503474006088827,1168
2.273017018623875,0.05499958780012859,0.09504017532817488,True,0.052785396428410396,0.002875894482155896,0.055907213517507465,0.896709264003611,1.0863317976236404,1169
1.5341928457137328,0.024127698693144684,0.03271828753314954,True,-0.079972001118773,0.002866810431511847,0.033318118271322326,0.9044622815115648,0.928346275977278,1170
2.2573726362291495,0.06259724162780667,0.08979577049322152,True,0.02558413773427672,0.0033365590808722596,0.04150967240717169,0.9499742879220072,0.7517180814695887,1171
1.7108591368851904,0.08223785843217324,0.0904314273991702,True,-0.05491219843391703,0.0058199583124151615,0.06379593844261543,0.8992913627381393,1.2882834626618598,1172
0.8723893323974465,0.053563901051371765,0.053563901051371765,True,-0.15603796485812757,0.0058921512216435195,0.030368513308087042,0.7628221920962917,1.1865768147097535,1173
1.9210619659017567,0.04974699241483771,0.04974699241483771,True,-0.03544601685154038,0.00388918290343481,0.04178555788275478,0.7724323223315419,1.1996713631432612,1174
2.08547343847016,0.07473059428262618,0.07473059428262618,True,-0.005890757585553151,0.003867338215889504,0.03758010790900259,0.9541502822030135,0.8200940038467637,1175
1.7043375617945031,0.05559160813516839,0.07720152609522923,True,-0.061629992772703444,0.003843862712803449,0.0457671325908153,0.8376972956055901,1.3426073628786004,1176
0.6251518420588695,0.07911030713072531,0.10184051002756433,True,-0.17366996279720004,0.00560851310947447,0.06999454533502034,1.076205252106703,1.2409227368802314,1177
0.674097867508749,0.08459426416175453,0.09378373090155745,True,-0.16544193143599945,0.005182584301587892,0.0535930111803314,1.237429930273618,1.1198022882427958,1178
1.8732423714820925,0.038559022428998446,0.0658318228880268,True,0.12117821107550965,0.005583854018574358,0.03437350139438813,0.9138116713508018,1.082012908899558,1179
0.966857916984452,0.05268631074686647,0.07866848524705672,True,-0.13711558882274838,0.005111592228750742,0.05691636505677909,0.7208523864500364,0.9982324341135786,1180
1.7116111731364754,0.06050593624491052,0.06050593624491052,True,-0.05122517668224569,0.0044510133177986175,0.04278215011971146,0.886160033664537,1.3544906215836197,1181
2.080361965105652,0.059551062857664316,0.0886772872796524,True,-0.019738552514095422,0.0030279016754533473,0.06977408925599053,1.1420705882496704,1.1644937630716106,1182
1.9232651164482917,0.06313720449965388,0.10813598019021997,True,0.1195238209045571,0.003270840676160736,0.06003068343299623,1.0256752511384462,0.977698448870541,1183
1.9178805451056178,0.0642514465214834,0.0642514465214834,True,-0.030639199470520042,0.0030281705554618633,0.04034928480956651,1.2561992670330409,0.8015611356080733,1184
2.273106026885671,0.052633200917450385,0.07049896532535849,True,0.0307244498991476,0.0030309024893083675,0.04231355484191154,1.2813978489381923,1.3574358563778612,1185
1.1980188653015489,0.044694261680263914,0.0638309802400594,True,-0.12364954540585085,0.004644997546147537,0.060696933630567496,0.8632412542148331,1.149527829155942,1186
1.5171290124646077,0.05559167480624061,0.05559167480624061,True,-0.08214702021773779,0.0020938495604150365,0.05006999789463715,1.1358768874194083,1.0710160047706572,1187
1.7293168242257337,0.06987453184126435,0.06987453184126435,True,-0.05069986167750622,0.0033832400145060535,0.053423904706759895,1.1239773425346224,0.8551731996791478,1188
2.1830849946311446,0.1152780732666534,0.1152780732666534,True,0.09531764007027231,0.0024226051345328653,0.058232349219091144,1.0397553389450778,1.3036342268687506,1189
1.9101323160512607,0.05737490745087803,0.0738996966468084,True,0.10729859346188377,0.0054840548177818565,0.04242241338077246,0.9688565228870482,0.8887971471239079,1190
1.914460132233586,0.016952366077938263,0.04608159402299217,True,-0.04599904300963445,0.00590158831378292,0.037988581895460755,0.8131441663883054,1.1983328181489763,1191
1.5206937388174424,0.02804771234029868,0.05334650708388278,True,-0.08691878048941248,0.0038859005435523328,0.040804163539212866,0.8258626241117113,1.205775763917219,1192
1.7143372632191642,0.023136853957302472,0.03330514203667634,True,-0.06208857994035239,0.005189638846935506,0.046446110039549016,0.8552019573877238,0.9052845966207451,1193
2.194317999271277,0.05642210871725406,0.07827909611990935,True,0.08927406887816414,0.002095972774550707,0.04060049616021182,1.2631487542114272,1.3872612729364941,1194
2.043541770182543,0.06810921521822699,0.08576575910630768,True,-0.009603929812574947,0.005941773468155436,0.055054776702626304,1.1971400310308078,1.3698269691085156,1195
0.4301448424636476,0.05954762482964848,0.06844871634923244,True,-0.21799049207248203,0.005284585268019478,0.04577943523308982,0.9388034078191988,0.9910124302263761,1196
2.0810120408677335,0.06768873883993565,0.06768873883993565,True,-0.0033286637760432526,0.004351319655350643,0.04119521937995092,0.9185993024600856,1.2299001544879522,1197
2.2365286859352267,0.11601395372003509,0.11601395372003509,True,0.07012527056867011,0.0043765920871393004,0.05587044315905858,1.165874263143824,1.3471284680257634,1198
1.45234386985328,0.021109849382647372,0.06205465899605822,True,-0.08850283743072583,0.0024407838710012167,0.04790284007503104,0.8766316169874084,1.113571283204973,1199
2.182757992213567,0.04965330213486663,0.04965330213486663,True,0.21472734453328363,0.002586605008127342,0.04640061221532826,0.8986300081791239,0.8989678798842827,1200
2.230916070866897,0.108608670913239,0.108608670913239,True,0.0667513316407215,0.005642886564894595,0.06548446445172049,0.9838836279770344,1.2801000006170717,1201
1.3209046629546606,0.08621505069943391,0.08621505069943391,True,-0.10589387439540977,0.004228129305728536,0.05668429886392815,0.8523534539544876,1.2400638379545446,1202
2.177923012425765,0.06235643626069898,0.06235643626069898,True,0.013748353661864382,0.0023013767939879695,0.03792649908960705,1.2545894024285595,1.1703485510471134,1203
2.23311571401085,0.08408774604412583,0.08408774604412583,True,0.06282143175868618,0.003494069973856113,0.055750226142325034,0.9051968165915878,0.973967167905254,1204
1.7163155015388725,0.06993845393726805,0.06993845393726805,True,-0.06473837131205062,0.005958591501115131,0.06825822446640241,1.2405938134722359,1.254949390744494,1205
1.5312016207579546,0.07610564595621572,0.10171299011680968,True,-0.08040032008372422,0.0045776722029382145,0.06612673137460154,0.8471005612888092,1.0423038936340463,1206
1.7039604142779012,0.06107901861428622,0.0816501558157281,True,-0.053438586213081236,0.0058563144098648535,0.04871135272243475,0.9540263521945727,0.9612929004428485,1207
2.185897171650538,0.04428053744440974,0.09643862826550742,True,0.005087279822702444,0.0028441536047687055,0.04990477588627866,0.9043784858434637,0.8738776477312494,1208
2.2395990155302883,0.07038452322968469,0.07038452322968469,True,0.026485897649540117,0.0026640721850703887,0.043136629700493534,0.9479589948492193,0.9071370751789597,1209
2.2352963248198847,0.08145465690285225,0.08145465690285225,True,0.04700402050160375,0.0050831515705772575,0.06309090208830415,0.7838912655593233,1.3006935315005115,1210
1.722808074190766,0.046684455877171516,0.06987892255499184,True,-0.050472209768158166,0.0030093054689989667,0.05732900552703618,0.9222362335431579,1.0085805260232001,1211
2.1795267731936434,0.0799330809931782,0.0799330809931782,True,0.00849052587897626,0.003588577091726431,0.05980352383152496,1.2919355619966437,1.1197628706050207,1212
0.9640879294325799,0.015903731317358227,0.042610143440799275,True,-0.1377460639940954,0.0021171536656699546,0.04973950397872817,1.0083557396459577,0.8870331523285009,1213
1.8031358372389832,0.05714131091429264,0.05714131091429264,True,0.14633199850398065,0.004901689301674271,0.033028741585734614,1.0218455360199803,0.8685944392286036,1214
2.2347886651575237,0.06101717659317818,0.06101717659317818,True,0.051041310105739784,0.0038367152729251374,0.03417527546281947,1.2918249881878445,1.197951783528142,1215
1.7257946561498159,0.07233506938398171,0.11636503877860016,True,-0.06554850431220811,0.002285822382191691,0.06741301580922708,1.1148232538882192,1.2465632457977942,1216
2.2210492306506495,0.04045604708202721,0.06148229178882847,True,-0.0006248901105617416,0.0025372095013880456,0.039475990156885125,0.9309211697438416,1.3969770385180038,1217
2.159673966683954,0.0739933900848826,0.0739933900848826,True,0.22599259965818772,0.0037181724356762985,0.03645589969027574,0.7219608658499412,0.7752748722737051,1218
0.9600287047348388,0.01676225118172936,0.022419497133650212,True,-0.13484685457796736,0.004127246627684166,0.03539216777658784,1.1730874738847703,0.9493062197465224,1219
2.2681613992914436,0.061809611653169894,0.07511989732653235,True,0.08200024831658055,0.004517168912519182,0.04219317350076304,1.121628035956247,0.7498784670582851,1220
1.528647401504628,0.0682372600342589,0.0769548904421844,True,-0.07617695651042622,0.0045179833001899585,0.04322073313635823,0.833019902389363,0.8621593985313455,1221
2.1591833119289987,0.1168054679715993,0.1168054679715993,True,0.09791604428885092,0.005488564378491125,0.06135531301989455,1.288428776827243,1.1420789479399818,1222
2.2696368353286402,0.059343865954400776,0.07055182864969645,True,0.0528868847891509,0.004652076288388412,0.03467396035262475,0.7351772457926193,1.3705194987176048,1223
2.021158998674423,0.04158619786755313,0.04995133566926779,True,0.17363756771632124,0.004218358450471464,0.034321833390752926,0.9393337431032454,0.7087249073830093,1224
0.9688060709029855,0.08431064086887075,0.08431064086887075,True,-0.13712170454211056,0.003149943308507954,0.06349232461002557,0.8222431219088046,0.9436413236882358,1225
0.42507565880922016,0.02614803362654028,0.04488368467022075,True,-0.22433277068748067,0.005070420464531846,0.037867908929772646,0.8711943710194014,0.8660907423782894,1226
2.2428034926448674,0.11085349572418823,0.12228880717782831,True,0.057490816236436704,0.0021292920926260016,0.0639074155529985,0.8923570549880373,1.2491558140771506,1227
2.2055465989066505,0.1065546418825627,0.11621822074564636,True,0.025257289737786136,0.0049391758797071705,0.06860359606962627,1.0992176044164068,0.9723561785461159,1228
1.9000298009017627,0.07258778709725422,0.08815967510326184,True,-0.03490326371038767,0.005883735256705714,0.04388933292575141,0.9815684461720569,1.1099612471412554,1229
2.225593217124043,0.11295386468544955,0.11295386468544955,True,0.03719665798566606,0.0035614037453623893,0.06835387100318768,1.135026799319284,0.9386560288918517,1230
1.9131498025132032,0.04209201871446755,0.04690773382654334,True,0.19697745385130302,0.005923757847530053,0.03342830447864335,1.2947283730336432,1.3131600618694232,1231
1.538684856812793,0.0632132172663249,0.07933086657693389,True,-0.0859935398275532,0.0031175194090628418,0.05517187287438519,0.7264248474480235,1.1064494224707504,1232
2.2447732383456582,0.07955810726854562,0.09606604423882614,True,0.26787263969843655,0.00246677499880564,0.051066518452143245,0.7550820062277573,0.799953572550199,1233
2.0655406071772973,0.08698825730825854,0.09957264306811475,True,-0.011060446742571265,0.005479465689891678,0.06687878477612882,0.8564616432087186,1.338286734278051,1234
2.155389063807661,0.07849998033778571,0.07849998033778571,True,0.019983066430119763,0.003517301762543943,0.05053515305571848,1.116702993456082,1.0991402758618398,1235
2.050383684657106,0.05605475972985374,0.05605475972985374,True,-0.014055158595947402,0.0038549652982331245,0.053990623462756036,1.1710642858200675,1.3865454848099932,1236
1.70829764847457,0.06495766085263321,0.11217308996540365,True,-0.062461057596216674,0.002958638601892342,0.06681559706114307,1.1402763364254944,1.112932326003954,1237
1.3173869425671967,0.045554448486731625,0.07320842037499276,True,-0.10835211846554856,0.004705481388974085,0.054348844600349305,1.2249614676576024,0.9707820498965334,1238
1.708941428972068,0.02587155094796878,0.048899025036897914,True,-0.05079584472018235,0.004196333440851239,0.03654943487603573,0.8123310333865498,0.8146719496962751,1239
1.3170274008469534,0.04688308370212013,0.04688308370212013,True,-0.10427021344164449,0.0040320426006704,0.06348243712946433,0.9389549917009827,0.9672017082465278,1240
1.8882800809186193,0.05163555809621534,0.10510970186557134,True,-0.04727309319352804,0.002889093149416838,0.06964498612396422,1.0494816654872345,0.8958993331934885,1241
1.8943001284104213,0.032025496255739805,0.047902077692214995,True,0.11114668310678887,0.004167876125525081,0.03131061459995771,0.7628126193484411,1.3951110287251272,1242
1.5351487646324244,0.059894058080136814,0.08362891367134884,True,-0.07995026569535109,0.005806303408114208,0.05489995243569287,1.2368373657536047,1.1069775921339775,1243
1.708424126704017,0.10141143465176472,0.10141143465176472,True,-0.05850170280825348,0.004509812927612596,0.06736571098938096,0.8908396255759503,1.1406241941190882,1244
0.6111531594603576,0.08639745968357038,0.08639745968357038,True,-0.18693216322989165,0.0047658915379177325,0.0630024241251552,0.9531923262062032,1.144144870937649,1245
0.6805391589687133,0.07883200370607923,0.10322992624477267,True,-0.1577830226712985,0.004257995433759199,0.05436289444626197,1.0553447267042382,1.0077818305737432,1246
1.9318976822693372,0.09486712828949861,0.09486712828949861,True,0.11571226808936402,0.003563990126809707,0.06001759509287312,1.2430386621628027,1.0933237331229617,1247
1.3096199403550202,0.06988868547895022,0.1013301632648671,True,-0.09214278044923935,0.0022009713151952422,0.050884185439933186,0.8879653338299698,1.0800113105341116,1248
0.6266273174862675,0.056106033886402784,0.06298963500569044,True,-0.1744867457869137,0.003938942959929059,0.04678373533069981,1.2870442355578136,1.0086542124880506,1249
1.9081396068293657,0.04586277977915332,0.047785264080170364,True,-0.03826743216183791,0.003469578955636623,0.0522003860217215,1.0747264450839535,0.7409817497366566,1250
2.1670510695939385,0.07893464755414326,0.09149539440246879,True,0.09514146327970553,0.005478517544497078,0.05627975915149895,1.2084696892938165,0.7569526586434081,1251
1.2965511209866776,0.052770740980345066,0.061685675633113446,True,-0.09823893048253167,0.0037512488479025242,0.036571120490930795,0.8964665256105893,1.0669849599341084,1252
2.25018543508169,0.0744218269174064,0.0744218269174064,True,0.05875633456184971,0.0035378878744569053,0.04576784202736756,0.7463558251011715,1.1097760523460811,1253
1.7125741935624603,0.057415794045666546,0.061431796905814684,True,-0.051023023635334314,0.002648635460692974,0.04107618237111808,0.9809783705407307,0.8330231528658072,1254
2.2366719778182187,0.05016136811721306,0.06545566128587343,True,0.038260056918566474,0.0025038753131882588,0.041669053245700804,1.0175504430814708,0.7598136013320093,1255
2.0808558323014097,0.059420294992549305,0.06023051717517047,True,-0.0030075289286403003,0.004606497747231483,0.05187101954833595,0.9848832434237897,1.293932348003966,1256
1.3067852469230274,0.04589349777369489,0.0838803725736954,True,-0.10289282803027087,0.003975889257723509,0.05980987871476304,1.2665142454638536,1.2623223058048127,1257
1.14709635989135,0.018885785798230526,0.05003245446807747,True,-0.3517475773015923,0.005404397537523534,0.040612174729272234,0.9007276628969465,0.7963409664383192,1258
2.2351535379643934,0.03866588699314222,0.03866588699314222,True,0.01771333819881121,0.004205628321556371,0.03343959475467287,0.9244151233930031,0.8706951931351703,1259
2.1757352309138014,0.08332211289622427,0.09298873882455116,True,0.020183512260742286,0.002725678371457759,0.054565557796331994,1.1756976497368168,1.2927133323783861,1260
2.0621405734144673,0.08979396362894776,0.09311987782636244,True,-0.019972756909277925,0.0025057495354552923,0.055528815444267986,1.2319088302003227,1.2868254993781598,1261
1.8576086743338465,0.05302113110283102,0.05302113110283102,True,0.18144367608141285,0.0031961109947431935,0.039098971455322484,1.1036480187608175,1.035963396428257,1262
1.1867026151108604,0.09615145071211018,0.09615145071211018,True,-0.11433780816969642,0.00530636817317107,0.059926982748506864,0.9941856390499548,1.2024737062170336,1263
1.952645136115521,0.03704778810114995,0.09742464897991021,True,0.2412453559208569,0.00465205234734597,0.037201110247879005,0.9651438457858699,1.0799573616608407,1264
1.7165991686837145,0.026964554295356713,0.03395094114057895,True,-0.05327330213330899,0.0025502936261877687,0.03964584187715439,1.1295685333008496,1.0948413820255225,1265
1.1299323613998808,0.03057476784394675,0.03340797556436792,True,-0.30331551301975007,0.0024028678583695425,0.03477932012408859,0.7292494187836717,0.8068581422849364,1266
2.260589250064484,0.09924169719877574,0.09924169719877574,True,0.027273106691245965,0.005919074879076168,0.046688152781649755,1.0858673844830875,0.7495282299339795,1267
1.9071057667149773,0.04997436708560765,0.08025253418730549,True,-0.04240604098531428,0.004786060687594842,0.04485465552895643,1.2443329811494972,0.7421274394650232,1268
0.43228434208900524,0.06901881328840309,0.09791223644995206,True,-0.22784165046783614,0.005701257478901337,0.0572552862164723,1.0885348923446638,0.7932271788360192,1269
0.38408667300666366,0.024913288893207985,0.027370018122603534,True,-0.24651378177738495,0.005719061338423836,0.03730322487846073,0.9503326461463655,0.8114346386650994,1270
1.8114438259230212,0.06515286528361663,0.10179533083785186,True,0.14206708586214026,0.0054164590503858875,0.04552959708041354,0.9995771541985278,1.0544066446554892,1271
2.231114069349104,0.10945193927561436,0.10945193927561436,True,0.02449543484426202,0.003469308194046221,0.05566148433425853,0.8553576220654961,0.7894572623532379,1272
1.3046836735966565,0.07235702977369218,0.09974939619863554,True,-0.10594135766521863,0.003926957280000945,0.06309262410698824,0.9482826137119226,1.1893781730386193,1273
1.92079511939329,0.08281596110786693,0.08592866970129642,True,0.10638205894275991,0.004680186026554178,0.052302839949922936,0.8840179735520189,0.7276705765715915,1274
2.0197783500362902,0.07977432241071969,0.09754256111100323,True,-0.017192449075120183,0.004870000005106683,0.0558180962635963,0.9454557744354926,0.9625037587240258,1275
1.8653750116831986,0.07865683181205352,0.09261503007749283,True,0.13395226902759214,0.0053211492556488205,0.05159450274685831,1.1859850020638407,1.3363555951043136,1276
1.9632491717761695,0.11169394627556595,0.11323675392947852,True,0.24437004013562266,0.0020559171420459895,0.05325976865014139,1.1798733165019963,0.7620370613598805,1277
1.9019239354193473,0.09817713401440398,0.10774526540263651,True,0.3092902519960616,0.005042865848580446,0.05803667249805216,0.8159913534371073,0.9087322247063252,1278
1.5502681200121629,0.08843372465360266,0.08843372465360266,True,-0.07825429087442314,0.00288761930088277,0.06232031253815278,1.0634777515363043,0.8544400124295872,1279
1.719732999767018,0.049466970504624674,0.06895900969823088,True,-0.05024402692914357,0.0049838958842070066,0.046899275103922645,0.8629000916872169,1.0330896918625807,1280
1.1724160195998365,0.07325958645939856,0.07325958645939856,True,-0.12415391238888492,0.0047664179080193735,0.05563899655898992,1.2422836585444128,1.342899219551104,1281
1.926340872079237,0.02482570162819897,0.02846697552503441,True,-0.026796393925330668,0.002822411402478857,0.03761014218114381,1.0634360061572563,1.0698543512572791,1282
2.236207712251783,0.08992596289694954,0.11395684312277732,True,0.030986502194331092,0.004016540941367901,0.06373791002943754,1.0575774332994898,1.2164554146921511,1283
0.4259176569092915,0.06591495014615312,0.07438244361614421,True,-0.20151417471993005,0.003947597797611736,0.04376653133206801,0.8234476789716242,0.8480865391090009,1284
1.703628138065028,0.03605793036255389,0.03605793036255389,True,-0.056445607997996784,0.0051669489733566516,0.036452896948176494,0.9687594936424606,1.3558226983196247,1285
1.526826745757603,0.055564695379124895,0.09785874554294716,True,-0.08227841058687783,0.0033519711277103974,0.06679049117759794,1.2966342702638562,1.2499448473107315,1286
2.1759963779906997,0.11330791831592468,0.11330791831592468,True,0.019306700284630187,0.003278869689407035,0.06519328706158034,1.1707973750303438,1.1304807418072966,1287
2.2309292823272244,0.043835552488111995,0.0447940507852882,True,0.05842611674348512,0.005270376191776974,0.0339765606163046,0.8086536027456146,1.3598744231185922,1288
0.429059756658944,0.07386895965695883,0.07579814773782867,True,-0.22332522244420308,0.002287145467107532,0.06844899903124164,1.1206687524080845,0.925866889452923,1289
1.854706321472861,0.0684275871756388,0.07534995080848961,True,0.11659316352756086,0.0032633314788201805,0.06120217186482149,0.731660120453052,1.193313430967266,1290
0.4380892536648986,0.053837843446093325,0.07019093342627647,True,-0.21686889420521147,0.004827252526382415,0.050568677587941625,1.0783076259654631,0.8115599326246841,1291
1.1673999887446485,0.03938122468239191,0.03938122468239191,True,-0.1170855607529744,0.004425444363259651,0.03408856994035284,1.0063706029656594,1.2091020563111072,1292
1.7214728426664578,0.03577326473019804,0.04618529616493716,True,-0.05515077309026785,0.0037993966668293305,0.054590412835260976,0.8134170591473138,1.3348351798341458,1293
2.452986122154101,0.0617762289369419,0.0778835960072346,True,0.3420946170895557,0.0035348306166317306,0.0623293029368183,1.0267706659425075,0.843666159202888,1294
0.41534729196321507,0.09350433037037953,0.09719401830193286,True,-0.20727651848798992,0.004493392880265467,0.06446097794506991,1.218804633789752,0.7010601843526592,1295
2.0737232485686548,0.05361488219751376,0.05361488219751376,True,0.1560626341102807,0.003273356666748252,0.03202428458987054,0.8361752204374864,1.2942424733534388,1296
0.8812839226653182,0.04500449117056249,0.04500449117056249,True,-0.1540609279350175,0.0032642147592228075,0.048028000949780145,1.2900191484867012,1.093236317101009,1297
0.65524300410857,0.05273626059066605,0.05273626059066605,True,-0.2549977147171928,0.0038964505425562,0.057166125230931314,0.7879225727270895,0.706686994654858,1298
2.250510673690883,0.08001330378680782,0.08771373559079154,True,0.04708899291297368,0.004995649559118484,0.05444178065084515,1.04581002683535,0.7646164332585303,1299
2.1965826826603063,0.06317793698373664,0.09026263847132765,True,0.022236825552210657,0.002236002051042971,0.06324755229682011,1.2299805177028835,1.1525326859756018,1300
2.10384908423228,0.04868484421739927,0.05598350522194839,True,-0.015258651430180755,0.003446135175134177,0.0368217557554625,1.1730421401863078,0.7827515436760849,1301
2.265196957009806,0.10308324847806394,0.11801775798523328,True,0.029464189243966446,0.005897288406879477,0.05953177975382902,0.726987648315776,1.2353243229688622,1302
1.9138261459212913,0.04935753105305696,0.056907989792133185,True,-0.04202499895649313,0.005849428242589527,0.05096805719928841,1.159456452185988,0.7469388625167682,1303
0.3245637870796543,0.06217548021859032,0.07061042248844274,True,-0.2332036749173324,0.0050988264527632755,0.06385724362771782,0.9559681001922817,0.8926598698310585,1304
2.068128417074931,0.05177566896043517,0.07324575852071402,True,-0.022468088869596045,0.0024376627667917774,0.05365747832773525,1.0345858196422537,0.7584998590100716,1305
0.6391863856236455,0.09524822713568426,0.09524822713568426,True,-0.18050916320846933,0.0047975550375418145,0.06820529548386153,0.721254349339445,1.0239888928928398,1306
2.108114095098685,0.07535593489952097,0.07535593489952097,True,0.01908983174964221,0.004864593720711217,0.05204364466949539,0.9712297381579136,0.7535655262466431,1307
0.6805789115500858,0.05940357280446218,0.05940357280446218,True,-0.16130308702553833,0.0038017650529992633,0.04210152636422716,1.1667828149530088,1.3874633408256962,1308
2.0700477614503683,0.08229585784049309,0.09613370968911994,True,-0.019528913191400477,0.0020011988142272633,0.06160719752736708,1.273848813939038,1.1496315977197757,1309
2.244458581142794,0.038697329932591895,0.04930884459450113,True,0.034079201320861674,0.0036734064236585784,0.03848061616711054,0.7776621072027122,0.8228204018635209,1310
1.528975528783235,0.04824753278234928,0.04824753278234928,True,-0.07433309175434562,0.004693341855864751,0.036799498768348246,0.9009949206265876,1.3276879479112615,1311
1.1649281476785518,0.01421581404968597,0.017283426584253636,True,-0.12107087010417543,0.004906649009822914,0.03383981671417376,1.2304139643963357,1.1515923045707925,1312
2.294854097286205,0.0818124937093172,0.0818124937093172,True,0.08221992791659995,0.0034466062306089265,0.04332848091798395,1.228659976955849,1.1319804409076784,1313
1.7858344952483804,0.09777023420074826,0.09777023420074826,True,0.14809305113279136,0.005029955918733986,0.05115136045231876,0.8390620913464233,0.951597993557737,1314
1.7170093196760092,0.08553952159008338,0.08553952159008338,True,-0.054138238179944495,0.0052448156720061,0.05146387102217627,1.0170207547901597,0.7257046966155399,1315
0.32281986042079325,0.03523993298341743,0.03603071938936808,True,-0.23367463749279718,0.002128673332419734,0.04109564361132715,0.9795199985845848,1.215433088330182,1316
2.2463440575882316,0.10652070867282526,0.10652070867282526,True,0.053219130866172026,0.004241726593637788,0.06571729832925141,0.8754836585966669,1.1730282582761933,1317
0.965046985348053,0.05642900037777121,0.05642900037777121,True,-0.1340359767996197,0.002416053493982795,0.03890735483614287,0.9575656618560962,1.0886761051517002,1318
0.8761868682715743,0.05297793005637308,0.08947178328475403,True,-0.15267696469397082,0.0024588590711516257,0.03878253039267875,1.1024507091669573,1.1220553109126246,1319
1.7073078387432474,0.07215925696795389,0.07215925696795389,True,-0.05979990511592084,0.005862133683831339,0.04197091892514983,0.9279780478231869,1.3372617858762053,1320
2.1673125677042293,0.09422392625716336,0.10621669157544922,True,0.08765657799688045,0.0047392077000409805,0.055770699456985755,1.2071924485989551,0.9813866169771945,1321
1.5249323746428445,0.06740072903516103,0.06740072903516103,True,-0.07228537908956728,0.0024032920407404913,0.05352650878343436,1.0592377697085509,1.0679718841439532,1322
1.7538032504284047,0.03690286924281283,0.07176758127164695,True,0.13414438714074436,0.0055755886333892155,0.05301412194949702,1.0607288820649836,1.0115548004898294,1323
2.155214997875504,0.07099815028767487,0.09905001874870223,True,0.0018335685693480343,0.0038418530881448813,0.06596312216800018,0.7564794604357866,1.0437345883805136,1324
2.069393272267561,0.10531316927202972,0.10536698214029516,True,-0.010231945554492635,0.004114610856791648,0.06361627874187983,1.2249879389364655,0.8256250273575468,1325
1.7189369967388757,0.040688755121228715,0.08272270864313058,True,-0.053140807060379935,0.0050677877876959725,0.06168675328663905,0.9612437734989023,1.3178580606854369,1326
2.2346886867542253,0.10784424997861453,0.10989341214503923,True,0.055745244141654736,0.005218614635646771,0.06998538540562377,0.9147435952985983,0.8681928649541388,1327
1.8951442232109486,0.07865262572758636,0.08453515780121212,True,-0.03156135803632211,0.004763396322305322,0.055135412536247146,0.7830045879524532,0.777980920143174,1328
2.1084636390987868,0.08847762495556633,0.08847762495556633,True,0.23346268936681996,0.004080696610162622,0.04875258724144105,1.067677916796829,0.8568795076396568,1329
1.721758888112106,0.07156912847605246,0.09017868779644478,True,-0.06514843638550444,0.00574351977536761,0.06707333094965066,1.0810054794223416,1.2088193409373114,1330
2.2322678679934,0.0802703299027201,0.0802703299027201,True,0.06567883763824253,0.00595500457038753,0.04454435422531216,1.2862012001498822,0.7584566043187211,1331
0.3204791077824609,0.04266614232381816,0.07793638239671519,True,-0.23101176552201508,0.003311930839331545,0.05003493680380061,0.8610987312006892,0.9517497052223762,1332
2.2175661178968227,0.055811551579344476,0.06068894090645438,True,0.008652704456093459,0.005077638746693642,0.04113264418587069,0.7010874559899177,0.8517364395190288,1333
2.238758013113312,0.04148369554172704,0.05485954024419848,True,0.032288338845038116,0.00545598902395115,0.04683348962703708,1.2970605009624214,0.7916363651155752,1334
2.197595675185653,0.043697887773618715,0.0803050621174679,True,0.0932578609430919,0.004822617629319039,0.030136778447336362,1.2332971272413988,1.2013302537689377,1335
1.9921214053214982,0.08054332306343315,0.08979596982798888,True,0.17242194111527237,0.0030424348513627382,0.05933902850021424,0.7555080691541678,0.7541825306805304,1336
1.8655193906138265,0.09550479047905625,0.09550479047905625,True,-0.026475351391620147,0.005764819328235167,0.06644935870175644,1.2944332044537727,0.8695014238710972,1337
1.7561320820045268,0.03130565976611921,0.06655004322438174,True,0.14014825366625216,0.005194361501466788,0.0368714433993899,0.8856286282466436,0.7653273375714229,1338
2.195279261789622,0.08317288086123509,0.08317288086123509,True,0.09818658173010565,0.004656907343992298,0.04547032143066758,0.9872926834344546,1.304458762838329,1339
1.9873309212838706,0.06131011126375019,0.08736239916955513,True,0.16990869854925528,0.005059213296825346,0.052188728075181524,0.7577896150698017,1.043239281193349,1340
2.2014361732703804,0.09437653391504264,0.11108952123855409,True,0.10184456623123302,0.004554277875154581,0.060882977625667946,1.1210274612690043,0.9847407246397933,1341
2.2862296399988082,0.06972086600975658,0.08807624479250142,True,0.05717988555041988,0.002741017823731595,0.04288629094796441,0.9988220855349206,1.203077678945395,1342
2.2497476912198096,0.05602820428095301,0.06540687532128708,True,0.07215438513687504,0.004198141449081663,0.03208890545854931,1.268681652667988,1.252735043038891,1343
2.2044366689775927,0.062484926899100346,0.062484926899100346,True,0.0001968390787883278,0.003149922255800183,0.045013374192689026,1.2797095293543497,1.3216411159874273,1344
2.2598922275847,0.032006764581013813,0.032006764581013813,True,0.05396360518559098,0.002099234044062673,0.03195603756500463,0.8912290341331464,0.9576481291431392,1345
2.074559896013426,0.09049923731187959,0.09299967314887825,True,-0.0133730907100347,0.0039793258606369755,0.05544445233032897,0.7141181655810275,0.9801387926718068,1346
2.113393635014802,0.044224529630912945,0.055688869895493376,True,-0.0023621819712427348,0.005087649378664946,0.034531091643555174,1.2813230744063424,1.3685499588945076,1347
0.9801244362838446,0.08990147884033894,0.08990147884033894,True,-0.13435281216034387,0.003968816635609202,0.06242888311911636,1.0506751553899416,1.2261142760123795,1348
1.7106244892900122,0.08650219636541379,0.10395061313979248,True,-0.068490610662156,0.0022029964602824593,0.05816150649790904,0.9365915619420725,0.8395974903889167,1349
0.962813736993894,0.050638513748314296,0.050638513748314296,True,-0.13830236719749547,0.00316906477453939,0.031369569297178504,0.8932079601651587,1.0296539170196706,1350
2.059968206811078,0.06412040433056188,0.07310881906789146,True,-0.011470028658178246,0.004469690321634153,0.06558357926282271,0.9849459502279381,0.8869355689666176,1351
1.9395028317139094,0.07863114758380885,0.07863114758380885,True,0.11882594795976464,0.003918371516240423,0.049361946092718816,1.260218518135543,1.0713351744038584,1352
1.1710920232849134,0.05458414071660256,0.06197759236354994,True,-0.11317522653594375,0.005192050062041045,0.0508955195605085,1.0792979611032285,0.8400687826153469,1353
1.8031448476943126,0.06531275959388627,0.07537028382400579,True,0.14983234711727111,0.004679346571343791,0.06554102565139207,0.7439771146940999,1.1508051342677668,1354
1.5275096416026344,0.0314170889131653,0.048986915561012756,True,-0.07769977345013089,0.005314301458737439,0.040405663845133666,0.855057126149919,1.3555492507810691,1355
2.0510254137681727,0.02939146735788678,0.06358586742203864,True,0.16228347218776246,0.0023999855625884197,0.05449504315010591,1.0464033368699481,1.1941316839498255,1356
0.6198295734512271,0.028906797172461918,0.028906797172461918,True,-0.17164285419924102,0.0036073928371474647,0.04447970385818253,0.7975950234930441,1.2881607396724895,1357
0.3099765855722012,0.04269920015009787,0.046029274423242894,True,-0.23133878074272546,0.00456718319020894,0.05475894963556487,0.9370233921300388,1.136842570394664,1358
2.181312973674153,0.07113442182428287,0.09398149782809662,True,0.006482866277859039,0.00502990091799691,0.05212715374455851,0.8056720361462463,0.8929794782554377,1359
0.547978489556499,0.02539807695920482,0.10158633412085716,True,-0.28411865923869456,0.005206556530882426,0.04817186739816688,1.279392080967948,0.9839396119547439,1360
1.904737966066449,0.05555486030317813,0.06174784358974317,True,-0.026359800054696257,0.0034403544105197424,0.04042130435726477,1.2672649205213573,1.374252775333287,1361
0.46476425289289125,0.04247464849783711,0.05565760140157794,True,-0.2517440509919425,0.005017129666344895,0.04463322203049586,0.8604025317016107,0.9426333931140255,1362
0.42351744489671717,0.05132262780311536,0.051478097552735136,True,-0.22619603799378574,0.005277224808279468,0.05888820226952411,0.8698308251336366,0.9222725445811718,1363
1.3050018550893157,0.034727531648862,0.0408032990096483,True,-0.09258486752627977,0.003379747249459837,0.030480401933415918,0.8057428407318514,1.1123758068075693,1364
2.2720719049672766,0.03632167930932839,0.06009922330356465,True,0.05994447048034893,0.005251623325457457,0.03656583680312448,1.1844521663835241,1.0929554334562575,1365
2.0699974221268604,0.07713472372085528,0.07713472372085528,True,-0.01722068123875858,0.0038633655882817637,0.05899313559015726,1.0386734461046143,1.3687125476969006,1366
1.928467702087147,0.0372091564134549,0.0372091564134549,True,-0.033272793703856024,0.0025162908791895753,0.03603380255181295,0.9063492838492097,0.8079657202008687,1367
1.7005689386873684,0.1008498644964384,0.1008498644964384,True,0.12718126144708286,0.005673260773308439,0.06382228457354394,1.158776298543745,1.0108224574445368,1368
1.9812432466364527,0.07278735399585945,0.08754017000123748,True,0.30504413851825257,0.0035167726169561568,0.04601094821882461,0.9764580625407531,1.2964640725430587,1369
2.1802597551799607,0.08190353303525466,0.08190353303525466,True,0.09422474962528839,0.0022538519793017745,0.06180333642749179,1.2645318431072856,1.157430032760891,1370
2.2112956140928617,0.08359967593222595,0.08359967593222595,True,0.024945041111292917,0.0029177524086952443,0.05831953408752735,0.8424527819243341,1.180046010406683,1371
1.699441925119828,0.06582407013463065,0.07966746402816627,True,-0.061704982627985815,0.003922692531342436,0.06119498590991787,1.2508213656736724,0.9757527877175185,1372
2.1908347709192526,0.06069226269920058,0.10177360570631122,True,0.0028586579880242858,0.004698273820182735,0.06261780194818564,0.7042767280779462,1.2141796249547245,1373
2.265352846640326,0.09681381724052951,0.09681381724052951,True,0.07517535311572213,0.00479661633542303,0.06322887505680616,1.2172998742612713,0.7494506733535888,1374
1.6681779030070487,0.11736429098400869,0.11736429098400869,True,-0.05370734609129199,0.004741089363003331,0.05716711872757541,1.1130964278330049,1.0979760599848931,1375
1.7702101256474663,0.07210372040425983,0.09649283826602306,True,0.1429521701646878,0.004840376743864727,0.0558149535284736,1.0028363372191709,1.0769255048977142,1376
0.4211731008342241,0.004750538396149695,0.04320899228077413,True,-0.2184741146561975,0.0028525203177959787,0.03683409520813891,0.8788959131069716,0.9911164823878849,1377
2.2059538603032394,0.054438135838152046,0.08297539844192992,True,0.015366498756734705,0.00244449168693524,0.03733551833856731,1.279428374632171,0.7663329397674309,1378
2.2350994794759487,0.06899781283987605,0.08634675840100092,True,0.0440282718804381,0.00421620351657629,0.057737620582288075,0.7223078559450005,1.227838893659393,1379
1.2009684958188274,0.09588724244756941,0.09588724244756941,True,-0.10967824716831577,0.0027473576895935834,0.06726823479612196,0.8435316085648417,0.88334227316371,1380
1.700881178460392,0.03578560205444625,0.07065567073805079,True,-0.06567738730067531,0.004519220863990319,0.056174038967142896,1.1026674775681544,0.9331022968226366,1381
1.9252652171358307,0.03571050301163847,0.055447666340497914,True,0.15239450806408286,0.00372459729413579,0.04825679820025209,0.8430248269865408,1.0565344830774084,1382
2.1899585363034504,0.0814672606566944,0.09271535396489017,True,0.000663983285172974,0.003741233823735195,0.04991314267363793,1.222554385011993,1.2144220396001533,1383
2.278990703498849,0.07592216682005093,0.07863463827368666,True,0.08050334288712113,0.005870168993043853,0.046630997976706307,0.9885554648164909,1.08731684187046,1384
1.7806169340110785,0.04092028978865159,0.041612758500436664,True,0.12927999097146284,0.004521916392473945,0.033857167860927635,1.073914875661639,1.2477851444469996,1385
2.1756519690256226,0.09972048220331309,0.09972048220331309,True,0.20882135513228062,0.002731961227924401,0.06270366373796205,1.2453193143717165,1.2434291531879758,1386
2.2626480286817525,0.09415503343227627,0.11763546667557168,True,0.06542491959151775,0.005614131934844906,0.05779992969543276,1.1498857439090746,1.0715097607067938,1387
2.0649627785170708,0.04578071001024475,0.04815057255090727,True,-0.0021164146799658463,0.005883845384403213,0.04780615719062239,1.1467856990025291,1.2212924117075243,1388
1.9085875527952396,0.05322937287253926,0.05322937287253926,True,-0.03552142408170019,0.003539890037112004,0.031475279015655444,0.7059892987182075,1.1450968842172993,1389
2.105850296406217,0.028882553749744577,0.08289609097633721,True,-0.006659461864030494,0.0032691807916274667,0.04897199448311138,0.845493563566247,0.8825968084424676,1390
2.216989372727994,0.10642341795519594,0.10642341795519594,True,0.03716030020673651,0.003581045489369928,0.060653453304924214,1.2336417524745247,1.2643425180040506,1391
1.705955003369212,0.05085803668204569,0.05085803668204569,True,-0.057721049419512144,0.003794980714056221,0.04894002457897756,0.8473101892831121,1.374621828844937,1392
0.7563360688308052,0.040177281470546555,0.0653379375029004,True,-0.2621783777707199,0.004545492368826875,0.04295665121886068,0.9971833052320481,1.293060705286825,1393
1.6949829659062772,0.09496419831682146,0.10309399868274038,True,-0.059626110401074364,0.0048204657963203355,0.06660711090069017,0.9802902885414715,1.202654564167326,1394
2.202169792547579,0.04411690186030026,0.06023962157755958,True,0.00255824950612025,0.002812240300561566,0.0486000587271015,1.0673844128473124,0.7994988614862042,1395
1.7906818181473199,0.060917481474739965,0.10866743294480541,True,0.12871799319633795,0.004264711834741603,0.058860707388773116,0.8346437552546175,1.2103339265280442,1396
2.072232275247302,0.0962221212308052,0.0962221212308052,True,-0.009367994504333009,0.00385704696111629,0.054838124148926054,1.0495988055349323,1.3220661301446575,1397
1.913299299669859,0.05397663530865304,0.05397663530865304,True,-0.03364261897088727,0.004216116224404272,0.03996363846313173,1.0906660050243115,1.3978573918802808,1398
1.1099371849383743,0.0786774401498711,0.08258084189245984,True,-0.32902532893479414,0.003078548980209657,0.06418113823806795,0.907666493952915,1.1978409202699536,1399
1.5314625767703092,0.05417326864222183,0.05417326864222183,True,-0.08441357589227129,0.003953816288494406,0.03967950248374914,1.2888617221508938,0.9338149585022146,1400
2.1834358284458233,0.06299817079034109,0.0640373766142921,True,0.08948345702685209,0.0057021883323805315,0.051624996153024835,1.0018898628954993,0.960901342312838,1401
1.8326491748708804,0.09755194255661648,0.10047010558713154,True,0.12466604722834398,0.005212930402918892,0.04759131272951219,1.0154975815780423,0.8017711097926565,1402
2.2154571081147196,0.11936862383837465,0.11936862383837465,True,0.07583034424686934,0.0020265806573942836,0.06698927218346878,0.7012867479486323,1.2015419988367642,1403
0.6804428710836277,0.04631767732979686,0.04631767732979686,True,-0.1631775795886776,0.005546164634810405,0.037366721105899614,0.9437986180193643,1.071604599661608,1404
2.270911860018586,0.05885438327455739,0.05885438327455739,True,0.08354459790734876,0.002343220567816375,0.03360681582180343,0.9209251669680362,1.3791794733020004,1405
2.234404094599938,0.0599981135952794,0.0599981135952794,True,0.04090524740935651,0.004995309237713139,0.034736224997376386,0.8702777816718192,1.0055201825596551,1406
2.1444836840203436,0.0973760955010956,0.0973760955010956,True,0.001571011686050737,0.005372173194800442,0.06670389350090619,0.9608014463433758,1.0359436851148571,1407
2.076833489855389,0.10223790262046495,0.10223790262046495,True,0.2336092331309822,0.003062166481460857,0.05813308701401042,1.1558036822915538,1.222303336589155,1408
1.4456900704198858,0.058912660340650236,0.07859969140225198,True,-0.0888393166757593,0.004740418240044841,0.04818678138826081,1.0143668419127656,1.232088026388169,1409
2.1973137714097675,0.058697091201746154,0.09322333104310476,True,0.08756435577666073,0.004906742828318008,0.039996944709360244,0.7181631451515638,1.1678883198824408,1410
2.259846447326993,0.11377599605067212,0.11377599605067212,True,0.043818140114711364,0.005971020299624402,0.05079741492742648,1.203896866114423,0.7336671324771722,1411
2.2588550272998305,0.05361117847982122,0.055134846483275046,True,0.07700759994999486,0.004200290102200819,0.03478140926142695,0.7934479951869885,1.0909277552346035,1412
2.171176981401487,0.0771061444620873,0.10351383517311818,True,0.00030987983366272446,0.0030579189710577656,0.051117098722742525,1.1079435261625012,0.7529572147633622,1413
2.074943398360716,0.10203777344989873,0.11192746254405361,True,0.1604941070305216,0.005342893937534869,0.06063599248147904,1.1228575476387226,1.3546976996859672,1414
2.233988883851623,0.05364471185060493,0.05614473852128121,True,0.033044429375324924,0.0028266780818959223,0.041457950290557564,0.8772297259380099,1.35574084192712,1415
2.2457722158562774,0.07783602401237988,0.07783602401237988,True,0.04192187360603904,0.00503801427636027,0.03740453406598171,1.2723111719077858,0.8401525967380008,1416
1.8240226903923542,0.07171646301759327,0.07171646301759327,True,0.19845837992576718,0.0034615147421836936,0.053479119170096734,0.7593478413598894,0.7572769839610095,1417
1.168070249809091,0.035780682322380075,0.06794447863859565,True,-0.12448804041509288,0.004466840338302624,0.03414768533302198,1.2629337540241172,0.762485148856415,1418
1.9164089185025972,0.04108229898344207,0.04108229898344207,True,-0.02744922123857793,0.005345534255080451,0.03689185233793278,0.731814070038769,1.0524937741180522,1419
2.2640396425793057,0.05228588729920003,0.05228588729920003,True,0.0711141891327601,0.002203414776289171,0.047483387908909845,0.8888090535033055,0.935467129149228,1420
0.44176064188899034,0.07315720685508498,0.07315720685508498,True,-0.19793319731280504,0.0047903052356147256,0.04857946735785529,1.2259121279649532,1.1679376886010326,1421
0.6789803788167319,0.0453467607614666,0.05617130165544704,True,-0.15799500019245777,0.004481862017193531,0.0555281755836614,1.2796841486974277,1.2376746314844458,1422
1.9208418886688747,0.07634617505514063,0.0770712680781116,True,-0.027268300539970314,0.005018702458970606,0.051716307679426525,0.7259895654892592,0.92610363755156,1423
0.9607046298084043,0.012167113148920716,0.022700396542397083,True,-0.12697036789215183,0.005915224611325795,0.031248923458483697,1.1954029395043193,0.7196273108750749,1424
1.8731349775455328,0.09943363050764487,0.11595887661173565,True,-0.02986700558579575,0.003909915412698556,0.06226188302926897,0.7409378298154599,1.3244487829311102,1425
0.42631952942639373,0.04691065199390532,0.053106543409477736,True,-0.22227643425142468,0.003158824886988927,0.05421198007088779,1.242257729432797,1.0911577024850878,1426
1.9046907690163835,0.09167220210153837,0.09167220210153837,True,0.1046935719914681,0.005087085729141308,0.048795600604830874,1.27369795271615,1.396694653825766,1427
2.081682882889268,0.09135134933441758,0.09135134933441758,True,-0.020825891314436268,0.002102523177735958,0.05537612103666169,1.0969799642562907,1.2881598423622993,1428
2.2406599100968947,0.12685346447699186,0.12685346447699186,True,0.07450968865187936,0.005746873415169943,0.06960426257118253,1.2577720510613752,0.7192767771675704,1429
1.8346066310175502,0.07596756800265347,0.07596756800265347,True,0.1308306058670271,0.0038236679001326388,0.044781865563946505,0.9419421158960893,1.1355616887883175,1430
2.1818731606073243,0.059236086217212325,0.059236086217212325,True,0.09316409787908624,0.002206636781987601,0.03443807087321563,1.0281228409140648,1.0131611095246462,1431
1.9133848684804917,0.07489283992365992,0.08795810309884922,True,-0.033166576975054256,0.0026538604196502287,0.06841740396715393,1.0661367459319546,0.7595274404979105,1432
2.246979454136934,0.09217260726897636,0.09217260726897636,True,0.05302410979312521,0.004342704930602558,0.06499701491656827,1.200752267924341,0.7114731945771705,1433
1.8970316275851928,0.08732862050991286,0.08732862050991286,True,-0.029967509613309056,0.0035253191516677884,0.06888542667392783,1.1600385112894325,0.9104069115497028,1434
1.700576656575464,0.018864421053293556,0.05033920669996328,True,-0.0676682793229526,0.005685396252593442,0.040818351975868784,1.026006116107488,1.1603005144235197,1435
1.1658432798202512,0.021956665500381778,0.021956665500381778,True,-0.12082638461326803,0.004017661224537026,0.0325452892243021,0.8759153570884318,1.2099907513995505,1436
2.164719834895081,0.08366981495646808,0.08366981495646808,True,0.021682071722028788,0.003825387938386963,0.0653285335240831,0.8343658415392022,1.119361299953474,1437
2.2004460617654615,0.06646864705227573,0.06983585747478682,True,0.10322291532038005,0.005632309817318944,0.045055442583001225,1.05767536215846,0.7161479843255687,1438
1.9433582973991008,0.07687628767703836,0.08677829161499484,True,0.11242719343293234,0.0027406783057982937,0.05420107051533365,0.8628344842618378,1.2507555505310677,1439
2.271955893884936,0.04568859238369516,0.04601004398296471,True,0.03720928536139546,0.004210938126950998,0.05550069673310397,1.0795631726419777,0.8241217165758323,1440
1.9141060979684283,0.054495107128293974,0.08475043036767205,True,0.10893428552604324,0.0029625793373932903,0.051706340466623896,0.8041087145030794,1.2700926237223884,1441
1.9292756932420048,0.048598910519519034,0.07012516222558296,True,0.1542713716785188,0.00589420664117107,0.039159386798016844,0.8053419638739105,0.9906382371607205,1442
2.274970393941544,0.09914618664964459,0.09914618664964459,True,0.08471019188551296,0.0034042313523734782,0.04314924779559216,0.7148088678119854,1.2457571841822048,1443
1.7048492148252734,0.02890239972949571,0.035774744913312784,True,-0.06362216051743194,0.003580744003789423,0.034007028196060614,0.8308596187144079,1.1794891782335921,1444
1.523458480737517,0.04983154854716698,0.04983154854716698,True,-0.07453519383554873,0.003975660506525918,0.03285027902391696,1.1784059875282276,1.3489275116695563,1445
2.0951838572278803,0.03946925463395301,0.053186662797929385,True,-0.014930573807103008,0.005478485953788323,0.041433158794656116,1.1986135445167188,1.2481973011813352,1446
2.234581713534098,0.06532439427212267,0.06532439427212267,True,0.048006781362535965,0.0026486361575515202,0.04126408945302962,0.7588863652045518,0.8728129438888603,1447
1.9038325018761526,0.0834466289796072,0.0834466289796072,True,-0.033132562951457195,0.0025853802879086465,0.052603117162734456,0.7714159725305865,0.8867334439542336,1448
2.2909724087802914,0.09947933268101905,0.09947933268101905,True,0.08101142674559327,0.002358180520374019,0.06705742702177592,1.0940418040542053,0.9028308728647553,1449
2.2143094643293892,0.06022451500072501,0.09057846619349585,True,0.09725576905809671,0.004509835404131973,0.03855047276531245,0.7322713056218955,1.3542891345417045,1450
2.0197615209499986,0.06146011908191995,0.10039877278899834,True,0.2509486279528076,0.002321742975003274,0.049503452851675706,0.8459311951272982,1.3582074172674257,1451
1.8989143499543388,0.09233681291551155,0.09233681291551155,True,0.10435533407360198,0.00316426091217859,0.06778308743456168,1.0712947565847557,0.8087909620942363,1452
1.324182314463613,0.09250640211201322,0.09250640211201322,True,-0.10148971445816221,0.005975076314887209,0.05254182107251738,0.9199647538634858,1.0675871954880904,1453
2.2295927118897936,0.07512612157812781,0.108527818682143,True,0.03146009294433777,0.003719313775092285,0.05683139152249431,0.9371894037526672,0.9192821944328512,1454
1.9428451437224652,0.06891859604331652,0.08388168197106705,True,0.10788049714940515,0.004496895339240985,0.056982530500217114,1.2303131283719018,1.3016203264549722,1455
1.7116864056954313,0.04753382019045982,0.060777327976073936,True,-0.05488670001915706,0.0022279263173834093,0.052092473998156905,1.2390575655767022,0.7038094135388532,1456
2.031440828864561,0.08638164117347813,0.11253493624295174,True,0.15718605609071293,0.0028649819458273847,0.0576063035035462,0.7278818001704899,1.1365745990534095,1457
0.9644093504890066,0.053705426172391935,0.10168283647850629,True,-0.13523095508252372,0.004756075027117442,0.06450605266650794,0.843594221551382,1.0219135837942257,1458
1.8765538666624622,0.06895140394289845,0.08330905844870262,True,-0.047664569592299276,0.0021479672703634367,0.05454098145799851,0.9693507561137158,0.7627091328766213,1459
2.2256562797187485,0.09080182376440349,0.09080182376440349,True,0.023405014572055953,0.005156974338239032,0.042972028228372774,1.1348441914587195,0.7162949623789114,1460
1.5195163359731936,0.04873530868862441,0.06268917786749273,True,-0.07009055895235128,0.004076868083577692,0.0561125789317788,0.777571293585682,1.2054139236498451,1461
1.3318884863432743,0.08056095885743564,0.08056095885743564,True,-0.10022007811241328,0.004131180083240808,0.053818064148082684,1.0366005292364697,1.1866614193301395,1462
2.2247481415616903,0.0771142738475199,0.07893177270617646,True,0.06505722549972996,0.003091336845119348,0.04292838477036406,1.0396577260020896,1.1780606055296576,1463
2.2408563342249437,0.10335541552204752,0.10335541552204752,True,0.07164487714859062,0.004931170278137952,0.05519193540483151,0.8894060245870183,1.287038164351645,1464
0.9654095363632393,0.07258306939798298,0.07258306939798298,True,-0.13503746900328492,0.0029108345316111854,0.059460762040466734,0.8904249783195712,1.2101731791196482,1465
1.9101916570299977,0.052760159503570714,0.06435356509090373,True,-0.031654967499950185,0.00248956607539862,0.04549930625951974,0.7594143093134083,1.3938835533179792,1466
2.168486556273791,0.08252472726940185,0.11159028802206605,True,0.03205486097981374,0.003349637579380079,0.06819679186536948,0.8600012960398491,1.2714066801268866,1467
0.9701289759433678,0.07342425227820115,0.07519317718721408,True,-0.1404250256793966,0.0025675506491796844,0.06397275052196982,1.2331494658043765,1.2229381347904922,1468
1.720817657179694,0.06539157030443121,0.06539157030443121,True,-0.05865023207035737,0.003375098729726905,0.05764219878568115,1.1125895885583224,0.7302267076029367,1469
1.7095419595962653,0.05645033153924284,0.05645033153924284,True,-0.06449872886262936,0.0021739221779026483,0.05083572043602247,0.8506039880691132,0.7901637388815403,1470
0.6301200281477861,0.05908873121768865,0.06575755495994584,True,-0.1755735240156539,0.002747940931997429,0.05249641984874559,1.0412291957401292,1.289622506005524,1471
0.9823306948066488,0.09853286318329135,0.09853286318329135,True,-0.1365683626325182,0.005256808211472499,0.06085190780097065,0.9996935268763667,1.2667147681220454,1472
1.1869830105718506,0.07205045801443322,0.08960477312531268,True,-0.11550490358991018,0.004072715091443347,0.06435477739350594,1.2224956540808756,0.8241659746078429,1473
0.9704726168534847,0.07483058921435282,0.09823830243372389,True,-0.12865234742916298,0.002249960375495888,0.06216822007540498,1.1841695982352398,1.1570228234011244,1474
1.7139131114000463,0.09310793315885624,0.09310793315885624,True,-0.05168550243026418,0.0023093716387610663,0.05502689087454647,1.0464057024995768,1.0736175790701386,1475
2.116320312303401,0.03237554769056028,0.042660257227951304,True,-0.0020284722357764495,0.003248485831186221,0.03075496991949578,1.1284746103316028,1.3225410476168797,1476
1.3030581307377105,0.035785952674600496,0.060420423232716125,True,-0.09958442433645892,0.0022996925691216447,0.050694062630590786,0.7779579676515574,1.1343856786969466,1477
2.1826279272679017,0.0710745179292922,0.101388626572537,True,0.012657614335267905,0.003495895372879784,0.06765327691621292,0.817224947325393,1.2993231200537672,1478
2.2616323592853433,0.09919637169816498,0.09919637169816498,True,0.04185694405754039,0.0025527074509047957,0.04964138410812116,1.071296886950234,1.005330209766557,1479
2.242167463742163,0.061873006703424105,0.07017165194796626,True,0.05008119070812441,0.005102111922311416,0.04935192059265045,1.2180389082791097,1.2456331178587023,1480
1.7796854936723179,0.034190059174550314,0.04480330645575514,True,0.13634096913597504,0.0025269364541096483,0.036800333780103806,1.275454285215892,0.880235069714645,1481
1.3068243461488294,0.05733769628166674,0.06785629064874543,True,-0.10817195598194126,0.0043743109958453005,0.05651376277080373,0.8021575493109284,0.8677846872942003,1482
1.7142574108010535,0.09944961931838314,0.09944961931838314,True,-0.055612319117965214,0.003950263873963151,0.05928597575429586,1.149613678355383,1.3316090455071115,1483
1.8709897339148398,0.005176645697378746,0.015892975443356994,True,0.19358919509899958,0.0023478267153448735,0.03138490801536957,0.8767166788372625,1.2381028471636735,1484
2.2619034273736958,0.044996272943982785,0.07189195790055725,True,0.07755636929685637,0.002280399788850336,0.04795172525180843,0.7773032500613175,1.2970932837555453,1485
1.926722235100101,0.052044496993481904,0.052044496993481904,True,-0.03251192227158983,0.003137978651671457,0.031177517836216213,1.2857352955165058,0.9146905475296577,1486
0.3592148799263555,0.03570097830283325,0.05597903034494611,True,-0.24710359829795883,0.002296949403176612,0.0413215504516556,1.1401293707906213,1.0810753376250493,1487
1.9178695731415587,0.030790029180386203,0.05321555665472211,True,-0.0255463077305725,0.005175800755080909,0.033489610631203974,1.141031493240146,1.1739615724269856,1488
2.1984702830011003,0.07928329859919225,0.1041888809356768,True,0.05271653318039168,0.003990997400293075,0.062466725644415584,1.0921262952592559,1.1435714152749854,1489
1.8972682046236145,0.11199784252845002,0.11199784252845002,True,-0.04026043431518358,0.005082019162594719,0.06137737233566974,1.1478969658023928,1.284081634922937,1490
2.25171474310298,0.04471659810959849,0.05663601081944547,True,0.02639493980308387,0.002914329866328069,0.0387655952131129,0.8023597143541535,1.2823358874256374,1491
2.2609391635484997,0.04545972360116113,0.08018892735751804,True,0.07261004537054308,0.003356597841700142,0.047279378466468465,1.1458550108589411,0.7956364956280437,1492
0.38650446714164843,0.06304336951667477,0.06304336951667477,True,-0.2434626810229984,0.004234411159598268,0.05021786972083701,1.0511993788275056,0.7985548655221859,1493
0.9720537494183645,0.07571769599295775,0.10120754234641449,True,-0.13765566061103227,0.0034768397580948176,0.0660961030352435,0.976125097302264,0.8555824971766515,1494
1.3030626991754417,0.030986625914312782,0.05498545748817918,True,-0.10055469045425568,0.0051305726250493195,0.03679522379036147,0.7758262953346539,1.08986415254016,1495
2.2538867855303693,0.04483236954605885,0.04483236954605885,True,0.0707885276335751,0.00456815482715071,0.030303733976161287,0.9645658758116026,0.7136939005234021,1496
2.3174054446449617,0.08711948048268225,0.1133790868838136,True,0.27168183170136934,0.0023540342711743344,0.06080926856044093,1.1570609436546664,1.0784705437015685,1497
2.099977593077952,0.056302564669445054,0.07049175225516335,True,-0.0018449809897460037,0.004341050204645756,0.04960556583963975,1.1360471235632534,0.8030065860986376,1498
1.7103333397609504,0.11133734303033882,0.11133734303033882,True,-0.06642114430512702,0.005696000836727272,0.05371326974453569,0.9767857614730968,1.0454261582457032,1499
2.235445915440124,0.08459253282496171,0.11557509142061795,True,0.058477839199551455,0.003906633945094321,0.05422383968078662,0.778636693520922,0.9634615958990955,1500
1.3237652966035824,0.08214547639611536,0.10832461905446422,True,-0.10478990670985087,0.0025930613466836946,0.06900639785941201,1.0196731656332862,0.9357364752443086,1501
1.7124224791171088,0.054054062892453514,0.054054062892453514,True,-0.06223643022850067,0.002488156466089421,0.03811068382171683,0.9679588429885095,1.1278409589605882,1502
1.3203890514283074,0.07563029969957547,0.07927301930343189,True,-0.1060479574206192,0.0037703347019771016,0.055101202771772904,0.7046579454079408,1.02281980647072,1503
2.226526545329861,0.0771792569672114,0.0771792569672114,True,0.06206843900268842,0.0024437852180286134,0.047256049000758305,0.8577196797936557,1.038785523079539,1504
2.247253701897151,0.08121885749769597,0.08121885749769597,True,0.03682512727403247,0.004265910675707385,0.045385280551660856,0.9239108851707769,1.0717815461959943,1505
2.2511259553922116,0.038131155167085984,0.05554437826243497,True,0.030249643463654337,0.002963157033410596,0.0321544228835759,1.111077900045494,1.1741507736617842,1506
2.239965051767058,0.09567408680943057,0.09567408680943057,True,0.08469687392930834,0.003223663479162603,0.035452641792752745,0.7176666959640418,1.136585993898844,1507
2.219755341136306,0.08588588147584941,0.11513957008447395,True,0.10342207322432379,0.0045716167448625255,0.05264807896961937,0.7210979106020694,1.0741780937289784,1508
2.1956087464065774,0.08114921111244855,0.08693539978504639,True,0.10138597999370813,0.0033669820117744192,0.04188715486306224,1.0118341350732512,1.2948265863510975,1509
1.8868337846070347,0.08744294925394613,0.08744294925394613,True,-0.036834136461337805,0.005691500813022093,0.0677860118611561,1.2652143550932604,0.9090397377522352,1510
0.4315524433281297,0.07641386606007505,0.11274444206250323,True,-0.25105663361270536,0.004067725166060207,0.06994693431764723,0.7119366475171565,1.2375684486246357,1511
2.2321492143476718,0.06189446105983909,0.06497711843630793,True,0.07191837692885762,0.0032652089968317026,0.041725830379445064,0.9584060176071059,1.0064183278068684,1512
2.183242347629644,0.09205895104446493,0.10805884654709574,True,0.0007307083235356701,0.003003688758469943,0.06028361144374376,1.262205644611301,1.1557676149393168,1513
2.233699912536906,0.030095199769190728,0.05147279342559363,True,0.020213600217369336,0.004073163639675862,0.03945823140906646,0.8019546967319882,0.8189871597993525,1514
2.137284671561204,0.05009739276054681,0.060618551711540736,True,0.23316640624186155,0.004949422910082742,0.04133030789215391,0.8424477737154461,1.2941059854684522,1515
1.4487317110233704,0.015852939208014005,0.04096121316361656,True,-0.08814109527424642,0.0027636405295407766,0.03221089780998945,1.1774703390799541,1.3668080578565118,1516
1.9696138525847005,0.07362177356105204,0.10822469196676932,True,0.15038204659875493,0.00398048813601121,0.056017556658698474,1.1682769748613526,1.3298310749992015,1517
1.922825544686475,0.04654497547476044,0.058903756422657105,True,-0.030824481611241423,0.004060394465075551,0.035506829503985184,0.7177809216569663,1.315972395970483,1518
1.872502989627563,0.10315798098517726,0.10315798098517726,True,-0.048092362326201205,0.0038429338995016648,0.06413340117421716,0.7337157642014642,1.0865561895239026,1519
1.3100683442018664,0.09176511423399991,0.10240136190297533,True,-0.09848648961995561,0.004200785687529392,0.0639817675298251,0.7726852228156043,0.949262505700733,1520
2.149631160769218,0.06417126744756652,0.06417126744756652,True,0.23129505793377303,0.004555895409507859,0.03481088942656963,0.9055708907208813,1.2607272140667534,1521
0.41398793751287144,0.04326350975723159,0.06463600480308807,True,-0.2526945185089678,0.0027777220786246604,0.04125180646843877,1.2316083817147756,1.2545058965513514,1522
1.9145218246659397,0.048657572044713104,0.0626688304248808,True,-0.04206811188739454,0.0026197771771395155,0.044232259085217204,0.700673562008968,0.8651134613173923,1523
2.239948738536299,0.11003027965801593,0.11003027965801593,True,0.059572821103493934,0.004604180332942907,0.06883331244568247,1.0043919338507972,0.847262176121522,1524
2.2507657608601335,0.08387509932875825,0.08387509932875825,True,0.06355004405268941,0.004842063800781041,0.04692292657048858,1.1029978664197762,1.2724798930504497,1525
1.7568930116314618,0.09178389975415913,0.11915530495613003,True,0.12635140085689842,0.00393800445475841,0.059547654048098426,1.1341495972788007,1.232918312759736,1526
0.702571936705084,0.10135660621146192,0.10135660621146192,True,-0.16266000337328299,0.004385298776183027,0.059310080689520955,0.8939847676712327,1.106316920302166,1527
1.9108604776079687,0.07038139909636199,0.09360290965607532,True,-0.025814526482288058,0.0024330290612631193,0.05849716012183492,0.9864315527340877,1.0511695251911457,1528
1.0626070595056945,0.052925446107605634,0.06057107231131553,True,-0.12514624006535088,0.002938151839531048,0.039930608150610676,0.800172737960139,1.368697336120109,1529
1.8530395278122285,0.07376134516216504,0.07376134516216504,True,0.1393392254887368,0.003857292024348663,0.035389151621578796,1.016827336198041,0.9215031791943363,1530
0.87088156483658,0.02100354068091992,0.02100354068091992,True,-0.1445510105243224,0.005306303567823095,0.03888577923355767,1.2956046875511613,0.7473503045334087,1531
1.9007883674304225,0.05466889689034993,0.0735661081282295,True,-0.04028316791472601,0.005975239731858046,0.047836541142687906,1.1584956610876,0.7941756576065572,1532
2.234470732035618,0.1056368716787639,0.1056368716787639,True,0.07476002386603255,0.004810700714501405,0.04521262204161752,1.1511105622252518,0.7765013036419688,1533
2.2027008840842797,0.05186748598364033,0.06592952361488624,True,0.017180089712417503,0.004349606447676397,0.03676850334090189,1.255858549083949,1.3763342690036464,1534
2.202272807161947,0.08291185856290162,0.09606286845488632,True,0.09504556328964249,0.00586288211906775,0.050430789945275264,1.0325778010281417,1.376825664210294,1535
1.5409082726714018,0.09884336947586503,0.10152836297836587,True,-0.07514757039855478,0.0030929498831220813,0.06821654689083177,0.9222226587409832,1.1976973958300288,1536
1.3119357001438914,0.04775830217692412,0.05604321312302396,True,-0.09593575906245383,0.005501530770245109,0.046603726374135776,1.2477738363254716,1.2024871865205449,1537
2.241908462106892,0.10708671710493389,0.10708671710493389,True,0.079785564304571,0.005553073646310259,0.06482335820737653,0.9722063509238057,0.8736632881920358,1538
2.202372609275699,0.10802680620009997,0.10802680620009997,True,0.30016641653299464,0.004743470530973255,0.04877931129514073,1.173965015240168,1.3220957602892272,1539
0.434117213033403,0.01211900829817325,0.04554523001205335,True,-0.22024430422542854,0.005652081684725415,0.0662273372639949,0.7830645305112302,0.9382497161645789,1540
2.2671179657725133,0.0758814557744587,0.0820492715842891,True,0.07551617676848998,0.0047633040335832285,0.05094965568401165,0.8822448631845593,1.219226598391338,1541
2.18813862806212,0.05607677924300769,0.06077358003233613,True,0.0022322953483034443,0.0030055039239463067,0.0366219133649854,1.0384772810028269,1.1943876344330389,1542
1.90302549024112,0.08106997166994812,0.0814783330024893,True,-0.03832813392278013,0.0031911646276908965,0.0633432405709376,1.1255853810359624,1.2287134573620233,1543
0.9699404303103449,0.07723290257855675,0.09038053223930209,True,-0.1316594256431231,0.002516628636428354,0.06338022001142758,1.221025783122994,1.3566520923972876,1544
1.3074328675684228,0.00650098776924124,0.03965952149622742,True,-0.0980175478680027,0.0023136310897634,0.037899637447419546,0.8786338851462981,0.8430579339234767,1545
2.2280336334766275,0.06939939332524281,0.06939939332524281,True,0.06230685987325213,0.003281699329012503,0.04602791045634079,0.9466589527687438,1.3599743298658042,1546
1.7084638682259197,0.06598619523944316,0.07678354489171624,True,-0.05081110669919408,0.005078222289946057,0.04429687276404015,1.2653527337079016,0.8103151905434876,1547
2.1760388390736694,0.059303775026263716,0.09015774966008472,True,0.09394376694903149,0.0054907506669727435,0.049257151025100254,0.7563100506097236,0.8312382547732201,1548
1.1846624551467784,0.022955171399251295,0.022955171399251295,True,-0.2827424781514253,0.0035411695178151617,0.03045498680415555,1.1333508845781688,0.8599858300482571,1549
0.961988174740597,0.05615734953304119,0.0684831573992688,True,-0.13669643413174276,0.003983667486158351,0.048259065267697736,1.1699565640458458,1.3109433076318768,1550
2.2297584430589126,0.08696033377228063,0.0933385174421304,True,0.04042989189535306,0.005253881448054203,0.06587121437114546,0.8610970319569623,1.0929630277569937,1551
2.1694614015805485,0.1033953252097144,0.10448923575977398,True,0.023483738228674358,0.004544192299431345,0.05840643806364092,1.2893938096098898,0.9748930293725737,1552
0.4250482888083411,0.028119431478698997,0.03440418176068616,True,-0.21876765368141082,0.0055047294812899,0.03612389963154571,0.7934294741401963,1.0349396482079256,1553
2.189774169487066,0.03418269685647335,0.03418269685647335,True,0.0032433578480650952,0.0027312678032078144,0.03261136080824122,1.2724955553902721,0.715181128203217,1554
2.2528157144543997,0.08089679443153042,0.08977877678349566,True,0.08135883723231006,0.004044340903655304,0.04730408048515078,1.0425619027359698,0.8917669461097881,1555
2.1606768142540886,0.09489066881609909,0.09489066881609909,True,0.0006465025820981418,0.0024528837427012567,0.06528972430671615,0.8266302210194703,1.1076464660725651,1556
1.3041362509315633,0.010612170377992225,0.03824034788609265,True,-0.10685708073662196,0.003156259762139406,0.03181619610433147,1.1055405922468906,1.2059272221065802,1557
2.1777060769580885,0.10037703620995364,0.10037703620995364,True,0.21265362645395136,0.0049871299268292,0.048232789894487364,0.9038721485088724,1.164971506674883,1558
2.2434811920826263,0.0809931236066006,0.11340294441046561,True,0.08588519555395858,0.002130462897817299,0.06135136144537696,1.2363709190878267,1.1897854347411128,1559
1.3191347299863878,0.0831096555644717,0.0831096555644717,True,-0.091818287593889,0.0020506596575396766,0.05236036652973188,0.7516789215218982,0.9552339179102087,1560
2.0891984057921036,0.06325166865936893,0.0761577375297966,True,-0.0143034467535416,0.004794048793756642,0.045864068065103084,0.9588884440927281,0.753931904589937,1561
2.2252050428356966,0.07757127232113925,0.09549639339926985,True,0.02589147581378998,0.0027006711260900876,0.0406100719987008,1.1220643394662468,1.1406609764073279,1562
2.092754902031004,0.03921235033617587,0.03921235033617587,True,0.22895834177722305,0.0036877711687570078,0.030456842273366813,0.961899405624221,1.3306572594326402,1563
0.8914487252094574,0.07126568135346756,0.08938060898532707,True,-0.14941093861667606,0.003714392462599019,0.05498375524281751,1.1672602207555673,0.8795462302909757,1564
2.220210148867281,0.04697818117804853,0.04762906928882038,True,0.01933916396356119,0.004300277927670916,0.03229906227523634,1.145745091174697,1.3814499225210286,1565
1.912353846123466,0.07106362376761477,0.08800165570472185,True,-0.03616665636405733,0.0037461057510382307,0.06447923488689088,1.2596401716173644,0.9073260988011995,1566
1.9147627042293607,0.06094367094242292,0.07971458312525614,True,-0.04137044293105224,0.002876516769045552,0.04303252870642442,1.129964596296345,1.37205710750927,1567
2.205575304488221,0.04217071996440125,0.06337706605292714,True,0.0059179742316534615,0.0036047008226661624,0.03404933074368021,1.1203467645491574,0.9817958904495152,1568
0.3619631246433528,0.011818966833998523,0.02565296977273146,True,-0.24026533375697656,0.0033568713231890493,0.03595310466992861,0.9422894331499659,1.344181261996447,1569
2.234871969798391,0.0698766533609887,0.0698766533609887,True,0.06422375461811454,0.004596985216569358,0.038300310107320004,1.2980439052284736,0.824394543580447,1570
2.013891785590971,0.10653010573339006,0.10653010573339006,True,-0.0055006041384970065,0.0020205051317761223,0.06710500777627991,1.2778564675883621,0.7573219819404708,1571
1.7132158457975493,0.03996610546910362,0.03996610546910362,True,-0.05336564475936078,0.0025882489115283684,0.030758276932008898,0.9843738414891698,0.8168780571307297,1572
0.5926292412892735,0.041115633003455,0.06014729474775904,True,-0.19477653970941244,0.0025875100170449777,0.06295286495467832,1.2304656302483061,1.1221689688911174,1573
2.0820954645573124,0.08171527459888961,0.08549240808276459,True,-0.015575233766712304,0.0034259627033019395,0.06265103203075627,1.0892806822944197,0.7466532885285826,1574
2.2577831988423043,0.08394330497481528,0.0922717303204652,True,0.0785182891818284,0.002359400923993906,0.0545020324912649,1.2900075390544303,1.0428947967040927,1575
2.2197114083633096,0.06102466303992804,0.061616326169436686,True,0.07058305249132059,0.002508211169830553,0.037385870970882154,1.1993184569895396,0.769510342832156,1576
2.2734402177696467,0.0772570168310216,0.0772570168310216,True,0.08337055928114691,0.0020286109678479955,0.05222872217557524,0.7167401525281144,0.9562128578537286,1577
2.0384302025731955,0.04945421572458186,0.06003337707668077,True,0.1626557238302433,0.00560793512160037,0.03811585195407226,1.1534964532660874,0.7798039969124355,1578
1.4530903477700576,0.052282454674073886,0.06921735232996684,True,-0.08791318409464217,0.005158511325462367,0.059441846847601475,0.7529085138881658,1.0696476558853298,1579
0.9785306573383536,0.06788913167219612,0.06788913167219612,True,-0.13637814965083345,0.00540335581526729,0.062052240438309786,1.2878467499718582,0.9341712515834589,1580
1.5440984128496211,0.0737529856138206,0.0737529856138206,True,-0.08586287053310468,0.0024875186982453346,0.04693325276841561,1.0933367599813641,1.3501289732186865,1581
2.2088131355696987,0.0634040037666912,0.100087731671344,True,0.08948846740844554,0.0034254670485165126,0.03629174129576507,1.2617266141671422,1.3963523978116896,1582
1.781815434086596,0.04769520381793457,0.08856346996155162,True,0.14756278539258777,0.004180864078776432,0.04764035654758933,1.2789214849565198,1.2858450523587415,1583
1.166265360316146,0.023726379990798074,0.03292825633209939,True,-0.3045300476348116,0.005667094810954624,0.033705086005417044,1.0926797546026283,0.8909806097504849,1584
0.6263563430511141,0.09049489087482909,0.09049489087482909,True,-0.1804864637775396,0.002091077217279783,0.06295605328121229,1.1926401077098556,1.003672178318561,1585
2.2520615342584875,0.08362755997986282,0.08870401415766516,True,0.03723048131705873,0.002460767355923121,0.03847434975593935,1.1990516066062207,0.8607230044396984,1586
2.248111901827045,0.0587518388726862,0.07505844635468151,True,0.06130942803501424,0.0033104299813768038,0.03436615578501181,1.005726364930801,1.3148547417462564,1587
1.9757189528016426,0.09867114883760486,0.09867114883760486,True,0.1516505491408226,0.004479016014848659,0.06503744894264277,1.112861984483216,1.1403906768304914,1588
0.4336920606154422,0.03362595865799389,0.06345377109288064,True,-0.2131122083577361,0.005558897174968011,0.03724786141001293,0.7882257119663911,1.2854584240044549,1589
1.3012951703010458,0.06024226370680452,0.06024226370680452,True,-0.09525579471030875,0.0042516506279851735,0.035040998051841916,1.1710533189458616,0.9426201186644265,1590
2.068292491484783,0.08889652310492435,0.08889652310492435,True,-0.019342898899413884,0.002208264159403625,0.04427881114006053,1.259410560273324,0.8172298316616275,1591
2.0881625870232625,0.04736385469614102,0.0830928209823627,True,-0.008100979314907024,0.0031960084764920543,0.03598453130767385,0.7133026585390336,0.7986029465515028,1592
2.2434833610020917,0.0767734284870043,0.10000580399251358,True,0.052772792763429895,0.0023454895708363488,0.0490202000347572,1.2764917801788815,0.8303239687335209,1593
2.2422392254662924,0.09171538077050312,0.099358989675288,True,0.07125023652049299,0.004550093843312999,0.059773851165043454,1.2528687728090837,1.23277236760217,1594
0.6183743333264289,0.0127996111395976,0.0127996111395976,True,-0.17236524829547983,0.00516286025897668,0.03196486120251979,0.7957836478535926,0.8367438538919534,1595
1.8054125008999193,0.07733399051583101,0.07733399051583101,True,0.1979903381129106,0.003489011034475727,0.033829517830397504,1.2329708298144593,1.0467708884561988,1596
1.8233015062252775,0.06916132471347924,0.08369402739959075,True,0.13769913423740637,0.002358216632020742,0.05437416637432989,0.8128362193416953,1.0964173647940598,1597
2.2614807511928916,0.05039113981762178,0.05039113981762178,True,0.025949393051800364,0.00430053069750017,0.04162696891866646,0.8830312871448394,1.28134391319728,1598
1.7182145357309366,0.09072383038822873,0.09072383038822873,True,-0.063978775514072,0.005538920450449909,0.05998661496288729,1.250176959149079,0.7290945201259885,1599
0.4209492412576168,0.06578985529978976,0.06578985529978976,True,-0.20484985162454628,0.003832572039497958,0.052306926197658185,1.2664238922491904,1.0118320985410894,1600
1.7126934884986724,0.05993644636950801,0.06958017536452954,True,-0.06704613472302642,0.0034505453587681885,0.05701155714835264,0.8525700531336932,0.8288397255147664,1601
2.0836938803777088,0.06176741069499836,0.0730213312520629,True,-0.008277046578104026,0.003379891335293113,0.049511079020835604,0.763883769400092,0.823350282261155,1602
1.168372375735089,0.03787205661720461,0.04174867107244129,True,-0.10899685817228255,0.004050654757832348,0.03654159045894445,0.793581550373119,1.3624150512888642,1603
1.5240536887478129,0.02480540406141518,0.05277081533918082,True,-0.08470230111962163,0.003931616930661703,0.030461955134350446,0.8857194767942863,1.2620849144984434,1604
2.1820282205057566,0.0981798540582226,0.12372891908629358,True,0.09294078885663835,0.0028575776427278684,0.06060663841254249,1.1346021227629735,0.7832922377777566,1605
1.8011483105859725,0.08246420522924414,0.08246420522924414,True,0.19130142180991616,0.003350484213229995,0.04544165084786006,1.0116593276677919,0.7334573003694526,1606
2.0964876264723955,0.06758400459127545,0.06758400459127545,True,-0.015738920462141093,0.003723441372786833,0.041233483429732945,1.2090653496520885,0.7725602646153611,1607
2.200128062527398,0.03780195799777819,0.054864572547969725,True,0.017139496209474154,0.003604552278774629,0.033678383927246855,0.8736867134442234,1.1791396478359344,1608
2.0616275875539145,0.0837987405964693,0.10005282613119193,True,-0.009518041968443903,0.004468693197589375,0.06213535472880296,0.8632312823837125,1.3029740450033436,1609
0.8825400105543082,0.055570740037547584,0.061642152632318536,True,-0.15532721015565118,0.003348437791222022,0.06055322543749766,1.1281241744618689,1.2747628973086944,1610
2.215886145124699,0.10325949293608594,0.10325949293608594,True,0.05013013778240784,0.005125192388333932,0.049317846745055974,1.2893918035970313,0.7812464959871415,1611
0.42967915289135306,0.0364921080679903,0.058775836139018045,True,-0.214853355182309,0.005300877178865841,0.040979294351330034,0.8854332190466209,1.0185945066907172,1612
1.4575706306276714,0.06015690956695163,0.06015690956695163,True,-0.08963921962024275,0.005681890392023054,0.034913244988002634,1.2607439035995898,1.1075560932323532,1613
0.5017886932995594,0.049337342710514154,0.06828514837750199,True,-0.2559906883637307,0.0034589821892851,0.05347442140237389,1.21704609120109,1.353822936583495,1614
2.0630859087864337,0.10749830044373421,0.10749830044373421,True,-0.014069424424312313,0.005717043559014754,0.06348049677135037,1.056000158876761,1.0564707653908096,1615
2.059169432286808,0.10190719199989351,0.10190719199989351,True,-0.0215815488294472,0.0058714500305548974,0.0616422684446048,1.273679801718381,1.0300026221056076,1616
2.2407294120101113,0.08328344083710015,0.09061350017717218,True,0.05344131695965553,0.003224331141303913,0.06219568094360421,1.1901391693940702,1.357069111817487,1617
2.095389721606466,0.07564974425823112,0.08582896802828532,True,0.21458036359094065,0.00261448609120784,0.06012144506567621,0.8922080316310302,1.372446357310239,1618
1.7066116100057087,0.10668468311681178,0.10668468311681178,True,-0.05447647670682621,0.005213879398471458,0.05669011178811757,0.8831439970457073,0.8778937709964382,1619
1.5410204588029615,0.07660607257949992,0.12265733906239529,True,-0.08402214861644075,0.004508189339175446,0.06893721338635894,1.0282862528026655,0.8373914994522234,1620
2.0087147469036637,0.0572641163299239,0.06795045552971479,True,0.15911049486699202,0.00379822379138579,0.051221911550643845,1.241905004887533,1.0006784950619285,1621
2.17445127750932,0.06157695887519288,0.07810261009568453,True,0.003326083638563009,0.004397399729252318,0.059263591119126775,1.2956230910700541,1.15658463806953,1622
2.217038352430876,0.09417091863408134,0.11234712368171684,True,0.07143077178794724,0.004476806247331041,0.05924437592424825,0.7865994820157677,0.7404397145542161,1623
1.9274233700039645,0.016732703879656752,0.04526342005768402,True,-0.03698741511818605,0.0037384259926375963,0.0606171360816564,0.876439581694492,0.9160887893925125,1624
1.9123016774326516,0.052359006801457886,0.052359006801457886,True,0.15008521879677902,0.005374870649643321,0.03635036582837867,1.016988312979205,0.9344168088388759,1625
0.9670661949935777,0.05631621613039606,0.06597382120835249,True,-0.13902010592977462,0.002127987254203015,0.04952591032045345,1.0825752844074086,1.0611669634603285,1626
1.5281135785061934,0.06345994141864963,0.10154416217407825,True,-0.07003930711946167,0.005856281481075497,0.06267286147626135,0.7172998914415,0.9900018745189336,1627
1.3001500680317264,0.06516266844752505,0.06516266844752505,True,-0.091360225773025,0.004130437330523127,0.037139286387533825,0.9116175466374309,0.8032335142281225,1628
1.1670709468501883,0.06138110144016107,0.06138110144016107,True,-0.11890716977064612,0.004062377023678614,0.030009882375645756,0.8173154058578619,1.3888221721635503,1629
1.5248742795524066,0.047644907488454846,0.047644907488454846,True,-0.08375640485154887,0.00524268502597398,0.04468952622036569,0.8054236422141255,1.2743684451592214,1630
2.189746544720691,0.09337728545661594,0.09337728545661594,True,0.021935640229188272,0.0025492222174394543,0.060277141447297705,0.8502422463431094,0.937441360372977,1631
0.9665834277654426,0.050803794319661755,0.06581767153632412,True,-0.13331427863194606,0.005226932885931688,0.042680132341247456,1.1281587108427973,1.0141053714288033,1632
2.1154324635473216,0.10540970629481206,0.10540970629481206,True,0.2114293175881171,0.0046005040154113944,0.05537637017527379,0.7717696488275017,1.2458890490832033,1633
1.7061433936779196,0.019053982253375956,0.0428415257416519,True,-0.05888943140844343,0.005406735556030115,0.03756149660102506,1.2631856225681335,0.8567622088231326,1634
1.7673179515694812,0.09068564212676566,0.09068564212676566,True,0.12583146178668328,0.003546824356539687,0.0486795362916066,0.7263820185774406,1.115050707481403,1635
1.7061818906466328,0.029359274560923687,0.04730878313334497,True,-0.057169480362523784,0.00483575153773042,0.030438665459424016,0.9170904502628826,0.9363335182082735,1636
2.257839747255275,0.04754789404116799,0.05910055927139113,True,0.07992001424798278,0.0041724551672762625,0.032121606712252615,1.2560575515405166,0.8904066409450945,1637
2.066200913748389,0.09284379955134403,0.1038144106097163,True,-0.017923529279391903,0.004185921078026044,0.057459157074123766,1.0362759497149618,1.2649716193381095,1638
0.6348871292292415,0.044841154102073455,0.044841154102073455,True,-0.18084409859815992,0.003694510081046194,0.04954112864035952,1.2172495293652483,1.3283582866132522,1639
1.7187233201943002,0.053479746914529835,0.053479746914529835,True,-0.05319171135846483,0.004954977521168349,0.030643153239843252,0.9513889069733241,1.247571086726144,1640
2.0659787701121815,0.07094486628738772,0.07607562776788646,True,-0.013669359302933235,0.005365344011518581,0.06628332004204729,1.010698699684077,1.3527287983260299,1641
2.1776055496393667,0.08105596867513465,0.08105596867513465,True,0.004975662442986653,0.0036859523103353314,0.046617347005482736,0.733130626181199,0.860861590119102,1642
0.6773348997349871,0.028968734561927834,0.031141682903805146,True,-0.16303628475925824,0.0035401350291407166,0.05507598241220457,1.0913635875640662,1.0572088287221608,1643
1.3028975366927398,0.03562124213069362,0.07266916420047842,True,-0.09251278173051578,0.003760039226771382,0.042473179212734344,1.1315325917557564,1.3672266021060648,1644
1.9166927679619477,0.029740294546090507,0.039391410013178696,True,0.10698278687538444,0.004635669952671579,0.034054113350121124,0.9126344198802302,1.3613862903077243,1645
2.2436589833916116,0.09544233101975874,0.09544233101975874,True,0.058946281467243206,0.004208689029892751,0.05093015432440104,1.039923642186096,0.7073619212169531,1646
1.7008944906663146,0.07582863320466737,0.07582863320466737,True,0.13479196326858328,0.004547499963938387,0.05723889280552389,1.0058714989182267,1.0106310330489081,1647
1.5188182962142776,0.029973072407447177,0.04795153743026059,True,-0.07923213893562644,0.0033633851336303585,0.036949694765057,0.9645180676976279,1.3423400292440788,1648
2.1454002459965977,0.1090781322824863,0.1090781322824863,True,0.019440805041940967,0.0029748414621780066,0.05272056588175077,1.240078691688771,1.2412049820064532,1649
2.2081755605185265,0.08913010160287804,0.11421476587061763,True,0.10047788381980127,0.0028122449408398706,0.04930755282402856,0.7937893539312125,0.8895841671006687,1650
1.72396937741739,0.07943739902910485,0.07943739902910485,True,-0.05896213794539762,0.0036078898601113168,0.06944439919364741,1.123214410422305,1.2960991377045596,1651
2.2639655810246353,0.03200589928492281,0.059640503138294276,True,0.0400772496370657,0.003179813189695587,0.03212927815982172,0.876080805286638,1.244484871903674,1652
1.901645957579973,0.07692600355529389,0.08592210160160985,True,-0.046792988914795414,0.005734061550241691,0.05288083418868213,1.2843489549240634,1.2293763232045376,1653
0.6697208894970856,0.007675794663888125,0.019209823924098757,True,-0.1674198580089709,0.0040111849020432865,0.03117419055503707,0.7380349431491009,0.9636041391234087,1654
2.153919323474156,0.08787068922728802,0.10191165894558307,True,0.023703372446209674,0.004631510741439209,0.058720398833372225,0.7557203309483742,0.8781546944986971,1655
1.1692164309509963,0.013194067383598407,0.02132496424521979,True,-0.11127558727332397,0.00557586671776282,0.035586415375771153,0.881760060616201,0.9624776252972488,1656
1.3014677361558142,0.03744474335437031,0.05694548817309952,True,-0.09630436510127124,0.0037160766383784434,0.03501931899264155,1.0782543070192205,0.8850521296309737,1657
1.9231729704655294,0.04524606427768174,0.04524606427768174,True,-0.025540409468974085,0.00394556654026675,0.03729399572175793,1.182938515178464,1.2368451145978883,1658
2.072709876694887,0.0913852312752732,0.10322529709080763,True,-0.021749529235405147,0.0055023580287537985,0.06526266447813794,1.1787693092825902,0.7603164576159687,1659
0.6417166900868381,0.10785452151162933,0.10785452151162933,True,-0.1841163674423478,0.0042043241534816325,0.06204386126065123,1.1746074999803002,0.951952795370427,1660
2.1503519471436476,0.08743787441731654,0.08743787441731654,True,0.019508029356100052,0.004100484908885148,0.0678344785801169,0.9213523355628618,1.258726350928589,1661
1.9156516557131908,0.07489696441691773,0.07489696441691773,True,-0.031705160067330866,0.004102121749362,0.038317379562617805,1.2887051509094052,1.1048022166066676,1662
2.243999194825463,0.05979593957060625,0.05979593957060625,True,0.045779127440385065,0.005875798445422327,0.03792235162548009,0.7674270197327635,0.9921363028094177,1663
2.270252517080465,0.08036627724190915,0.08036627724190915,True,0.04649106340670675,0.005661600936392022,0.051976949496410914,1.1973878611796742,1.152564549997864,1664
2.2519805906073316,0.05830129280907648,0.06828319649530501,True,0.05259578709303422,0.005754880155611492,0.040719995071502896,0.8870282120244791,0.742337035753879,1665
2.234650258924546,0.12001058175410595,0.12001058175410595,True,0.05886059968999043,0.0029463653626794276,0.06741578109486876,0.9965607643895378,1.0318485330972806,1666
1.540552593332663,0.10555898106815231,0.11985176394921981,True,-0.07039255794007171,0.002233396630156146,0.06481686693627925,1.2778784990117038,1.1520614065022048,1667
1.799034152518871,0.05218819594633217,0.06088171661668995,True,0.1390014373431272,0.0059491353361932255,0.03866179729378622,0.9771278187041728,1.2970397607397313,1668
2.1133046847375425,0.08945431322753006,0.08945431322753006,True,0.22671656266447116,0.004342201933086995,0.061587063315299374,0.7011761702255722,1.1707529139552946,1669
1.9791257261806976,0.060836626384581205,0.060836626384581205,True,0.1576650539814363,0.0034331084854061717,0.047964610041177094,1.2975674562603925,0.9833816091616535,1670
1.5364583950868393,0.07063330500154419,0.07063330500154419,True,-0.08692112535906092,0.005539598865473241,0.05836609067275565,0.7436737651347205,0.7458649460906588,1671
2.1991331236591662,0.06417287809680006,0.06417287809680006,True,0.017757693062828147,0.002363582195757487,0.0381074788711258,1.064014717117026,0.9616733486580681,1672
2.086830370766222,0.08507003045118244,0.08903609397905754,True,-0.006918264935095501,0.004722426583124175,0.06500108409682953,1.0944680266502511,1.209881501331075,1673
2.212728053732306,0.08492461423333664,0.08718981549472549,True,0.025770311260207884,0.004920190951057762,0.052150744268568985,0.9787928579064191,0.7010987082480772,1674
1.974798749821261,0.046861239702754576,0.059359270581883505,True,0.15102585690718484,0.0028711204334688897,0.03691147646726272,0.8086840851840373,1.0744912508721902,1675
2.2024219639973666,0.07786945151844815,0.07786945151844815,True,0.10026601453832472,0.002811210778520686,0.04547270622534611,0.7765232827773967,1.2264540315818677,1676
1.7136110523489947,0.07130435198397533,0.07352771139701741,True,-0.05111914039706884,0.004344530398936796,0.052294498800952875,1.085940161747974,0.884650723487342,1677
2.1844781963659443,0.08280897465299453,0.08280897465299453,True,0.03757255039151749,0.004773078761357151,0.06779623788562529,1.200402352451309,0.8758713720802611,1678
0.6848528804661669,0.021677255839666287,0.07099496129641869,True,-0.15898740498297986,0.004401102667882394,0.0476269672048341,0.729760819095998,1.27088055126967,1679
0.638781242858073,0.06466609143329016,0.07464236626552467,True,-0.18027697060368242,0.004452968061676608,0.06385879236370505,1.252979716912663,0.7368889052020585,1680
1.9024842506741493,0.0963629247796296,0.0963629247796296,True,-0.029892292666458434,0.003818369915916351,0.06659325753403966,1.2847558262185288,0.7307296742567697,1681
1.890776966989577,0.1040530506612054,0.1040530506612054,True,0.2625597650770821,0.0032134515624086153,0.051307261657854285,0.7215727950773458,1.1153574628106706,1682
0.4243261828325444,0.022352072352093133,0.028514625037520336,True,-0.1980952826378615,0.005428872353057421,0.03339460888668542,0.8076766076188078,1.3628089946217732,1683
2.0687489081794297,0.05868658864647913,0.05868658864647913,True,0.15578419733422644,0.003988686932009246,0.04568657780029456,0.9385333528599745,1.1957989365178872,1684
2.193606495447284,0.05270145460959208,0.06595907686162183,True,0.007474882753021783,0.0023882953590742785,0.04108536084075162,0.9067387076341804,0.958591160103955,1685
1.1719108912557914,0.0655716939075619,0.07984359128464447,True,-0.123009446289325,0.005691038060907984,0.05711473387229025,1.0239504408334037,1.2150868799576933,1686
2.2016681051582054,0.06442357727169723,0.08008585584971262,True,0.022076256580670025,0.004131994482149547,0.04600877806790209,1.0288783272711672,1.2275743829985264,1687
1.91970592115824,0.024871889778622203,0.03145766018838203,True,0.10942655783003415,0.0029296046588257476,0.03468950568529749,1.0004399192379816,0.9250711637907005,1688
1.824219428636411,0.03441334990533407,0.04346687285763329,True,0.13681462342872105,0.005829113483589026,0.03556300322671957,0.9724155762637768,0.8435299348235136,1689
1.8631663733806647,0.10522564023842418,0.10522564023842418,True,0.13192717141671995,0.0050247865812248944,0.0668917961020093,1.1715651909010951,1.2756178402255194,1690
1.8540689364205036,0.1077125860076642,0.1077125860076642,True,0.18363277220563315,0.0020196813630438473,0.06020582296169227,0.8339661655851709,1.1226104094215061,1691
2.2390583331780647,0.08901839531168876,0.08901839531168876,True,0.05400728120781188,0.0043200267200014415,0.060120158467819755,0.9571762757506117,0.9705518260918014,1692
0.9734637615364221,0.08073246949233659,0.08073246949233659,True,-0.1427548784796832,0.003621256377756809,0.058012704067720015,1.2122840092374148,0.9292870267699712,1693
1.7069934342717943,0.05125810472031089,0.05125810472031089,True,-0.06609041118365347,0.0020690647573206084,0.03578860435061912,0.9895081239531014,0.9014267627278059,1694
1.9196202441614787,0.04570692506207963,0.04570692506207963,True,-0.04322138122772935,0.004437460521009164,0.03367584734455776,0.7630319985235053,1.2088395641075178,1695
0.966731079244326,0.09473552480293645,0.0953298167252723,True,-0.14213697322158184,0.002182248629189733,0.06024043064861628,0.8686968623045039,0.8992234510903849,1696
1.0048477005673249,0.06004201888633087,0.06004201888633087,True,-0.1380607567244787,0.0023634657724106198,0.06699052538936662,0.7967601028590547,1.1074455442093187,1697
0.6733982972513672,0.05668695017093017,0.07499855457220028,True,-0.1694114678166409,0.004918274030847226,0.043781094970131086,0.7413706053287209,1.3597415073524513,1698
1.5138179171820383,0.10630153235704487,0.10630153235704487,True,-0.0787470861931042,0.003277359939988861,0.06377064507095988,1.114030703346695,0.7040058183215276,1699
2.2129779395658034,0.10223725973339293,0.11362419390241452,True,0.10298772717121342,0.0051726350237179895,0.0699171633969933,0.9473512744883086,0.8462557291952182,1700
1.1646781723867292,0.02383110036498648,0.03341582772583118,True,-0.11097045180675218,0.005859245713005668,0.03928293121888862,0.76244822568944,1.2276053616226599,1701
0.42857415239423347,0.07830842039320496,0.07830842039320496,True,-0.19752834432762326,0.005495707222379707,0.05557194101466653,1.1229888224901972,0.811410526883625,1702
2.1251236344468936,0.03862733628387027,0.03862733628387027,True,-0.015729762727800158,0.004807024272666084,0.033460463143396846,1.1840466134148033,0.7352996449886942,1703
1.8054597987796228,0.10911621547903194,0.10911621547903194,True,0.1285897559358846,0.004456551730061209,0.060366480619673014,0.7959370452574142,0.7942144114601626,1704
1.9109065789153448,0.04645478775926204,0.08008368986762382,True,-0.04007953886559167,0.002349013320476994,0.04417624747137096,0.7472304585115532,0.7688072660396785,1705
1.9802203786409365,0.08082007166240235,0.08082007166240235,True,0.1749416166501218,0.0024119104757221077,0.06322874610916303,1.1101404746143406,1.0629448236921635,1706
1.704682562370266,0.06073255352289175,0.0664166598704321,True,-0.049719244192708054,0.0038636059669584326,0.05717610123818576,0.9703202702142906,1.33943592307826,1707
2.2593646561991676,0.030356385745844428,0.06824763001112477,True,0.028033410124897695,0.00222161281107756,0.03304397533964902,0.748494572663823,0.9406984842861094,1708
2.1896310704644293,0.04535561376674768,0.08871145075906561,True,0.09488746978297719,0.0028626501524827022,0.04592610459782016,1.13150025495808,0.8332640856038568,1709
2.19699947871311,0.07222783535653354,0.07222783535653354,True,0.010249787395105075,0.0021800757514191175,0.03691825165706731,1.0444334089541383,1.3015545443242393,1710
0.6784254821871087,0.06049007972366005,0.08585753521474748,True,-0.16384630121001503,0.0045831667237978095,0.0638398323724287,0.8775394511612383,0.9871664732761316,1711
1.855906162630916,0.04920975255015425,0.0571409649058372,True,0.12200056773605472,0.0024392800543224045,0.04428601705918839,1.2244392994070696,1.2154235527203552,1712
1.870430918863704,0.059304763414102624,0.07967428915468378,True,0.1172271032847268,0.0038816843930603133,0.045068461381592054,1.2305764545684057,0.8289417152422662,1713
1.6946139868054644,0.11342152853676502,0.12440026076598976,False,-0.053638925743334676,0.004575880677817654,0.06639928607073846,1.2457994566308221,1.27857514870816,1714
1.8871602623801778,0.07735697749206483,0.11428908443546026,True,0.11892539323567636,0.004163863098845946,0.0646906020308869,1.234765462343979,0.7910615662937007,1715
2.0864422413586823,0.11711438216267656,0.11711438216267656,True,0.0009207533073080158,0.004978637543470022,0.05817929451531722,1.2440168934090332,0.9426263046537429,1716
1.535000684086853,0.10785245734472038,0.10785245734472038,True,-0.076743782378556,0.0039413856268410204,0.05928965556817169,1.0428867385128093,1.0736377024708785,1717
1.8598765599523404,0.05295114817381674,0.07423936756938088,True,0.11702585319077384,0.0036471779112380114,0.043698248742027136,0.9544910846977142,0.7980859612674212,1718
1.5256366868336073,0.06987881393243467,0.10764005116682629,True,-0.07692234364300429,0.005678952249310981,0.06677058112286866,0.7960094350022857,1.3331716996770795,1719
0.88066057855265,0.03219888281579775,0.0605486904674164,True,-0.150641540242529,0.0024348088154697426,0.06803921323166898,1.1563909051388874,0.999732854837657,1720
2.2592936293869883,0.06799333987052458,0.06799333987052458,True,0.03138093877940829,0.002602197338709127,0.032173352985990736,0.8460865198759405,1.268009305360032,1721
1.8012932768460814,0.07717170021837738,0.07717170021837738,True,0.1389227538735014,0.0030287424092468544,0.045429421063879136,0.8125687120851517,1.1914098210134632,1722
2.2512669024720253,0.04975081152334648,0.0746928307226431,True,0.0786269600071131,0.004203938759292973,0.039621384655263485,0.9405270656703769,1.1465047275251865,1723
2.0309822311347148,0.0897901446664664,0.10564733746561772,True,-0.01831681706231219,0.0031226229928946344,0.06763409765130476,1.12505180575242,1.0312918857619744,1724
2.269976675930053,0.10413197794886586,0.10413197794886586,True,0.0664008017945627,0.0021395402396509476,0.06738622521688285,0.8514632355405463,0.965272778190954,1725
0.87317428407178,0.06656386760330446,0.07630750470011827,True,-0.1502090409682321,0.0023009338186782027,0.043955499550799394,0.831496768561866,1.325424531413121,1726
2.1164129818916564,0.03808567575818711,0.0448400192609939,True,-0.02266375576276277,0.005413506876437213,0.03853687199734228,1.281566289477611,0.7843560150117753,1727
0.6804833649518116,0.08459256721298059,0.08459256721298059,True,-0.1645720913478441,0.005034283095938992,0.0549405887095458,0.8467603029268906,1.198011389272437,1728
2.1786790321592235,0.10266611103272605,0.10266611103272605,True,0.030493321419626438,0.005713573615419159,0.05213621990372638,0.8383730569426299,0.743213818723721,1729
1.8984707414035853,0.04944314175677911,0.04944314175677911,True,-0.026541905683401354,0.004478512232670134,0.04446824620378511,0.8117254405530229,0.7843331491510145,1730
0.9620260731701222,0.01947978774752057,0.026563333614472384,True,-0.13307920538349768,0.0058219734822626224,0.033342512434823966,0.8000050761793865,1.023438879626079,1731
2.2012546310314747,0.07989859632157414,0.08542251714120042,True,0.04639899638355029,0.003049674914488506,0.05840256989166611,0.8298835480127208,1.1970953064613647,1732
1.705996426125978,0.046738388711135226,0.046738388711135226,True,-0.05986556470858507,0.005392691715595014,0.03645385170397193,0.7019727356160197,1.295055748597121,1733
1.8305423117655835,0.05739964570532696,0.08291097008420611,True,0.14529674186888994,0.00282593944786158,0.05550089183236918,1.1664039255289074,0.7632627758681247,1734
2.194883249719652,0.06382819954705377,0.07124782233624738,True,0.08880420117169789,0.002969754209803833,0.0418822934966506,1.2363292227191427,0.9282620785831487,1735
2.1732416578577727,0.0883385042288809,0.11669887172141014,True,0.09603996441344759,0.004391473020407714,0.06771957468284068,0.8615655423469026,1.1960983903622724,1736
2.070931509532187,0.08490521104185178,0.08490521104185178,True,-0.005501918936070388,0.0020174542891415945,0.06079517597827139,1.0901831670759008,1.2262884901652682,1737
1.8173199750987408,0.0894123284646895,0.0894123284646895,True,0.13403999215819504,0.0027698492998164057,0.05776551422835855,1.0177525968497538,0.7847121769373613,1738
2.0493501592313237,0.08493158268246859,0.11215935064298876,True,-0.004000160664734622,0.002544384335206926,0.06722224672890162,0.870010446050925,1.1949131636788926,1739
0.6744130979837166,0.03220831775688082,0.04254023824592035,True,-0.15931663960790923,0.0035400025036891776,0.037314468917200014,1.1350277816748302,1.0721173934561115,1740
2.255801605889033,0.0552873509806997,0.0552873509806997,True,0.06694312468403067,0.005228302280665785,0.03341295421342023,1.2502587003797152,0.959016816571099,1741
2.1572489935746546,0.09434637730459494,0.09434637730459494,True,0.0029373589841028623,0.0022637053794734613,0.06575484036574789,0.9346199524051151,1.3995146155236262,1742
0.9603037611604606,0.048148510602932015,0.048148510602932015,True,-0.1292003463360809,0.005082585035696781,0.03293933401094065,0.9706496246836822,1.3988143979136431,1743
2.2083573858998875,0.07787058434983618,0.08803241581612009,True,0.02536560303799684,0.0027274140649807266,0.047775930962694335,0.9364405374467979,0.8365344053998074,1744
1.7152689406406836,0.041540865596236154,0.04853401016179948,True,-0.06185966743853018,0.00273909530766426,0.03463975871554936,1.0221520269008812,1.0585048508180688,1745
1.307501959965549,0.04609516384608825,0.08978501943544503,True,-0.09274420900449874,0.004422664227522841,0.04349678194396117,1.087192908939782,1.0058188718062246,1746
2.2330773579358407,0.09070397064588742,0.0920804732707412,True,0.026175747057394047,0.0054469399228158355,0.061362791866241155,0.7909615356724192,1.2125295900299076,1747
2.03760759990854,0.10243383278076634,0.10365687399689572,True,-0.020505395650065157,0.0027064538980958756,0.06619525909385433,1.148966840852397,1.225333700745661,1748
0.9779894185651585,0.09913888974259932,0.09913888974259932,True,-0.14244634317658264,0.0029579769437978265,0.0651425189285439,1.0089796113252607,0.9809467340982091,1749
1.1551160699725216,0.015059382947793853,0.03338565286907724,True,-0.33451354390897525,0.004335935628077355,0.035990763867922104,0.9684490512044865,0.7984111791241324,1750
1.5367338251251113,0.03569163986324453,0.04245947076927736,True,-0.07289047400159648,0.005376680671837067,0.0401563510864037,0.7760247125301825,1.1371487877843298,1751
0.6354201739296599,0.06014115033856604,0.09196588044190657,True,-0.1769630426315222,0.002513898298089316,0.06844940054541848,1.0837681072878442,1.0230919613186402,1752
1.905349287656449,0.11692937047836449,0.11692937047836449,True,0.11976460466826792,0.005526252346317278,0.06079904081851448,0.962992413971224,0.878614633015863,1753
2.2263520190603856,0.06126329340514336,0.11458281126554426,True,0.054863145299233924,0.002082632167526351,0.050614005790777995,1.075840855754926,0.9907090104198177,1754
2.190121684927732,0.07044579549179253,0.07044579549179253,True,0.003771665276591576,0.0022946017904728307,0.043164844877124645,1.2457708136481624,0.7621870657509345,1755
2.21860997321879,0.061514545387882924,0.061514545387882924,True,0.06157115679934766,0.00433589641822926,0.041147492565602725,0.8517258970628501,1.1970062112878264,1756
1.7095922702021937,0.0984562495153436,0.0984562495153436,True,-0.06135865335833368,0.003045358730437856,0.06473708031282133,0.9036294216058447,1.2063260713211312,1757
0.9660414891712037,0.05168392962293433,0.07658251289436557,True,-0.13315841472792467,0.0026299732548601762,0.04866930304932267,1.2807081078434868,0.8023992223172742,1758
1.8840475140092963,0.10300416387763178,0.10300416387763178,True,0.10982383183645464,0.0026622980585036264,0.06852727236372919,0.7374104625306455,0.8716455446684451,1759
1.9037140703347717,0.0375480046592751,0.045870651275751184,True,0.17806614613246777,0.005333947480167788,0.043202069238449756,1.1600418370676238,0.9349207888350269,1760
0.8868491395701312,0.0895970317305026,0.09273864775719698,True,-0.15417512539263492,0.005929296461646482,0.04808387185411226,1.1417262314454848,0.871716078464664,1761
1.7457171976811594,0.1108110411468135,0.1108110411468135,True,0.12950875994984345,0.004003895814634841,0.06771491859623134,0.8697438775095698,0.9176707586566865,1762
2.222958876213056,0.02945022207573822,0.03713674345934237,True,0.01578999934080269,0.005721068063244137,0.03646476256793683,0.7145542656747024,0.8599873826060455,1763
2.112887761155079,0.08340548448985219,0.08340548448985219,True,0.01731219387978459,0.0026427725493777354,0.06987620922350177,1.033599882104632,1.0520348640096224,1764
2.26750424240268,0.05100813867067755,0.0833293330269409,True,0.06881735815983177,0.005426594475988979,0.03402372026651324,0.704580297999037,1.3691356326363726,1765
0.6218053333731746,0.0282282723174192,0.0282282723174192,True,-0.1827265534384908,0.005460522162288517,0.03169651456415073,1.115426008856705,1.2566542050556286,1766
2.2242234413691193,0.050824158325699864,0.07214524215300666,True,0.023250396333860307,0.005336502066139415,0.041659429106383886,0.8971437655013637,1.3607084446747426,1767
2.2505428108995034,0.09129390628641687,0.09129390628641687,True,0.06069250252454026,0.0034036223945147622,0.050799457897838296,1.1886061117506936,1.2502202439020282,1768
2.195445768114041,0.10215610476076153,0.10215610476076153,True,0.09618471089939784,0.0035315895197236234,0.0628726159194869,1.0887758658713464,0.9116592087937851,1769
0.884221626981784,0.07320180968176548,0.08079983106135091,True,-0.15447883466058301,0.0033233428841844418,0.058743547060570195,1.187887967157027,0.7686849087124155,1770
1.956263418041658,0.10725306862911488,0.10725306862911488,True,0.1820469433562693,0.0028070119893218223,0.06420271683638007,1.2137930865222046,1.2530808333236392,1771
2.2590942129498757,0.03976348320572476,0.03976348320572476,True,0.07289181753388474,0.002779213343423259,0.035822407037200896,1.2711344753293075,0.7704574428760841,1772
2.1728183644286503,0.06499502393917855,0.09197101722304457,True,0.010796207644687245,0.0032916371039494446,0.06309289103131269,0.9363301953674317,0.9417681086393189,1773
1.8991676319620296,0.09161909923858991,0.11530773568943653,True,0.12225341978642754,0.00556298808050134,0.06677420188398145,0.7579205978177438,0.7270150706468942,1774
1.9233833827353095,0.03804356266263342,0.05501537647462995,True,-0.03381417610347616,0.002594953945159807,0.03976033271267488,0.9732076385993467,1.2255517784905303,1775
0.4325275102012256,0.05342667974963633,0.05342667974963633,True,-0.20255572302637467,0.002838129841248115,0.03439307933489593,0.842375153937853,0.8462280215018154,1776
2.095563077673958,0.0490028082934304,0.07427172437422147,True,-0.0029651532253518026,0.0023038802816736864,0.05709937901657787,1.0510202387114034,1.2601766992203034,1777
2.1140596660249713,0.05102935482915161,0.07377396455224217,True,-0.018007050695065197,0.0021486934772507933,0.03387572402074611,0.8226223890946273,0.9941167102510966,1778
1.5483536419454822,0.08371129430762503,0.09084059319132964,True,-0.07797288442019502,0.003791427263239696,0.055833274016205574,0.9070449914383221,0.7527517035407613,1779
1.2989369134446918,0.02612747768468804,0.03650074921346502,True,-0.09691260835647615,0.004761981261189044,0.03015969542190655,1.2722943255303485,0.911731226663665,1780
2.2095374913467225,0.14420926231273246,0.14420926231273246,True,0.07870797358411742,0.002902671865062012,0.06987341030358338,1.2093041464271836,1.1973929860754784,1781
2.2007546949879213,0.05192634986493294,0.06015744270365664,True,0.003389315284166838,0.0029872497776677947,0.05010241829151729,0.7135975499953842,1.1763445914311832,1782
2.06031188083891,0.03341756716656308,0.046248302271814756,True,0.17363354160739905,0.0025610499526501082,0.035905535139825626,1.2888617521409995,0.8094821595087932,1783
1.7109431438063325,0.10212628599995832,0.10212628599995832,True,-0.05272314153426147,0.004984757026410935,0.055922421921844184,1.273490891490624,0.9575181739141276,1784
2.1901718744607166,0.06281627612975971,0.067782766559914,True,0.01493261043220589,0.003890136445663578,0.044129849839715546,0.8362531049496029,0.813384419134066,1785
1.713709883949889,0.06081328569433464,0.0834185449735585,True,-0.05050374371489129,0.002268572229271766,0.05365305977767429,1.0583033809557152,1.3838360251183501,1786
2.2466445644668624,0.0778199129398558,0.09306313551109802,True,0.06705766238101825,0.0036643589978156152,0.05011527453015655,1.1714404171059623,1.3162745924420243,1787
1.3116312078817742,0.09670490827124611,0.09670490827124611,True,-0.10446122085546154,0.005545084696618432,0.0514139832464869,0.7319352823852447,1.3332785974597374,1788
1.5329193801472485,0.10255634689454363,0.10255634689454363,True,-0.07360098821869505,0.002600033911306877,0.06685271857159561,0.9978613738787979,0.9950157562402395,1789
1.8890579499291391,0.039171251774823945,0.039171251774823945,True,0.18632815489169222,0.0041006699012584875,0.03200138739420757,1.222019969892761,1.06809321007879,1790
2.1992859875862507,0.05596224480764289,0.06183850367404431,True,0.0015511671603898169,0.005889361379827384,0.044025185167528985,1.2160136187481356,0.7946353237496295,1791
1.3057626196529668,0.07469520076616365,0.07469520076616365,True,-0.09198262452627073,0.002585982044362772,0.059668915456552625,0.7713519404950233,0.7313236930787269,1792
1.9086479171536723,0.07540088806600731,0.11418521571129436,True,-0.045465739783729545,0.0027903324607249525,0.06598847300479793,1.2954780827751105,1.3420754069750886,1793
1.9173011771908506,0.0327556793719368,0.037617252831454895,True,-0.035503971073478795,0.005781980533677957,0.032554293954969685,1.2349627542828845,1.2419595467490905,1794
1.312203191147276,0.09950613412391407,0.09950613412391407,True,-0.09483095356375112,0.004240097847115744,0.05598722100941317,0.9185720831539672,1.1300259244014121,1795
1.8604820239873447,0.10687308464108125,0.10687308464108125,True,0.11877123653604962,0.004842576213151848,0.05404198167158165,1.2923583509859107,1.0434095668826529,1796
0.9637406814717764,0.06494365079944808,0.07574591188458601,True,-0.12718481382833427,0.0057419891293595485,0.05411166522769912,1.1742476334117207,1.2569908789873283,1797
1.712770342901294,0.10375588564643556,0.10683056728418139,True,0.14974315666415935,0.005113395335068371,0.06976581561724116,1.1060145942705524,1.3407484232827511,1798
1.3075625325448499,0.030295828566092586,0.0319298552866647,True,-0.10410032159604272,0.0028149695029260724,0.03566513207365808,0.930525350286517,0.7221907949329888,1799
1.8704559389586564,0.059367289298688286,0.06207896230952881,True,0.1086151881631878,0.0030363460024975643,0.04398869655763547,0.746198369109564,0.809658287383791,1800
1.8651875131383946,0.11429206282998461,0.11429206282998461,True,-0.03889743065013996,0.005088823379833735,0.060332702618034494,1.0358731621794794,1.3944337732581698,1801
2.0718391436733867,0.06944164823750687,0.06944164823750687,True,-0.0030260847241783055,0.002240626214887535,0.06609472315799675,1.165678268189347,1.0494166536987817,1802
1.913851079670053,0.05176835024745663,0.05176835024745663,True,0.12070135827082458,0.00560352316037391,0.03564353213511141,0.7553645937663469,0.8463457319452827,1803
1.9158875993530273,0.08098976475443731,0.08098976475443731,True,-0.04269045548897229,0.00578075295634791,0.05327823589630963,1.1556396296206548,1.1794042166380432,1804
1.97500399093947,0.06524650393283982,0.07863108387545958,True,0.15648485832759834,0.0036230653480273105,0.057003042759859957,0.7359402245351322,0.7295334393098435,1805
1.158890251409943,0.018366825406402665,0.051371450551232156,True,-0.35501324203794576,0.002296515263712294,0.04882509510236083,0.9525022239540273,0.8656955650828173,1806
2.258803864302763,0.08742784616127985,0.10675262606093683,True,0.06439478035789344,0.0025092130546769177,0.05662140171730368,0.9801231104734007,1.0459645835870144,1807
0.6278571584894337,0.08790012129454627,0.08790012129454627,True,-0.17391717381893884,0.0023888716651219656,0.0627456902918638,0.7763482286053884,1.339371394569259,1808
2.2663414976691314,0.11267964669253061,0.11267964669253061,True,0.05510147657384071,0.0024811917411965475,0.06068996652867212,0.9352667003505161,1.2592572148511112,1809
0.4207222985662469,0.05814512548773121,0.05814512548773121,True,-0.20268713193164142,0.00512097978847679,0.053756681177226935,1.224619381986564,1.3083988139549363,1810
2.133972492924954,0.03619713609874098,0.042461737816927414,True,0.22828179387497205,0.0020464682667478006,0.048443591960105156,0.9895484021292829,1.1522948532067867,1811
2.1710930784519746,0.07272126968114367,0.07272126968114367,True,0.011493949505909947,0.002623235057364524,0.0396064378573648,0.8242541932182508,1.2985394163534256,1812
2.193770710688426,0.05830259017199113,0.05830259017199113,True,0.009137165133671079,0.004847592368467745,0.04227052698210906,1.0955289833654587,1.2685066902637714,1813
1.9178257458087842,0.03523285727271608,0.03523285727271608,True,-0.04615305062522576,0.003555345400519786,0.03452324267090481,1.1783466648810959,0.7505196052997786,1814
1.1738220571009492,0.05441061591738161,0.05441061591738161,True,-0.11010900747313457,0.0037916299769448422,0.041505239101914095,1.1205605319846645,1.0940109863445269,1815
1.8945332262105694,0.06456738009086305,0.11398286728895868,True,-0.024614163185504866,0.00409863897497016,0.054462107843962715,0.8667787538889076,1.088288831184582,1816
2.253153727898109,0.04201460956668579,0.053181577557196213,True,0.028680376746935337,0.0037627129151012574,0.035086458903369026,0.990939785281286,0.9991333779008369,1817
1.8899412441353292,0.10459306208025265,0.10459306208025265,True,-0.03397299119960205,0.005863389125145179,0.05648728794948057,1.100012817575125,1.0421799705315662,1818
1.525906673189894,0.014415453788068744,0.04360885561066685,True,-0.08544792267313081,0.003922936345589366,0.033979567350647,0.9042130148977624,0.9228104115949791,1819
1.7769902392693666,0.06531223745051928,0.06531223745051928,True,0.14802736678086506,0.004400353312902312,0.04478159245027559,1.24200017641188,1.0597847218761436,1820
1.7131321873974912,0.05143052932606906,0.06659597169138709,True,-0.05283814064516837,0.0032743374405803825,0.03903769414439982,0.858438798096321,1.019838672565389,1821
2.100646136550637,0.10302859638692508,0.11511756027422404,True,0.2292863052772321,0.00508301135314043,0.05844254245983268,1.1518816917924524,1.2263942463500594,1822
1.8466914209892025,0.08787744930775276,0.10510167682239091,True,0.15495088108641694,0.004117812976249649,0.06255470722373171,1.1798788542051888,0.8161780000501282,1823
2.085041051224266,0.056073299029793855,0.056073299029793855,True,-0.00898288043398377,0.005943253355730025,0.043029401401411926,1.0520024141954902,1.3189892241061398,1824
1.8809700597964678,0.06927335557366487,0.10286135687291953,True,0.24623204886056305,0.005223653241786306,0.04328694317341732,1.158157911493456,1.3133117021521041,1825
1.5442342341557378,0.09094174181471715,0.09094174181471715,True,-0.08772685225109832,0.0055667425091582064,0.06375458011401675,1.2562082149415805,1.3730029403810562,1826
1.707582015272905,0.07680817784127791,0.07680817784127791,True,-0.05236491823414878,0.005543945734244866,0.05000677471537415,1.170432402474837,1.2489974209883816,1827
1.7033426400944194,0.040097548007039574,0.04972546582192372,True,-0.06539073038913305,0.003171287394312657,0.04336295501896606,0.8923229293439536,1.1132079187369301,1828
1.7079628372694629,0.05042166563736683,0.05042166563736683,True,-0.05029413659000436,0.004765801653799914,0.0512157008105439,0.7472270925008612,0.714556542184289,1829
2.147146422064253,0.08260483138625707,0.10847624180657012,True,0.008206957174476533,0.0024315730489789674,0.06709734772722628,1.083735755939753,0.871207104575354,1830
2.2881871525493267,0.07280961198530633,0.08450330989660415,True,0.28133989220566463,0.003396622841127972,0.0568063786933296,1.0047238695249128,0.9615105952398706,1831
1.7143161575914405,0.09298005190876313,0.09298005190876313,True,-0.05096744440654692,0.004179236573850539,0.054354118631517574,0.897836623024834,0.8338787698034575,1832
2.096201746329598,0.035251887569601514,0.057234428912198876,True,0.22020965647165966,0.005366338063897753,0.045684569341624154,1.1881432654026978,0.7623417280154994,1833
0.6748657979206598,0.07280297271960934,0.07280297271960934,True,-0.1636569339952901,0.002314953859951921,0.05742877456831738,0.8313800465181498,0.7757605668165358,1834
2.1149159791459624,0.05901933361092171,0.05901933361092171,True,0.2215893710993673,0.004202079782808421,0.03105093400103625,0.8402856858519756,1.2904570385664385,1835
2.2364718933911547,0.07469243757079091,0.09853818972670592,True,0.03710635592242987,0.004264661174340972,0.05719486662108791,0.9430263412449225,1.0788625262714908,1836
2.26677851857103,0.09968443654018433,0.11299379594706482,True,0.05092616706647755,0.0022340849696310633,0.050757979074306764,0.7859108187317264,1.29456594488276,1837
2.10699376560693,0.03181550557947577,0.03603894645207095,True,-0.008241199862098385,0.0038830546580231693,0.03100982668946544,0.8047213110535238,1.012802806434098,1838
1.718486954578978,0.05572450426882569,0.05572450426882569,True,-0.0531025368655594,0.0023664582587782424,0.043511702180938444,1.099044019208986,1.1303119882527677,1839
2.2117148594597893,0.06722837181350494,0.06722837181350494,True,0.09330539908228366,0.0034124209043991925,0.03617141363688221,0.8403521514583089,1.274018963742546,1840
1.9147647611619334,0.0781482316447295,0.0781482316447295,True,-0.025579799211142545,0.002337650446985086,0.045706240646655,1.0144150226798259,0.8684550418849726,1841
1.3047431232088513,0.049248119373915156,0.08883092990404151,True,-0.09983506346160247,0.002067837668431331,0.04469088698207594,1.1230532903595163,0.978822761392466,1842
1.8982624110179387,0.03562093532522925,0.03562093532522925,True,-0.048864223594233286,0.005460645032378696,0.031315663631026606,1.288134538033488,0.8295570070517233,1843
1.7091342470359194,0.10149921277957885,0.10149921277957885,True,-0.05489777661255894,0.0036337370445783538,0.06291976210726363,0.8514626214582153,0.7341501889714859,1844
0.8711913860120717,0.042979240062034574,0.042979240062034574,True,-0.15509291772866335,0.004770481848745305,0.034674771864710456,1.0067877562103784,1.1924465030412668,1845
2.0909675150477227,0.07431329046600044,0.07431329046600044,True,-0.022742929043158704,0.0057120363635325055,0.04617867671121423,0.9975615925054588,0.7244627852543567,1846
1.4583416582059812,0.0502918426572343,0.0502918426572343,True,-0.09042236441959729,0.0052129934823786145,0.03795584594505684,0.7161763923132359,0.9888403480265022,1847
2.1876527543396236,0.0796464703913462,0.09141359228698165,True,0.020117522964942118,0.003419809744560519,0.06358595984472623,0.7744235904114948,0.7747259045383038,1848
2.169257527158635,0.09870321772351409,0.12145703011366638,True,0.00871625639000699,0.00580146483350079,0.06893555366692067,1.0746561660881029,0.8587001502715047,1849
2.1593590043296302,0.09618556738424244,0.12173433572260817,False,0.006343869890484753,0.005121551725858032,0.06278100048949445,1.1475735547441523,1.3908045934701856,1850
1.852887935149198,0.07404029611504126,0.07721008022497888,True,0.11183712582009689,0.00544010100839648,0.061283494112654324,1.0780452706890558,0.871059459449949,1851
0.9720095812859313,0.06462492655818486,0.0652619072244538,True,-0.1325043327131404,0.0028612002466809543,0.05801194878956138,0.8123249980916591,1.3255150804339513,1852
2.0606035564680525,0.05305871147924557,0.05305871147924557,True,0.16109579063081014,0.002636054715271401,0.04317569765736153,0.8585404088531059,0.9945877460980405,1853
1.8698039338211743,0.051123597054345105,0.051123597054345105,True,0.10722006329837673,0.0026599831209633052,0.033059172183279535,0.8221688449658353,1.1302161538518045,1854
1.1675828158762158,0.04730979248534806,0.07077671500137406,True,-0.11269460868353613,0.0036009657569742006,0.038411840996294605,1.055718683154316,0.7982505498774652,1855
1.9130699876627233,0.06219183445762044,0.06979625399588563,True,0.10452066252742483,0.0037932953672744144,0.0404313899154365,1.0552318947947588,0.9185788528856396,1856
1.7133263942105543,0.05779890952992717,0.057822807437590606,True,-0.06578126100002613,0.003708412286920275,0.03180318555194059,1.0857935904509775,0.9931580168477621,1857
1.9320769462864291,0.10010253748615061,0.11172839693502956,True,0.13747073004066093,0.0046882335139114256,0.06996435838555824,0.7749041264665106,0.7762255525273413,1858
2.2015194289149917,0.07573433732920698,0.08743467931892446,True,0.09194238134860043,0.0031468548770615242,0.03892572514647162,0.8758654589906391,0.9148780832271174,1859
0.9629620220131301,0.06363814873823115,0.06363814873823115,True,-0.1316895891082945,0.00347987891771491,0.037994023603310355,1.1431828535999249,1.2140814093543293,1860
1.1645121787883426,0.03170068122995984,0.05069931646050452,True,-0.11244400232190534,0.005028441236259357,0.03967024277500947,1.277722808235521,1.2880378313983667,1861
1.3251304619086142,0.07239417011462335,0.07239417011462335,True,-0.10663635965273659,0.005068134927414161,0.04645144299266531,1.2996618155656887,1.072293658508488,1862
0.4396553071507725,0.08514763455728991,0.08514763455728991,True,-0.22209919110993898,0.002215853774020472,0.04181004393144922,0.7134210027484554,1.0320073121389923,1863
1.5347849114324248,0.08021522880856957,0.08021522880856957,True,-0.07460965684323384,0.0033921933729017468,0.041078271126269175,0.7984215570622278,0.7735535915488287,1864
2.249239038878102,0.07756627320335419,0.09196932117835432,True,0.06679491503886673,0.005759849458106623,0.0414083713983639,0.9351971535478951,1.2739228408797456,1865
2.116950263883652,0.02911141281380014,0.03738647265537298,True,-0.011648131018335822,0.0027836696422834243,0.0318815627125973,0.7774809676033758,1.3224632998389212,1866
1.9024756092305068,0.06376859814837155,0.06376859814837155,True,-0.029528201239699164,0.0021914140691640348,0.0407025839054145,0.7503193043897585,0.9848639260522634,1867
1.9852151220028986,0.03432132233035623,0.05696255709351239,True,0.15240896482501542,0.00526089787910757,0.04583446135316411,0.892324446018024,1.289963804105892,1868
1.8528018900491219,0.04263410245150179,0.08395806716328491,True,0.1924115086067314,0.00423855112169648,0.04967484741001693,1.0687493316493926,1.3288074394109939,1869
2.2029839893124574,0.107335983284367,0.107335983284367,True,0.1035245428813678,0.0023005305999160503,0.060866781569889485,0.9508077511476982,0.905097490909109,1870
0.9799890880839399,0.10477849381570103,0.10477849381570103,True,-0.13109497797803582,0.004946163426761967,0.056990839760586054,1.2213485236432673,1.1741058676725817,1871
1.7330885728295158,0.08259141954708649,0.09661470777852221,True,-0.06168817457032744,0.0029106308386460346,0.055738976460000006,1.1340276356593908,1.3677760871130469,1872
1.7135756542486433,0.0506042158922313,0.0506042158922313,True,-0.06551849802289426,0.002049935815214949,0.035746463761264086,0.8607775058847575,1.2651634447378426,1873
1.175777576507187,0.09862706854174941,0.09862706854174941,True,-0.11520747132059515,0.005554976289888821,0.04780446944504507,1.0030164876497025,1.2497754648718207,1874
2.2352301465979565,0.11335652511314032,0.11335652511314032,True,0.08272744853140968,0.003912877461308341,0.05552250994839806,0.8831425231783443,1.214462226477321,1875
2.269036329023507,0.06692348230110778,0.07452058750541068,True,0.05613028518389275,0.004753317558922581,0.053850173277477466,0.9211021405701724,0.9714946041910402,1876
2.269144557470611,0.04143692146670408,0.0580277214856304,True,0.06534045543470964,0.004683279624914692,0.030161591259743468,1.1443168724067383,1.2477527371052992,1877
2.0476768799832143,0.08846243213233773,0.08846243213233773,True,-0.012133317157256775,0.004598626657510555,0.05782216872944501,1.2227897463853987,0.7088413190256228,1878
0.877621691005956,0.04862872347297564,0.08805019200943898,True,-0.14724598014841048,0.004378469505267926,0.06302206009074496,1.023252046320421,1.3901388503315664,1879
2.229780428411857,0.06810068588950169,0.06810068588950169,True,0.03906268863533124,0.005809488457830293,0.04678348198188283,1.0751871002530256,0.9344712090411721,1880
2.2506426902624526,0.06377577711518367,0.06377577711518367,True,0.04652385276525573,0.0022234324559817875,0.03861782832950935,1.1615013491127784,1.0986547404585374,1881
1.1663294062334444,0.02570567194473128,0.03411280973292907,True,-0.12181767902770456,0.0036974039409730505,0.03259176887248409,0.8149215552178803,1.146804242162081,1882
2.261677456683003,0.04919233134013368,0.04919233134013368,True,0.03813932714676223,0.004571657987197884,0.03301576578096754,1.0570554466759998,1.2451344102463189,1883
0.9681005585316882,0.0866857822548095,0.0866857822548095,True,-0.12682438935661292,0.005346466543130446,0.05301668340842147,1.0530084651102876,0.8455962884253052,1884
1.728535540491663,0.08153115362796659,0.10264875631539572,True,-0.060894522259722916,0.004544727246526898,0.058329168572585646,0.8044699764361422,1.0244054371063154,1885
1.8190964795242337,0.0882735711597451,0.0882735711597451,True,0.12960567295979522,0.004824855621018698,0.06378926137199359,0.8605840509592078,0.8806128520794269,1886
1.8788104827650614,0.05856186363064064,0.10161133561341695,True,-0.02602720363869847,0.004198673950988222,0.06792593874741655,0.8917932157746716,1.1734033092986347,1887
2.2359183526383504,0.07557210476310128,0.07557210476310128,True,0.08251030169037653,0.0037280603968662886,0.044407535870559976,0.7432694193741635,1.2484012392972472,1888
2.250718494399152,0.06484810619410442,0.10623366970321979,True,0.07469204165345054,0.004008590445115919,0.05006292995438047,1.2326559439887705,1.073682091803184,1889
2.0260941133714283,0.020652194054735062,0.035535655327191495,True,0.15552487467249454,0.00452205893091903,0.030106816343092823,0.8411752373296112,1.173045194628964,1890
2.162660157526105,0.042534467909000506,0.06238019822063956,True,-0.0009003692864266255,0.004069330263330356,0.04020616076012516,0.7213556847907823,1.0459805662314117,1891
2.2391827694949598,0.05162892087882032,0.06274553901322477,True,0.0622893499457705,0.002204687583497267,0.03332159665370361,0.9760593346915611,0.8356388839070532,1892
2.047308905329203,0.10488747937157594,0.10488747937157594,True,0.17178093226413263,0.004859157443047127,0.045351100092515376,1.274751011266053,1.3452720177916284,1893
2.209742198164818,0.09017882574120528,0.09317534035131336,True,0.037334277970359264,0.005209503028649915,0.05880819929460075,1.0727030139452083,1.005874191803686,1894
2.261222195174639,0.10950496158500811,0.11326837957799873,True,0.06516092333395472,0.002074122840448716,0.056320809440779114,0.8633511916471766,1.0752980580895106,1895
2.101065863903443,0.06091186806812976,0.06091186806812976,True,-0.023162489812586853,0.004777593227785865,0.036245904661277695,1.0691789176407278,1.1096615435298862,1896
2.06779146447343,0.04614614086332258,0.0634535624203052,True,-0.014500857544098097,0.004071670218485652,0.0598602019363383,1.0486094902419998,1.3434298732941488,1897
2.2357408168260378,0.09625370744360318,0.09625370744360318,True,0.05385041433113194,0.004558833488231684,0.06774642327839689,1.2173460726876364,0.8101096551204272,1898
2.277873663761355,0.10842707362458981,0.11008309889219503,True,0.06793407975760216,0.004865098128299853,0.0579001394903222,1.039000187073497,1.3774832973221158,1899
1.5299789300869548,0.05568973083533191,0.07884109539734419,True,-0.07845357584787678,0.0037577504272319675,0.043678782439555676,0.8078020684938751,1.2694780076713947,1900
1.5387092982326038,0.047004337704007915,0.06394098522803815,True,-0.07760507375751148,0.003030065141506328,0.04701815233611308,0.97147874574192,1.0973036417668007,1901
1.1696604444826022,0.054421335093160605,0.054421335093160605,True,-0.12130093660264511,0.002765743062689028,0.05048588906901337,0.8640164480022916,1.0809927291745867,1902
1.9261368372948056,0.059548712811101634,0.1077488426665203,True,-0.039363200240578,0.002183920190082771,0.05420885685826901,1.0803817608526933,1.334770335133122,1903
2.239393721241072,0.09335221616826472,0.09335221616826472,True,0.049867687862024425,0.00462646386839579,0.060734327041135745,0.9012439798744605,1.268329154271316,1904
1.8841896051106062,0.0641918289364678,0.07817583782855064,True,-0.046887310607382174,0.004501439290481654,0.048724306424515196,0.7738248011336311,1.363219068552648,1905
1.6880986654226717,0.10161552656934147,0.10161552656934147,True,-0.0616844249017448,0.004536399993764413,0.06269984803040313,0.8093739638694644,0.82106542266116,1906
2.2679859232920307,0.05706861757497639,0.1030205696981159,True,0.04788744141376046,0.005170974937303095,0.05486497514622467,0.8297611498065925,0.7244626326369769,1907
2.264868976111643,0.07429459080830036,0.11144731776859795,True,0.05497679511850218,0.004982673731466912,0.05862035614587561,0.9047337971072433,1.1721979034986725,1908
2.263922146167488,0.02668853102884361,0.07727133895878757,True,0.06253293599842205,0.002427487475204579,0.034496079681710354,0.7754440615274285,0.9955361063821726,1909
2.23416036062973,0.10552433798320648,0.11107546855908379,True,0.02824506554488115,0.005647584055336009,0.06399117453580458,1.2298706669425774,1.0650413888363133,1910
0.6733710223145408,0.04136537762326986,0.06218095000888235,True,-0.16896914543710057,0.005683539732123936,0.030469307751256766,0.8180486508896642,0.8768051189430919,1911
1.9177386424199483,0.07524809095656759,0.11202304936319396,True,0.25542057885307495,0.002861719944050044,0.048618314162149144,0.8154096237534059,1.355910554911822,1912
1.9113361041154207,0.020127126754283742,0.020127126754283742,True,0.10905651378425403,0.004478932651990612,0.030114483293635832,1.0743786882876827,0.9684523333277424,1913
1.8026616097629216,0.05060479364677262,0.05060479364677262,True,0.13802065602515434,0.003021563767268448,0.03746296920630446,0.7399672870777403,0.7386535707276498,1914
1.7044740893836092,0.08905452220435706,0.08905452220435706,True,-0.06528375469379062,0.0035937860100594098,0.058394694083050085,0.8517076579882523,1.0172918865066742,1915
2.2045644775470237,0.09044379129590885,0.09044379129590885,True,0.024077656304098735,0.003012616587045526,0.05203092962315461,1.171581316586229,1.3321184199349838,1916
2.1085224133860265,0.05609405425673741,0.09342232659813865,True,0.21168295898170533,0.0058672828819544155,0.04182479981594269,1.2858794755707823,0.9763734131001617,1917
2.1379067423009843,0.06660717937639893,0.07602539330842362,True,0.017721170554432588,0.004023907714089836,0.05536733613623703,1.1063509739726194,1.0336324986503442,1918
1.174747535801984,0.04612803302130186,0.04612803302130186,True,-0.11364960822134854,0.0028427283036928795,0.044527743007486915,0.8301411342891851,1.062859477761148,1919
1.166728023380017,0.042409546913904084,0.04986836096233027,True,-0.11314211689149764,0.003106749451778401,0.033704374267133914,1.2953002915491005,0.9309472614264469,1920
1.5396919780513372,0.09331408892075199,0.09331408892075199,True,-0.08332244265916337,0.004141460895444971,0.06556946349200357,0.9119466276267111,1.307359434848069,1921
2.1846935517194055,0.10984554706072513,0.10984554706072513,True,0.047560663949876146,0.0023024865298041,0.05339780768535596,0.7367016858783043,0.7587235312468691,1922
1.709130270488643,0.06591471267609728,0.10140232774464031,True,-0.05562288762734359,0.004763690023513042,0.06049349305144168,0.9037204300931486,1.3585751849176546,1923
2.203935381344536,0.044627538741705886,0.10814434816704299,True,0.09581323147963343,0.0038489656940577056,0.046825586374942635,1.1872606117431526,1.2309209364036247,1924
1.7155241605989602,0.04056361338053138,0.07087200883581324,True,-0.0635562729207975,0.004464836324269609,0.05247273913526386,0.9055740951420995,0.8444819227256554,1925
2.1875840971104026,0.10381826121517546,0.11594368403272437,True,0.08983373001079328,0.0027069270215783273,0.06995108887535009,1.2460417392927545,0.8003200482879993,1926
2.2151751978648093,0.03697777519869749,0.0577273220755834,True,0.016625237476638514,0.002260273623488418,0.0370960752722686,1.0890202818311123,0.7092435321284658,1927
1.8911569004259974,0.06635010052958146,0.1229248918091721,True,-0.04704324619925156,0.005176621907205285,0.06096134386277321,0.7326282030102403,1.3684591274202726,1928
1.8976454848192645,0.0998991946064729,0.10589147046787084,True,-0.031103591182718316,0.003449864214338088,0.06195481057645032,1.2707177064879005,0.7408072441545268,1929
2.2644477928041624,0.06341994688074015,0.06341994688074015,True,0.07691557071980759,0.005297655542560967,0.0462828604994767,1.1888488245042663,1.3452539414357447,1930
1.525223985690289,0.06146713284521854,0.06146713284521854,True,-0.07788508915158443,0.003909863085736624,0.03979110108352856,1.0991250876376086,0.7400726355697673,1931
2.052293359145011,0.06527336487004565,0.11146064383086784,True,0.1560730704008898,0.002840831458759957,0.0681066525265683,1.0105041964228658,0.7115161037754807,1932
2.1455880295903853,0.003847617301506734,0.06013471261590908,True,-0.011218926046095022,0.002151486299361449,0.06490569074457896,0.7482132395952427,1.306840444945041,1933
2.2329224638434653,0.05787422734403602,0.09252880066919711,True,0.03610832946475119,0.00279873107625242,0.0603495054900161,0.9067857757196791,1.2771582337713139,1934
2.0000008919559207,0.10121704183998004,0.10121704183998004,True,-0.014382454485237683,0.005941657517001794,0.05424440451099933,0.7797134312400228,1.3397961503461124,1935
0.587626479924964,0.029820391970322158,0.05951310500959184,True,-0.18566265330361437,0.002945705354437767,0.04120943405306181,1.033996344510391,1.2567507093503663,1936
1.5335221794513103,0.11160401298487543,0.11160401298487543,True,-0.08428431632156333,0.0034365541677647067,0.06901187505184977,1.1235394340626512,1.35621224078763,1937
2.0345120484233092,0.0762308006522896,0.0762308006522896,True,-0.0135383293875845,0.003668526703123227,0.05817546019082084,0.7900170722671489,1.1886912220890107,1938
0.4415358850529856,0.07959656530512982,0.11624475892406494,True,-0.21244806514590356,0.004220829126986032,0.06904488249090318,0.9752671320598328,1.2096635324961493,1939
2.268120050153982,0.08810128111425031,0.09096481288550695,True,0.03526465837490998,0.0027586790697951983,0.06931318168542686,1.0428721997333308,1.1617238296006518,1940
2.2524387017672893,0.06717677096184138,0.06717677096184138,True,0.04720878557260048,0.00583875422593032,0.050823423292810796,1.1031380846330814,1.3382857383031017,1941
1.3192902333476013,0.08014459139279806,0.08073278043603138,True,-0.09943143489670955,0.0030833011059255766,0.05165659482807809,0.9591625302807298,0.9203268646821458,1942
2.254990198714225,0.10476749237653893,0.10476749237653893,True,0.0378485070164409,0.005417916858205923,0.0645240650456867,1.2725803065721366,1.3699333847964608,1943
1.8704547879521272,0.10750027237367954,0.10750027237367954,True,0.122926382785256,0.0049199301016939765,0.05844605369469037,0.8237178941196152,0.7859342532733014,1944
2.0788018589571777,0.07125979312284358,0.07125979312284358,True,-0.0020131751706803803,0.0029228033811682145,0.06216486100866305,0.9123593543761139,0.7006063779930445,1945
1.5338855561358287,0.05238707156161837,0.06633875595163885,True,-0.07865210068086845,0.003057577286459494,0.047934783206468407,1.0335533524217384,1.3173341543352697,1946
2.213956315813334,0.07858650143718693,0.07858650143718693,True,0.28479617393935885,0.004874160620714947,0.04028736162852455,0.9431279696781396,0.9569987778613096,1947
2.188763517716154,0.0801154086893121,0.0801154086893121,True,0.21000628170587446,0.002289949903274998,0.06812432416347441,0.718646340095494,1.3786394015944339,1948
1.1686518738926424,0.049619953039578224,0.052441726243240394,True,-0.12062676295732518,0.004830143961749311,0.04863665934626872,1.1932334299100116,0.9322821681990879,1949
1.8740266253651896,0.07396173960771657,0.07396173960771657,True,0.198030489025573,0.0024225688523694835,0.03423622538969711,1.0589564845282042,1.0569023834240738,1950
1.7058408087711143,0.06982004188967528,0.06982004188967528,True,-0.062001380988225364,0.005372178901361293,0.043883099030089384,0.9964399660061796,0.7065009361125523,1951
2.1004908708043217,0.045782883057035706,0.07346392648922362,True,-0.008826512312739676,0.0020911867973980327,0.04983719091051819,0.7542179108014073,0.9691594413722512,1952
2.1130325339823344,0.014096093917904451,0.03193741688724305,True,-0.023952085106240865,0.004827779123516879,0.03351770810017035,0.9716223810497526,0.7302324687281956,1953
0.6819006426004108,0.07295838779334307,0.07295838779334307,True,-0.16361379481691912,0.003557785123203301,0.05700549660958075,1.1456523294827807,0.960402491810939,1954
1.0929873777137544,0.056893020922724524,0.056893020922724524,True,-0.2781169168610448,0.005363414475131653,0.05699119389279442,1.256096880061288,1.1383970093199467,1955
2.091308865978249,0.044134400443291755,0.044134400443291755,True,-0.022208230742555454,0.0025809868903329683,0.031770832282905385,0.8488300921465447,0.8301325243030524,1956
2.2515276970098768,0.09173053629674244,0.09173053629674244,True,0.03165877380023874,0.004357941186962886,0.04941204129810545,0.7727164309233041,1.0182446372983978,1957
1.7231613406892734,0.07541863346928723,0.0888941380652879,True,-0.04991584262327054,0.0035327363542877552,0.0634796370687774,1.0265056775530674,1.105283004913698,1958
0.42063465696313074,0.006249573412092202,0.028447717541012052,True,-0.21953818437800737,0.003295381004974159,0.04863269955481135,1.2448984990919008,1.2886278628913819,1959
0.4613049181863289,0.055378953063734526,0.10828864628866874,True,-0.21220404818549002,0.004780709352878481,0.0646338204218485,1.1748537476437382,1.2343825100588823,1960
1.9200962300338489,0.09863940460095644,0.18499956531741435,True,-0.04608633704932237,0.005166570920644986,0.06729266715750576,1.159510144281874,0.928826463430324,1961
2.251088664977374,0.06463168049175239,0.08318123498797902,True,0.043701440847288005,0.00572898149360069,0.04529871581431753,1.2192314918717868,1.0333502605144607,1962
1.909196228120308,0.030611168991975912,0.030611168991975912,True,-0.032310967376542356,0.0022213547721331426,0.034768460997824366,0.7173079485153994,0.7274916874591966,1963
0.968703641788693,0.06126175287083391,0.07167647455569881,True,-0.1344459726283261,0.005948284249542324,0.05479699218732416,0.8839373283446651,1.328033439124725,1964
1.4771003006156462,0.06836523642205616,0.0706889906669177,True,-0.08800269570043003,0.0030523412654798136,0.05331483667739337,1.1997506835339742,1.3436224551408653,1965
2.2475504012886205,0.07052900626660996,0.07052900626660996,True,0.08110557637671516,0.0022808487727934736,0.04733111698796987,1.110073564199031,0.7493756030486605,1966
2.200382028194312,0.05642971936133412,0.10591218621336518,True,0.10123799236716051,0.004548134290071374,0.03326081440419089,0.9815515090643536,0.8003916778825986,1967
2.0231954143003748,0.11346095393773781,0.11346095393773781,True,-0.00295495419013855,0.0022284145792200874,0.06965427159863863,1.192206137098832,1.1889091892499672,1968
1.900851038950691,0.0548765433283247,0.0548765433283247,True,0.10552422257706633,0.0037270579435751284,0.046101903848533354,0.9866915184061451,1.219164762786563,1969
2.0765515203164853,0.06438120362385513,0.10562460000252005,True,-0.012609123399004073,0.003047288639330379,0.04722939990132168,1.2364636019452164,1.0824384637340798,1970
2.170266634624454,0.10132357914104051,0.11619302059332459,True,0.10350558038779167,0.00528407454006432,0.05801670845005947,1.2229366398699968,1.3440891221408602,1971
1.1452118740196084,0.033816555180730345,0.04320182420972207,True,-0.32424296758866905,0.0025050896554260293,0.04046592832688924,0.9875736262136217,1.1277344735083452,1972
1.9871745989241276,0.10984950657699932,0.10984950657699932,True,0.1576578028775997,0.0054404033226479916,0.05724755497599746,1.0623536435669179,0.742892196092247,1973
2.2640075788914515,0.05522749177317943,0.06370246065695295,True,0.071913228126404,0.003809982285867448,0.039392209582852764,1.0664541874000812,0.9697542277224753,1974
1.1700200088213109,0.052766354517074454,0.05435892217302363,True,-0.11115568425977282,0.004286348969872003,0.041852145277602004,0.9108581118921493,1.3017539488233127,1975
1.864707996303821,0.06279781899874903,0.07736953909189803,True,0.17913671417563837,0.005143760533775659,0.03750633570361194,1.0721117339575208,1.3621903724989428,1976
1.1326388160745609,0.025988287868287996,0.03139852442152291,True,-0.34566613374443533,0.0038342042849838017,0.05434673384317574,0.8982878115915939,1.3676047840601928,1977
2.133466861838272,0.02683155027781603,0.06485564233968266,True,-0.01685431389586734,0.003994947845631097,0.033280420796053756,0.8864154331890752,1.2472895562338713,1978
1.3150255295794295,0.0903684682590411,0.09934968217850382,True,-0.10579182102758997,0.005102683825148339,0.05372079202389389,1.130141827291522,0.7969508528723097,1979
1.9039829694948196,0.048031443946355834,0.07754070195968255,True,0.24091131726465445,0.003089225539328273,0.044487818941309744,1.0812760327433262,0.8319286093512306,1980
0.6726730269282655,0.007987385003771053,0.031821973664466485,True,-0.1689802959063442,0.002464302767195415,0.047661997547546575,1.1324785480828377,1.386636010145546,1981
2.0554720952659693,0.07508824892936916,0.1161863358338644,True,-0.010311620477855329,0.002832510291997315,0.06005707861028899,1.0065450919541683,0.7816790375799632,1982
1.7181739381727255,0.05463538840963089,0.08068028538161198,True,-0.06513772702242612,0.004895290353870518,0.052654689863433496,1.1270107619605607,0.9384324568132949,1983
0.888392251543138,0.13996670037013148,0.13996670037013148,True,-0.15499138879063767,0.00560481551886679,0.06676075497504895,0.8592315433555036,1.2821422264079885,1984
2.041508191172028,0.04823267960141764,0.0754054918502931,True,0.17452093940799482,0.0027223929029360034,0.03173732886920962,1.021715893834756,0.7211082841938348,1985
1.9412066364571956,0.0346538543961159,0.04618492312719913,True,0.1212943757662219,0.004083294017188127,0.03658459092733619,1.2258215929568408,1.2525305512892957,1986
2.2615726807800627,0.060937559023973575,0.060937559023973575,True,0.030430650471023616,0.0044319881007466345,0.039319576488934194,1.271223054755057,1.2096742309493427,1987
1.7246887372474333,0.08093480701753797,0.10404992403048263,True,-0.0671039539852301,0.005226330404664833,0.058313390517827114,1.1734038440425487,0.833043863878701,1988
2.279861244879328,0.08196654877660814,0.1044437440168291,True,0.027370900344629582,0.004487743150195631,0.04172348504534494,0.9704758104339063,1.1699960930015052,1989
2.088915186046833,0.09241910242049922,0.09241910242049922,True,-0.014485562774059572,0.0022785288608528228,0.05925345175590492,0.9346404349919285,0.9811819086381022,1990
2.252670957611514,0.07283467724837744,0.07283467724837744,True,0.03332390823425375,0.004933494949436842,0.039060764429193026,0.9359782119453459,0.8525917548778181,1991
0.42223318129774157,0.049784639352308035,0.049784639352308035,True,-0.19781339457245173,0.003621707681383466,0.050057757016529675,0.7123797605815733,0.7024501604387803,1992
2.0935303035729333,0.11818818829084754,0.11818818829084754,True,0.017640117704429005,0.0023559296162308156,0.06592582051876328,1.134265109815461,1.12269627317907,1993
2.0489831771474485,0.048887961835598404,0.07765428070893021,True,0.16116729546292005,0.0022834419767627464,0.04667744846102573,0.8754688994247392,1.3572259515859701,1994
1.0691824361197462,0.04819831768003224,0.05970957202580629,True,-0.1247188369693049,0.0037445823238706436,0.054552456479619274,1.2706861463480044,0.7204205748573214,1995
1.9269031333966637,0.00336115605784304,0.006625996286447444,True,-0.029413389480607764,0.002159621123048001,0.03436595954011554,1.072207331355758,1.2592555266567902,1996
1.8696371775612306,0.06324009166025046,0.09111035351185892,True,0.19966263707203416,0.0044957372573263925,0.05922792936029317,0.7433817147843345,1.3259236001657078,1997
2.2002970813354636,0.08955040878797682,0.09186472547431723,True,0.08757654640077821,0.005342844917828489,0.04921419699884522,0.9253665318767537,1.0001735293503096,1998
2.1891328287548646,0.10988169779799373,0.10988169779799373,True,0.030168885008535443,0.0033320463343352253,0.06281007752372865,0.8558726196769835,0.7983007834362233,1999
