scenario,i,t,alpha,delta1,delta2,CL,s,sigma,flags
0,0,0.0000,9.0456686e+00,9.6783857e+00,-7.7124534e+00,1.3004854e+00,4.8542023e-04,1.2874873e-01,0
0,1,0.0100,9.1226807e+00,9.3848257e+00,-7.4155822e+00,1.2980887e+00,-1.9112825e-03,1.2874873e-01,0
0,2,0.0200,9.1721144e+00,9.0803537e+00,-7.1376467e+00,1.3003545e+00,3.5452843e-04,1.2874873e-01,0
0,3,0.0300,9.2473116e+00,8.8006430e+00,-6.8527174e+00,1.2983443e+00,-1.6556978e-03,1.2874873e-01,0
0,4,0.0400,9.2970839e+00,8.5106792e+00,-6.5855312e+00,1.3003315e+00,3.3152103e-04,1.2874873e-01,0
0,5,0.0500,9.3702135e+00,8.2439413e+00,-6.3121872e+00,1.2984672e+00,-1.5327930e-03,1.2874873e-01,0
0,6,0.0600,9.4187698e+00,7.9669266e+00,-6.0560236e+00,1.3003310e+00,3.3104420e-04,1.2874873e-01,0
0,7,0.0700,9.4897099e+00,7.7123933e+00,-5.7938733e+00,1.2985030e+00,-1.4969110e-03,1.2874873e-01,0
0,8,0.0800,9.5356865e+00,7.4468360e+00,-5.5489469e+00,1.3003674e+00,3.6740303e-04,1.2874873e-01,0
0,9,0.0900,9.6045561e+00,7.2039413e+00,-5.2975063e+00,1.2984629e+00,-1.5370846e-03,1.2874873e-01,0
0,10,0.1000,9.6474571e+00,6.9489536e+00,-5.0636315e+00,1.3004098e+00,4.0984154e-04,1.2874873e-01,0
0,11,0.1100,9.7141104e+00,6.7169795e+00,-4.8225698e+00,1.2984083e+00,-1.5916824e-03,1.2874873e-01,0
0,12,0.1200,9.7540045e+00,6.4720917e+00,-4.5992985e+00,1.3004358e+00,4.3582916e-04,1.2874873e-01,0
0,13,0.1300,9.8180628e+00,6.2501945e+00,-4.3684201e+00,1.2983913e+00,-1.6086102e-03,1.2874873e-01,0
0,14,0.1400,9.8552160e+00,6.0150952e+00,-4.1552219e+00,1.3004408e+00,4.4083595e-04,1.2874873e-01,0
0,15,0.1500,9.9166145e+00,5.8026919e+00,-3.9341924e+00,1.2983878e+00,-1.6121864e-03,1.2874873e-01,0
0,16,0.1600,9.9509535e+00,5.5768495e+00,-3.7307220e+00,1.3004541e+00,4.5418739e-04,1.2874873e-01,0
0,17,0.1700,1.0009798e+01,5.3735147e+00,-3.5191360e+00,1.2983861e+00,-1.6138554e-03,1.2874873e-01,0
0,18,0.1800,1.0041788e+01,5.1567898e+00,-3.3247955e+00,1.3004440e+00,4.4405460e-04,1.2874873e-01,0
0,19,0.1900,1.0098228e+01,4.9621582e+00,-3.1222384e+00,1.2983859e+00,-1.6140938e-03,1.2874873e-01,0
0,20,0.2000,1.0130192e+01,4.7428856e+00,-2.9259443e+00,1.3004490e+00,4.4906139e-04,1.0420819e-01,0
0,21,0.2100,1.0186619e+01,4.5459146e+00,-2.7217484e+00,1.2983918e+00,-1.6081333e-03,1.0420819e-01,0
0,22,0.2200,1.0216177e+01,4.3359637e+00,-2.5347629e+00,1.3004483e+00,4.4834614e-04,1.0420819e-01,0
0,23,0.2300,1.0270453e+01,4.1480856e+00,-2.3396409e+00,1.2983770e+00,-1.6229153e-03,1.0420819e-01,0
0,24,0.2400,1.0297364e+01,3.9468000e+00,-2.1617045e+00,1.3004792e+00,4.7922134e-04,1.0420819e-01,0
0,25,0.2500,1.0349919e+01,3.7678335e+00,-1.9750900e+00,1.2983332e+00,-1.6667843e-03,1.0420819e-01,0
0,26,0.2600,1.0374801e+01,3.5751598e+00,-1.8055441e+00,1.3004808e+00,4.8089027e-04,1.0420819e-01,0
0,27,0.2700,1.0425579e+01,3.4046178e+00,-1.6271223e+00,1.2983220e+00,-1.6779900e-03,1.0420819e-01,0
0,28,0.2800,1.0448591e+01,3.2202082e+00,-1.4655496e+00,1.3004844e+00,4.8446655e-04,1.0420819e-01,0
0,29,0.2900,1.0497587e+01,3.0576596e+00,-1.2949938e+00,1.2983332e+00,-1.6667843e-03,1.0420819e-01,0
0,30,0.3000,1.0519089e+01,2.8813159e+00,-1.1409009e+00,1.3004740e+00,4.7409534e-04,1.0420819e-01,0
0,31,0.3100,1.0566316e+01,2.7263646e+00,-9.7788799e-01,1.2983618e+00,-1.6381741e-03,1.0420819e-01,0
0,32,0.3200,1.0586507e+01,2.5578020e+00,-8.3087432e-01,1.3004596e+00,4.5967102e-04,1.0420819e-01,0
0,33,0.3300,1.0632235e+01,2.4102378e+00,-6.7497301e-01,1.2983708e+00,-1.6291142e-03,1.0420819e-01,0
0,34,0.3400,1.0650741e+01,2.2488105e+00,-5.3492445e-01,1.3004789e+00,4.7898293e-04,1.0420819e-01,0
0,35,0.3500,1.0695508e+01,2.1086180e+00,-3.8559234e-01,1.2983239e+00,-1.6760826e-03,1.0420819e-01,0
0,36,0.3600,1.0712626e+01,1.9541415e+00,-2.5209147e-01,1.3004850e+00,4.8506260e-04,1.0420819e-01,0
0,37,0.3700,1.0756052e+01,1.8207142e+00,-1.0923044e-01,1.2983375e+00,-1.6624928e-03,1.0420819e-01,0
0,38,0.3800,1.0772038e+01,1.6729943e+00,1.8105417e-02,1.3004789e+00,4.7898293e-04,1.0420819e-01,0
0,39,0.3900,1.0814115e+01,1.5459888e+00,1.5475845e-01,1.2983609e+00,-1.6390085e-03,1.0420819e-01,0
0,40,0.4000,1.0829101e+01,1.4046434e+00,2.7633563e-01,1.3004702e+00,4.7028065e-04,1.0385096e-01,0
0,41,0.4100,1.0869964e+01,1.2837076e+00,4.0718815e-01,1.2983770e+00,-1.6229153e-03,1.0385096e-01,0
0,42,0.4200,1.0883780e+01,1.1484318e+00,5.2306652e-01,1.3004756e+00,4.7564507e-04,1.0385096e-01,0
0,43,0.4300,1.0923684e+01,1.0335511e+00,6.4838099e-01,1.2983640e+00,-1.6359091e-03,1.0385096e-01,0
0,44,0.4400,1.0936522e+01,9.0415561e-01,7.5887817e-01,1.3004714e+00,4.7147274e-04,1.0385096e-01,0
0,45,0.4500,1.0975220e+01,7.9487145e-01,8.7877536e-01,1.2983880e+00,-1.6119480e-03,1.0385096e-01,0
0,46,0.4600,1.0986888e+01,6.7093313e-01,9.8402435e-01,1.3004832e+00,4.8327446e-04,1.0385096e-01,0
0,47,0.4700,1.1024716e+01,5.6718177e-01,1.0988809e+00,1.2983735e+00,-1.6264915e-03,1.0385096e-01,0
0,48,0.4800,1.1035524e+01,4.4861802e-01,1.1992326e+00,1.3004766e+00,4.7659874e-04,1.0385096e-01,0
0,49,0.4900,1.1072433e+01,3.5009459e-01,1.3092381e+00,1.2983699e+00,-1.6300678e-03,1.0385096e-01,0
0,50,0.5000,1.1082007e+01,2.3638919e-01,1.4047241e+00,1.3004982e+00,4.9829483e-04,1.0385096e-01,0
0,51,0.5100,1.1118226e+01,1.4298615e-01,1.5101876e+00,1.2983400e+00,-1.6599894e-03,1.0385096e-01,0
0,52,0.5200,1.1126864e+01,3.4075342e-02,1.6011350e+00,1.3005016e+00,5.0163269e-04,1.0385096e-01,0
0,53,0.5300,1.1161925e+01,-5.4765195e-02,1.7020384e+00,1.2983744e+00,-1.6255379e-03,1.0385096e-01,0
0,54,0.5400,1.1169712e+01,-1.5907212e-01,1.7886689e+00,1.3005010e+00,5.0103664e-04,1.0385096e-01,0
0,55,0.5500,1.1204067e+01,-2.4328955e-01,1.8854024e+00,1.2983540e+00,-1.6459227e-03,1.0385096e-01,0
0,56,0.5600,1.1210881e+01,-3.4330845e-01,1.9678364e+00,1.3005111e+00,5.1116943e-04,1.0385096e-01,0
0,57,0.5700,1.1244553e+01,-4.2311606e-01,2.0605869e+00,1.2983341e+00,-1.6658306e-03,1.0385096e-01,0
0,58,0.5800,1.1250197e+01,-5.1920187e-01,2.1389041e+00,1.3005379e+00,5.3799152e-04,1.0385096e-01,0
0,59,0.5900,1.1283148e+01,-5.9484088e-01,2.2278240e+00,1.2983224e+00,-1.6775131e-03,1.0385096e-01,0
0,60,0.6000,1.1288236e+01,-6.8592376e-01,2.3017945e+00,1.3005095e+00,5.0950050e-04,1.0791218e-01,0
0,61,0.6100,1.1319799e+01,-7.5720984e-01,2.3861084e+00,1.2983789e+00,-1.6210079e-03,1.0791218e-01,0
0,62,0.6200,1.1324253e+01,-8.4450018e-01,2.4565771e+00,1.3005023e+00,5.0234795e-04,1.0791218e-01,0
0,63,0.6300,1.1355122e+01,-9.1208559e-01,2.5374441e+00,1.2983724e+00,-1.6275644e-03,1.0791218e-01,0
0,64,0.6400,1.1358441e+01,-9.9610794e-01,2.6043270e+00,1.3005333e+00,5.3334236e-04,1.0791218e-01,0
0,65,0.6500,1.1388920e+01,-1.0599735e+00,2.6820278e+00,1.2983296e+00,-1.6703606e-03,1.0791218e-01,0
0,66,0.6600,1.1391421e+01,-1.1406978e+00,2.7456036e+00,1.3005433e+00,5.4335594e-04,1.0791218e-01,0
0,67,0.6700,1.1421343e+01,-1.2011328e+00,2.8201988e+00,1.2983114e+00,-1.6885996e-03,1.0791218e-01,0
0,68,0.6800,1.1422914e+01,-1.2788081e+00,2.8805470e+00,1.3005639e+00,5.6397915e-04,1.0791218e-01,0
0,69,0.6900,1.1452184e+01,-1.3360448e+00,2.9521234e+00,1.2983088e+00,-1.6911030e-03,1.0791218e-01,0
0,70,0.7000,1.1453308e+01,-1.4105108e+00,3.0095882e+00,1.3005500e+00,5.5003166e-04,1.0791218e-01,0
0,71,0.7100,1.1481723e+01,-1.4648496e+00,3.0781767e+00,1.2983363e+00,-1.6636848e-03,1.0791218e-01,0
0,72,0.7200,1.1482593e+01,-1.5361332e+00,3.1329651e+00,1.3005238e+00,5.2380562e-04,1.0791218e-01,0
0,73,0.7300,1.1510122e+01,-1.5877506e+00,3.1986699e+00,1.2983705e+00,-1.6294718e-03,1.0791218e-01,0
0,74,0.7400,1.1509991e+01,-1.6565078e+00,3.2505550e+00,1.3005549e+00,5.5491924e-04,1.0791218e-01,0
0,75,0.7500,1.1537317e+01,-1.7050905e+00,3.3137989e+00,1.2983190e+00,-1.6809702e-03,1.0791218e-01,0
0,76,0.7600,1.1536448e+01,-1.7712877e+00,3.3630095e+00,1.3005685e+00,5.6850910e-04,1.0791218e-01,0
0,77,0.7700,1.1563221e+01,-1.8172145e+00,3.4237401e+00,1.2983162e+00,-1.6837120e-03,1.0791218e-01,0
0,78,0.7800,1.1561697e+01,-1.8809315e+00,3.4704185e+00,1.3005774e+00,5.7744980e-04,1.0791218e-01,0
0,79,0.7900,1.1587974e+01,-1.9243002e+00,3.5287638e+00,1.2983091e+00,-1.6908646e-03,1.0791218e-01,0
0,80,0.8000,1.1585900e+01,-1.9848924e+00,3.5725236e+00,1.3005693e+00,5.6934357e-04,1.1317507e-01,0
0,81,0.8100,1.1611336e+01,-2.0253935e+00,3.6279135e+00,1.2983327e+00,-1.6672611e-03,1.1317507e-01,0
0,82,0.8200,1.1608887e+01,-2.0836346e+00,3.6695106e+00,1.3005612e+00,5.6123734e-04,1.1317507e-01,0
0,83,0.8300,1.1633753e+01,-2.1219411e+00,3.7227178e+00,1.2983426e+00,-1.6573668e-03,1.1317507e-01,0
0,84,0.8400,1.1630759e+01,-2.1780627e+00,3.7621620e+00,1.3005676e+00,5.6767464e-04,1.1317507e-01,0
0,85,0.8500,1.1655222e+01,-2.2141762e+00,3.8133485e+00,1.2983334e+00,-1.6665459e-03,1.1317507e-01,0
0,86,0.8600,1.1651721e+01,-2.2682633e+00,3.8507409e+00,1.3005728e+00,5.7280064e-04,1.1317507e-01,0
0,87,0.8700,1.1675606e+01,-2.3024132e+00,3.8999076e+00,1.2983499e+00,-1.6500950e-03,1.1317507e-01,0
0,88,0.8800,1.1671765e+01,-2.3544564e+00,3.9354055e+00,1.3005664e+00,5.6648254e-04,1.1317507e-01,0
0,89,0.8900,1.1695266e+01,-2.3866138e+00,3.9827199e+00,1.2983434e+00,-1.6565323e-03,1.1317507e-01,0
0,90,0.9000,1.1690920e+01,-2.4368277e+00,4.0163236e+00,1.3005743e+00,5.7435036e-04,1.1317507e-01,0
0,91,0.9100,1.1714019e+01,-2.4671047e+00,4.0618525e+00,1.2983416e+00,-1.6583204e-03,1.1317507e-01,0
0,92,0.9200,1.1709370e+01,-2.5154469e+00,4.0937285e+00,1.3005680e+00,5.6803226e-04,1.1317507e-01,0
0,93,0.9300,1.1731919e+01,-2.5440412e+00,4.1374741e+00,1.2983619e+00,-1.6380548e-03,1.1317507e-01,0
0,94,0.9400,1.1726747e+01,-2.5907557e+00,4.1675901e+00,1.3005800e+00,5.8007240e-04,1.1317507e-01,0
0,95,0.9500,1.1749134e+01,-2.6174915e+00,4.2097998e+00,1.2983334e+00,-1.6665459e-03,1.1317507e-01,0
0,96,0.9600,1.1743232e+01,-2.6628084e+00,4.2381268e+00,1.3006098e+00,6.0987473e-04,1.1317507e-01,0
0,97,0.9700,1.1765328e+01,-2.6878619e+00,4.2788062e+00,1.2983240e+00,-1.6759634e-03,1.1317507e-01,0
0,98,0.9800,1.1759718e+01,-2.7311602e+00,4.3058844e+00,1.3005607e+00,5.6076050e-04,1.1317507e-01,0
0,99,0.9900,1.1780970e+01,-2.7549982e+00,4.3448367e+00,1.2983898e+00,-1.6101599e-03,1.1317507e-01,0
0,100,1.0000,1.1774901e+01,-2.7963769e+00,4.3700008e+00,1.3005636e+00,5.6362152e-04,1.1917818e-01,0
0,101,1.0100,1.1795793e+01,-2.8182669e+00,4.4071517e+00,1.2983813e+00,-1.6186237e-03,1.1917818e-01,0
0,102,1.0200,1.1789056e+01,-2.8584914e+00,4.4307718e+00,1.3005924e+00,5.9247017e-04,1.1917818e-01,0
0,103,1.0300,1.1809910e+01,-2.8788061e+00,4.4667196e+00,1.2983462e+00,-1.6537905e-03,1.1917818e-01,0
0,104,1.0400,1.1802683e+01,-2.9178250e+00,4.4889317e+00,1.3006089e+00,6.0892105e-04,1.1917818e-01,0
0,105,1.0500,1.1823388e+01,-2.9367108e+00,4.5236769e+00,1.2983272e+00,-1.6727448e-03,1.1917818e-01,0
0,106,1.0600,1.1816050e+01,-2.9743288e+00,4.5447097e+00,1.3005962e+00,5.9628487e-04,1.1917818e-01,0
0,107,1.0700,1.1836284e+01,-2.9920766e+00,4.5781507e+00,1.2983527e+00,-1.6472340e-03,1.1917818e-01,0
0,108,1.0800,1.1828450e+01,-3.0286245e+00,4.5978742e+00,1.3006152e+00,6.1523914e-04,1.1917818e-01,0
0,109,1.0900,1.1848696e+01,-3.0449636e+00,4.6302853e+00,1.2983160e+00,-1.6839504e-03,1.1917818e-01,0
0,110,1.1000,1.1840642e+01,-3.0803125e+00,4.6488748e+00,1.3006132e+00,6.1321259e-04,1.1917818e-01,0
0,111,1.1100,1.1860418e+01,-3.0956383e+00,4.6800742e+00,1.2983449e+00,-1.6551018e-03,1.1917818e-01,0
0,112,1.1200,1.1852186e+01,-3.1298177e+00,4.6975946e+00,1.3006086e+00,6.0868263e-04,1.1917818e-01,0
0,113,1.1300,1.1871772e+01,-3.1439953e+00,4.7277579e+00,1.2983382e+00,-1.6617775e-03,1.1917818e-01,0
0,114,1.1400,1.1863092e+01,-3.1772497e+00,4.7441254e+00,1.3006268e+00,6.2680244e-04,1.1917818e-01,0
0,115,1.1500,1.1882557e+01,-3.1902869e+00,4.7733254e+00,1.2983239e+00,-1.6760826e-03,1.1917818e-01,0
0,116,1.1600,1.1873740e+01,-3.2224545e+00,4.7887268e+00,1.3006207e+00,6.2072277e-04,1.1917818e-01,0
0,117,1.1700,1.1892803e+01,-3.2345991e+00,4.8168721e+00,1.2983481e+00,-1.6518831e-03,1.1917818e-01,0
0,118,1.1800,1.1883944e+01,-3.2656653e+00,4.8313918e+00,1.3006078e+00,6.0784817e-04,1.1917818e-01,0
0,119,1.1900,1.1902582e+01,-3.2769861e+00,4.8585081e+00,1.2983766e+00,-1.6233921e-03,1.1917818e-01,0
0,120,1.2000,1.1893488e+01,-3.3068628e+00,4.8718901e+00,1.3006067e+00,6.0677528e-04,1.2439009e-01,0
0,121,1.2100,1.1911988e+01,-3.3169494e+00,4.8979549e+00,1.2983618e+00,-1.6381741e-03,1.2439009e-01,0
0,122,1.2200,1.1902555e+01,-3.3460515e+00,4.9104061e+00,1.3006196e+00,6.1964989e-04,1.2439009e-01,0
0,123,1.2300,1.1920941e+01,-3.3552155e+00,4.9356771e+00,1.2983525e+00,-1.6474724e-03,1.2439009e-01,0
0,124,1.2400,1.1910994e+01,-3.3837094e+00,4.9471478e+00,1.3006477e+00,6.4778328e-04,1.2439009e-01,0
0,125,1.2500,1.1929579e+01,-3.3917761e+00,4.9718046e+00,1.2983027e+00,-1.6973019e-03,1.2439009e-01,0
0,126,1.2600,1.1919541e+01,-3.4194071e+00,4.9825277e+00,1.3006418e+00,6.4182281e-04,1.2439009e-01,0
0,127,1.2700,1.1937734e+01,-3.4268322e+00,5.0063210e+00,1.2983329e+00,-1.6670227e-03,1.2439009e-01,0
0,128,1.2800,1.1927381e+01,-3.4537981e+00,5.0162201e+00,1.3006551e+00,6.5517426e-04,1.2439009e-01,0
0,129,1.2900,1.1945483e+01,-3.4604075e+00,5.0393229e+00,1.2983236e+00,-1.6763210e-03,1.2439009e-01,0
0,130,1.3000,1.1935063e+01,-3.4865725e+00,5.0485449e+00,1.3006485e+00,6.4849854e-04,1.2439009e-01,0
0,131,1.3100,1.1952983e+01,-3.4924707e+00,5.0709405e+00,1.2983279e+00,-1.6720295e-03,1.2439009e-01,0
0,132,1.3200,1.1942333e+01,-3.5179858e+00,5.0794358e+00,1.3006560e+00,6.5600872e-04,1.2439009e-01,0
0,133,1.3300,1.1960155e+01,-3.5231485e+00,5.1011920e+00,1.2983217e+00,-1.6782284e-03,1.2439009e-01,0
0,134,1.3400,1.1949367e+01,-3.5479848e+00,5.1090307e+00,1.3006564e+00,6.5648556e-04,1.2439009e-01,0
0,135,1.3500,1.1966952e+01,-3.5525451e+00,5.1301069e+00,1.2983351e+00,-1.6648769e-03,1.2439009e-01,0
0,136,1.3600,1.1955977e+01,-3.5767694e+00,5.1372919e+00,1.3006614e+00,6.6149235e-04,1.2439009e-01,0
0,137,1.3700,1.1973502e+01,-3.5806370e+00,5.1577959e+00,1.2983259e+00,-1.6740561e-03,1.2439009e-01,0
0,138,1.3800,1.1962451e+01,-3.6042042e+00,5.1644039e+00,1.3006577e+00,6.5779686e-04,1.2439009e-01,0
0,139,1.3900,1.1979701e+01,-3.6075609e+00,5.1842575e+00,1.2983460e+00,-1.6539097e-03,1.2439009e-01,0
0,140,1.4000,1.1968590e+01,-3.6303601e+00,5.1902213e+00,1.3006511e+00,6.5112114e-04,1.2837692e-01,0
0,141,1.4100,1.1985580e+01,-3.6331007e+00,5.2093601e+00,1.2983615e+00,-1.6384125e-03,1.2837692e-01,0
0,142,1.4200,1.1974277e+01,-3.6553957e+00,5.2147460e+00,1.3006582e+00,6.5827370e-04,1.2837692e-01,0
0,143,1.4300,1.1991343e+01,-3.6574502e+00,5.2334533e+00,1.2983370e+00,-1.6629696e-03,1.2837692e-01,0
0,144,1.4400,1.1979811e+01,-3.6792939e+00,5.2382641e+00,1.3006690e+00,6.6900253e-04,1.2837692e-01,0
0,145,1.4500,1.1996763e+01,-3.6808228e+00,5.2564692e+00,1.2983384e+00,-1.6615391e-03,1.2837692e-01,0
0,146,1.4600,1.1985141e+01,-3.7021441e+00,5.2607913e+00,1.3006685e+00,6.6852570e-04,1.2837692e-01,0
0,147,1.4700,1.2000000e+01,-3.7031658e+00,5.2785187e+00,1.2983391e+00,-1.6608238e-03,1.2837692e-01,1
0,148,1.4800,1.1990882e+01,-3.7221951e+00,5.2835927e+00,1.3004687e+00,4.6873093e-04,1.2837692e-01,0
0,149,1.4900,1.2000000e+01,-3.7241032e+00,5.2999291e+00,1.2985868e+00,-1.4131069e-03,1.2837692e-01,1
0,150,1.5000,1.1998957e+01,-3.7370009e+00,5.3084040e+00,1.3000705e+00,7.0571899e-05,1.2837692e-01,0
0,151,1.5100,1.2000000e+01,-3.7449157e+00,5.3198972e+00,1.2994869e+00,-5.1307678e-04,1.2837692e-01,1
0,152,1.5200,1.2000000e+01,-3.7450397e+00,5.3363295e+00,1.2995869e+00,-4.1306019e-04,1.2837692e-01,1
0,153,1.5300,1.2000000e+01,-3.7528906e+00,5.3471437e+00,1.3003170e+00,3.1709671e-04,1.2837692e-01,1
0,154,1.5400,1.1993959e+01,-3.7686796e+00,5.3522015e+00,1.3002765e+00,2.7656555e-04,1.2837692e-01,0
0,155,1.5500,1.2000000e+01,-3.7713506e+00,5.3658519e+00,1.2988869e+00,-1.1130571e-03,1.2837692e-01,1
0,156,1.5600,1.2000000e+01,-3.7752266e+00,5.3783474e+00,1.2998964e+00,-1.0359287e-04,1.2837692e-01,1
0,157,1.5700,1.2000000e+01,-3.7810991e+00,5.3891554e+00,1.3002168e+00,2.1684170e-04,1.2837692e-01,1
0,158,1.5800,1.1993320e+01,-3.7967281e+00,5.3929949e+00,1.3003135e+00,3.1352043e-04,1.2837692e-01,0
0,159,1.5900,1.2000000e+01,-3.7982907e+00,5.4061055e+00,1.2988081e+00,-1.1918545e-03,1.2837692e-01,1
0,160,1.6000,1.2000000e+01,-3.8024561e+00,5.4170809e+00,1.2999353e+00,-6.4611435e-05,1.3022105e-01,1
0,161,1.6100,1.2000000e+01,-3.8067036e+00,5.4277029e+00,1.3001540e+00,1.5401840e-04,1.3022105e-01,1
0,162,1.6200,1.1992715e+01,-3.8221629e+00,5.4303908e+00,1.3003502e+00,3.5023689e-04,1.3022105e-01,0
0,163,1.6300,1.2000000e+01,-3.8227735e+00,5.4429154e+00,1.2987491e+00,-1.2508631e-03,1.3022105e-01,1
0,164,1.6400,1.2000000e+01,-3.8273077e+00,5.4524870e+00,1.2999649e+00,-3.5047531e-05,1.3022105e-01,1
0,165,1.6500,1.2000000e+01,-3.8300705e+00,5.4629936e+00,1.3001044e+00,1.0442734e-04,1.3022105e-01,1
0,166,1.6600,1.1992003e+01,-3.8455269e+00,5.4645772e+00,1.3003966e+00,3.9660931e-04,1.3022105e-01,0
0,167,1.6700,1.2000000e+01,-3.8452852e+00,5.4766040e+00,1.2986917e+00,-1.3082027e-03,1.3022105e-01,1
0,168,1.6800,1.2000000e+01,-3.8509758e+00,5.4843302e+00,1.2999957e+00,-4.2915344e-06,1.3022105e-01,1
0,169,1.6900,1.2000000e+01,-3.8472610e+00,5.4982214e+00,1.2999866e+00,-1.3351440e-05,1.3022105e-01,1
0,170,1.7000,1.2000000e+01,-3.8490984e+00,5.5080810e+00,1.3008554e+00,8.5544586e-04,1.3022105e-01,1
0,171,1.7100,1.1995628e+01,-3.8615935e+00,5.5104303e+00,1.3011656e+00,1.1656284e-03,1.3022105e-01,0
0,172,1.7200,1.1996096e+01,-3.8704803e+00,5.5150070e+00,1.3000374e+00,3.7431717e-05,1.3022105e-01,0
0,173,1.7300,1.1998780e+01,-3.8776076e+00,5.5205545e+00,1.2996902e+00,-3.0970573e-04,1.3022105e-01,0
0,174,1.7400,1.2000000e+01,-3.8763015e+00,5.5316315e+00,1.2997167e+00,-2.8324127e-04,1.3022105e-01,1
0,175,1.7500,1.2000000e+01,-3.8826466e+00,5.5372691e+00,1.3004429e+00,4.4298172e-04,1.3022105e-01,1
0,176,1.7600,1.1993894e+01,-3.8956394e+00,5.5381551e+00,1.3002812e+00,2.8121471e-04,1.3022105e-01,0
0,177,1.7700,1.2000000e+01,-3.8953588e+00,5.5478883e+00,1.2988617e+00,-1.1382103e-03,1.3022105e-01,1
0,178,1.7800,1.2000000e+01,-3.8968492e+00,5.5562077e+00,1.2999120e+00,-8.7976456e-05,1.3022105e-01,1
0,179,1.7900,1.2000000e+01,-3.8996384e+00,5.5634398e+00,1.3001897e+00,1.8978119e-04,1.3022105e-01,1
0,180,1.8000,1.1992867e+01,-3.9129713e+00,5.5632606e+00,1.3003414e+00,3.4141541e-04,1.3113368e-01,0
0,181,1.8100,1.2000000e+01,-3.9116564e+00,5.5728874e+00,1.2987577e+00,-1.2422800e-03,1.3113368e-01,1
0,182,1.8200,1.2000000e+01,-3.9140117e+00,5.5798216e+00,1.2999579e+00,-4.2080879e-05,1.3113368e-01,1
0,183,1.8300,1.2000000e+01,-3.9154632e+00,5.5871892e+00,1.3001337e+00,1.3375282e-04,1.3113368e-01,1
0,184,1.8400,1.1992545e+01,-3.9286823e+00,5.5863428e+00,1.3003623e+00,3.6239624e-04,1.3113368e-01,0
0,185,1.8500,1.2000000e+01,-3.9268441e+00,5.5956006e+00,1.2987285e+00,-1.2714863e-03,1.3113368e-01,1
0,186,1.8600,1.2000000e+01,-3.9293680e+00,5.6017079e+00,1.2999718e+00,-2.8133392e-05,1.3113368e-01,1
0,187,1.8700,1.2000000e+01,-3.9292040e+00,5.6094828e+00,1.3000739e+00,7.3909760e-05,1.3113368e-01,1
0,188,1.8800,1.1991183e+01,-3.9430866e+00,5.6075006e+00,1.3004543e+00,4.5430660e-04,1.3113368e-01,0
0,189,1.8900,1.2000000e+01,-3.9402096e+00,5.6168013e+00,1.2986045e+00,-1.3954639e-03,1.3113368e-01,1
0,190,1.9000,1.1999220e+01,-3.9481978e+00,5.6185250e+00,1.3000658e+00,6.5803528e-05,1.3113368e-01,0
0,191,1.9100,1.2000000e+01,-3.9517617e+00,5.6231155e+00,1.2995210e+00,-4.7898293e-04,1.3113368e-01,1
0,192,1.9200,1.2000000e+01,-3.9471483e+00,5.6331396e+00,1.2995716e+00,-4.2831898e-04,1.3113368e-01,1
0,193,1.9300,1.2000000e+01,-3.9506364e+00,5.6374831e+00,1.3003269e+00,3.2699108e-04,1.3113368e-01,1
0,194,1.9400,1.1993671e+01,-3.9623063e+00,5.6360931e+00,1.3002979e+00,2.9790401e-04,1.3113368e-01,0
0,195,1.9500,1.2000000e+01,-3.9604964e+00,5.6437688e+00,1.2988571e+00,-1.1428595e-03,1.3113368e-01,1
0,196,1.9600,1.2000000e+01,-3.9610057e+00,5.6497221e+00,1.2999320e+00,-6.7949295e-05,1.3113368e-01,1
0,197,1.9700,1.2000000e+01,-3.9618669e+00,5.6552997e+00,1.3001601e+00,1.6009808e-04,1.3113368e-01,1
0,198,1.9800,1.1992662e+01,-3.9740057e+00,5.6530399e+00,1.3003590e+00,3.5905838e-04,1.3113368e-01,0
0,199,1.9900,1.2000000e+01,-3.9713373e+00,5.6607661e+00,1.2987597e+00,-1.2402534e-03,1.3113368e-01,1
0,200,2.0000,1.2000000e+01,-3.9734964e+00,5.6650600e+00,1.2999854e+00,-1.4543533e-05,1.3174768e-01,1
0,201,2.0100,1.2000000e+01,-3.9707632e+00,5.6725726e+00,1.3000243e+00,2.4318695e-05,1.3174768e-01,1
0,202,2.0200,1.1989706e+01,-3.9847832e+00,5.6685171e+00,1.3005687e+00,5.6874752e-04,1.3174768e-01,0
0,203,2.0300,1.2000000e+01,-3.9801526e+00,5.6770859e+00,1.2984579e+00,-1.5420914e-03,1.3174768e-01,1
0,204,2.0400,1.1997249e+01,-3.9886603e+00,5.6765618e+00,1.3001311e+00,1.3113022e-04,1.3174768e-01,0
0,205,2.0500,1.2000000e+01,-3.9892797e+00,5.6813140e+00,1.2992899e+00,-7.1001053e-04,1.3174768e-01,1
0,206,2.0600,1.2000000e+01,-3.9854422e+00,5.6890006e+00,1.2997155e+00,-2.8443336e-04,1.3174768e-01,1
0,207,2.0700,1.2000000e+01,-3.9880276e+00,5.6921897e+00,1.3003244e+00,3.2448769e-04,1.3174768e-01,1
0,208,2.0800,1.1993599e+01,-3.9989357e+00,5.6895843e+00,1.3003054e+00,3.0541420e-04,1.3174768e-01,0
0,209,2.0900,1.2000000e+01,-3.9962339e+00,5.6961756e+00,1.2988483e+00,-1.1516809e-03,1.3174768e-01,1
0,210,2.1000,1.2000000e+01,-3.9960706e+00,5.7009301e+00,1.2999375e+00,-6.2465668e-05,1.3174768e-01,1
0,211,2.1100,1.2000000e+01,-3.9961307e+00,5.7054329e+00,1.3001602e+00,1.6021729e-04,1.3174768e-01,1
0,212,2.1200,1.1992626e+01,-4.0075498e+00,5.7020741e+00,1.3003650e+00,3.6501884e-04,1.3174768e-01,0
0,213,2.1300,1.2000000e+01,-4.0040894e+00,5.7087893e+00,1.2987560e+00,-1.2439489e-03,1.3174768e-01,1
0,214,2.1400,1.2000000e+01,-4.0056787e+00,5.7119603e+00,1.2999884e+00,-1.1563301e-05,1.3174768e-01,1
0,215,2.1500,1.2000000e+01,-4.0017376e+00,5.7188196e+00,1.3000146e+00,1.4662743e-05,1.3174768e-01,1
0,216,2.1600,1.1989441e+01,-4.0152788e+00,5.7136397e+00,1.3005950e+00,5.9509277e-04,1.3174768e-01,0
0,217,2.1700,1.2000000e+01,-4.0099425e+00,5.7212753e+00,1.2984564e+00,-1.5435219e-03,1.3174768e-01,1
0,218,2.1800,1.1996205e+01,-4.0185442e+00,5.7192984e+00,1.3001759e+00,1.7595291e-04,1.3174768e-01,0
0,219,2.1900,1.2000000e+01,-4.0173397e+00,5.7239404e+00,1.2991400e+00,-8.5997581e-04,1.3174768e-01,1
0,220,2.2000,1.2000000e+01,-4.0138159e+00,5.7300830e+00,1.2997866e+00,-2.1338463e-04,1.3214128e-01,1
0,221,2.2100,1.2000000e+01,-4.0154533e+00,5.7326174e+00,1.3003004e+00,3.0040741e-04,1.3214128e-01,1
0,222,2.2200,1.1993506e+01,-4.0258322e+00,5.7290974e+00,1.3003143e+00,3.1435490e-04,1.3214128e-01,0
0,223,2.2300,1.2000000e+01,-4.0224862e+00,5.7348833e+00,1.2988452e+00,-1.1547804e-03,1.3214128e-01,1
0,224,2.2400,1.2000000e+01,-4.0222149e+00,5.7384920e+00,1.2999547e+00,-4.5299530e-05,1.3214128e-01,1
0,225,2.2500,1.2000000e+01,-4.0211005e+00,5.7426038e+00,1.3001285e+00,1.2850761e-04,1.3214128e-01,1
0,226,2.2600,1.1992346e+01,-4.0321760e+00,5.7383099e+00,1.3003869e+00,3.8695335e-04,1.3214128e-01,0
0,227,2.2700,1.2000000e+01,-4.0279751e+00,5.7443895e+00,1.2987286e+00,-1.2713671e-03,1.3214128e-01,1
0,228,2.2800,1.2000000e+01,-4.0295725e+00,5.7464366e+00,1.2999957e+00,-4.2915344e-06,1.3214128e-01,1
0,229,2.2900,1.2000000e+01,-4.0230627e+00,5.7539592e+00,1.2999992e+00,-7.1525574e-07,1.3214128e-01,1
0,230,2.3000,1.2000000e+01,-4.0203786e+00,5.7588010e+00,1.3007776e+00,7.7760220e-04,1.3214128e-01,1
0,231,2.3100,1.1995663e+01,-4.0291328e+00,5.7557564e+00,1.3011830e+00,1.1830330e-03,1.3214128e-01,0
0,232,2.3200,1.1995539e+01,-4.0347981e+00,5.7547607e+00,1.3000546e+00,5.4597855e-05,1.3214128e-01,0
0,233,2.3300,1.1999701e+01,-4.0373249e+00,5.7558494e+00,1.2996111e+00,-3.8886070e-04,1.3214128e-01,0
0,234,2.3400,1.2000000e+01,-4.0350509e+00,5.7601600e+00,1.2998857e+00,-1.1420250e-04,1.3214128e-01,1
0,235,2.3500,1.2000000e+01,-4.0358167e+00,5.7623329e+00,1.3002673e+00,2.6738644e-04,1.3214128e-01,1
0,236,2.3600,1.1993662e+01,-4.0456495e+00,5.7582483e+00,1.3003052e+00,3.0529499e-04,1.3214128e-01,0
0,237,2.3700,1.2000000e+01,-4.0420485e+00,5.7632928e+00,1.2988720e+00,-1.1279583e-03,1.3214128e-01,1
0,238,2.3800,1.2000000e+01,-4.0408297e+00,5.7666526e+00,1.2999365e+00,-6.3419342e-05,1.3214128e-01,1
0,239,2.3900,1.2000000e+01,-4.0403295e+00,5.7694674e+00,1.3001876e+00,1.8763542e-04,1.3214128e-01,1
0,240,2.4000,1.1993177e+01,-4.0504022e+00,5.7649970e+00,1.3003345e+00,3.3450127e-04,1.3248046e-01,0
0,241,2.4100,1.2000000e+01,-4.0462747e+00,5.7701850e+00,1.2988058e+00,-1.1941195e-03,1.3248046e-01,1
0,242,2.4200,1.2000000e+01,-4.0457392e+00,5.7728662e+00,1.2999624e+00,-3.7550926e-05,1.3248046e-01,1
0,243,2.4300,1.2000000e+01,-4.0439787e+00,5.7763357e+00,1.3001217e+00,1.2171268e-04,1.3248046e-01,1
0,244,2.4400,1.1992208e+01,-4.0546551e+00,5.7712512e+00,1.3003966e+00,3.9660931e-04,1.3248046e-01,0
0,245,2.4500,1.2000000e+01,-4.0500007e+00,5.7766032e+00,1.2987350e+00,-1.2649298e-03,1.3248046e-01,1
0,246,2.4600,1.2000000e+01,-4.0535483e+00,5.7763000e+00,1.3000128e+00,1.2874603e-05,1.3248046e-01,1
0,247,2.4700,1.2000000e+01,-4.0575910e+00,5.7756124e+00,1.2997708e+00,-2.2912025e-04,1.3248046e-01,1
0,248,2.4800,1.2000000e+01,-4.0495090e+00,5.7831717e+00,1.2994623e+00,-5.3763390e-04,1.3248046e-01,1
0,249,2.4900,1.2000000e+01,-4.0509315e+00,5.7841878e+00,1.3003502e+00,3.5023689e-04,1.3248046e-01,1
0,250,2.5000,1.1993815e+01,-4.0603275e+00,5.7797079e+00,1.3002994e+00,2.9945374e-04,1.3248046e-01,0
0,251,2.5100,1.2000000e+01,-4.0564628e+00,5.7842555e+00,1.2988865e+00,-1.1134148e-03,1.3248046e-01,1
0,252,2.5200,1.2000000e+01,-4.0551419e+00,5.7870226e+00,1.2999454e+00,-5.4597855e-05,1.3248046e-01,1
0,253,2.5300,1.2000000e+01,-4.0535150e+00,5.7899594e+00,1.3001411e+00,1.4114380e-04,1.3248046e-01,1
0,254,2.5400,1.1992216e+01,-4.0639825e+00,5.7845850e+00,1.3003986e+00,3.9863586e-04,1.3248046e-01,0
0,255,2.5500,1.2000000e+01,-4.0589604e+00,5.7897658e+00,1.2987115e+00,-1.2884140e-03,1.3248046e-01,1
0,256,2.5600,1.2000000e+01,-4.0628705e+00,5.7888007e+00,1.3000244e+00,2.4437904e-05,1.3248046e-01,1
0,257,2.5700,1.2000000e+01,-4.0659313e+00,5.7883797e+00,1.2997143e+00,-2.8562546e-04,1.3248046e-01,1
0,258,2.5800,1.2000000e+01,-4.0578680e+00,5.7955313e+00,1.2994866e+00,-5.1331520e-04,1.3248046e-01,1
0,259,2.5900,1.2000000e+01,-4.0593400e+00,5.7961259e+00,1.3003730e+00,3.7300587e-04,1.3248046e-01,1
0,260,2.6000,1.1994122e+01,-4.0683393e+00,5.7915373e+00,1.3002844e+00,2.8443336e-04,1.3255207e-01,0
0,261,2.6100,1.2000000e+01,-4.0644975e+00,5.7956982e+00,1.2989213e+00,-1.0786057e-03,1.3255207e-01,1
0,262,2.6200,1.2000000e+01,-4.0624728e+00,5.7985830e+00,1.2999266e+00,-7.3313713e-05,1.3255207e-01,1
0,263,2.6300,1.2000000e+01,-4.0612655e+00,5.8008771e+00,1.3001767e+00,1.7678738e-04,1.3255207e-01,1
0,264,2.6400,1.1992611e+01,-4.0712872e+00,5.7954588e+00,1.3003755e+00,3.7550926e-04,1.3255207e-01,0
0,265,2.6500,1.2000000e+01,-4.0663309e+00,5.8002543e+00,1.2987537e+00,-1.2462139e-03,1.3255207e-01,1
0,266,2.6600,1.2000000e+01,-4.0691991e+00,5.7996683e+00,1.3000087e+00,8.7022781e-06,1.3255207e-01,1
0,267,2.6700,1.2000000e+01,-4.0728564e+00,5.7985129e+00,1.2997714e+00,-2.2852421e-04,1.3255207e-01,1
0,268,2.6800,1.2000000e+01,-4.0647035e+00,5.8054066e+00,1.2994957e+00,-5.0425529e-04,1.3255207e-01,1
0,269,2.6900,1.2000000e+01,-4.0656357e+00,5.8060579e+00,1.3003408e+00,3.4081936e-04,1.3255207e-01,1
0,270,2.7000,1.1993547e+01,-4.0749044e+00,5.8009791e+00,1.3003194e+00,3.1948090e-04,1.3255207e-01,0
0,271,2.7100,1.2000000e+01,-4.0704494e+00,5.8052607e+00,1.2988513e+00,-1.1487007e-03,1.3255207e-01,1
0,272,2.7200,1.2000000e+01,-4.0695267e+00,5.8070998e+00,1.2999682e+00,-3.1709671e-05,1.3255207e-01,1
0,273,2.7300,1.2000000e+01,-4.0668383e+00,5.8101211e+00,1.3001050e+00,1.0502338e-04,1.3255207e-01,1
0,274,2.7400,1.1992070e+01,-4.0771213e+00,5.8042431e+00,1.3004136e+00,4.1365623e-04,1.3255207e-01,0
0,275,2.7500,1.2000000e+01,-4.0717673e+00,5.8090372e+00,1.2987125e+00,-1.2874603e-03,1.3255207e-01,1
0,276,2.7600,1.1999722e+01,-4.0765557e+00,5.8068690e+00,1.3000602e+00,6.0200691e-05,1.3255207e-01,0
0,277,2.7700,1.2000000e+01,-4.0780401e+00,5.8069372e+00,1.2996087e+00,-3.9124489e-04,1.3255207e-01,1
0,278,2.7800,1.2000000e+01,-4.0701337e+00,5.8134060e+00,1.2995356e+00,-4.6432018e-04,1.3255207e-01,1
0,279,2.7900,1.2000000e+01,-4.0710979e+00,5.8137846e+00,1.3003561e+00,3.5619736e-04,1.3255207e-01,1
0,280,2.8000,1.1993888e+01,-4.0800080e+00,5.8087044e+00,1.3003020e+00,3.0207634e-04,1.3272448e-01,0
0,281,2.8100,1.2000000e+01,-4.0757432e+00,5.8126154e+00,1.2989032e+00,-1.0967255e-03,1.3272448e-01,1
0,282,2.8200,1.2000000e+01,-4.0741315e+00,5.8146901e+00,1.2999523e+00,-4.7683716e-05,1.3272448e-01,1
0,283,2.8300,1.2000000e+01,-4.0719700e+00,5.8171201e+00,1.3001387e+00,1.3875961e-04,1.3272448e-01,1
0,284,2.8400,1.1992106e+01,-4.0821161e+00,5.8111100e+00,1.3004136e+00,4.1365623e-04,1.3272448e-01,0
0,285,2.8500,1.2000000e+01,-4.0764756e+00,5.8158793e+00,1.2986870e+00,-1.3129711e-03,1.3272448e-01,1
0,286,2.8600,1.2000000e+01,-4.0807595e+00,5.8138404e+00,1.3000474e+00,4.7445297e-05,1.3272448e-01,1
0,287,2.8700,1.2000000e+01,-4.0827789e+00,5.8133311e+00,1.2996671e+00,-3.3283234e-04,1.3272448e-01,1
0,288,2.8800,1.2000000e+01,-4.0743728e+00,5.8199353e+00,1.2994976e+00,-5.0234795e-04,1.3272448e-01,1
0,289,2.8900,1.2000000e+01,-4.0754404e+00,5.8200402e+00,1.3003762e+00,3.7622452e-04,1.3272448e-01,1
0,290,2.9000,1.1994008e+01,-4.0841722e+00,5.8148837e+00,1.3002974e+00,2.9742718e-04,1.3272448e-01,0
0,291,2.9100,1.2000000e+01,-4.0798135e+00,5.8186650e+00,1.2989070e+00,-1.0929108e-03,1.3272448e-01,1
0,292,2.9200,1.2000000e+01,-4.0779271e+00,5.8207383e+00,1.2999470e+00,-5.2928925e-05,1.3272448e-01,1
0,293,2.9300,1.2000000e+01,-4.0761676e+00,5.8227081e+00,1.3001683e+00,1.6832352e-04,1.3272448e-01,1
0,294,2.9400,1.1992722e+01,-4.0857906e+00,5.8168745e+00,1.3003759e+00,3.7598610e-04,1.3272448e-01,0
0,295,2.9500,1.2000000e+01,-4.0805745e+00,5.8211761e+00,1.2987761e+00,-1.2238026e-03,1.3272448e-01,1
0,296,2.9600,1.2000000e+01,-4.0827465e+00,5.8204079e+00,1.3000050e+00,5.0067902e-06,1.3272448e-01,1
0,297,2.9700,1.2000000e+01,-4.0869455e+00,5.8182378e+00,1.2998315e+00,-1.6844273e-04,1.3272448e-01,1
0,298,2.9800,1.2000000e+01,-4.0780001e+00,5.8250446e+00,1.2994518e+00,-5.4812431e-04,1.3272448e-01,1
0,299,2.9900,1.2000000e+01,-4.0787535e+00,5.8252020e+00,1.3003573e+00,3.5738945e-04,1.3272448e-01,1
0,300,3.0000,1.1993745e+01,-4.0875993e+00,5.8198085e+00,1.3003147e+00,3.1471252e-04,1.3281389e-01,0
0,301,3.0100,1.2000000e+01,-4.0830102e+00,5.8235917e+00,1.2988864e+00,-1.1135340e-03,1.3281389e-01,1
0,302,3.0200,1.2000000e+01,-4.0810137e+00,5.8255873e+00,1.2999465e+00,-5.3405762e-05,1.3281389e-01,1
0,303,3.0300,1.2000000e+01,-4.0793600e+00,5.8273354e+00,1.3001806e+00,1.8060207e-04,1.3281389e-01,1
0,304,3.0400,1.1992878e+01,-4.0888033e+00,5.8214779e+00,1.3003683e+00,3.6835670e-04,1.3281389e-01,0
0,305,3.0500,1.2000000e+01,-4.0835528e+00,5.8256602e+00,1.2987857e+00,-1.2142658e-03,1.3281389e-01,1
0,306,3.0600,1.2000000e+01,-4.0858693e+00,5.8246531e+00,1.3000077e+00,7.7486038e-06,1.3281389e-01,1
0,307,3.0700,1.2000000e+01,-4.0897593e+00,5.8225574e+00,1.2998182e+00,-1.8179417e-04,1.3281389e-01,1
0,308,3.0800,1.2000000e+01,-4.0807519e+00,5.8292727e+00,1.2994546e+00,-5.4538250e-04,1.3281389e-01,1
0,309,3.0900,1.2000000e+01,-4.0815363e+00,5.8292775e+00,1.3003677e+00,3.6776066e-04,1.3281389e-01,1
0,310,3.1000,1.1993722e+01,-4.0903382e+00,5.8237853e+00,1.3003181e+00,3.1816959e-04,1.3281389e-01,0
0,311,3.1100,1.2000000e+01,-4.0856557e+00,5.8275070e+00,1.2988850e+00,-1.1149645e-03,1.3281389e-01,1
0,312,3.1200,1.2000000e+01,-4.0842261e+00,5.8289924e+00,1.2999663e+00,-3.3617020e-05,1.3281389e-01,1
0,313,3.1300,1.2000000e+01,-4.0812297e+00,5.8315387e+00,1.3001107e+00,1.1074543e-04,1.3281389e-01,1
0,314,3.1400,1.1991969e+01,-4.0912733e+00,5.8251529e+00,1.3004308e+00,4.3082237e-04,1.3281389e-01,0
0,315,3.1500,1.2000000e+01,-4.0855718e+00,5.8295288e+00,1.2987232e+00,-1.2767315e-03,1.3281389e-01,1
0,316,3.1600,1.1999945e+01,-4.0899038e+00,5.8270302e+00,1.3000584e+00,5.8412552e-05,1.3281389e-01,0
0,317,3.1700,1.2000000e+01,-4.0915766e+00,5.8263412e+00,1.2996609e+00,-3.3903122e-04,1.3281389e-01,1
0,318,3.1800,1.2000000e+01,-4.0831265e+00,5.8325677e+00,1.2995207e+00,-4.7922134e-04,1.3281389e-01,1
0,319,3.1900,1.2000000e+01,-4.0837464e+00,5.8325796e+00,1.3003600e+00,3.6001205e-04,1.3281389e-01,1
0,320,3.2000,1.1993709e+01,-4.0925107e+00,5.8270097e+00,1.3003212e+00,3.2126904e-04,1.3281322e-01,0
0,321,3.2100,1.2000000e+01,-4.0877771e+00,5.8306656e+00,1.2988884e+00,-1.1115074e-03,1.3281322e-01,1
0,322,3.2200,1.2000000e+01,-4.0860505e+00,5.8322554e+00,1.2999600e+00,-3.9935112e-05,1.3281322e-01,1
0,323,3.2300,1.2000000e+01,-4.0835562e+00,5.8343620e+00,1.3001404e+00,1.4042854e-04,1.3281322e-01,1
0,324,3.2400,1.1992223e+01,-4.0933709e+00,5.8280382e+00,1.3004160e+00,4.1604042e-04,1.3281322e-01,0
0,325,3.2500,1.2000000e+01,-4.0876918e+00,5.8323064e+00,1.2987391e+00,-1.2608767e-03,1.3281322e-01,1
0,326,3.2600,1.2000000e+01,-4.0911951e+00,5.8302841e+00,1.3000345e+00,3.4570694e-05,1.3281322e-01,1
0,327,3.2700,1.2000000e+01,-4.0934939e+00,5.8290777e+00,1.2997172e+00,-2.8276443e-04,1.3281322e-01,1
0,328,3.2800,1.2000000e+01,-4.0849042e+00,5.8353128e+00,1.2995133e+00,-4.8661232e-04,1.3281322e-01,1
0,329,3.2900,1.2000000e+01,-4.0855503e+00,5.8352218e+00,1.3003681e+00,3.6811829e-04,1.3281322e-01,1
0,330,3.3000,1.1994132e+01,-4.0939775e+00,5.8297997e+00,1.3002989e+00,2.9897690e-04,1.3281322e-01,0
0,331,3.3100,1.2000000e+01,-4.0896883e+00,5.8330703e+00,1.2989659e+00,-1.0340214e-03,1.3281322e-01,1
0,332,3.3200,1.2000000e+01,-4.0871453e+00,5.8351393e+00,1.2999349e+00,-6.5088272e-05,1.3281322e-01,1
0,333,3.3300,1.2000000e+01,-4.0855408e+00,5.8365593e+00,1.3001972e+00,1.9729137e-04,1.3281322e-01,1
0,334,3.3400,1.1992823e+01,-4.0948906e+00,5.8304772e+00,1.3003789e+00,3.7896633e-04,1.3281322e-01,0
0,335,3.3500,1.2000000e+01,-4.0894818e+00,5.8344860e+00,1.2987938e+00,-1.2061596e-03,1.3281322e-01,1
0,336,3.3600,1.2000000e+01,-4.0924096e+00,5.8327847e+00,1.3000219e+00,2.1934509e-05,1.3281322e-01,1
0,337,3.3700,1.2000000e+01,-4.0949821e+00,5.8313198e+00,1.2997422e+00,-2.5773048e-04,1.3281322e-01,1
0,338,3.3800,1.2000000e+01,-4.0863824e+00,5.8374925e+00,1.2995181e+00,-4.8184395e-04,1.3281322e-01,1
0,339,3.3900,1.2000000e+01,-4.0869470e+00,5.8373890e+00,1.3003658e+00,3.6585331e-04,1.3281322e-01,1
0,340,3.4000,1.1993634e+01,-4.0956950e+00,5.8316798e+00,1.3003299e+00,3.2997131e-04,1.3282521e-01,0
0,341,3.4100,1.2000000e+01,-4.0907326e+00,5.8353457e+00,1.2988713e+00,-1.1286736e-03,1.3282521e-01,1
0,342,3.4200,1.2000000e+01,-4.0901232e+00,5.8360276e+00,1.2999880e+00,-1.1920929e-05,1.3282521e-01,1
0,343,3.4300,1.2000000e+01,-4.0852289e+00,5.8396354e+00,1.3000431e+00,4.3153763e-05,1.3282521e-01,1
0,344,3.4400,1.1990593e+01,-4.0961556e+00,5.8324127e+00,1.3005388e+00,5.3882599e-04,1.3282521e-01,0
0,345,3.4500,1.2000000e+01,-4.0895338e+00,5.8371916e+00,1.2985954e+00,-1.4045238e-03,1.3282521e-01,1
0,346,3.4600,1.1997475e+01,-4.0955215e+00,5.8333378e+00,1.3001413e+00,1.4138222e-04,1.3282521e-01,0
0,347,3.4700,1.2000000e+01,-4.0937376e+00,5.8347960e+00,1.2993209e+00,-6.7901611e-04,1.3282521e-01,1
0,348,3.4800,1.2000000e+01,-4.0876784e+00,5.8391738e+00,1.2997446e+00,-2.5534630e-04,1.3282521e-01,1
0,349,3.4900,1.2000000e+01,-4.0881023e+00,5.8391113e+00,1.3003583e+00,3.5834312e-04,1.3282521e-01,1
0,350,3.5000,1.1993692e+01,-4.0967846e+00,5.8333936e+00,1.3003289e+00,3.2889843e-04,1.3282521e-01,0
0,351,3.5100,1.2000000e+01,-4.0918818e+00,5.8369656e+00,1.2988888e+00,-1.1111498e-03,1.3282521e-01,1
0,352,3.5200,1.2000000e+01,-4.0905628e+00,5.8380814e+00,1.2999752e+00,-2.4795532e-05,1.3282521e-01,1
0,353,3.5300,1.2000000e+01,-4.0875325e+00,5.8403635e+00,1.3001211e+00,1.2111664e-04,1.3282521e-01,1
0,354,3.5400,1.1992200e+01,-4.0972781e+00,5.8338995e+00,1.3004252e+00,4.2521954e-04,1.3282521e-01,0
0,355,3.5500,1.2000000e+01,-4.0913715e+00,5.8381405e+00,1.2987285e+00,-1.2714863e-03,1.3282521e-01,1
0,356,3.5600,1.1999955e+01,-4.0955720e+00,5.8354621e+00,1.3000619e+00,6.1988831e-05,1.3282521e-01,0
0,357,3.5700,1.2000000e+01,-4.0968962e+00,5.8347473e+00,1.2996505e+00,-3.4940243e-04,1.3282521e-01,1
0,358,3.5800,1.2000000e+01,-4.0884328e+00,5.8407249e+00,1.2995418e+00,-4.5812130e-04,1.3282521e-01,1
0,359,3.5900,1.2000000e+01,-4.0890212e+00,5.8405056e+00,1.3003769e+00,3.7693977e-04,1.3282521e-01,1
0,360,3.6000,1.1993827e+01,-4.0975885e+00,5.8348231e+00,1.3003231e+00,3.2317638e-04,1.3292933e-01,0
0,361,3.6100,1.2000000e+01,-4.0926676e+00,5.8383656e+00,1.2988931e+00,-1.1068583e-03,1.3292933e-01,1
0,362,3.6200,1.2000000e+01,-4.0917525e+00,5.8391633e+00,1.2999845e+00,-1.5497208e-05,1.3292933e-01,1
0,363,3.6300,1.2000000e+01,-4.0881243e+00,5.8418140e+00,1.3000946e+00,9.4652176e-05,1.3292933e-01,1
0,364,3.6400,1.1991859e+01,-4.0980959e+00,5.8351555e+00,1.3004513e+00,4.5132637e-04,1.3292933e-01,0
0,365,3.6500,1.2000000e+01,-4.0919933e+00,5.8394918e+00,1.2987027e+00,-1.2972355e-03,1.3292933e-01,1
0,366,3.6600,1.1998915e+01,-4.0969129e+00,5.8362832e+00,1.3000929e+00,9.2983246e-05,1.3292933e-01,0
0,367,3.6700,1.2000000e+01,-4.0967479e+00,5.8365502e+00,1.2995133e+00,-4.8661232e-04,1.3292933e-01,1
0,368,3.6800,1.2000000e+01,-4.0893474e+00,5.8417645e+00,1.2996445e+00,-3.5548210e-04,1.3292933e-01,1
0,369,3.6900,1.2000000e+01,-4.0898266e+00,5.8415842e+00,1.3003712e+00,3.7121773e-04,1.3292933e-01,1
0,370,3.7000,1.1993793e+01,-4.0984001e+00,5.8358622e+00,1.3003273e+00,3.2734871e-04,1.3292933e-01,0
0,371,3.7100,1.2000000e+01,-4.0934353e+00,5.8394003e+00,1.2988930e+00,-1.1069775e-03,1.3292933e-01,1
0,372,3.7200,1.2000000e+01,-4.0924454e+00,5.8402157e+00,1.2999839e+00,-1.6093254e-05,1.3292933e-01,1
0,373,3.7300,1.2000000e+01,-4.0884862e+00,5.8430600e+00,1.3000820e+00,8.2015991e-05,1.3292933e-01,1
0,374,3.7400,1.1991444e+01,-4.0987434e+00,5.8361740e+00,1.3004837e+00,4.8375130e-04,1.3292933e-01,0
0,375,3.7500,1.2000000e+01,-4.0923986e+00,5.8406444e+00,1.2986680e+00,-1.3319254e-03,1.3292933e-01,1
0,376,3.7600,1.1997987e+01,-4.0979633e+00,5.8369637e+00,1.3001261e+00,1.2612343e-04,1.3292933e-01,0
0,377,3.7700,1.2000000e+01,-4.0964565e+00,5.8381190e+00,1.2993703e+00,-6.2966347e-04,1.3292933e-01,1
0,378,3.7800,1.2000000e+01,-4.0899420e+00,5.8426976e+00,1.2997203e+00,-2.7966499e-04,1.3292933e-01,1
0,379,3.7900,1.2000000e+01,-4.0903115e+00,5.8425636e+00,1.3003650e+00,3.6501884e-04,1.3292933e-01,1
0,380,3.8000,1.1993746e+01,-4.0989089e+00,5.8367972e+00,1.3003325e+00,3.3259392e-04,1.3284723e-01,0
0,381,3.8100,1.2000000e+01,-4.0939331e+00,5.8403153e+00,1.2988971e+00,-1.1028051e-03,1.3284723e-01,1
0,382,3.8200,1.2000000e+01,-4.0957799e+00,5.8391628e+00,1.3000071e+00,7.1525574e-06,1.3284723e-01,1
0,383,3.8300,1.2000000e+01,-4.0991983e+00,5.8369327e+00,1.2998146e+00,-1.8537045e-04,1.3284723e-01,1
0,384,3.8400,1.2000000e+01,-4.0899467e+00,5.8433690e+00,1.2994721e+00,-5.2785873e-04,1.3284723e-01,1
0,385,3.8500,1.2000000e+01,-4.0906801e+00,5.8429718e+00,1.3003997e+00,3.9970875e-04,1.3284723e-01,1
0,386,3.8600,1.1993838e+01,-4.0992045e+00,5.8372412e+00,1.3003283e+00,3.2830238e-04,1.3284723e-01,0
0,387,3.8700,1.2000000e+01,-4.0943532e+00,5.8406601e+00,1.2989197e+00,-1.0802746e-03,1.3284723e-01,1
0,388,3.8800,1.2000000e+01,-4.0932961e+00,5.8414812e+00,1.2999837e+00,-1.6212463e-05,1.3284723e-01,1
0,389,3.8900,1.2000000e+01,-4.0894380e+00,5.8442168e+00,1.3000889e+00,8.8930130e-05,1.3284723e-01,1
0,390,3.9000,1.1991636e+01,-4.0995393e+00,5.8373985e+00,1.3004740e+00,4.7409534e-04,1.3284723e-01,0
0,391,3.9100,1.2000000e+01,-4.0933042e+00,5.8417559e+00,1.2986968e+00,-1.3031960e-03,1.3284723e-01,1
0,392,3.9200,1.1998828e+01,-4.0982571e+00,5.8384566e+00,1.3000989e+00,9.8943710e-05,1.3284723e-01,0
0,393,3.9300,1.2000000e+01,-4.0980678e+00,5.8386741e+00,1.2995207e+00,-4.7922134e-04,1.3284723e-01,1
0,394,3.9400,1.2000000e+01,-4.0904651e+00,5.8439617e+00,1.2996352e+00,-3.6478043e-04,1.3284723e-01,1
0,395,3.9500,1.2000000e+01,-4.0911317e+00,5.8435898e+00,1.3003968e+00,3.9684772e-04,1.3284723e-01,1
0,396,3.9600,1.1993729e+01,-4.0997233e+00,5.8377934e+00,1.3003370e+00,3.3700466e-04,1.3284723e-01,0
0,397,3.9700,1.2000000e+01,-4.0947075e+00,5.8413057e+00,1.2988998e+00,-1.1001825e-03,1.3284723e-01,1
0,398,3.9800,1.2000000e+01,-4.0935421e+00,5.8421822e+00,1.2999823e+00,-1.7642975e-05,1.3284723e-01,1
0,399,3.9900,1.2000000e+01,-4.0902014e+00,5.8445454e+00,1.3001146e+00,1.1467934e-04,1.3284723e-01,1
0,400,4.0000,1.1992373e+01,-4.0997663e+00,5.8380761e+00,1.3004251e+00,4.2510033e-04,1.3295531e-01,0
0,401,4.0100,1.2000000e+01,-4.0940366e+00,5.8420701e+00,1.2987866e+00,-1.2133121e-03,1.3295531e-01,1
0,402,4.0200,1.1999781e+01,-4.0983019e+00,5.8392239e+00,1.3000711e+00,7.1167946e-05,1.3295531e-01,0
0,403,4.0300,1.2000000e+01,-4.0991316e+00,5.8387270e+00,1.2996223e+00,-3.7765503e-04,1.3295531e-01,1
0,404,4.0400,1.2000000e+01,-4.0908127e+00,5.8444881e+00,1.2995727e+00,-4.2724609e-04,1.3295531e-01,1
0,405,4.0500,1.2000000e+01,-4.0913458e+00,5.8441916e+00,1.3003875e+00,3.8754940e-04,1.3295531e-01,1
0,406,4.0600,1.1993695e+01,-4.0999551e+00,5.8383670e+00,1.3003411e+00,3.4117699e-04,1.3295531e-01,0
0,407,4.0700,1.2000000e+01,-4.0948892e+00,5.8418980e+00,1.2988968e+00,-1.1031628e-03,1.3295531e-01,1
0,408,4.0800,1.2000000e+01,-4.0945601e+00,5.8421865e+00,1.2999952e+00,-4.7683716e-06,1.3295531e-01,1
0,409,4.0900,1.2000000e+01,-4.0893116e+00,5.8458400e+00,1.3000405e+00,4.0531158e-05,1.3295531e-01,1
0,410,4.1000,1.1990646e+01,-4.1001120e+00,5.8385105e+00,1.3005536e+00,5.5360794e-04,1.3295531e-01,0
0,411,4.1100,1.2000000e+01,-4.0933285e+00,5.8432112e+00,1.2986126e+00,-1.3873577e-03,1.3295531e-01,1
0,412,4.1200,1.1997105e+01,-4.0994935e+00,5.8390508e+00,1.3001664e+00,1.6641617e-04,1.3295531e-01,0
0,413,4.1300,1.2000000e+01,-4.0973191e+00,5.8405952e+00,1.2993044e+00,-6.9558620e-04,1.3295531e-01,1
0,414,4.1400,1.2000000e+01,-4.0915279e+00,5.8446131e+00,1.2997818e+00,-2.1815300e-04,1.3295531e-01,1
0,415,4.1500,1.2000000e+01,-4.0915542e+00,5.8446498e+00,1.3003458e+00,3.4582615e-04,1.3295531e-01,1
0,416,4.1600,1.1993660e+01,-4.1001840e+00,5.8387980e+00,1.3003457e+00,3.4570694e-04,1.3295531e-01,0
0,417,4.1700,1.2000000e+01,-4.0951681e+00,5.8422823e+00,1.2989094e+00,-1.0905266e-03,1.3295531e-01,1
0,418,4.1800,1.2000000e+01,-4.0966606e+00,5.8413119e+00,1.3000045e+00,4.5299530e-06,1.3295531e-01,1
0,419,4.1900,1.2000000e+01,-4.1005573e+00,5.8386955e+00,1.2998502e+00,-1.4972687e-04,1.3295531e-01,1
0,420,4.2000,1.2000000e+01,-4.0912328e+00,5.8451242e+00,1.2994771e+00,-5.2285194e-04,1.3290651e-01,1
0,421,4.2100,1.2000000e+01,-4.0918589e+00,5.8447437e+00,1.3004007e+00,4.0078163e-04,1.3290651e-01,1
0,422,4.2200,1.1993721e+01,-4.1004395e+00,5.8389192e+00,1.3003430e+00,3.4308434e-04,1.3290651e-01,0
0,423,4.2300,1.2000000e+01,-4.0952659e+00,5.8425045e+00,1.2988880e+00,-1.1119843e-03,1.3290651e-01,1
0,424,4.2400,1.2000000e+01,-4.0976086e+00,5.8409467e+00,1.3000171e+00,1.7166138e-05,1.3290651e-01,1
0,425,4.2500,1.2000000e+01,-4.1002784e+00,5.8391638e+00,1.2997742e+00,-2.2578239e-04,1.3290651e-01,1
0,426,4.2600,1.2000000e+01,-4.0913486e+00,5.8453164e+00,1.2995195e+00,-4.8041344e-04,1.3290651e-01,1
0,427,4.2700,1.2000000e+01,-4.0919118e+00,5.8449731e+00,1.3003964e+00,3.9649010e-04,1.3290651e-01,1
0,428,4.2800,1.1993667e+01,-4.1005301e+00,5.8391175e+00,1.3003477e+00,3.4773350e-04,1.3290651e-01,0
0,429,4.2900,1.2000000e+01,-4.0954380e+00,5.8426414e+00,1.2989031e+00,-1.0968447e-03,1.3290651e-01,1
0,430,4.3000,1.2000000e+01,-4.0939894e+00,5.8436718e+00,1.2999785e+00,-2.1457672e-05,1.3290651e-01,1
0,431,4.3100,1.2000000e+01,-4.0910349e+00,5.8457317e+00,1.3001398e+00,1.3983250e-04,1.3290651e-01,1
0,432,4.3200,1.1992318e+01,-4.1006212e+00,5.8392100e+00,1.3004365e+00,4.3654442e-04,1.3290651e-01,0
0,433,4.3300,1.2000000e+01,-4.0947471e+00,5.8432660e+00,1.2987789e+00,-1.2210608e-03,1.3290651e-01,1
0,434,4.3400,1.1999895e+01,-4.0989170e+00,5.8404489e+00,1.3000711e+00,7.1167946e-05,1.3290651e-01,0
0,435,4.3500,1.2000000e+01,-4.1000519e+00,5.8397079e+00,1.2996576e+00,-3.4236908e-04,1.3290651e-01,1
0,436,4.3600,1.2000000e+01,-4.0914202e+00,5.8456483e+00,1.2995517e+00,-4.4822693e-04,1.3290651e-01,1
0,437,4.3700,1.2000000e+01,-4.0919852e+00,5.8452959e+00,1.3003991e+00,3.9911270e-04,1.3290651e-01,1
0,438,4.3800,1.1993560e+01,-4.1006770e+00,5.8393817e+00,1.3003564e+00,3.5643578e-04,1.3290651e-01,0
0,439,4.3900,1.2000000e+01,-4.0954471e+00,5.8429923e+00,1.2988858e+00,-1.1141300e-03,1.3290651e-01,1
0,440,4.4000,1.2000000e+01,-4.0975914e+00,5.8415570e+00,1.3000143e+00,1.4305115e-05,1.3290679e-01,1
0,441,4.4100,1.2000000e+01,-4.1006260e+00,5.8395119e+00,1.2998016e+00,-1.9836426e-04,1.3290679e-01,1
0,442,4.4200,1.2000000e+01,-4.0915513e+00,5.8457513e+00,1.2995093e+00,-4.9066544e-04,1.3290679e-01,1
0,443,4.4300,1.2000000e+01,-4.0920687e+00,5.8454270e+00,1.3003962e+00,3.9625168e-04,1.3290679e-01,1
0,444,4.4400,1.1993563e+01,-4.1007562e+00,5.8395114e+00,1.3003575e+00,3.5750866e-04,1.3290679e-01,0
0,445,4.4500,1.2000000e+01,-4.0955472e+00,5.8431039e+00,1.2988915e+00,-1.1084080e-03,1.3290679e-01,1
0,446,4.4600,1.2000000e+01,-4.0976410e+00,5.8416991e+00,1.3000137e+00,1.3709068e-05,1.3290679e-01,1
0,447,4.4700,1.2000000e+01,-4.1007700e+00,5.8395853e+00,1.2998087e+00,-1.9121170e-04,1.3290679e-01,1
0,448,4.4800,1.2000000e+01,-4.0915446e+00,5.8459244e+00,1.2994953e+00,-5.0461292e-04,1.3290679e-01,1
0,449,4.4900,1.2000000e+01,-4.0920520e+00,5.8456035e+00,1.3003967e+00,3.9672852e-04,1.3290679e-01,1
0,450,4.5000,1.1993615e+01,-4.1007032e+00,5.8397093e+00,1.3003556e+00,3.5560131e-04,1.3290679e-01,0
0,451,4.5100,1.2000000e+01,-4.0956407e+00,5.8431983e+00,1.2989163e+00,-1.0836124e-03,1.3290679e-01,1
0,452,4.5200,1.2000000e+01,-4.0978451e+00,5.8417144e+00,1.3000159e+00,1.5974045e-05,1.3290679e-01,1
0,453,4.5300,1.2000000e+01,-4.1008468e+00,5.8396845e+00,1.2998016e+00,-1.9836426e-04,1.3290679e-01,1
0,454,4.5400,1.2000000e+01,-4.0915837e+00,5.8460455e+00,1.2994931e+00,-5.0687790e-04,1.3290679e-01,1
0,455,4.5500,1.2000000e+01,-4.0923910e+00,5.8455162e+00,1.3004264e+00,4.2641163e-04,1.3290679e-01,1
0,456,4.5600,1.1994215e+01,-4.1006122e+00,5.8399134e+00,1.3003204e+00,3.2043457e-04,1.3290679e-01,0
0,457,4.5700,1.2000000e+01,-4.0958772e+00,5.8431749e+00,1.2989688e+00,-1.0311604e-03,1.3290679e-01,1
0,458,4.5800,1.2000000e+01,-4.0946150e+00,5.8440604e+00,1.2999837e+00,-1.6212463e-05,1.3290679e-01,1
0,459,4.5900,1.2000000e+01,-4.0910363e+00,5.8465300e+00,1.3001113e+00,1.1134148e-04,1.3290679e-01,1
0,460,4.6000,1.1991698e+01,-4.1010594e+00,5.8396921e+00,1.3004870e+00,4.8708916e-04,1.3291065e-01,0
0,461,4.6100,1.2000000e+01,-4.0946341e+00,5.8441086e+00,1.2986991e+00,-1.3008118e-03,1.3291065e-01,1
0,462,4.6200,1.1997972e+01,-4.1001606e+00,5.8403468e+00,1.3001380e+00,1.3804436e-04,1.3291065e-01,0
0,463,4.6300,1.2000000e+01,-4.0986023e+00,5.8414321e+00,1.2993944e+00,-6.0558319e-04,1.3291065e-01,1
0,464,4.6400,1.2000000e+01,-4.0918803e+00,5.8460507e+00,1.2997242e+00,-2.7573109e-04,1.3291065e-01,1
0,465,4.6500,1.2000000e+01,-4.0923953e+00,5.8457170e+00,1.3004014e+00,4.0149689e-04,1.3291065e-01,1
0,466,4.6600,1.1993828e+01,-4.1008892e+00,5.8399234e+00,1.3003457e+00,3.4570694e-04,1.3291065e-01,0
0,467,4.6700,1.2000000e+01,-4.0958233e+00,5.8434072e+00,1.2989225e+00,-1.0774136e-03,1.3291065e-01,1
0,468,4.6800,1.2000000e+01,-4.0971947e+00,5.8424864e+00,1.3000046e+00,4.6491623e-06,1.3291065e-01,1
0,469,4.6900,1.1999470e+01,-4.1016116e+00,5.8394809e+00,1.2998850e+00,-1.1491776e-04,1.3291065e-01,0
0,470,4.7000,1.2000000e+01,-4.0914311e+00,5.8464632e+00,1.2993973e+00,-6.0260296e-04,1.3291065e-01,1
0,471,4.7100,1.2000000e+01,-4.0923533e+00,5.8458486e+00,1.3004411e+00,4.4119358e-04,1.3291065e-01,1
0,472,4.7200,1.1993589e+01,-4.1010160e+00,5.8399372e+00,1.3003616e+00,3.6168098e-04,1.3291065e-01,0
0,473,4.7300,1.2000000e+01,-4.0957751e+00,5.8435388e+00,1.2988977e+00,-1.1022091e-03,1.3291065e-01,1
0,474,4.7400,1.2000000e+01,-4.0983310e+00,5.8418050e+00,1.3000244e+00,2.4437904e-05,1.3291065e-01,1
0,475,4.7500,1.2000000e+01,-4.1006465e+00,5.8402357e+00,1.2997584e+00,-2.4151802e-04,1.3291065e-01,1
0,476,4.7600,1.2000000e+01,-4.0918307e+00,5.8462820e+00,1.2995440e+00,-4.5597553e-04,1.3291065e-01,1
0,477,4.7700,1.2000000e+01,-4.0923028e+00,5.8459735e+00,1.3004000e+00,4.0006638e-04,1.3291065e-01,1
0,478,4.7800,1.1993572e+01,-4.1009789e+00,5.8400507e+00,1.3003640e+00,3.6406517e-04,1.3291065e-01,0
0,479,4.7900,1.2000000e+01,-4.0957699e+00,5.8436284e+00,1.2989048e+00,-1.0951757e-03,1.3291065e-01,1
0,480,4.8000,1.2000000e+01,-4.0982542e+00,5.8419418e+00,1.3000231e+00,2.3126602e-05,1.3289325e-01,1
0,481,4.8100,1.2000000e+01,-4.1008296e+00,5.8401928e+00,1.2997777e+00,-2.2220612e-04,1.3289325e-01,1
0,482,4.8200,1.2000000e+01,-4.0916829e+00,5.8464637e+00,1.2995121e+00,-4.8780441e-04,1.3289325e-01,1
0,483,4.8300,1.2000000e+01,-4.0924520e+00,5.8459501e+00,1.3004293e+00,4.2939186e-04,1.3289325e-01,1
0,484,4.8400,1.1993938e+01,-4.1008668e+00,5.8402047e+00,1.3003426e+00,3.4260750e-04,1.3289325e-01,0
0,485,4.8500,1.2000000e+01,-4.0959787e+00,5.8435612e+00,1.2989560e+00,-1.0439157e-03,1.3289325e-01,1
0,486,4.8600,1.2000000e+01,-4.0974073e+00,5.8425956e+00,1.3000057e+00,5.7220459e-06,1.3289325e-01,1
0,487,4.8700,1.2000000e+01,-4.1013284e+00,5.8399239e+00,1.2998614e+00,-1.3852119e-04,1.3289325e-01,1
0,488,4.8800,1.2000000e+01,-4.0918431e+00,5.8464251e+00,1.2994788e+00,-5.2118301e-04,1.3289325e-01,1
0,489,4.8900,1.2000000e+01,-4.0925946e+00,5.8459220e+00,1.3004291e+00,4.2915344e-04,1.3289325e-01,1
0,490,4.9000,1.1994098e+01,-4.1008940e+00,5.8402538e+00,1.3003340e+00,3.3402443e-04,1.3289325e-01,0
0,491,4.9100,1.2000000e+01,-4.0960650e+00,5.8435683e+00,1.2989671e+00,-1.0328293e-03,1.3289325e-01,1
0,492,4.9200,1.2000000e+01,-4.0969653e+00,5.8429627e+00,1.3000014e+00,1.4305115e-06,1.3289325e-01,1
0,493,4.9300,1.1998563e+01,-4.1020260e+00,5.8395100e+00,1.2999171e+00,-8.2850456e-05,1.3289325e-01,0
0,494,4.9400,1.2000000e+01,-4.0907598e+00,5.8472281e+00,1.2992735e+00,-7.2646141e-04,1.3289325e-01,1
0,495,4.9500,1.2000000e+01,-4.0923867e+00,5.8461246e+00,1.3005177e+00,5.1772594e-04,1.3289325e-01,1
0,496,4.9600,1.1993710e+01,-4.1009641e+00,5.8402648e+00,1.3003590e+00,3.5905838e-04,1.3289325e-01,0
0,497,4.9700,1.2000000e+01,-4.0957966e+00,5.8438096e+00,1.2989175e+00,-1.0824203e-03,1.3289325e-01,1
0,498,4.9800,1.2000000e+01,-4.0985379e+00,5.8419428e+00,1.3000302e+00,3.0279160e-05,1.3289325e-01,1
0,499,4.9900,1.2000000e+01,-4.1007209e+00,5.8404579e+00,1.2997530e+00,-2.4700165e-04,1.3289325e-01,1
0,500,5.0000,1.2000000e+01,-4.0917468e+00,5.8466067e+00,1.2995337e+00,-4.6622753e-04,1.3292813e-01,1
0,501,5.0100,1.2000000e+01,-4.0924745e+00,5.8461175e+00,1.3004293e+00,4.2939186e-04,1.3292813e-01,1
0,502,5.0200,1.1993977e+01,-4.1008620e+00,5.8403869e+00,1.3003438e+00,3.4379959e-04,1.3292813e-01,0
0,503,5.0300,1.2000000e+01,-4.0959468e+00,5.8437581e+00,1.2989581e+00,-1.0418892e-03,1.3292813e-01,1
0,504,5.0400,1.2000000e+01,-4.0975752e+00,5.8426518e+00,1.3000087e+00,8.7022781e-06,1.3292813e-01,1
0,505,5.0500,1.2000000e+01,-4.1014276e+00,5.8400235e+00,1.2998600e+00,-1.3995171e-04,1.3292813e-01,1
0,506,5.0600,1.2000000e+01,-4.0919027e+00,5.8465481e+00,1.2994790e+00,-5.2094460e-04,1.3292813e-01,1
0,507,5.0700,1.2000000e+01,-4.0925436e+00,5.8461175e+00,1.3004224e+00,4.2247772e-04,1.3292813e-01,1
0,508,5.0800,1.1993880e+01,-4.1009970e+00,5.8403406e+00,1.3003507e+00,3.5071373e-04,1.3292813e-01,0
0,509,5.0900,1.2000000e+01,-4.0959415e+00,5.8438067e+00,1.2989390e+00,-1.0609627e-03,1.3292813e-01,1
0,510,5.1000,1.2000000e+01,-4.0975127e+00,5.8427391e+00,1.3000081e+00,8.1062317e-06,1.3292813e-01,1
0,511,5.1100,1.2000000e+01,-4.1014714e+00,5.8400373e+00,1.2998664e+00,-1.3351440e-04,1.3292813e-01,1
0,512,5.1200,1.2000000e+01,-4.0920167e+00,5.8465133e+00,1.2994878e+00,-5.1212311e-04,1.3292813e-01,1
0,513,5.1300,1.2000000e+01,-4.0924592e+00,5.8462172e+00,1.3004050e+00,4.0507317e-04,1.3292813e-01,1
0,514,5.1400,1.1993867e+01,-4.1009240e+00,5.8404317e+00,1.3003527e+00,3.5274029e-04,1.3292813e-01,0
0,515,5.1500,1.2000000e+01,-4.0959039e+00,5.8438730e+00,1.2989461e+00,-1.0538101e-03,1.3292813e-01,1
0,516,5.1600,1.2000000e+01,-4.0979180e+00,5.8425012e+00,1.3000152e+00,1.5258789e-05,1.3292813e-01,1
0,517,5.1700,1.2000000e+01,-4.1010218e+00,5.8403835e+00,1.2998177e+00,-1.8227100e-04,1.3292813e-01,1
0,518,5.1800,1.2000000e+01,-4.0919518e+00,5.8465948e+00,1.2995284e+00,-4.7159195e-04,1.3292813e-01,1
0,519,5.1900,1.2000000e+01,-4.0923719e+00,5.8463135e+00,1.3004041e+00,4.0411949e-04,1.3292813e-01,1
0,520,5.2000,1.1993609e+01,-4.1010203e+00,5.8404012e+00,1.3003700e+00,3.7002563e-04,1.3290961e-01,0
0,521,5.2100,1.2000000e+01,-4.0958066e+00,5.8439741e+00,1.2989185e+00,-1.0814667e-03,1.3290961e-01,1
0,522,5.2200,1.2000000e+01,-4.0985503e+00,5.8421021e+00,1.3000317e+00,3.1709671e-05,1.3290961e-01,1
0,523,5.2300,1.2000000e+01,-4.1008606e+00,5.8405266e+00,1.2997659e+00,-2.3400784e-04,1.3290961e-01,1
0,524,5.2400,1.2000000e+01,-4.0920620e+00,5.8465519e+00,1.2995565e+00,-4.4345856e-04,1.3290961e-01,1
0,525,5.2500,1.2000000e+01,-4.0924878e+00,5.8462658e+00,1.3004060e+00,4.0602684e-04,1.3290961e-01,1
0,526,5.2600,1.1993768e+01,-4.1010222e+00,5.8404312e+00,1.3003612e+00,3.6120415e-04,1.3290961e-01,0
0,527,5.2700,1.2000000e+01,-4.0959063e+00,5.8439364e+00,1.2989357e+00,-1.0643005e-03,1.3290961e-01,1
0,528,5.2800,1.2000000e+01,-4.0980506e+00,5.8424740e+00,1.3000182e+00,1.8239021e-05,1.3290961e-01,1
0,529,5.2900,1.2000000e+01,-4.1009526e+00,5.8404932e+00,1.2998066e+00,-1.9335747e-04,1.3290961e-01,1
0,530,5.3000,1.2000000e+01,-4.0918136e+00,5.8467507e+00,1.2995239e+00,-4.7600269e-04,1.3290961e-01,1
0,531,5.3100,1.2000000e+01,-4.0925322e+00,5.8462639e+00,1.3004348e+00,4.3487549e-04,1.3290961e-01,1
0,532,5.3200,1.1993934e+01,-4.1009488e+00,5.8405094e+00,1.3003520e+00,3.5202503e-04,1.3290961e-01,0
0,533,5.3300,1.2000000e+01,-4.0960398e+00,5.8438725e+00,1.2989688e+00,-1.0311604e-03,1.3290961e-01,1
0,534,5.3400,1.2000000e+01,-4.0979118e+00,5.8425956e+00,1.3000134e+00,1.3470650e-05,1.3290961e-01,1
0,535,5.3500,1.2000000e+01,-4.1011329e+00,5.8403959e+00,1.2998273e+00,-1.7261505e-04,1.3290961e-01,1
0,536,5.3600,1.2000000e+01,-4.0918570e+00,5.8467464e+00,1.2995114e+00,-4.8851967e-04,1.3290961e-01,1
0,537,5.3700,1.2000000e+01,-4.0925503e+00,5.8462763e+00,1.3004336e+00,4.3368340e-04,1.3290961e-01,1
0,538,5.3800,1.1993955e+01,-4.1009517e+00,5.8405313e+00,1.3003517e+00,3.5178661e-04,1.3290961e-01,0
0,539,5.3900,1.2000000e+01,-4.0959473e+00,5.8439593e+00,1.2989564e+00,-1.0435581e-03,1.3290961e-01,1
0,540,5.4000,1.2000000e+01,-4.0989351e+00,5.8419185e+00,1.3000395e+00,3.9577484e-05,1.3290922e-01,1
0,541,5.4100,1.2000000e+01,-4.1005831e+00,5.8407946e+00,1.2997198e+00,-2.8014183e-04,1.3290922e-01,1
0,542,5.4200,1.2000000e+01,-4.0919862e+00,5.8466802e+00,1.2995794e+00,-4.2057037e-04,1.3290922e-01,1
0,543,5.4300,1.2000000e+01,-4.0925283e+00,5.8463125e+00,1.3004205e+00,4.2057037e-04,1.3290922e-01,1
0,544,5.4400,1.1993964e+01,-4.1009235e+00,5.8405714e+00,1.3003523e+00,3.5238266e-04,1.3290922e-01,0
0,545,5.4500,1.2000000e+01,-4.0959001e+00,5.8440118e+00,1.2989554e+00,-1.0445118e-03,1.3290922e-01,1
0,546,5.4600,1.2000000e+01,-4.0982804e+00,5.8423862e+00,1.3000240e+00,2.4080276e-05,1.3290922e-01,1
0,547,5.4700,1.2000000e+01,-4.1006970e+00,5.8407359e+00,1.2997768e+00,-2.2315979e-04,1.3290922e-01,1
0,548,5.4800,1.2000000e+01,-4.0918593e+00,5.8467860e+00,1.2995574e+00,-4.4250488e-04,1.3290922e-01,1
0,549,5.4900,1.2000000e+01,-4.0924602e+00,5.8463778e+00,1.3004272e+00,4.2724609e-04,1.3290922e-01,1
0,550,5.5000,1.1993836e+01,-4.1009469e+00,5.8405738e+00,1.3003614e+00,3.6144257e-04,1.3290922e-01,0
0,551,5.5100,1.2000000e+01,-4.0958881e+00,5.8440380e+00,1.2989519e+00,-1.0480881e-03,1.3290922e-01,1
0,552,5.5200,1.2000000e+01,-4.0985026e+00,5.8422518e+00,1.3000300e+00,3.0040741e-05,1.3290922e-01,1
0,553,5.5300,1.2000000e+01,-4.1009455e+00,5.8405828e+00,1.2997797e+00,-2.2029877e-04,1.3290922e-01,1
0,554,5.5400,1.2000000e+01,-4.0919042e+00,5.8467717e+00,1.2995389e+00,-4.6110153e-04,1.3290922e-01,1
0,555,5.5500,1.2000000e+01,-4.0925832e+00,5.8463097e+00,1.3004360e+00,4.3606758e-04,1.3290922e-01,1
0,556,5.5600,1.1993827e+01,-4.1010737e+00,5.8405027e+00,1.3003629e+00,3.6299229e-04,1.3290922e-01,0
0,557,5.5700,1.2000000e+01,-4.0959249e+00,5.8440280e+00,1.2989404e+00,-1.0595322e-03,1.3290922e-01,1
0,558,5.5800,1.2000000e+01,-4.0981169e+00,5.8425307e+00,1.3000205e+00,2.0503998e-05,1.3290922e-01,1
0,559,5.5900,1.2000000e+01,-4.1010852e+00,5.8405023e+00,1.2998149e+00,-1.8501282e-04,1.3290922e-01,1
0,560,5.6000,1.2000000e+01,-4.0919538e+00,5.8467522e+00,1.2995312e+00,-4.6873093e-04,1.3290906e-01,1
0,561,5.6100,1.2000000e+01,-4.0923533e+00,5.8464813e+00,1.3004105e+00,4.1055679e-04,1.3290906e-01,1
0,562,5.6200,1.1993789e+01,-4.1008754e+00,5.8406525e+00,1.3003666e+00,3.6668777e-04,1.3290906e-01,0
0,563,5.6300,1.2000000e+01,-4.0957518e+00,5.8441606e+00,1.2989457e+00,-1.0542870e-03,1.3290906e-01,1
0,564,5.6400,1.2000000e+01,-4.0988955e+00,5.8420119e+00,1.3000457e+00,4.5776367e-05,1.3290906e-01,1
0,565,5.6500,1.2000000e+01,-4.1006517e+00,5.8408127e+00,1.2997320e+00,-2.6798248e-04,1.3290906e-01,1
0,566,5.6600,1.2000000e+01,-4.0918403e+00,5.8468442e+00,1.2995636e+00,-4.3630600e-04,1.3290906e-01,1
0,567,5.6700,1.2000000e+01,-4.0923591e+00,5.8464918e+00,1.3004229e+00,4.2295456e-04,1.3290906e-01,1
0,568,5.6800,1.1993656e+01,-4.1009750e+00,5.8405986e+00,1.3003762e+00,3.7622452e-04,1.3290906e-01,0
0,569,5.6900,1.2000000e+01,-4.0958180e+00,5.8441291e+00,1.2989426e+00,-1.0573864e-03,1.3290906e-01,1
0,570,5.7000,1.2000000e+01,-4.0988870e+00,5.8420310e+00,1.3000438e+00,4.3869019e-05,1.3290906e-01,1
0,571,5.7100,1.2000000e+01,-4.1007218e+00,5.8407774e+00,1.2997389e+00,-2.6106834e-04,1.3290906e-01,1
0,572,5.7200,1.2000000e+01,-4.0918064e+00,5.8468795e+00,1.2995548e+00,-4.4512749e-04,1.3290906e-01,1
0,573,5.7300,1.2000000e+01,-4.0923052e+00,5.8465400e+00,1.3004222e+00,4.2223930e-04,1.3290906e-01,1
0,574,5.7400,1.1993553e+01,-4.1009946e+00,5.8405962e+00,1.3003839e+00,3.8397312e-04,1.3290906e-01,0
0,575,5.7500,1.2000000e+01,-4.0956545e+00,5.8442516e+00,1.2989166e+00,-1.0833740e-03,1.3290906e-01,1
0,576,5.7600,1.2000000e+01,-4.0985699e+00,5.8422585e+00,1.3000395e+00,3.9577484e-05,1.3290906e-01,1
0,577,5.7700,1.2000000e+01,-4.1007924e+00,5.8407393e+00,1.2997679e+00,-2.3210049e-04,1.3290906e-01,1
0,578,5.7800,1.2000000e+01,-4.0918660e+00,5.8468485e+00,1.2995551e+00,-4.4488907e-04,1.3290906e-01,1
0,579,5.7900,1.2000000e+01,-4.0923738e+00,5.8465028e+00,1.3004243e+00,4.2438507e-04,1.3290906e-01,1
0,580,5.8000,1.1993673e+01,-4.1009774e+00,5.8406172e+00,1.3003774e+00,3.7741661e-04,1.3287719e-01,0
0,581,5.8100,1.2000000e+01,-4.0957460e+00,5.8441982e+00,1.2989352e+00,-1.0647774e-03,1.3287719e-01,1
0,582,5.8200,1.2000000e+01,-4.0988669e+00,5.8420644e+00,1.3000462e+00,4.6253204e-05,1.3287719e-01,1
0,583,5.8300,1.2000000e+01,-4.1007276e+00,5.8407927e+00,1.2997427e+00,-2.5725365e-04,1.3287719e-01,1
0,584,5.8400,1.2000000e+01,-4.0918164e+00,5.8468914e+00,1.2995577e+00,-4.4226646e-04,1.3287719e-01,1
0,585,5.8500,1.2000000e+01,-4.0923595e+00,5.8465214e+00,1.3004289e+00,4.2891502e-04,1.3287719e-01,1
0,586,5.8600,1.1993567e+01,-4.1010389e+00,5.8405838e+00,1.3003854e+00,3.8540363e-04,1.3287719e-01,0
0,587,5.8700,1.2000000e+01,-4.0957470e+00,5.8442059e+00,1.2989278e+00,-1.0721684e-03,1.3287719e-01,1
0,588,5.8800,1.2000000e+01,-4.0988326e+00,5.8420959e+00,1.3000455e+00,4.5537949e-05,1.3287719e-01,1
0,589,5.8900,1.2000000e+01,-4.1007457e+00,5.8407884e+00,1.2997475e+00,-2.5248528e-04,1.3287719e-01,1
0,590,5.9000,1.2000000e+01,-4.0918117e+00,5.8469024e+00,1.2995567e+00,-4.4322014e-04,1.3287719e-01,1
0,591,5.9100,1.2000000e+01,-4.0923767e+00,5.8465171e+00,1.3004322e+00,4.3225288e-04,1.3287719e-01,1
0,592,5.9200,1.1993705e+01,-4.1009579e+00,5.8406467e+00,1.3003776e+00,3.7765503e-04,1.3287719e-01,0
0,593,5.9300,1.2000000e+01,-4.0957441e+00,5.8442154e+00,1.2989416e+00,-1.0583401e-03,1.3287719e-01,1
0,594,5.9400,1.2000000e+01,-4.0987172e+00,5.8421826e+00,1.3000424e+00,4.2438507e-05,1.3287719e-01,1
0,595,5.9500,1.2000000e+01,-4.1007724e+00,5.8407774e+00,1.2997587e+00,-2.4127960e-04,1.3287719e-01,1
0,596,5.9600,1.2000000e+01,-4.0919089e+00,5.8468428e+00,1.2995648e+00,-4.3511391e-04,1.3287719e-01,1
0,597,5.9700,1.2000000e+01,-4.0924039e+00,5.8465052e+00,1.3004267e+00,4.2676926e-04,1.3287719e-01,1
0,598,5.9800,1.1993824e+01,-4.1009011e+00,5.8406920e+00,1.3003712e+00,3.7121773e-04,1.3287719e-01,0
0,599,5.9900,1.2000000e+01,-4.0958219e+00,5.8441682e+00,1.2989638e+00,-1.0361671e-03,1.3287719e-01,1
0,600,6.0000,1.2000000e+01,-4.0987577e+00,5.8421602e+00,1.3000417e+00,4.1723251e-05,1.3290326e-01,1
0,601,6.0100,1.2000000e+01,-4.1007104e+00,5.8408251e+00,1.2997521e+00,-2.4783611e-04,1.3290326e-01,1
0,602,6.0200,1.2000000e+01,-4.0918026e+00,5.8469210e+00,1.2995616e+00,-4.3833256e-04,1.3290326e-01,1
0,603,6.0300,1.2000000e+01,-4.0924611e+00,5.8464713e+00,1.3004436e+00,4.4369698e-04,1.3290326e-01,1
0,604,6.0400,1.1994061e+01,-4.1007895e+00,5.8407736e+00,1.3003573e+00,3.5738945e-04,1.3290326e-01,0
0,605,6.0500,1.2000000e+01,-4.0959091e+00,5.8441138e+00,1.2989953e+00,-1.0046959e-03,1.3290326e-01,1
0,606,6.0600,1.2000000e+01,-4.0986938e+00,5.8422093e+00,1.3000376e+00,3.7670135e-05,1.3290326e-01,1
0,607,6.0700,1.2000000e+01,-4.1007686e+00,5.8407907e+00,1.2997618e+00,-2.3818016e-04,1.3290326e-01,1
0,608,6.0800,1.2000000e+01,-4.0918913e+00,5.8468657e+00,1.2995658e+00,-4.3416023e-04,1.3290326e-01,1
0,609,6.0900,1.2000000e+01,-4.0924292e+00,5.8464985e+00,1.3004332e+00,4.3320656e-04,1.3290326e-01,1
0,610,6.1000,1.1993771e+01,-4.1009631e+00,5.8406601e+00,1.3003767e+00,3.7670135e-04,1.3290326e-01,0
0,611,6.1100,1.2000000e+01,-4.0956764e+00,5.8442779e+00,1.2989361e+00,-1.0638237e-03,1.3290326e-01,1
0,612,6.1200,1.2000000e+01,-4.0992179e+00,5.8418555e+00,1.3000627e+00,6.2704086e-05,1.3290326e-01,1
0,613,6.1300,1.2000000e+01,-4.1006737e+00,5.8408604e+00,1.2997167e+00,-2.8324127e-04,1.3290326e-01,1
0,614,6.1400,1.2000000e+01,-4.0918593e+00,5.8468924e+00,1.2995729e+00,-4.2700768e-04,1.3290326e-01,1
0,615,6.1500,1.2000000e+01,-4.0923047e+00,5.8465886e+00,1.3004254e+00,4.2545795e-04,1.3290326e-01,1
0,616,6.1600,1.1993726e+01,-4.1008725e+00,5.8407269e+00,1.3003807e+00,3.8075447e-04,1.3290326e-01,0
0,617,6.1700,1.2000000e+01,-4.0957432e+00,5.8442369e+00,1.2989615e+00,-1.0384321e-03,1.3290326e-01,1
0,618,6.1800,1.2000000e+01,-4.0988469e+00,5.8421140e+00,1.3000480e+00,4.8041344e-05,1.3290326e-01,1
0,619,6.1900,1.2000000e+01,-4.1008325e+00,5.8407559e+00,1.2997572e+00,-2.4271011e-04,1.3290326e-01,1
0,620,6.2000,1.2000000e+01,-4.0917764e+00,5.8469529e+00,1.2995508e+00,-4.4918060e-04,1.3291597e-01,1
0,621,6.2100,1.2000000e+01,-4.0922952e+00,5.8465986e+00,1.3004335e+00,4.3356419e-04,1.3291597e-01,1
0,622,6.2200,1.1993766e+01,-4.1008353e+00,5.8407559e+00,1.3003793e+00,3.7932396e-04,1.3291597e-01,0
0,623,6.2300,1.2000000e+01,-4.0957365e+00,5.8442454e+00,1.2989678e+00,-1.0321140e-03,1.3291597e-01,1
0,624,6.2400,1.2000000e+01,-4.0987573e+00,5.8421793e+00,1.3000457e+00,4.5776367e-05,1.3291597e-01,1
0,625,6.2500,1.2000000e+01,-4.1006308e+00,5.8408980e+00,1.2997499e+00,-2.5010109e-04,1.3291597e-01,1
0,626,6.2600,1.2000000e+01,-4.0917196e+00,5.8469954e+00,1.2995659e+00,-4.3404102e-04,1.3291597e-01,1
0,627,6.2700,1.2000000e+01,-4.0922728e+00,5.8466177e+00,1.3004379e+00,4.3797493e-04,1.3291597e-01,1
0,628,6.2800,1.1993664e+01,-4.1008854e+00,5.8407249e+00,1.3003869e+00,3.8695335e-04,1.3291597e-01,0
0,629,6.2900,1.2000000e+01,-4.0956750e+00,5.8442907e+00,1.2989528e+00,-1.0471344e-03,1.3291597e-01,1
0,630,6.3000,1.2000000e+01,-4.0991673e+00,5.8419018e+00,1.3000622e+00,6.2227249e-05,1.3291597e-01,1
0,631,6.3100,1.2000000e+01,-4.1006579e+00,5.8408823e+00,1.2997222e+00,-2.7775764e-04,1.3291597e-01,1
0,632,6.3200,1.2000000e+01,-4.0917530e+00,5.8469753e+00,1.2995677e+00,-4.3225288e-04,1.3291597e-01,1
0,633,6.3300,1.2000000e+01,-4.0922198e+00,5.8466568e+00,1.3004308e+00,4.3082237e-04,1.3291597e-01,1
0,634,6.3400,1.1993649e+01,-4.1008430e+00,5.8407569e+00,1.3003889e+00,3.8897991e-04,1.3291597e-01,0
0,635,6.3500,1.2000000e+01,-4.0955725e+00,5.8443637e+00,1.2989454e+00,-1.0545254e-03,1.3291597e-01,1
0,636,6.3600,1.2000000e+01,-4.0995049e+00,5.8416734e+00,1.3000798e+00,7.9870224e-05,1.3291597e-01,1
0,637,6.3700,1.2000000e+01,-4.1005058e+00,5.8409891e+00,1.2996843e+00,-3.1566620e-04,1.3291597e-01,1
0,638,6.3800,1.2000000e+01,-4.0918102e+00,5.8469386e+00,1.2995887e+00,-4.1127205e-04,1.3291597e-01,1
0,639,6.3900,1.2000000e+01,-4.0923624e+00,5.8465614e+00,1.3004403e+00,4.4035912e-04,1.3291597e-01,1
0,640,6.4000,1.1993819e+01,-4.1008635e+00,5.8407450e+00,1.3003790e+00,3.7908554e-04,1.3288856e-01,0
0,641,6.4100,1.2000000e+01,-4.0957398e+00,5.8442507e+00,1.2989696e+00,-1.0303259e-03,1.3288856e-01,1
0,642,6.4200,1.2000000e+01,-4.0989051e+00,5.8420854e+00,1.3000516e+00,5.1617622e-05,1.3288856e-01,1
0,643,6.4300,1.2000000e+01,-4.1004214e+00,5.8410482e+00,1.2997258e+00,-2.7418137e-04,1.3288856e-01,1
0,644,6.4400,1.2000000e+01,-4.0917039e+00,5.8470135e+00,1.2995876e+00,-4.1234493e-04,1.3288856e-01,1
0,645,6.4500,1.2000000e+01,-4.0923624e+00,5.8465633e+00,1.3004518e+00,4.5180321e-04,1.3288856e-01,1
0,646,6.4600,1.1993975e+01,-4.1007538e+00,5.8408217e+00,1.3003702e+00,3.7026405e-04,1.3288856e-01,0
0,647,6.4700,1.2000000e+01,-4.0957026e+00,5.8442779e+00,1.2989821e+00,-1.0178089e-03,1.3288856e-01,1
0,648,6.4800,1.2000000e+01,-4.0990806e+00,5.8419671e+00,1.3000593e+00,5.9366226e-05,1.3288856e-01,1
0,649,6.4900,1.2000000e+01,-4.1006145e+00,5.8409181e+00,1.2997282e+00,-2.7179718e-04,1.3288856e-01,1
0,650,6.5000,1.2000000e+01,-4.0916085e+00,5.8470802e+00,1.2995613e+00,-4.3869019e-04,1.3288856e-01,1
0,651,6.5100,1.2000000e+01,-4.0923023e+00,5.8466063e+00,1.3004563e+00,4.5633316e-04,1.3288856e-01,1
0,652,6.5200,1.1993701e+01,-4.1008883e+00,5.8407316e+00,1.3003888e+00,3.8886070e-04,1.3288856e-01,0
0,653,6.5300,1.2000000e+01,-4.0956831e+00,5.8442936e+00,1.2989607e+00,-1.0392666e-03,1.3288856e-01,1
0,654,6.5400,1.2000000e+01,-4.0984578e+00,5.8423953e+00,1.3000400e+00,4.0054321e-05,1.3288856e-01,1
0,655,6.5500,1.2000000e+01,-4.1008730e+00,5.8407431e+00,1.2997918e+00,-2.0813942e-04,1.3288856e-01,1
0,656,6.5600,1.2000000e+01,-4.0916619e+00,5.8470459e+00,1.2995424e+00,-4.5752525e-04,1.3288856e-01,1
0,657,6.5700,1.2000000e+01,-4.0923319e+00,5.8465881e+00,1.3004551e+00,4.5514107e-04,1.3288856e-01,1
0,658,6.5800,1.1993813e+01,-4.1008382e+00,5.8407679e+00,1.3003826e+00,3.8266182e-04,1.3288856e-01,0
0,659,6.5900,1.2000000e+01,-4.0957007e+00,5.8442831e+00,1.2989726e+00,-1.0273457e-03,1.3288856e-01,1
0,660,6.6000,1.2000000e+01,-4.0990295e+00,5.8420057e+00,1.3000584e+00,5.8412552e-05,1.3281544e-01,1
0,661,6.6100,1.2000000e+01,-4.1005802e+00,5.8409448e+00,1.2997311e+00,-2.6881695e-04,1.3281544e-01,1
0,662,6.6200,1.2000000e+01,-4.0917706e+00,5.8469729e+00,1.2995822e+00,-4.1770935e-04,1.3281544e-01,1
0,663,6.6300,1.2000000e+01,-4.0923629e+00,5.8465681e+00,1.3004487e+00,4.4870377e-04,1.3281544e-01,1
0,664,6.6400,1.1993901e+01,-4.1008067e+00,5.8407907e+00,1.3003780e+00,3.7801266e-04,1.3281544e-01,0
0,665,6.6500,1.2000000e+01,-4.0956726e+00,5.8443041e+00,1.2989748e+00,-1.0251999e-03,1.3281544e-01,1
0,666,6.6600,1.2000000e+01,-4.0991154e+00,5.8419485e+00,1.3000629e+00,6.2942505e-05,1.3281544e-01,1
0,667,6.6700,1.2000000e+01,-4.1005964e+00,5.8409357e+00,1.2997267e+00,-2.7322769e-04,1.3281544e-01,1
0,668,6.6800,1.2000000e+01,-4.0917726e+00,5.8469734e+00,1.2995820e+00,-4.1794777e-04,1.3281544e-01,1
0,669,6.6900,1.2000000e+01,-4.0923014e+00,5.8466120e+00,1.3004435e+00,4.4357777e-04,1.3281544e-01,1
0,670,6.7000,1.1993766e+01,-4.1008420e+00,5.8407683e+00,1.3003877e+00,3.8778782e-04,1.3281544e-01,0
0,671,6.7100,1.2000000e+01,-4.0956044e+00,5.8443522e+00,1.2989609e+00,-1.0390282e-03,1.3281544e-01,1
0,672,6.7200,1.2000000e+01,-4.0992374e+00,5.8418665e+00,1.3000705e+00,7.0571899e-05,1.3281544e-01,1
0,673,6.7300,1.2000000e+01,-4.1004448e+00,5.8410406e+00,1.2997063e+00,-2.9361248e-04,1.3281544e-01,1
0,674,6.7400,1.2000000e+01,-4.0918384e+00,5.8469291e+00,1.2996033e+00,-3.9660931e-04,1.3281544e-01,1
0,675,6.7500,1.2000000e+01,-4.0922880e+00,5.8466220e+00,1.3004370e+00,4.3702126e-04,1.3281544e-01,1
0,676,6.7600,1.1993784e+01,-4.1008158e+00,5.8407869e+00,1.3003876e+00,3.8766861e-04,1.3281544e-01,0
0,677,6.7700,1.2000000e+01,-4.0955844e+00,5.8443666e+00,1.2989635e+00,-1.0364056e-03,1.3281544e-01,1
0,678,6.7800,1.2000000e+01,-4.0987501e+00,5.8422008e+00,1.3000538e+00,5.3882599e-05,1.3281544e-01,1
0,679,6.7900,1.2000000e+01,-4.1006017e+00,5.8409343e+00,1.2997558e+00,-2.4414062e-04,1.3281544e-01,1
0,680,6.8000,1.2000000e+01,-4.0916166e+00,5.8470821e+00,1.2995688e+00,-4.3118000e-04,1.3289718e-01,1
0,681,6.8100,1.2000000e+01,-4.0922413e+00,5.8466549e+00,1.3004551e+00,4.5514107e-04,1.3289718e-01,1
0,682,6.8200,1.1993800e+01,-4.1007581e+00,5.8408275e+00,1.3003876e+00,3.8766861e-04,1.3289718e-01,0
0,683,6.8300,1.2000000e+01,-4.0955911e+00,5.8443632e+00,1.2989748e+00,-1.0251999e-03,1.3289718e-01,1
0,684,6.8400,1.2000000e+01,-4.0993943e+00,5.8417611e+00,1.3000783e+00,7.8320503e-05,1.3289718e-01,1
0,685,6.8500,1.2000000e+01,-4.1005278e+00,5.8409858e+00,1.2997024e+00,-2.9754639e-04,1.3289718e-01,1
0,686,6.8600,1.2000000e+01,-4.0915966e+00,5.8470964e+00,1.2995750e+00,-4.2498112e-04,1.3289718e-01,1
0,687,6.8700,1.2000000e+01,-4.0923300e+00,5.8465953e+00,1.3004670e+00,4.6706200e-04,1.3289718e-01,1
0,688,6.8800,1.1993855e+01,-4.1008058e+00,5.8407960e+00,1.3003850e+00,3.8504601e-04,1.3289718e-01,0
0,689,6.8900,1.2000000e+01,-4.0955129e+00,5.8444176e+00,1.2989578e+00,-1.0421276e-03,1.3289718e-01,1
0,690,6.9000,1.2000000e+01,-4.0991368e+00,5.8419380e+00,1.3000715e+00,7.1525574e-05,1.3289718e-01,1
0,691,6.9100,1.2000000e+01,-4.1007032e+00,5.8408666e+00,1.2997367e+00,-2.6321411e-04,1.3289718e-01,1
0,692,6.9200,1.2000000e+01,-4.0916920e+00,5.8470325e+00,1.2995685e+00,-4.3141842e-04,1.3289718e-01,1
0,693,6.9300,1.2000000e+01,-4.0922813e+00,5.8466296e+00,1.3004539e+00,4.5394897e-04,1.3289718e-01,1
0,694,6.9400,1.1993788e+01,-4.1008062e+00,5.8407965e+00,1.3003905e+00,3.9052963e-04,1.3289718e-01,0
0,695,6.9500,1.2000000e+01,-4.0955791e+00,5.8443732e+00,1.2989693e+00,-1.0306835e-03,1.3289718e-01,1
0,696,6.9600,1.2000000e+01,-4.0991116e+00,5.8419566e+00,1.3000684e+00,6.8426132e-05,1.3289718e-01,1
0,697,6.9700,1.2000000e+01,-4.1003518e+00,5.8411083e+00,1.2997124e+00,-2.8753281e-04,1.3289718e-01,1
0,698,6.9800,1.2000000e+01,-4.0916305e+00,5.8470755e+00,1.2995968e+00,-4.0316582e-04,1.3289718e-01,1
0,699,6.9900,1.2000000e+01,-4.0922766e+00,5.8466339e+00,1.3004606e+00,4.6062469e-04,1.3289718e-01,1
0,700,7.0000,1.1993862e+01,-4.1007485e+00,5.8408370e+00,1.3003867e+00,3.8671494e-04,1.3292246e-01,0
0,701,7.0100,1.2000000e+01,-4.0955629e+00,5.8443851e+00,1.2989771e+00,-1.0228157e-03,1.3292246e-01,1
0,702,7.0200,1.2000000e+01,-4.0990534e+00,5.8419971e+00,1.3000672e+00,6.7234039e-05,1.3292246e-01,1
0,703,7.0300,1.2000000e+01,-4.1003990e+00,5.8410769e+00,1.2997215e+00,-2.7847290e-04,1.3292246e-01,1
0,704,7.0400,1.2000000e+01,-4.0915761e+00,5.8471141e+00,1.2995883e+00,-4.1162968e-04,1.3292246e-01,1
0,705,7.0500,1.2000000e+01,-4.0922880e+00,5.8466272e+00,1.3004682e+00,4.6825409e-04,1.3292246e-01,1
0,706,7.0600,1.1994085e+01,-4.1006031e+00,5.8409376e+00,1.3003734e+00,3.7348270e-04,1.3292246e-01,0
0,707,7.0700,1.2000000e+01,-4.0956073e+00,5.8443561e+00,1.2990068e+00,-9.9313259e-04,1.3292246e-01,1
0,708,7.0800,1.2000000e+01,-4.0990486e+00,5.8420014e+00,1.3000658e+00,6.5803528e-05,1.3292246e-01,1
0,709,7.0900,1.2000000e+01,-4.1005812e+00,5.8409529e+00,1.2997366e+00,-2.6333332e-04,1.3292246e-01,1
0,710,7.1000,1.2000000e+01,-4.0917468e+00,5.8469977e+00,1.2995884e+00,-4.1151047e-04,1.3292246e-01,1
0,711,7.1100,1.2000000e+01,-4.0921888e+00,5.8466954e+00,1.3004427e+00,4.4274330e-04,1.3292246e-01,1
0,712,7.1200,1.1993789e+01,-4.1007142e+00,5.8408618e+00,1.3003935e+00,3.9350986e-04,1.3292246e-01,0
0,713,7.1300,1.2000000e+01,-4.0954537e+00,5.8444614e+00,1.2989690e+00,-1.0309219e-03,1.3292246e-01,1
0,714,7.1400,1.2000000e+01,-4.0993428e+00,5.8418007e+00,1.3000841e+00,8.4161758e-05,1.3292246e-01,1
0,715,7.1500,1.2000000e+01,-4.1005292e+00,5.8409891e+00,1.2997110e+00,-2.8896332e-04,1.3292246e-01,1
0,716,7.1600,1.2000000e+01,-4.0916438e+00,5.8470688e+00,1.2995846e+00,-4.1532516e-04,1.3292246e-01,1
0,717,7.1700,1.2000000e+01,-4.0921655e+00,5.8467121e+00,1.3004515e+00,4.5156479e-04,1.3292246e-01,1
0,718,7.1800,1.1993690e+01,-4.1007614e+00,5.8408308e+00,1.3004010e+00,4.0102005e-04,1.3292246e-01,0
0,719,7.1900,1.2000000e+01,-4.0955157e+00,5.8444200e+00,1.2989728e+00,-1.0271072e-03,1.3292246e-01,1
0,720,7.2000,1.2000000e+01,-4.0988598e+00,5.8421321e+00,1.3000629e+00,6.2942505e-05,1.3288157e-01,1
0,721,7.2100,1.2000000e+01,-4.1005263e+00,5.8409920e+00,1.2997481e+00,-2.5188923e-04,1.3288157e-01,1
0,722,7.2200,1.2000000e+01,-4.0916195e+00,5.8470860e+00,1.2995836e+00,-4.1639805e-04,1.3288157e-01,1
0,723,7.2300,1.2000000e+01,-4.0921683e+00,5.8467107e+00,1.3004552e+00,4.5526028e-04,1.3288157e-01,1
0,724,7.2400,1.1993653e+01,-4.1007905e+00,5.8408108e+00,1.3004044e+00,4.0447712e-04,1.3288157e-01,0
0,725,7.2500,1.2000000e+01,-4.0954103e+00,5.8444920e+00,1.2989542e+00,-1.0457039e-03,1.3288157e-01,1
0,726,7.2600,1.2000000e+01,-4.0990362e+00,5.8420110e+00,1.3000741e+00,7.4148178e-05,1.3288157e-01,1
0,727,7.2700,1.2000000e+01,-4.1004939e+00,5.8410134e+00,1.2997334e+00,-2.6655197e-04,1.3288157e-01,1
0,728,7.2800,1.2000000e+01,-4.0915575e+00,5.8471274e+00,1.2995818e+00,-4.1818619e-04,1.3288157e-01,1
0,729,7.2900,1.2000000e+01,-4.0922570e+00,5.8466492e+00,1.3004713e+00,4.7135353e-04,1.3288157e-01,1
0,730,7.3000,1.1993773e+01,-4.1007934e+00,5.8408084e+00,1.3003975e+00,3.9756298e-04,1.3288157e-01,0
0,731,7.3100,1.2000000e+01,-4.0954847e+00,5.8444409e+00,1.2989668e+00,-1.0331869e-03,1.3288157e-01,1
0,732,7.3200,1.2000000e+01,-4.0993161e+00,5.8418198e+00,1.3000830e+00,8.3088875e-05,1.3288157e-01,1
0,733,7.3300,1.2000000e+01,-4.1003242e+00,5.8411298e+00,1.2996993e+00,-3.0064583e-04,1.3288157e-01,1
0,734,7.3400,1.2000000e+01,-4.0914927e+00,5.8471727e+00,1.2995925e+00,-4.0745735e-04,1.3288157e-01,1
0,735,7.3500,1.2000000e+01,-4.0922461e+00,5.8466578e+00,1.3004777e+00,4.7779083e-04,1.3288157e-01,1
0,736,7.3600,1.1994015e+01,-4.1006117e+00,5.8409333e+00,1.3003829e+00,3.8290024e-04,1.3288157e-01,0
0,737,7.3700,1.2000000e+01,-4.0954928e+00,5.8444357e+00,1.2989966e+00,-1.0033846e-03,1.3288157e-01,1
0,738,7.3800,1.2000000e+01,-4.0994134e+00,5.8417535e+00,1.3000873e+00,8.7380409e-05,1.3288157e-01,1
0,739,7.3900,1.2000000e+01,-4.1003790e+00,5.8410931e+00,1.2996968e+00,-3.0314922e-04,1.3288157e-01,1
0,740,7.4000,1.2000000e+01,-4.0915442e+00,5.8471384e+00,1.2995932e+00,-4.0674210e-04,1.3285033e-01,1
0,741,7.4100,1.2000000e+01,-4.0921502e+00,5.8467240e+00,1.3004640e+00,4.6408176e-04,1.3285033e-01,1
0,742,7.4200,1.1993755e+01,-4.1007009e+00,5.8408732e+00,1.3004007e+00,4.0078163e-04,1.3285033e-01,0
0,743,7.4300,1.2000000e+01,-4.0954900e+00,5.8444386e+00,1.2989843e+00,-1.0156631e-03,1.3285033e-01,1
0,744,7.4400,1.2000000e+01,-4.0991945e+00,5.8419037e+00,1.3000786e+00,7.8678131e-05,1.3285033e-01,1
0,745,7.4500,1.2000000e+01,-4.1004910e+00,5.8410168e+00,1.2997236e+00,-2.7632713e-04,1.3285033e-01,1
0,746,7.4600,1.2000000e+01,-4.0915532e+00,5.8471322e+00,1.2995846e+00,-4.1532516e-04,1.3285033e-01,1
0,747,7.4700,1.2000000e+01,-4.0921597e+00,5.8467178e+00,1.3004651e+00,4.6515465e-04,1.3285033e-01,1
0,748,7.4800,1.1993719e+01,-4.1007357e+00,5.8408499e+00,1.3004041e+00,4.0411949e-04,1.3285033e-01,0
0,749,7.4900,1.2000000e+01,-4.0954299e+00,5.8444800e+00,1.2989718e+00,-1.0281801e-03,1.3285033e-01,1
0,750,7.5000,1.2000000e+01,-4.0990925e+00,5.8419738e+00,1.3000773e+00,7.7366829e-05,1.3285033e-01,1
0,751,7.5100,1.2000000e+01,-4.1004105e+00,5.8410721e+00,1.2997260e+00,-2.7394295e-04,1.3285033e-01,1
0,752,7.5200,1.2000000e+01,-4.0915060e+00,5.8471651e+00,1.2995887e+00,-4.1127205e-04,1.3285033e-01,1
0,753,7.5300,1.2000000e+01,-4.0922675e+00,5.8466444e+00,1.3004818e+00,4.8184395e-04,1.3285033e-01,1
0,754,7.5400,1.1993823e+01,-4.1007676e+00,5.8408279e+00,1.3003981e+00,3.9815903e-04,1.3285033e-01,0
0,755,7.5500,1.2000000e+01,-4.0954766e+00,5.8444481e+00,1.2989757e+00,-1.0242462e-03,1.3285033e-01,1
0,756,7.5600,1.2000000e+01,-4.0991979e+00,5.8419023e+00,1.3000802e+00,8.0227852e-05,1.3285033e-01,1
0,757,7.5700,1.2000000e+01,-4.1003847e+00,5.8410902e+00,1.2997167e+00,-2.8324127e-04,1.3285033e-01,1
0,758,7.5800,1.2000000e+01,-4.0914850e+00,5.8471794e+00,1.2995901e+00,-4.0984154e-04,1.3285033e-01,1
0,759,7.5900,1.2000000e+01,-4.0921845e+00,5.8467011e+00,1.3004766e+00,4.7659874e-04,1.3285033e-01,1
0,760,7.6000,1.1993810e+01,-4.1006956e+00,5.8408775e+00,1.3004000e+00,4.0006638e-04,1.3291924e-01,0
0,761,7.6100,1.2000000e+01,-4.0954475e+00,5.8444681e+00,1.2989836e+00,-1.0163784e-03,1.3291924e-01,1
0,762,7.6200,1.2000000e+01,-4.0993237e+00,5.8418159e+00,1.3000872e+00,8.7261200e-05,1.3291924e-01,1
0,763,7.6300,1.2000000e+01,-4.1001868e+00,5.8412256e+00,1.2996918e+00,-3.0815601e-04,1.3291924e-01,1
0,764,7.6400,1.2000000e+01,-4.0915422e+00,5.8471403e+00,1.2996145e+00,-3.8540363e-04,1.3291924e-01,1
0,765,7.6500,1.2000000e+01,-4.0920935e+00,5.8467636e+00,1.3004627e+00,4.6277046e-04,1.3291924e-01,1
0,766,7.6600,1.1993746e+01,-4.1006513e+00,5.8409076e+00,1.3004053e+00,4.0531158e-04,1.3291924e-01,0
0,767,7.6700,1.2000000e+01,-4.0952621e+00,5.8445950e+00,1.2989639e+00,-1.0360479e-03,1.3291924e-01,1
0,768,7.6800,1.2000000e+01,-4.0992541e+00,5.8418636e+00,1.3000927e+00,9.2744827e-05,1.3291924e-01,1
0,769,7.6900,1.2000000e+01,-4.1003599e+00,5.8411074e+00,1.2997121e+00,-2.8789043e-04,1.3291924e-01,1
0,770,7.7000,1.2000000e+01,-4.0914245e+00,5.8472214e+00,1.2995887e+00,-4.1127205e-04,1.3291924e-01,1
0,771,7.7100,1.2000000e+01,-4.0919113e+00,5.8468885e+00,1.3004572e+00,4.5728683e-04,1.3291924e-01,1
0,772,7.7200,1.1993449e+01,-4.1006823e+00,5.8408871e+00,1.3004262e+00,4.2629242e-04,1.3291924e-01,0
0,773,7.7300,1.2000000e+01,-4.0952144e+00,5.8446283e+00,1.2989533e+00,-1.0466576e-03,1.3291924e-01,1
0,774,7.7400,1.1999612e+01,-4.0995731e+00,5.8416457e+00,1.3001103e+00,1.1038780e-04,1.3291924e-01,0
0,775,7.7500,1.2000000e+01,-4.0998836e+00,5.8414335e+00,1.2996469e+00,-3.5309792e-04,1.3291924e-01,1
0,776,7.7600,1.2000000e+01,-4.0914693e+00,5.8471909e+00,1.2996368e+00,-3.6311150e-04,1.3291924e-01,1
0,777,7.7700,1.2000000e+01,-4.0919785e+00,5.8468428e+00,1.3004606e+00,4.6062469e-04,1.3291924e-01,1
0,778,7.7800,1.1993677e+01,-4.1005878e+00,5.8409519e+00,1.3004119e+00,4.1198730e-04,1.3291924e-01,0
0,779,7.7900,1.2000000e+01,-4.0951991e+00,5.8446393e+00,1.2989669e+00,-1.0330677e-03,1.3291924e-01,1
0,780,7.8000,1.1999662e+01,-4.0995231e+00,5.8416805e+00,1.3001091e+00,1.0919571e-04,1.3291626e-01,0
0,781,7.8100,1.2000000e+01,-4.0997014e+00,5.8415585e+00,1.2996361e+00,-3.6382675e-04,1.3291626e-01,1
0,782,7.8200,1.2000000e+01,-4.0914278e+00,5.8472195e+00,1.2996500e+00,-3.4999847e-04,1.3291626e-01,1
0,783,7.8300,1.2000000e+01,-4.0920362e+00,5.8468032e+00,1.3004715e+00,4.7159195e-04,1.3291626e-01,1
0,784,7.8400,1.1993598e+01,-4.1006999e+00,5.8408751e+00,1.3004181e+00,4.1818619e-04,1.3291626e-01,0
0,785,7.8500,1.2000000e+01,-4.0952616e+00,5.8445959e+00,1.2989612e+00,-1.0387897e-03,1.3291626e-01,1
0,786,7.8600,1.2000000e+01,-4.0990090e+00,5.8420320e+00,1.3000834e+00,8.3446503e-05,1.3291626e-01,1
0,787,7.8700,1.2000000e+01,-4.1003146e+00,5.8411384e+00,1.2997298e+00,-2.7012825e-04,1.3291626e-01,1
0,788,7.8800,1.2000000e+01,-4.0915532e+00,5.8471336e+00,1.2996078e+00,-3.9219856e-04,1.3291626e-01,1
0,789,7.8900,1.2000000e+01,-4.0921278e+00,5.8467407e+00,1.3004693e+00,4.6932697e-04,1.3291626e-01,1
0,790,7.9000,1.1993941e+01,-4.1005473e+00,5.8409796e+00,1.3003963e+00,3.9637089e-04,1.3291626e-01,0
0,791,7.9100,1.2000000e+01,-4.0953498e+00,5.8445358e+00,1.2989986e+00,-1.0013580e-03,1.3291626e-01,1
0,792,7.9200,1.1999923e+01,-4.0994868e+00,5.8417053e+00,1.3001013e+00,1.0132790e-04,1.3291626e-01,0
0,793,7.9300,1.2000000e+01,-4.1002455e+00,5.8411860e+00,1.2996876e+00,-3.1232834e-04,1.3291626e-01,1
0,794,7.9400,1.2000000e+01,-4.0916181e+00,5.8470893e+00,1.2996209e+00,-3.7908554e-04,1.3291626e-01,1
0,795,7.9500,1.2000000e+01,-4.0920782e+00,5.8467746e+00,1.3004589e+00,4.5895576e-04,1.3291626e-01,1
0,796,7.9600,1.1993841e+01,-4.1005692e+00,5.8409648e+00,1.3004038e+00,4.0388107e-04,1.3291626e-01,0
0,797,7.9700,1.2000000e+01,-4.0952816e+00,5.8445826e+00,1.2989867e+00,-1.0132790e-03,1.3291626e-01,1
0,798,7.9800,1.2000000e+01,-4.0993218e+00,5.8418183e+00,1.3000972e+00,9.7274780e-05,1.3291626e-01,1
0,799,7.9900,1.2000000e+01,-4.1001801e+00,5.8412313e+00,1.2996964e+00,-3.0350685e-04,1.3291626e-01,1
0,800,8.0000,1.2000000e+01,-4.0914841e+00,5.8471813e+00,1.2996155e+00,-3.8444996e-04,1.3293512e-01,1
0,801,8.0100,1.2000000e+01,-4.0920448e+00,5.8467979e+00,1.3004699e+00,4.6992302e-04,1.3293512e-01,1
0,802,8.0200,1.1993612e+01,-4.1006980e+00,5.8408771e+00,1.3004200e+00,4.2009354e-04,1.3293512e-01,0
0,803,8.0300,1.2000000e+01,-4.0952821e+00,5.8445826e+00,1.2989690e+00,-1.0309219e-03,1.3293512e-01,1
0,804,8.0400,1.2000000e+01,-4.0993123e+00,5.8418250e+00,1.3000972e+00,9.7274780e-05,1.3293512e-01,1
0,805,8.0500,1.2000000e+01,-4.1002669e+00,5.8411717e+00,1.2997050e+00,-2.9492378e-04,1.3293512e-01,1
0,806,8.0600,1.2000000e+01,-4.0915260e+00,5.8471522e+00,1.2996124e+00,-3.8754940e-04,1.3293512e-01,1
0,807,8.0700,1.2000000e+01,-4.0920930e+00,5.8467646e+00,1.3004715e+00,4.7159195e-04,1.3293512e-01,1
0,808,8.0800,1.1993791e+01,-4.1006198e+00,5.8409300e+00,1.3004091e+00,4.0912628e-04,1.3293512e-01,0
0,809,8.0900,1.2000000e+01,-4.0952458e+00,5.8446069e+00,1.2989769e+00,-1.0230541e-03,1.3293512e-01,1
0,810,8.1000,1.1999733e+01,-4.0995188e+00,5.8416834e+00,1.3001091e+00,1.0919571e-04,1.3293512e-01,0
0,811,8.1100,1.2000000e+01,-4.0998611e+00,5.8414493e+00,1.2996550e+00,-3.4499168e-04,1.3293512e-01,1
0,812,8.1200,1.2000000e+01,-4.0915794e+00,5.8471160e+00,1.2996538e+00,-3.4618378e-04,1.3293512e-01,1
0,813,8.1300,1.2000000e+01,-4.0920897e+00,5.8467674e+00,1.3004669e+00,4.6694279e-04,1.3293512e-01,1
0,814,8.1400,1.1993837e+01,-4.1005836e+00,5.8409553e+00,1.3004069e+00,4.0698051e-04,1.3293512e-01,0
0,815,8.1500,1.2000000e+01,-4.0951996e+00,5.8446393e+00,1.2989769e+00,-1.0230541e-03,1.3293512e-01,1
0,816,8.1600,1.1999786e+01,-4.0994358e+00,5.8417406e+00,1.3001078e+00,1.0788441e-04,1.3293512e-01,0
0,817,8.1700,1.2000000e+01,-4.1000266e+00,5.8413363e+00,1.2996769e+00,-3.2305717e-04,1.3293512e-01,1
0,818,8.1800,1.2000000e+01,-4.0913877e+00,5.8472476e+00,1.2996233e+00,-3.7670135e-04,1.3293512e-01,1
0,819,8.1900,1.2000000e+01,-4.0919714e+00,5.8468485e+00,1.3004751e+00,4.7516823e-04,1.3293512e-01,1
0,820,8.2000,1.1993592e+01,-4.1006403e+00,5.8409166e+00,1.3004243e+00,4.2438507e-04,1.3290457e-01,0
0,821,8.2100,1.2000000e+01,-4.0952353e+00,5.8446150e+00,1.2989750e+00,-1.0249615e-03,1.3290457e-01,1
0,822,8.2200,1.1999860e+01,-4.0994196e+00,5.8417521e+00,1.3001058e+00,1.0585785e-04,1.3290457e-01,0
0,823,8.2300,1.2000000e+01,-4.1000791e+00,5.8413010e+00,1.2996835e+00,-3.1650066e-04,1.3290457e-01,1
0,824,8.2400,1.2000000e+01,-4.0914035e+00,5.8472371e+00,1.2996209e+00,-3.7908554e-04,1.3290457e-01,1
0,825,8.2500,1.2000000e+01,-4.0920362e+00,5.8468046e+00,1.3004811e+00,4.8112869e-04,1.3290457e-01,1
0,826,8.2600,1.1993655e+01,-4.1006598e+00,5.8409038e+00,1.3004210e+00,4.2104721e-04,1.3290457e-01,0
0,827,8.2700,1.2000000e+01,-4.0952444e+00,5.8446093e+00,1.2989750e+00,-1.0249615e-03,1.3290457e-01,1
0,828,8.2800,1.1999866e+01,-4.0994234e+00,5.8417497e+00,1.3001060e+00,1.0609627e-04,1.3290457e-01,0
0,829,8.2900,1.2000000e+01,-4.0999498e+00,5.8413892e+00,1.2996732e+00,-3.2675266e-04,1.3290457e-01,1
0,830,8.3000,1.2000000e+01,-4.0915375e+00,5.8471451e+00,1.2996451e+00,-3.5488605e-04,1.3290457e-01,1
0,831,8.3100,1.2000000e+01,-4.0920219e+00,5.8468137e+00,1.3004673e+00,4.6730042e-04,1.3290457e-01,1
0,832,8.3200,1.1993834e+01,-4.1005201e+00,5.8409986e+00,1.3004100e+00,4.1007996e-04,1.3290457e-01,0
0,833,8.3300,1.2000000e+01,-4.0952935e+00,5.8445749e+00,1.2990043e+00,-9.9563599e-04,1.3290457e-01,1
0,834,8.3400,1.2000000e+01,-4.0993543e+00,5.8417964e+00,1.3001009e+00,1.0097027e-04,1.3290457e-01,1
0,835,8.3500,1.2000000e+01,-4.1001911e+00,5.8412237e+00,1.2996995e+00,-3.0040741e-04,1.3290457e-01,1
0,836,8.3600,1.2000000e+01,-4.0914488e+00,5.8472052e+00,1.2996167e+00,-3.8325787e-04,1.3290457e-01,1
0,837,8.3700,1.2000000e+01,-4.0919166e+00,5.8468852e+00,1.3004664e+00,4.6646595e-04,1.3290457e-01,1
0,838,8.3800,1.1993762e+01,-4.1004672e+00,5.8410344e+00,1.3004158e+00,4.1580200e-04,1.3290457e-01,0
0,839,8.3900,1.2000000e+01,-4.0951500e+00,5.8446722e+00,1.2989923e+00,-1.0076761e-03,1.3290457e-01,1
0,840,8.4000,1.1999629e+01,-4.0994987e+00,5.8416967e+00,1.3001152e+00,1.1527538e-04,1.3286527e-01,0
0,841,8.4100,1.2000000e+01,-4.0998378e+00,5.8414645e+00,1.2996588e+00,-3.4117699e-04,1.3286527e-01,1
0,842,8.4200,1.2000000e+01,-4.0914497e+00,5.8472037e+00,1.2996488e+00,-3.5119057e-04,1.3286527e-01,1
0,843,8.4300,1.2000000e+01,-4.0920706e+00,5.8467793e+00,1.3004829e+00,4.8291683e-04,1.3286527e-01,1
0,844,8.4400,1.1993828e+01,-4.1005721e+00,5.8409624e+00,1.3004122e+00,4.1222572e-04,1.3286527e-01,0
0,845,8.4500,1.2000000e+01,-4.0952983e+00,5.8445711e+00,1.2990003e+00,-9.9968910e-04,1.3286527e-01,1
0,846,8.4600,1.2000000e+01,-4.0992732e+00,5.8418517e+00,1.3000978e+00,9.7870827e-05,1.3286527e-01,1
0,847,8.4700,1.2000000e+01,-4.1001740e+00,5.8412356e+00,1.2997061e+00,-2.9385090e-04,1.3286527e-01,1
0,848,8.4800,1.2000000e+01,-4.0914197e+00,5.8472257e+00,1.2996173e+00,-3.8266182e-04,1.3286527e-01,1
0,849,8.4900,1.2000000e+01,-4.0918407e+00,5.8469381e+00,1.3004636e+00,4.6360493e-04,1.3286527e-01,1
0,850,8.5000,1.1993582e+01,-4.1005206e+00,5.8409991e+00,1.3004298e+00,4.2986870e-04,1.3286527e-01,0
0,851,8.5100,1.2000000e+01,-4.0951047e+00,5.8447051e+00,1.2989802e+00,-1.0197163e-03,1.3286527e-01,1
0,852,8.5200,1.1999864e+01,-4.0992894e+00,5.8418417e+00,1.3001081e+00,1.0812283e-04,1.3286527e-01,0
0,853,8.5300,1.2000000e+01,-4.1000566e+00,5.8413167e+00,1.2996961e+00,-3.0386448e-04,1.3286527e-01,1
0,854,8.5400,1.2000000e+01,-4.0915198e+00,5.8471575e+00,1.2996376e+00,-3.6239624e-04,1.3286527e-01,1
0,855,8.5500,1.2000000e+01,-4.0919552e+00,5.8468599e+00,1.3004661e+00,4.6610832e-04,1.3286527e-01,1
0,856,8.5600,1.1993682e+01,-4.1005621e+00,5.8409705e+00,1.3004239e+00,4.2390823e-04,1.3286527e-01,0
0,857,8.5700,1.2000000e+01,-4.0951128e+00,5.8446994e+00,1.2989769e+00,-1.0230541e-03,1.3286527e-01,1
0,858,8.5800,1.2000000e+01,-4.0991578e+00,5.8419318e+00,1.3001019e+00,1.0192394e-04,1.3286527e-01,1
0,859,8.5900,1.2000000e+01,-4.1002560e+00,5.8411803e+00,1.2997230e+00,-2.7692318e-04,1.3286527e-01,1
0,860,8.6000,1.2000000e+01,-4.0914907e+00,5.8471780e+00,1.2996181e+00,-3.8182735e-04,1.3290322e-01,1
0,861,8.6100,1.2000000e+01,-4.0919175e+00,5.8468862e+00,1.3004662e+00,4.6622753e-04,1.3290322e-01,1
0,862,8.6200,1.1993676e+01,-4.1005287e+00,5.8409939e+00,1.3004252e+00,4.2521954e-04,1.3290322e-01,0
0,863,8.6300,1.2000000e+01,-4.0950732e+00,5.8447266e+00,1.2989774e+00,-1.0225773e-03,1.3290322e-01,1
0,864,8.6400,1.1999647e+01,-4.0994110e+00,5.8417587e+00,1.3001165e+00,1.1658669e-04,1.3290322e-01,0
0,865,8.6500,1.2000000e+01,-4.0995860e+00,5.8416390e+00,1.2996478e+00,-3.5214424e-04,1.3290322e-01,1
0,866,8.6600,1.2000000e+01,-4.0914726e+00,5.8471904e+00,1.2996752e+00,-3.2472610e-04,1.3290322e-01,1
0,867,8.6700,1.2000000e+01,-4.0918846e+00,5.8469090e+00,1.3004656e+00,4.6563148e-04,1.3290322e-01,1
0,868,8.6800,1.1993681e+01,-4.1004930e+00,5.8410187e+00,1.3004258e+00,4.2581558e-04,1.3290322e-01,0
0,869,8.6900,1.2000000e+01,-4.0951228e+00,5.8446932e+00,1.2989913e+00,-1.0086298e-03,1.3290322e-01,1
0,870,8.7000,1.1999633e+01,-4.0994697e+00,5.8417192e+00,1.3001175e+00,1.1754036e-04,1.3290322e-01,0
0,871,8.7100,1.2000000e+01,-4.0996556e+00,5.8415923e+00,1.2996496e+00,-3.5035610e-04,1.3290322e-01,1
0,872,8.7200,1.2000000e+01,-4.0915461e+00,5.8471413e+00,1.2996764e+00,-3.2353401e-04,1.3290322e-01,1
0,873,8.7300,1.2000000e+01,-4.0919237e+00,5.8468828e+00,1.3004632e+00,4.6324730e-04,1.3290322e-01,1
0,874,8.7400,1.1993862e+01,-4.1004033e+00,5.8410807e+00,1.3004144e+00,4.1449070e-04,1.3290322e-01,0
0,875,8.7500,1.2000000e+01,-4.0950885e+00,5.8447170e+00,1.2990010e+00,-9.9897385e-04,1.3290322e-01,1
0,876,8.7600,1.1999803e+01,-4.0993161e+00,5.8418241e+00,1.3001120e+00,1.1205673e-04,1.3290322e-01,0
0,877,8.7700,1.2000000e+01,-4.0999804e+00,5.8413696e+00,1.2996907e+00,-3.0922890e-04,1.3290322e-01,1
0,878,8.7800,1.2000000e+01,-4.0913024e+00,5.8473077e+00,1.2996283e+00,-3.7169456e-04,1.3290322e-01,1
0,879,8.7900,1.2000000e+01,-4.0920405e+00,5.8468027e+00,1.3005006e+00,5.0067902e-04,1.3290322e-01,1
0,880,8.8000,1.1993861e+01,-4.1005182e+00,5.8410015e+00,1.3004153e+00,4.1532516e-04,1.3292563e-01,0
0,881,8.8100,1.2000000e+01,-4.0952058e+00,5.8446364e+00,1.2990029e+00,-9.9706650e-04,1.3292563e-01,1
0,882,8.8200,1.1999638e+01,-4.0995474e+00,5.8416657e+00,1.3001182e+00,1.1825562e-04,1.3292563e-01,0
0,883,8.8300,1.2000000e+01,-4.0996294e+00,5.8416095e+00,1.2996422e+00,-3.5774708e-04,1.3292563e-01,1
0,884,8.8400,1.2000000e+01,-4.0912976e+00,5.8473101e+00,1.2996591e+00,-3.4081936e-04,1.3292563e-01,1
0,885,8.8500,1.2000000e+01,-4.0920048e+00,5.8468266e+00,1.3004984e+00,4.9841404e-04,1.3292563e-01,1
0,886,8.8600,1.1993868e+01,-4.1004791e+00,5.8410277e+00,1.3004158e+00,4.1580200e-04,1.3292563e-01,0
0,887,8.8700,1.2000000e+01,-4.0951452e+00,5.8446774e+00,1.2990010e+00,-9.9897385e-04,1.3292563e-01,1
0,888,8.8800,1.2000000e+01,-4.0991511e+00,5.8419366e+00,1.3001022e+00,1.0228157e-04,1.3292563e-01,1
0,889,8.8900,1.2000000e+01,-4.0999770e+00,5.8413715e+00,1.2997053e+00,-2.9468536e-04,1.3292563e-01,1
0,890,8.9000,1.2000000e+01,-4.0913129e+00,5.8473001e+00,1.2996311e+00,-3.6883354e-04,1.3292563e-01,1
0,891,8.9100,1.2000000e+01,-4.0919199e+00,5.8468847e+00,1.3004889e+00,4.8899651e-04,1.3292563e-01,1
0,892,8.9200,1.1993662e+01,-4.1005411e+00,5.8409858e+00,1.3004305e+00,4.3058395e-04,1.3292563e-01,0
0,893,8.9300,1.2000000e+01,-4.0951056e+00,5.8447051e+00,1.2989872e+00,-1.0128021e-03,1.3292563e-01,1
0,894,8.9400,1.1999987e+01,-4.0992031e+00,5.8419013e+00,1.3001070e+00,1.0704994e-04,1.3292563e-01,0
0,895,8.9500,1.2000000e+01,-4.1000614e+00,5.8413138e+00,1.2997086e+00,-2.9134750e-04,1.3292563e-01,1
0,896,8.9600,1.2000000e+01,-4.0914540e+00,5.8472028e+00,1.2996371e+00,-3.6287308e-04,1.3292563e-01,1
0,897,8.9700,1.2000000e+01,-4.0919418e+00,5.8468690e+00,1.3004779e+00,4.7791004e-04,1.3292563e-01,1
0,898,8.9800,1.1993660e+01,-4.1005635e+00,5.8409696e+00,1.3004315e+00,4.3153763e-04,1.3292563e-01,0
0,899,8.9900,1.2000000e+01,-4.0950613e+00,5.8447347e+00,1.2989786e+00,-1.0213852e-03,1.3292563e-01,1
0,900,9.0000,1.1999779e+01,-4.0993056e+00,5.8418307e+00,1.3001146e+00,1.1467934e-04,1.3299556e-01,0
0,901,9.0100,1.2000000e+01,-4.0998206e+00,5.8414783e+00,1.2996814e+00,-3.1852722e-04,1.3299556e-01,1
0,902,9.0200,1.2000000e+01,-4.0914125e+00,5.8472314e+00,1.2996551e+00,-3.4487247e-04,1.3299556e-01,1
0,903,9.0300,1.2000000e+01,-4.0919514e+00,5.8468633e+00,1.3004839e+00,4.8398972e-04,1.3299556e-01,1
0,904,9.0400,1.1993836e+01,-4.1004481e+00,5.8410497e+00,1.3004204e+00,4.2045116e-04,1.3299556e-01,0
0,905,9.0500,1.2000000e+01,-4.0950909e+00,5.8447156e+00,1.2990015e+00,-9.9849701e-04,1.3299556e-01,1
0,906,9.0600,1.1999859e+01,-4.0992780e+00,5.8418508e+00,1.3001122e+00,1.1229515e-04,1.3299556e-01,0
0,907,9.0700,1.2000000e+01,-4.0998673e+00,5.8414474e+00,1.2996883e+00,-3.1161308e-04,1.3299556e-01,1
0,908,9.0800,1.2000000e+01,-4.0911226e+00,5.8474307e+00,1.2996262e+00,-3.7372112e-04,1.3299556e-01,1
0,909,9.0900,1.2000000e+01,-4.0917830e+00,5.8469791e+00,1.3004971e+00,4.9710274e-04,1.3299556e-01,1
0,910,9.1000,1.1993642e+01,-4.1004205e+00,5.8410692e+00,1.3004346e+00,4.3463707e-04,1.3299556e-01,0
0,911,9.1100,1.2000000e+01,-4.0949626e+00,5.8448038e+00,1.2989876e+00,-1.0123253e-03,1.3299556e-01,1
0,912,9.1200,1.1999355e+01,-4.0995073e+00,5.8416939e+00,1.3001310e+00,1.3101101e-04,1.3299556e-01,0
0,913,9.1300,1.2000000e+01,-4.0994501e+00,5.8417330e+00,1.2996336e+00,-3.6633015e-04,1.3299556e-01,1
0,914,9.1400,1.2000000e+01,-4.0913024e+00,5.8473082e+00,1.2996783e+00,-3.2162666e-04,1.3299556e-01,1
0,915,9.1500,1.2000000e+01,-4.0919600e+00,5.8468585e+00,1.3004979e+00,4.9793720e-04,1.3299556e-01,1
0,916,9.1600,1.1993736e+01,-4.1005268e+00,5.8409963e+00,1.3004289e+00,4.2891502e-04,1.3299556e-01,0
0,917,9.1700,1.2000000e+01,-4.0950370e+00,5.8447523e+00,1.2989845e+00,-1.0154247e-03,1.3299556e-01,1
0,918,9.1800,1.1999586e+01,-4.0994172e+00,5.8417554e+00,1.3001229e+00,1.2290478e-04,1.3299556e-01,0
0,919,9.1900,1.2000000e+01,-4.0996823e+00,5.8415742e+00,1.2996626e+00,-3.3736229e-04,1.3299556e-01,1
0,920,9.2000,1.2000000e+01,-4.0913539e+00,5.8472729e+00,1.2996640e+00,-3.3593178e-04,1.3287480e-01,1
0,921,9.2100,1.2000000e+01,-4.0918856e+00,5.8469090e+00,1.3004858e+00,4.8589706e-04,1.3287480e-01,1
0,922,9.2200,1.1993839e+01,-4.1003833e+00,5.8410945e+00,1.3004229e+00,4.2295456e-04,1.3287480e-01,0
0,923,9.2300,1.2000000e+01,-4.0950723e+00,5.8447285e+00,1.2990119e+00,-9.8800659e-04,1.3287480e-01,1
0,924,9.2400,1.1999675e+01,-4.0993905e+00,5.8417740e+00,1.3001201e+00,1.2016296e-04,1.3287480e-01,0
0,925,9.2500,1.2000000e+01,-4.0997057e+00,5.8415585e+00,1.2996676e+00,-3.3235550e-04,1.3287480e-01,1
0,926,9.2600,1.2000000e+01,-4.0913377e+00,5.8472843e+00,1.2996614e+00,-3.3855438e-04,1.3287480e-01,1
0,927,9.2700,1.2000000e+01,-4.0918889e+00,5.8469071e+00,1.3004887e+00,4.8875809e-04,1.3287480e-01,1
0,928,9.2800,1.1993832e+01,-4.1003914e+00,5.8410892e+00,1.3004242e+00,4.2426586e-04,1.3287480e-01,0
0,929,9.2900,1.2000000e+01,-4.0950913e+00,5.8447156e+00,1.2990148e+00,-9.8514557e-04,1.3287480e-01,1
0,930,9.3000,1.2000000e+01,-4.0991311e+00,5.8419514e+00,1.3001068e+00,1.0681152e-04,1.3287480e-01,1
0,931,9.3100,1.2000000e+01,-4.0998869e+00,5.8414345e+00,1.2997046e+00,-2.9540062e-04,1.3287480e-01,1
0,932,9.3200,1.2000000e+01,-4.0913048e+00,5.8473067e+00,1.2996438e+00,-3.5619736e-04,1.3287480e-01,1
0,933,9.3300,1.2000000e+01,-4.0918388e+00,5.8469415e+00,1.3004878e+00,4.8780441e-04,1.3287480e-01,1
0,934,9.3400,1.1993711e+01,-4.1004276e+00,5.8410645e+00,1.3004333e+00,4.3332577e-04,1.3287480e-01,0
0,935,9.3500,1.2000000e+01,-4.0950027e+00,5.8447762e+00,1.2989976e+00,-1.0023117e-03,1.3287480e-01,1
0,936,9.3600,1.1999667e+01,-4.0993280e+00,5.8418164e+00,1.3001213e+00,1.2135506e-04,1.3287480e-01,0
0,937,9.3700,1.2000000e+01,-4.0995932e+00,5.8416348e+00,1.2996647e+00,-3.3521652e-04,1.3287480e-01,1
0,938,9.3800,1.2000000e+01,-4.0913329e+00,5.8472867e+00,1.2996719e+00,-3.2806396e-04,1.3287480e-01,1
0,939,9.3900,1.2000000e+01,-4.0919132e+00,5.8468895e+00,1.3004935e+00,4.9352646e-04,1.3287480e-01,1
0,940,9.4000,1.1993978e+01,-4.1003118e+00,5.8411427e+00,1.3004160e+00,4.1604042e-04,1.3294299e-01,0
0,941,9.4100,1.2000000e+01,-4.0951219e+00,5.8446937e+00,1.2990334e+00,-9.6654892e-04,1.3294299e-01,1
0,942,9.4200,1.1999784e+01,-4.0993619e+00,5.8417926e+00,1.3001175e+00,1.1754036e-04,1.3294299e-01,0
0,943,9.4300,1.2000000e+01,-4.0997071e+00,5.8415565e+00,1.2996724e+00,-3.2758713e-04,1.3294299e-01,1
0,944,9.4400,1.2000000e+01,-4.0913024e+00,5.8473072e+00,1.2996604e+00,-3.3950806e-04,1.3294299e-01,1
0,945,9.4500,1.2000000e+01,-4.0919986e+00,5.8468308e+00,1.3005064e+00,5.0640106e-04,1.3294299e-01,1
0,946,9.4600,1.1993981e+01,-4.1003928e+00,5.8410869e+00,1.3004165e+00,4.1651726e-04,1.3294299e-01,0
0,947,9.4700,1.2000000e+01,-4.0951691e+00,5.8446612e+00,1.2990298e+00,-9.7012520e-04,1.3294299e-01,1
0,948,9.4800,1.2000000e+01,-4.0992370e+00,5.8418779e+00,1.3001094e+00,1.0943413e-04,1.3294299e-01,1
0,949,9.4900,1.2000000e+01,-4.0999718e+00,5.8413754e+00,1.2997050e+00,-2.9492378e-04,1.3294299e-01,1
0,950,9.5000,1.2000000e+01,-4.0911622e+00,5.8474030e+00,1.2996259e+00,-3.7407875e-04,1.3294299e-01,1
0,951,9.5100,1.2000000e+01,-4.0916185e+00,5.8470912e+00,1.3004823e+00,4.8232079e-04,1.3294299e-01,1
0,952,9.5200,1.1993522e+01,-4.1003442e+00,5.8411207e+00,1.3004489e+00,4.4894218e-04,1.3294299e-01,0
0,953,9.5300,1.2000000e+01,-4.0948920e+00,5.8448515e+00,1.2989969e+00,-1.0030270e-03,1.3294299e-01,1
0,954,9.5400,1.1999540e+01,-4.0993080e+00,5.8418298e+00,1.3001273e+00,1.2731552e-04,1.3294299e-01,0
0,955,9.5500,1.2000000e+01,-4.0994244e+00,5.8417501e+00,1.2996540e+00,-3.4594536e-04,1.3294299e-01,1
0,956,9.5600,1.2000000e+01,-4.0913353e+00,5.8472848e+00,1.2996881e+00,-3.1185150e-04,1.3294299e-01,1
0,957,9.5700,1.2000000e+01,-4.0918603e+00,5.8469257e+00,1.3004904e+00,4.9042702e-04,1.3294299e-01,1
0,958,9.5800,1.1993742e+01,-4.1004257e+00,5.8410645e+00,1.3004344e+00,4.3439865e-04,1.3294299e-01,0
0,959,9.5900,1.2000000e+01,-4.0950055e+00,5.8447733e+00,1.2990034e+00,-9.9658966e-04,1.3294299e-01,1
0,960,9.6000,1.1999571e+01,-4.0993986e+00,5.8417673e+00,1.3001266e+00,1.2660027e-04,1.3290219e-01,0
0,961,9.6100,1.2000000e+01,-4.0995717e+00,5.8416491e+00,1.2996597e+00,-3.4022331e-04,1.3290219e-01,1
0,962,9.6200,1.2000000e+01,-4.0914121e+00,5.8472319e+00,1.2996831e+00,-3.1685829e-04,1.3290219e-01,1
0,963,9.6300,1.2000000e+01,-4.0918093e+00,5.8469605e+00,1.3004782e+00,4.7826767e-04,1.3290219e-01,1
0,964,9.6400,1.1993494e+01,-4.1005511e+00,5.8409786e+00,1.3004524e+00,4.5239925e-04,1.3290219e-01,0
0,965,9.6500,1.2000000e+01,-4.0948329e+00,5.8448911e+00,1.2989602e+00,-1.0397434e-03,1.3290219e-01,1
0,966,9.6600,1.1999434e+01,-4.0993252e+00,5.8418174e+00,1.3001322e+00,1.3220310e-04,1.3290219e-01,0
0,967,9.6700,1.2000000e+01,-4.0993829e+00,5.8417783e+00,1.2996503e+00,-3.4964085e-04,1.3290219e-01,1
0,968,9.6800,1.2000000e+01,-4.0915194e+00,5.8471584e+00,1.2997077e+00,-2.9230118e-04,1.3290219e-01,1
0,969,9.6900,1.2000000e+01,-4.0918055e+00,5.8469629e+00,1.3004680e+00,4.6801567e-04,1.3290219e-01,1
0,970,9.7000,1.1993576e+01,-4.1004891e+00,5.8410211e+00,1.3004475e+00,4.4751167e-04,1.3290219e-01,0
0,971,9.7100,1.2000000e+01,-4.0949397e+00,5.8448181e+00,1.2989867e+00,-1.0132790e-03,1.3290219e-01,1
0,972,9.7200,1.1999654e+01,-4.0992751e+00,5.8418517e+00,1.3001244e+00,1.2445450e-04,1.3290219e-01,0
0,973,9.7300,1.2000000e+01,-4.0996661e+00,5.8415842e+00,1.2996795e+00,-3.2043457e-04,1.3290219e-01,1
0,974,9.7400,1.2000000e+01,-4.0912476e+00,5.8473444e+00,1.2996628e+00,-3.3712387e-04,1.3290219e-01,1
0,975,9.7500,1.2000000e+01,-4.0917439e+00,5.8470049e+00,1.3004899e+00,4.8995018e-04,1.3290219e-01,1
0,976,9.7600,1.1993572e+01,-4.1004324e+00,5.8410597e+00,1.3004487e+00,4.4870377e-04,1.3290219e-01,0
0,977,9.7700,1.2000000e+01,-4.0949216e+00,5.8448305e+00,1.2989935e+00,-1.0064840e-03,1.3290219e-01,1
0,978,9.7800,1.1999261e+01,-4.0995345e+00,5.8416743e+00,1.3001397e+00,1.3971329e-04,1.3290219e-01,0
0,979,9.7900,1.2000000e+01,-4.0990553e+00,5.8420024e+00,1.2996037e+00,-3.9625168e-04,1.3290219e-01,1
0,980,9.8000,1.2000000e+01,-4.0913391e+00,5.8472819e+00,1.2997203e+00,-2.7966499e-04,1.3290338e-01,1
0,981,9.8100,1.2000000e+01,-4.0917482e+00,5.8470025e+00,1.3004819e+00,4.8196316e-04,1.3290338e-01,1
0,982,9.8200,1.1993646e+01,-4.1003842e+00,5.8410931e+00,1.3004444e+00,4.4441223e-04,1.3290338e-01,0
0,983,9.8300,1.2000000e+01,-4.0948133e+00,5.8449049e+00,1.2989858e+00,-1.0141134e-03,1.3290338e-01,1
0,984,9.8400,1.1999207e+01,-4.0994668e+00,5.8417211e+00,1.3001423e+00,1.4233589e-04,1.3290338e-01,0
0,985,9.8500,1.2000000e+01,-4.0990810e+00,5.8419847e+00,1.2996130e+00,-3.8695335e-04,1.3290338e-01,1
0,986,9.8600,1.2000000e+01,-4.0913076e+00,5.8473039e+00,1.2997165e+00,-2.8347969e-04,1.3290338e-01,1
0,987,9.8700,1.2000000e+01,-4.0918465e+00,5.8469353e+00,1.3004961e+00,4.9614906e-04,1.3290338e-01,1
0,988,9.8800,1.1993919e+01,-4.1002874e+00,5.8411593e+00,1.3004264e+00,4.2641163e-04,1.3290338e-01,0
0,989,9.8900,1.2000000e+01,-4.0950465e+00,5.8447456e+00,1.2990355e+00,-9.6440315e-04,1.3290338e-01,1
0,990,9.9000,1.1999626e+01,-4.0993996e+00,5.8417673e+00,1.3001267e+00,1.2671947e-04,1.3290338e-01,0
0,991,9.9100,1.2000000e+01,-4.0995359e+00,5.8416739e+00,1.2996602e+00,-3.3974648e-04,1.3290338e-01,1
0,992,9.9200,1.2000000e+01,-4.0913177e+00,5.8472967e+00,1.2996817e+00,-3.1828880e-04,1.3290338e-01,1
0,993,9.9300,1.2000000e+01,-4.0916705e+00,5.8470554e+00,1.3004779e+00,4.7791004e-04,1.3290338e-01,1
0,994,9.9400,1.1993543e+01,-4.1003809e+00,5.8410954e+00,1.3004532e+00,4.5323372e-04,1.3290338e-01,0
0,995,9.9500,1.2000000e+01,-4.0947866e+00,5.8449235e+00,1.2989846e+00,-1.0153055e-03,1.3290338e-01,1
0,996,9.9600,1.1999239e+01,-4.0994177e+00,5.8417549e+00,1.3001419e+00,1.4197826e-04,1.3290338e-01,0
0,997,9.9700,1.2000000e+01,-4.0993080e+00,5.8418303e+00,1.2996392e+00,-3.6072731e-04,1.3290338e-01,1
0,998,9.9800,1.2000000e+01,-4.0911841e+00,5.8473892e+00,1.2996899e+00,-3.1006336e-04,1.3290338e-01,1
0,999,9.9900,1.2000000e+01,-4.0916595e+00,5.8470640e+00,1.3004911e+00,4.9114227e-04,1.3290338e-01,1
0,1000,10.0000,1.1993571e+01,-4.1003494e+00,5.8411179e+00,1.3004520e+00,4.5204163e-04,1.3296528e-01,0
0,1001,10.0100,1.2000000e+01,-4.0948596e+00,5.8448739e+00,1.2990013e+00,-9.9861622e-04,1.3296528e-01,1
0,1002,10.0200,1.1999413e+01,-4.0993657e+00,5.8417907e+00,1.3001356e+00,1.3566017e-04,1.3296528e-01,0
0,1003,10.0300,1.2000000e+01,-4.0992479e+00,5.8418713e+00,1.2996393e+00,-3.6060810e-04,1.3296528e-01,1
0,1004,10.0400,1.2000000e+01,-4.0913005e+00,5.8473091e+00,1.2997048e+00,-2.9516220e-04,1.3296528e-01,1
0,1005,10.0500,1.2000000e+01,-4.0917549e+00,5.8469987e+00,1.3004899e+00,4.8995018e-04,1.3296528e-01,1
0,1006,10.0600,1.1993865e+01,-4.1002355e+00,5.8411956e+00,1.3004324e+00,4.3249130e-04,1.3296528e-01,0
0,1007,10.0700,1.2000000e+01,-4.0949860e+00,5.8447876e+00,1.2990377e+00,-9.6225739e-04,1.3296528e-01,1
0,1008,10.0800,1.1999736e+01,-4.0992622e+00,5.8418617e+00,1.3001239e+00,1.2397766e-04,1.3296528e-01,0
0,1009,10.0900,1.2000000e+01,-4.0997319e+00,5.8415403e+00,1.2996901e+00,-3.0982494e-04,1.3296528e-01,1
0,1010,10.1000,1.2000000e+01,-4.0911856e+00,5.8473878e+00,1.2996562e+00,-3.4379959e-04,1.3296528e-01,1
0,1011,10.1100,1.2000000e+01,-4.0917048e+00,5.8470325e+00,1.3004973e+00,4.9734116e-04,1.3296528e-01,1
0,1012,10.1200,1.1993669e+01,-4.1003251e+00,5.8411341e+00,1.3004467e+00,4.4679642e-04,1.3296528e-01,0
0,1013,10.1300,1.2000000e+01,-4.0947599e+00,5.8449421e+00,1.2989926e+00,-1.0073185e-03,1.3296528e-01,1
0,1014,10.1400,1.1999125e+01,-4.0994711e+00,5.8417182e+00,1.3001478e+00,1.4781952e-04,1.3296528e-01,0
0,1015,10.1500,1.2000000e+01,-4.0988498e+00,5.8421431e+00,1.2995949e+00,-4.0507317e-04,1.3296528e-01,1
0,1016,10.1600,1.2000000e+01,-4.0915074e+00,5.8471670e+00,1.2997520e+00,-2.4795532e-04,1.3296528e-01,1
0,1017,10.1700,1.2000000e+01,-4.0918784e+00,5.8469133e+00,1.3004832e+00,4.8327446e-04,1.3296528e-01,1
0,1018,10.1800,1.1994102e+01,-4.1001902e+00,5.8412261e+00,1.3004179e+00,4.1794777e-04,1.3296528e-01,0
0,1019,10.1900,1.2000000e+01,-4.0950851e+00,5.8447189e+00,1.2990609e+00,-9.3901157e-04,1.3296528e-01,1
0,1020,10.2000,1.2000000e+01,-4.0990992e+00,5.8419724e+00,1.3001115e+00,1.1157990e-04,1.3289070e-01,1
0,1021,10.2100,1.2000000e+01,-4.0999646e+00,5.8413801e+00,1.2997229e+00,-2.7704239e-04,1.3289070e-01,1
0,1022,10.2200,1.2000000e+01,-4.0911155e+00,5.8474350e+00,1.2996311e+00,-3.6883354e-04,1.3289070e-01,1
0,1023,10.2300,1.2000000e+01,-4.0916963e+00,5.8470378e+00,1.3005052e+00,5.0520897e-04,1.3289070e-01,1
0,1024,10.2400,1.1993625e+01,-4.1003485e+00,5.8411174e+00,1.3004514e+00,4.5144558e-04,1.3289070e-01,0
0,1025,10.2500,1.2000000e+01,-4.0947461e+00,5.8449507e+00,1.2989894e+00,-1.0105371e-03,1.3289070e-01,1
0,1026,10.2600,1.1998953e+01,-4.0995798e+00,5.8416433e+00,1.3001556e+00,1.5568733e-04,1.3289070e-01,0
0,1027,10.2700,1.2000000e+01,-4.0986876e+00,5.8422537e+00,1.2995706e+00,-4.2939186e-04,1.3289070e-01,1
0,1028,10.2800,1.2000000e+01,-4.0914931e+00,5.8471761e+00,1.2997637e+00,-2.3627281e-04,1.3289070e-01,1
0,1029,10.2900,1.2000000e+01,-4.0917811e+00,5.8469791e+00,1.3004763e+00,4.7636032e-04,1.3289070e-01,1
0,1030,10.3000,1.1993977e+01,-4.1001835e+00,5.8412299e+00,1.3004279e+00,4.2796135e-04,1.3289070e-01,0
0,1031,10.3100,1.2000000e+01,-4.0949488e+00,5.8448119e+00,1.2990444e+00,-9.5558167e-04,1.3289070e-01,1
0,1032,10.3200,1.1999409e+01,-4.0994568e+00,5.8417273e+00,1.3001379e+00,1.3792515e-04,1.3289070e-01,0
0,1033,10.3300,1.2000000e+01,-4.0993452e+00,5.8418036e+00,1.2996434e+00,-3.5655499e-04,1.3289070e-01,1
0,1034,10.3400,1.2000000e+01,-4.0913515e+00,5.8472729e+00,1.2997043e+00,-2.9563904e-04,1.3289070e-01,1
0,1035,10.3500,1.2000000e+01,-4.0917072e+00,5.8470297e+00,1.3004838e+00,4.8387051e-04,1.3289070e-01,1
0,1036,10.3600,1.1993674e+01,-4.1003242e+00,5.8411336e+00,1.3004495e+00,4.4953823e-04,1.3289070e-01,0
0,1037,10.3700,1.2000000e+01,-4.0947309e+00,5.8449607e+00,1.2989931e+00,-1.0068417e-03,1.3289070e-01,1
0,1038,10.3800,1.1999010e+01,-4.0995240e+00,5.8416810e+00,1.3001542e+00,1.5425682e-04,1.3289070e-01,0
0,1039,10.3900,1.2000000e+01,-4.0988088e+00,5.8421702e+00,1.2995889e+00,-4.1103363e-04,1.3289070e-01,1
0,1040,10.4000,1.2000000e+01,-4.0913129e+00,5.8472996e+00,1.2997429e+00,-2.5701523e-04,1.3292725e-01,1
0,1041,10.4100,1.2000000e+01,-4.0916829e+00,5.8470464e+00,1.3004861e+00,4.8613548e-04,1.3292725e-01,1
0,1042,10.4200,1.1993698e+01,-4.1002836e+00,5.8411613e+00,1.3004487e+00,4.4870377e-04,1.3292725e-01,0
0,1043,10.4300,1.2000000e+01,-4.0948238e+00,5.8448973e+00,1.2990139e+00,-9.8609924e-04,1.3292725e-01,1
0,1044,10.4400,1.1999511e+01,-4.0992627e+00,5.8418603e+00,1.3001349e+00,1.3494492e-04,1.3292725e-01,0
0,1045,10.4500,1.2000000e+01,-4.0994477e+00,5.8417335e+00,1.2996702e+00,-3.2973289e-04,1.3292725e-01,1
0,1046,10.4600,1.2000000e+01,-4.0912099e+00,5.8473701e+00,1.2996858e+00,-3.1411648e-04,1.3292725e-01,1
0,1047,10.4700,1.2000000e+01,-4.0916452e+00,5.8470726e+00,1.3004935e+00,4.9352646e-04,1.3292725e-01,1
0,1048,10.4800,1.1993682e+01,-4.1002584e+00,5.8411794e+00,1.3004506e+00,4.5061111e-04,1.3292725e-01,0
0,1049,10.4900,1.2000000e+01,-4.0948038e+00,5.8449116e+00,1.2990156e+00,-9.8431110e-04,1.3292725e-01,1
0,1050,10.5000,1.1999239e+01,-4.0994344e+00,5.8417435e+00,1.3001459e+00,1.4591217e-04,1.3292725e-01,0
0,1051,10.5100,1.2000000e+01,-4.0990405e+00,5.8420129e+00,1.2996202e+00,-3.7980080e-04,1.3292725e-01,1
0,1052,10.5200,1.2000000e+01,-4.0913939e+00,5.8472452e+00,1.2997329e+00,-2.6702881e-04,1.3292725e-01,1
0,1053,10.5300,1.2000000e+01,-4.0915928e+00,5.8471093e+00,1.3004704e+00,4.7039986e-04,1.3292725e-01,1
0,1054,10.5400,1.1993714e+01,-4.1001840e+00,5.8412309e+00,1.3004491e+00,4.4918060e-04,1.3292725e-01,0
0,1055,10.5500,1.2000000e+01,-4.0947642e+00,5.8449392e+00,1.2990217e+00,-9.7823143e-04,1.3292725e-01,1
0,1056,10.5600,1.1998973e+01,-4.0995831e+00,5.8416419e+00,1.3001571e+00,1.5711784e-04,1.3292725e-01,0
0,1057,10.5700,1.2000000e+01,-4.0987015e+00,5.8422451e+00,1.2995753e+00,-4.2462349e-04,1.3292725e-01,1
0,1058,10.5800,1.2000000e+01,-4.0913000e+00,5.8473096e+00,1.2997515e+00,-2.4843216e-04,1.3292725e-01,1
0,1059,10.5900,1.2000000e+01,-4.0917234e+00,5.8470201e+00,1.3004940e+00,4.9400330e-04,1.3292725e-01,1
0,1060,10.6000,1.1993785e+01,-4.1002617e+00,5.8411779e+00,1.3004448e+00,4.4488907e-04,1.3295858e-01,0
0,1061,10.6100,1.2000000e+01,-4.0947785e+00,5.8449297e+00,1.2990139e+00,-9.8609924e-04,1.3295858e-01,1
0,1062,10.6200,1.1999273e+01,-4.0993853e+00,5.8417778e+00,1.3001454e+00,1.4543533e-04,1.3295858e-01,0
0,1063,10.6300,1.2000000e+01,-4.0990887e+00,5.8419809e+00,1.2996303e+00,-3.6966801e-04,1.3295858e-01,1
0,1064,10.6400,1.2000000e+01,-4.0912466e+00,5.8473468e+00,1.2997191e+00,-2.8085709e-04,1.3295858e-01,1
0,1065,10.6500,1.2000000e+01,-4.0915937e+00,5.8471093e+00,1.3004868e+00,4.8685074e-04,1.3295858e-01,1
0,1066,10.6600,1.1993647e+01,-4.1002321e+00,5.8411984e+00,1.3004553e+00,4.5537949e-04,1.3295858e-01,0
0,1067,10.6700,1.2000000e+01,-4.0946565e+00,5.8450131e+00,1.2990012e+00,-9.9873543e-04,1.3295858e-01,1
0,1068,10.6800,1.1999137e+01,-4.0993619e+00,5.8417935e+00,1.3001513e+00,1.5139580e-04,1.3295858e-01,0
0,1069,10.6900,1.2000000e+01,-4.0990658e+00,5.8419962e+00,1.2996309e+00,-3.6907196e-04,1.3295858e-01,1
0,1070,10.7000,1.2000000e+01,-4.0912900e+00,5.8473167e+00,1.2997248e+00,-2.7513504e-04,1.3295858e-01,1
0,1071,10.7100,1.2000000e+01,-4.0916123e+00,5.8470960e+00,1.3004851e+00,4.8518181e-04,1.3295858e-01,1
0,1072,10.7200,1.1993655e+01,-4.1002440e+00,5.8411894e+00,1.3004555e+00,4.5549870e-04,1.3295858e-01,0
0,1073,10.7300,1.2000000e+01,-4.0946674e+00,5.8450055e+00,1.2990022e+00,-9.9778175e-04,1.3295858e-01,1
0,1074,10.7400,1.1998925e+01,-4.0995216e+00,5.8416843e+00,1.3001604e+00,1.6045570e-04,1.3295858e-01,0
0,1075,10.7500,1.2000000e+01,-4.0987053e+00,5.8422427e+00,1.2995837e+00,-4.1627884e-04,1.3295858e-01,1
0,1076,10.7600,1.2000000e+01,-4.0915055e+00,5.8471689e+00,1.2997677e+00,-2.3221970e-04,1.3295858e-01,1
0,1077,10.7700,1.2000000e+01,-4.0917945e+00,5.8469715e+00,1.3004827e+00,4.8279762e-04,1.3295858e-01,1
0,1078,10.7800,1.1993935e+01,-4.1002259e+00,5.8412023e+00,1.3004367e+00,4.3678284e-04,1.3295858e-01,0
0,1079,10.7900,1.2000000e+01,-4.0949035e+00,5.8448439e+00,1.2990407e+00,-9.5927715e-04,1.3295858e-01,1
0,1080,10.8000,1.1999650e+01,-4.0992427e+00,5.8418751e+00,1.3001320e+00,1.3208389e-04,1.3287051e-01,0
0,1081,10.8100,1.2000000e+01,-4.0995011e+00,5.8416982e+00,1.2996802e+00,-3.1971931e-04,1.3287051e-01,1
0,1082,10.8200,1.2000000e+01,-4.0911250e+00,5.8474293e+00,1.2996782e+00,-3.2174587e-04,1.3287051e-01,1
0,1083,10.8300,1.2000000e+01,-4.0915556e+00,5.8471351e+00,1.3004975e+00,4.9757957e-04,1.3287051e-01,1
0,1084,10.8400,1.1993409e+01,-4.1003628e+00,5.8411083e+00,1.3004744e+00,4.7445297e-04,1.3287051e-01,0
0,1085,10.8500,1.2000000e+01,-4.0945058e+00,5.8451161e+00,1.2989626e+00,-1.0373592e-03,1.3287051e-01,1
0,1086,10.8600,1.1998481e+01,-4.0996771e+00,5.8415775e+00,1.3001804e+00,1.8048286e-04,1.3287051e-01,0
0,1087,10.8700,1.2000000e+01,-4.0982623e+00,5.8425455e+00,1.2995262e+00,-4.7373772e-04,1.3287051e-01,1
0,1088,10.8800,1.2000000e+01,-4.0916595e+00,5.8470631e+00,1.2998087e+00,-1.9121170e-04,1.3287051e-01,1
0,1089,10.8900,1.2000000e+01,-4.0916281e+00,5.8470845e+00,1.3004522e+00,4.5228004e-04,1.3287051e-01,1
0,1090,10.9000,1.1993530e+01,-4.1003485e+00,5.8411179e+00,1.3004665e+00,4.6658516e-04,1.3287051e-01,0
0,1091,10.9100,1.2000000e+01,-4.0947180e+00,5.8449702e+00,1.2989976e+00,-1.0023117e-03,1.3287051e-01,1
0,1092,10.9200,1.1998923e+01,-4.0995731e+00,5.8416481e+00,1.3001618e+00,1.6188622e-04,1.3287051e-01,0
0,1093,10.9300,1.2000000e+01,-4.0987363e+00,5.8422208e+00,1.2995839e+00,-4.1604042e-04,1.3287051e-01,1
0,1094,10.9400,1.2000000e+01,-4.0914001e+00,5.8472404e+00,1.2997596e+00,-2.4032593e-04,1.3287051e-01,1
0,1095,10.9500,1.2000000e+01,-4.0916209e+00,5.8470893e+00,1.3004780e+00,4.7802925e-04,1.3287051e-01,1
0,1096,10.9600,1.1993684e+01,-4.1002331e+00,5.8411961e+00,1.3004565e+00,4.5657158e-04,1.3287051e-01,0
0,1097,10.9700,1.2000000e+01,-4.0947833e+00,5.8449244e+00,1.2990252e+00,-9.7477436e-04,1.3287051e-01,1
0,1098,10.9800,1.1999230e+01,-4.0994205e+00,5.8417516e+00,1.3001497e+00,1.4972687e-04,1.3287051e-01,0
0,1099,10.9900,1.2000000e+01,-4.0988941e+00,5.8421121e+00,1.2996136e+00,-3.8635731e-04,1.3287051e-01,1
0,1100,11.0000,1.2000000e+01,-4.0911164e+00,5.8474336e+00,1.2997274e+00,-2.7251244e-04,1.3291395e-01,1
0,1101,11.0100,1.2000000e+01,-4.0915856e+00,5.8471127e+00,1.3005040e+00,5.0401688e-04,1.3291395e-01,1
0,1102,11.0200,1.1993628e+01,-4.1002378e+00,5.8411922e+00,1.3004612e+00,4.6122074e-04,1.3291395e-01,0
0,1103,11.0300,1.2000000e+01,-4.0946651e+00,5.8450055e+00,1.2990083e+00,-9.9170208e-04,1.3291395e-01,1
0,1104,11.0400,1.1998934e+01,-4.0995140e+00,5.8416877e+00,1.3001623e+00,1.6236305e-04,1.3291395e-01,0
0,1105,11.0500,1.2000000e+01,-4.0986857e+00,5.8422546e+00,1.2995861e+00,-4.1389465e-04,1.3291395e-01,1
0,1106,11.0600,1.2000000e+01,-4.0914221e+00,5.8472247e+00,1.2997658e+00,-2.3412704e-04,1.3291395e-01,1
0,1107,11.0700,1.2000000e+01,-4.0914383e+00,5.8472137e+00,1.3004589e+00,4.5895576e-04,1.3291395e-01,1
0,1108,11.0800,1.1993397e+01,-4.1002560e+00,5.8411803e+00,1.3004785e+00,4.7850609e-04,1.3291395e-01,0
0,1109,11.0900,1.2000000e+01,-4.0944991e+00,5.8451195e+00,1.2989819e+00,-1.0180473e-03,1.3291395e-01,1
0,1110,11.1000,1.1998724e+01,-4.0994987e+00,5.8416986e+00,1.3001717e+00,1.7178059e-04,1.3291395e-01,0
0,1111,11.1100,1.2000000e+01,-4.0984874e+00,5.8423905e+00,1.2995691e+00,-4.3082237e-04,1.3291395e-01,1
0,1112,11.1200,1.2000000e+01,-4.0915060e+00,5.8471675e+00,1.2997859e+00,-2.1409988e-04,1.3291395e-01,1
0,1113,11.1300,1.2000000e+01,-4.0917311e+00,5.8470135e+00,1.3004808e+00,4.8089027e-04,1.3291395e-01,1
0,1114,11.1400,1.1993818e+01,-4.1002460e+00,5.8411870e+00,1.3004493e+00,4.4929981e-04,1.3291395e-01,0
0,1115,11.1500,1.2000000e+01,-4.0948133e+00,5.8449039e+00,1.2990311e+00,-9.6881390e-04,1.3291395e-01,1
0,1116,11.1600,1.1999516e+01,-4.0992489e+00,5.8418689e+00,1.3001397e+00,1.3971329e-04,1.3291395e-01,0
0,1117,11.1700,1.2000000e+01,-4.0991940e+00,5.8419065e+00,1.2996575e+00,-3.4248829e-04,1.3291395e-01,1
0,1118,11.1800,1.2000000e+01,-4.0913692e+00,5.8472605e+00,1.2997258e+00,-2.7418137e-04,1.3291395e-01,1
0,1119,11.1900,1.2000000e+01,-4.0916519e+00,5.8470674e+00,1.3004873e+00,4.8732758e-04,1.3291395e-01,1
0,1120,11.2000,1.1993799e+01,-4.1001811e+00,5.8412313e+00,1.3004513e+00,4.5132637e-04,1.3297634e-01,0
0,1121,11.2100,1.2000000e+01,-4.0946646e+00,5.8450060e+00,1.2990198e+00,-9.8013878e-04,1.3297634e-01,1
0,1122,11.2200,1.1998885e+01,-4.0995469e+00,5.8416653e+00,1.3001657e+00,1.6570091e-04,1.3297634e-01,0
0,1123,11.2300,1.2000000e+01,-4.0987568e+00,5.8422055e+00,1.2995918e+00,-4.0817261e-04,1.3297634e-01,1
0,1124,11.2400,1.2000000e+01,-4.0913935e+00,5.8472438e+00,1.2997603e+00,-2.3961067e-04,1.3297634e-01,1
0,1125,11.2500,1.2000000e+01,-4.0916100e+00,5.8470955e+00,1.3004813e+00,4.8136711e-04,1.3297634e-01,1
0,1126,11.2600,1.1993718e+01,-4.1001973e+00,5.8412194e+00,1.3004577e+00,4.5776367e-04,1.3297634e-01,0
0,1127,11.2700,1.2000000e+01,-4.0946722e+00,5.8449998e+00,1.2990196e+00,-9.8037720e-04,1.3297634e-01,1
0,1128,11.2800,1.1999180e+01,-4.0993466e+00,5.8418016e+00,1.3001539e+00,1.5389919e-04,1.3297634e-01,0
0,1129,11.2900,1.2000000e+01,-4.0989399e+00,5.8420801e+00,1.2996277e+00,-3.7229061e-04,1.3297634e-01,1
0,1130,11.3000,1.2000000e+01,-4.0912156e+00,5.8473654e+00,1.2997344e+00,-2.6559830e-04,1.3297634e-01,1
0,1131,11.3100,1.2000000e+01,-4.0915298e+00,5.8471508e+00,1.3004918e+00,4.9185753e-04,1.3297634e-01,1
0,1132,11.3200,1.1993658e+01,-4.1001616e+00,5.8412447e+00,1.3004627e+00,4.6277046e-04,1.3297634e-01,0
0,1133,11.3300,1.2000000e+01,-4.0945935e+00,5.8450546e+00,1.2990142e+00,-9.8574162e-04,1.3297634e-01,1
0,1134,11.3400,1.1999286e+01,-4.0991955e+00,5.8419061e+00,1.3001500e+00,1.5008450e-04,1.3297634e-01,0
0,1135,11.3500,1.2000000e+01,-4.0990829e+00,5.8419833e+00,1.2996541e+00,-3.4582615e-04,1.3297634e-01,1
0,1136,11.3600,1.2000000e+01,-4.0910664e+00,5.8474689e+00,1.2997124e+00,-2.8753281e-04,1.3297634e-01,1
0,1137,11.3700,1.2000000e+01,-4.0915742e+00,5.8471217e+00,1.3005126e+00,5.1259995e-04,1.3297634e-01,1
0,1138,11.3800,1.1993583e+01,-4.1002579e+00,5.8411798e+00,1.3004687e+00,4.6873093e-04,1.3297634e-01,0
0,1139,11.3900,1.2000000e+01,-4.0946503e+00,5.8450170e+00,1.2990094e+00,-9.9050999e-04,1.3297634e-01,1
0,1140,11.4000,1.1998893e+01,-4.0995278e+00,5.8416796e+00,1.3001666e+00,1.6665459e-04,1.3295634e-01,0
0,1141,11.4100,1.2000000e+01,-4.0986185e+00,5.8423018e+00,1.2995825e+00,-4.1747093e-04,1.3295634e-01,1
0,1142,11.4200,1.2000000e+01,-4.0914717e+00,5.8471918e+00,1.2997770e+00,-2.2292137e-04,1.3295634e-01,1
0,1143,11.4300,1.2000000e+01,-4.0915322e+00,5.8471503e+00,1.3004677e+00,4.6777725e-04,1.3295634e-01,1
0,1144,11.4400,1.1993639e+01,-4.1001773e+00,5.8412347e+00,1.3004655e+00,4.6551228e-04,1.3295634e-01,0
0,1145,11.4500,1.2000000e+01,-4.0946403e+00,5.8450232e+00,1.2990208e+00,-9.7918510e-04,1.3295634e-01,1
0,1146,11.4600,1.1999341e+01,-4.0992026e+00,5.8419018e+00,1.3001486e+00,1.4865398e-04,1.3295634e-01,0
0,1147,11.4700,1.2000000e+01,-4.0991006e+00,5.8419719e+00,1.2996563e+00,-3.4368038e-04,1.3295634e-01,1
0,1148,11.4800,1.2000000e+01,-4.0911007e+00,5.8474460e+00,1.2997148e+00,-2.8514862e-04,1.3295634e-01,1
0,1149,11.4900,1.2000000e+01,-4.0916123e+00,5.8470960e+00,1.3005145e+00,5.1450729e-04,1.3295634e-01,1
0,1150,11.5000,1.1993790e+01,-4.1001492e+00,5.8412542e+00,1.3004555e+00,4.5549870e-04,1.3295634e-01,0
0,1151,11.5100,1.2000000e+01,-4.0946908e+00,5.8449888e+00,1.2990333e+00,-9.6666813e-04,1.3295634e-01,1
0,1152,11.5200,1.1999376e+01,-4.0992270e+00,5.8418851e+00,1.3001475e+00,1.4758110e-04,1.3295634e-01,0
0,1153,11.5300,1.2000000e+01,-4.0990858e+00,5.8419814e+00,1.2996535e+00,-3.4642220e-04,1.3295634e-01,1
0,1154,11.5400,1.2000000e+01,-4.0911527e+00,5.8474097e+00,1.2997205e+00,-2.7942657e-04,1.3295634e-01,1
0,1155,11.5500,1.2000000e+01,-4.0915217e+00,5.8471575e+00,1.3005003e+00,5.0032139e-04,1.3295634e-01,1
0,1156,11.5600,1.1993663e+01,-4.1001501e+00,5.8412538e+00,1.3004651e+00,4.6515465e-04,1.3295634e-01,0
0,1157,11.5700,1.2000000e+01,-4.0946312e+00,5.8450298e+00,1.2990253e+00,-9.7465515e-04,1.3295634e-01,1
0,1158,11.5800,1.1999215e+01,-4.0992823e+00,5.8418474e+00,1.3001544e+00,1.5449524e-04,1.3295634e-01,0
0,1159,11.5900,1.2000000e+01,-4.0987716e+00,5.8421969e+00,1.2996213e+00,-3.7860870e-04,1.3295634e-01,1
0,1160,11.6000,1.2000000e+01,-4.0911679e+00,5.8473997e+00,1.2997458e+00,-2.5415421e-04,1.3292964e-01,1
0,1161,11.6100,1.2000000e+01,-4.0914011e+00,5.8472404e+00,1.3004869e+00,4.8696995e-04,1.3292964e-01,1
0,1162,11.6200,1.1993610e+01,-4.1000690e+00,5.8413091e+00,1.3004696e+00,4.6968460e-04,1.3292964e-01,0
0,1163,11.6300,1.2000000e+01,-4.0945592e+00,5.8450789e+00,1.2990273e+00,-9.7262859e-04,1.3292964e-01,1
0,1164,11.6400,1.1998710e+01,-4.0995674e+00,5.8416519e+00,1.3001761e+00,1.7619133e-04,1.3292964e-01,0
0,1165,11.6500,1.2000000e+01,-4.0983410e+00,5.8424911e+00,1.2995543e+00,-4.4560432e-04,1.3292964e-01,1
0,1166,11.6600,1.2000000e+01,-4.0915709e+00,5.8471236e+00,1.2998040e+00,-1.9598007e-04,1.3292964e-01,1
0,1167,11.6700,1.2000000e+01,-4.0915604e+00,5.8471308e+00,1.3004634e+00,4.6348572e-04,1.3292964e-01,1
0,1168,11.6800,1.1993540e+01,-4.1002750e+00,5.8411679e+00,1.3004752e+00,4.7528744e-04,1.3292964e-01,0
0,1169,11.6900,1.2000000e+01,-4.0946155e+00,5.8450403e+00,1.2990068e+00,-9.9313259e-04,1.3292964e-01,1
0,1170,11.7000,1.1999165e+01,-4.0993023e+00,5.8418336e+00,1.3001573e+00,1.5735626e-04,1.3292964e-01,0
0,1171,11.7100,1.2000000e+01,-4.0987177e+00,5.8422337e+00,1.2996159e+00,-3.8409233e-04,1.3292964e-01,1
0,1172,11.7200,1.2000000e+01,-4.0913997e+00,5.8472409e+00,1.2997675e+00,-2.3245811e-04,1.3292964e-01,1
0,1173,11.7300,1.2000000e+01,-4.0915051e+00,5.8471689e+00,1.3004756e+00,4.7564507e-04,1.3292964e-01,1
0,1174,11.7400,1.1993445e+01,-4.1002874e+00,5.8411598e+00,1.3004827e+00,4.8279762e-04,1.3292964e-01,0
0,1175,11.7500,1.2000000e+01,-4.0945349e+00,5.8450956e+00,1.2989941e+00,-1.0058880e-03,1.3292964e-01,1
0,1176,11.7600,1.1998758e+01,-4.0995102e+00,5.8416915e+00,1.3001750e+00,1.7499924e-04,1.3292964e-01,0
0,1177,11.7700,1.2000000e+01,-4.0984664e+00,5.8424058e+00,1.2995734e+00,-4.2653084e-04,1.3292964e-01,1
0,1178,11.7800,1.2000000e+01,-4.0914507e+00,5.8472061e+00,1.2997887e+00,-2.1123886e-04,1.3292964e-01,1
0,1179,11.7900,1.2000000e+01,-4.0915036e+00,5.8471704e+00,1.3004711e+00,4.7111511e-04,1.3292964e-01,1
0,1180,11.8000,1.1993707e+01,-4.1001019e+00,5.8412867e+00,1.3004649e+00,4.6491623e-04,1.3291030e-01,0
0,1181,11.8100,1.2000000e+01,-4.0946050e+00,5.8450475e+00,1.2990324e+00,-9.6750259e-04,1.3291030e-01,1
0,1182,11.8200,1.1998934e+01,-4.0994549e+00,5.8417287e+00,1.3001678e+00,1.6784668e-04,1.3291030e-01,0
0,1183,11.8300,1.2000000e+01,-4.0984559e+00,5.8424125e+00,1.2995784e+00,-4.2152405e-04,1.3291030e-01,1
0,1184,11.8400,1.2000000e+01,-4.0915909e+00,5.8471098e+00,1.2997992e+00,-2.0074844e-04,1.3291030e-01,1
0,1185,11.8500,1.2000000e+01,-4.0915856e+00,5.8471136e+00,1.3004661e+00,4.6610832e-04,1.3291030e-01,1
0,1186,11.8600,1.1993749e+01,-4.1001525e+00,5.8412519e+00,1.3004625e+00,4.6253204e-04,1.3291030e-01,0
0,1187,11.8700,1.2000000e+01,-4.0945926e+00,5.8450561e+00,1.2990245e+00,-9.7548962e-04,1.3291030e-01,1
0,1188,11.8800,1.1999413e+01,-4.0991058e+00,5.8419681e+00,1.3001485e+00,1.4853477e-04,1.3291030e-01,0
0,1189,11.8900,1.2000000e+01,-4.0990248e+00,5.8420238e+00,1.2996621e+00,-3.3783913e-04,1.3291030e-01,1
0,1190,11.9000,1.2000000e+01,-4.0912123e+00,5.8473692e+00,1.2997329e+00,-2.6702881e-04,1.3291030e-01,1
0,1191,11.9100,1.2000000e+01,-4.0915365e+00,5.8471475e+00,1.3004999e+00,4.9996376e-04,1.3291030e-01,1
0,1192,11.9200,1.1993801e+01,-4.1000676e+00,5.8413100e+00,1.3004595e+00,4.5955181e-04,1.3291030e-01,0
0,1193,11.9300,1.2000000e+01,-4.0945983e+00,5.8450522e+00,1.2990384e+00,-9.6154213e-04,1.3291030e-01,1
0,1194,11.9400,1.1999291e+01,-4.0991969e+00,5.8419061e+00,1.3001537e+00,1.5377998e-04,1.3291030e-01,0
0,1195,11.9500,1.2000000e+01,-4.0988917e+00,5.8421149e+00,1.2996433e+00,-3.5667419e-04,1.3291030e-01,1
0,1196,11.9600,1.2000000e+01,-4.0911951e+00,5.8473816e+00,1.2997420e+00,-2.5796890e-04,1.3291030e-01,1
0,1197,11.9700,1.2000000e+01,-4.0916204e+00,5.8470907e+00,1.3005111e+00,5.1116943e-04,1.3291030e-01,1
0,1198,11.9800,1.1993770e+01,-4.1001716e+00,5.8412395e+00,1.3004622e+00,4.6229362e-04,1.3291030e-01,0
0,1199,11.9900,1.2000000e+01,-4.0946569e+00,5.8450127e+00,1.2990329e+00,-9.6702576e-04,1.3291030e-01,1
0,1200,12.0000,1.1999171e+01,-4.0993381e+00,5.8418097e+00,1.3001590e+00,1.5902519e-04,1.3299108e-01,0
0,1201,12.0100,1.2000000e+01,-4.0988193e+00,5.8421645e+00,1.2996249e+00,-3.7503242e-04,1.3299108e-01,1
0,1202,12.0200,1.2000000e+01,-4.0910025e+00,5.8475132e+00,1.2997334e+00,-2.6655197e-04,1.3299108e-01,1
0,1203,12.0300,1.2000000e+01,-4.0914660e+00,5.8471961e+00,1.3005157e+00,5.1569939e-04,1.3299108e-01,1
0,1204,12.0400,1.1993738e+01,-4.1000419e+00,5.8413277e+00,1.3004652e+00,4.6527386e-04,1.3299108e-01,0
0,1205,12.0500,1.2000000e+01,-4.0945520e+00,5.8450837e+00,1.2990372e+00,-9.6273422e-04,1.3299108e-01,1
0,1206,12.0600,1.1998987e+01,-4.0993648e+00,5.8417907e+00,1.3001671e+00,1.6713142e-04,1.3299108e-01,0
0,1207,12.0700,1.2000000e+01,-4.0985675e+00,5.8423362e+00,1.2995999e+00,-4.0006638e-04,1.3299108e-01,1
0,1208,12.0800,1.2000000e+01,-4.0912690e+00,5.8473301e+00,1.2997715e+00,-2.2840500e-04,1.3299108e-01,1
0,1209,12.0900,1.2000000e+01,-4.0915003e+00,5.8471723e+00,1.3004924e+00,4.9245358e-04,1.3299108e-01,1
0,1210,12.1000,1.1993594e+01,-4.1001773e+00,5.8412352e+00,1.3004761e+00,4.7612190e-04,1.3299108e-01,0
0,1211,12.1100,1.2000000e+01,-4.0945477e+00,5.8450871e+00,1.2990179e+00,-9.8204613e-04,1.3299108e-01,1
0,1212,12.1200,1.1998852e+01,-4.0994558e+00,5.8417287e+00,1.3001733e+00,1.7333031e-04,1.3299108e-01,0
0,1213,12.1300,1.2000000e+01,-4.0984545e+00,5.8424139e+00,1.2995813e+00,-4.1866302e-04,1.3299108e-01,1
0,1214,12.1400,1.2000000e+01,-4.0914240e+00,5.8472242e+00,1.2997904e+00,-2.0956993e-04,1.3299108e-01,1
0,1215,12.1500,1.2000000e+01,-4.0913501e+00,5.8472748e+00,1.3004622e+00,4.6229362e-04,1.3299108e-01,1
0,1216,12.1600,1.1993536e+01,-4.1000714e+00,5.8413072e+00,1.3004811e+00,4.8112869e-04,1.3299108e-01,0
0,1217,12.1700,1.2000000e+01,-4.0944958e+00,5.8451219e+00,1.2990265e+00,-9.7346306e-04,1.3299108e-01,1
0,1218,12.1800,1.1998687e+01,-4.0995212e+00,5.8416834e+00,1.3001809e+00,1.8095970e-04,1.3299108e-01,0
0,1219,12.1900,1.2000000e+01,-4.0983062e+00,5.8425150e+00,1.2995613e+00,-4.3869019e-04,1.3299108e-01,1
0,1220,12.2000,1.2000000e+01,-4.0916042e+00,5.8471003e+00,1.2998122e+00,-1.8775463e-04,1.3287270e-01,1
0,1221,12.2100,1.2000000e+01,-4.0914550e+00,5.8472028e+00,1.3004556e+00,4.5561790e-04,1.3287270e-01,1
0,1222,12.2200,1.1993649e+01,-4.1000962e+00,5.8412900e+00,1.3004737e+00,4.7373772e-04,1.3287270e-01,0
0,1223,12.2300,1.2000000e+01,-4.0945230e+00,5.8451033e+00,1.2990279e+00,-9.7203255e-04,1.3287270e-01,1
0,1224,12.2400,1.1998844e+01,-4.0994382e+00,5.8417401e+00,1.3001745e+00,1.7452240e-04,1.3287270e-01,0
0,1225,12.2500,1.2000000e+01,-4.0984473e+00,5.8424182e+00,1.2995834e+00,-4.1651726e-04,1.3287270e-01,1
0,1226,12.2600,1.2000000e+01,-4.0914469e+00,5.8472080e+00,1.2997932e+00,-2.0670891e-04,1.3287270e-01,1
0,1227,12.2700,1.2000000e+01,-4.0914550e+00,5.8472028e+00,1.3004718e+00,4.7183037e-04,1.3287270e-01,1
0,1228,12.2800,1.1993657e+01,-4.1000896e+00,5.8412948e+00,1.3004737e+00,4.7373772e-04,1.3287270e-01,0
0,1229,12.2900,1.2000000e+01,-4.0945115e+00,5.8451114e+00,1.2990282e+00,-9.7179413e-04,1.3287270e-01,1
0,1230,12.3000,1.1999054e+01,-4.0992789e+00,5.8418493e+00,1.3001659e+00,1.6593933e-04,1.3287270e-01,0
0,1231,12.3100,1.2000000e+01,-4.0986638e+00,5.8422699e+00,1.2996190e+00,-3.8099289e-04,1.3287270e-01,1
0,1232,12.3200,1.2000000e+01,-4.0913181e+00,5.8472958e+00,1.2997701e+00,-2.2983551e-04,1.3287270e-01,1
0,1233,12.3300,1.2000000e+01,-4.0914116e+00,5.8472319e+00,1.3004810e+00,4.8100948e-04,1.3287270e-01,1
0,1234,12.3400,1.1993649e+01,-4.1000533e+00,5.8413186e+00,1.3004750e+00,4.7504902e-04,1.3287270e-01,0
0,1235,12.3500,1.2000000e+01,-4.0945306e+00,5.8450975e+00,1.2990370e+00,-9.6297264e-04,1.3287270e-01,1
0,1236,12.3600,1.1999052e+01,-4.0992994e+00,5.8418345e+00,1.3001664e+00,1.6641617e-04,1.3287270e-01,0
0,1237,12.3700,1.2000000e+01,-4.0985322e+00,5.8423595e+00,1.2996056e+00,-3.9434433e-04,1.3287270e-01,1
0,1238,12.3800,1.2000000e+01,-4.0912018e+00,5.8473754e+00,1.2997715e+00,-2.2840500e-04,1.3287270e-01,1
0,1239,12.3900,1.2000000e+01,-4.0915384e+00,5.8471451e+00,1.3005066e+00,5.0663948e-04,1.3287270e-01,1
0,1240,12.4000,1.1993866e+01,-4.1000237e+00,5.8413386e+00,1.3004601e+00,4.6014786e-04,1.3293214e-01,0
0,1241,12.4100,1.2000000e+01,-4.0946884e+00,5.8449893e+00,1.2990650e+00,-9.3495846e-04,1.3293214e-01,1
0,1242,12.4200,1.1999650e+01,-4.0990319e+00,5.8420172e+00,1.3001423e+00,1.4233589e-04,1.3293214e-01,0
0,1243,12.4300,1.2000000e+01,-4.0995255e+00,5.8416796e+00,1.2997141e+00,-2.8586388e-04,1.3293214e-01,1
0,1244,12.4400,1.2000000e+01,-4.0908952e+00,5.8475847e+00,1.2996725e+00,-3.2746792e-04,1.3293214e-01,1
0,1245,12.4500,1.2000000e+01,-4.0914245e+00,5.8472228e+00,1.3005272e+00,5.2726269e-04,1.3293214e-01,1
0,1246,12.4600,1.1993909e+01,-4.0998816e+00,5.8414359e+00,1.3004577e+00,4.5776367e-04,1.3293214e-01,0
0,1247,12.4700,1.2000000e+01,-4.0946016e+00,5.8450489e+00,1.2990735e+00,-9.2649460e-04,1.3293214e-01,1
0,1248,12.4800,1.1999272e+01,-4.0992126e+00,5.8418937e+00,1.3001578e+00,1.5783310e-04,1.3293214e-01,0
0,1249,12.4900,1.2000000e+01,-4.0987749e+00,5.8421931e+00,1.2996366e+00,-3.6334991e-04,1.3293214e-01,1
0,1250,12.5000,1.2000000e+01,-4.0911140e+00,5.8474350e+00,1.2997488e+00,-2.5117397e-04,1.3293214e-01,1
0,1251,12.5100,1.2000000e+01,-4.0914412e+00,5.8472114e+00,1.3005067e+00,5.0675869e-04,1.3293214e-01,1
0,1252,12.5200,1.1993842e+01,-4.0999451e+00,5.8413925e+00,1.3004630e+00,4.6300888e-04,1.3293214e-01,0
0,1253,12.5300,1.2000000e+01,-4.0945401e+00,5.8450909e+00,1.2990565e+00,-9.4342232e-04,1.3293214e-01,1
0,1254,12.5400,1.1998750e+01,-4.0995207e+00,5.8416829e+00,1.3001804e+00,1.8048286e-04,1.3293214e-01,0
0,1255,12.5500,1.2000000e+01,-4.0983076e+00,5.8425131e+00,1.2995651e+00,-4.3487549e-04,1.3293214e-01,1
0,1256,12.5600,1.2000000e+01,-4.0915112e+00,5.8471637e+00,1.2998085e+00,-1.9145012e-04,1.3293214e-01,1
0,1257,12.5700,1.2000000e+01,-4.0914001e+00,5.8472400e+00,1.3004630e+00,4.6300888e-04,1.3293214e-01,1
0,1258,12.5800,1.1993604e+01,-4.1000729e+00,5.8413057e+00,1.3004806e+00,4.8065186e-04,1.3293214e-01,0
0,1259,12.5900,1.2000000e+01,-4.0943904e+00,5.8451939e+00,1.2990173e+00,-9.8264217e-04,1.3293214e-01,1
0,1260,12.6000,1.1998632e+01,-4.0994573e+00,5.8417268e+00,1.3001862e+00,1.8620491e-04,1.3290858e-01,0
0,1261,12.6100,1.2000000e+01,-4.0981541e+00,5.8426185e+00,1.2995567e+00,-4.4322014e-04,1.3290858e-01,1
0,1262,12.6200,1.2000000e+01,-4.0913014e+00,5.8473077e+00,1.2998052e+00,-1.9478798e-04,1.3290858e-01,1
0,1263,12.6300,1.2000000e+01,-4.0915098e+00,5.8471656e+00,1.3004959e+00,4.9591064e-04,1.3290858e-01,1
0,1264,12.6400,1.1993823e+01,-4.1000261e+00,5.8413382e+00,1.3004656e+00,4.6563148e-04,1.3290858e-01,0
0,1265,12.6500,1.2000000e+01,-4.0946145e+00,5.8450413e+00,1.2990575e+00,-9.4246864e-04,1.3290858e-01,1
0,1266,12.6600,1.1999152e+01,-4.0993104e+00,5.8418283e+00,1.3001639e+00,1.6391277e-04,1.3290858e-01,0
0,1267,12.6700,1.2000000e+01,-4.0986681e+00,5.8422680e+00,1.2996199e+00,-3.8003922e-04,1.3290858e-01,1
0,1268,12.6800,1.2000000e+01,-4.0912452e+00,5.8473468e+00,1.2997673e+00,-2.3269653e-04,1.3290858e-01,1
0,1269,12.6900,1.2000000e+01,-4.0914135e+00,5.8472319e+00,1.3004923e+00,4.9233437e-04,1.3290858e-01,1
0,1270,12.7000,1.1993585e+01,-4.1000996e+00,5.8412881e+00,1.3004832e+00,4.8327446e-04,1.3290858e-01,0
0,1271,12.7100,1.2000000e+01,-4.0943551e+00,5.8452187e+00,1.2990100e+00,-9.8991394e-04,1.3290858e-01,1
0,1272,12.7200,1.1998834e+01,-4.0992808e+00,5.8418484e+00,1.3001781e+00,1.7809868e-04,1.3290858e-01,0
0,1273,12.7300,1.2000000e+01,-4.0983868e+00,5.8424602e+00,1.2995970e+00,-4.0292740e-04,1.3290858e-01,1
0,1274,12.7400,1.2000000e+01,-4.0913701e+00,5.8472610e+00,1.2997954e+00,-2.0456314e-04,1.3290858e-01,1
0,1275,12.7500,1.2000000e+01,-4.0914612e+00,5.8471990e+00,1.3004851e+00,4.8518181e-04,1.3290858e-01,1
0,1276,12.7600,1.1993827e+01,-4.0999756e+00,5.8413730e+00,1.3004665e+00,4.6658516e-04,1.3290858e-01,0
0,1277,12.7700,1.2000000e+01,-4.0944610e+00,5.8451467e+00,1.2990444e+00,-9.5558167e-04,1.3290858e-01,1
0,1278,12.7800,1.1998673e+01,-4.0994973e+00,5.8417006e+00,1.3001854e+00,1.8548965e-04,1.3290858e-01,0
0,1279,12.7900,1.2000000e+01,-4.0982137e+00,5.8425789e+00,1.2995605e+00,-4.3940544e-04,1.3290858e-01,1
0,1280,12.8000,1.2000000e+01,-4.0914831e+00,5.8471842e+00,1.2998142e+00,-1.8572807e-04,1.3284469e-01,1
0,1281,12.8100,1.2000000e+01,-4.0914969e+00,5.8471751e+00,1.3004780e+00,4.7802925e-04,1.3284469e-01,1
0,1282,12.8200,1.1993745e+01,-4.1000690e+00,5.8413095e+00,1.3004730e+00,4.7302246e-04,1.3284469e-01,0
0,1283,12.8300,1.2000000e+01,-4.0945168e+00,5.8451085e+00,1.2990398e+00,-9.6011162e-04,1.3284469e-01,1
0,1284,12.8400,1.1998967e+01,-4.0993457e+00,5.8418045e+00,1.3001729e+00,1.7297268e-04,1.3284469e-01,0
0,1285,12.8500,1.2000000e+01,-4.0984416e+00,5.8424230e+00,1.2995974e+00,-4.0256977e-04,1.3284469e-01,1
0,1286,12.8600,1.2000000e+01,-4.0913415e+00,5.8472815e+00,1.2997906e+00,-2.0933151e-04,1.3284469e-01,1
0,1287,12.8700,1.2000000e+01,-4.0914431e+00,5.8472118e+00,1.3004874e+00,4.8744678e-04,1.3284469e-01,1
0,1288,12.8800,1.1993744e+01,-4.1000171e+00,5.8413453e+00,1.3004737e+00,4.7373772e-04,1.3284469e-01,0
0,1289,12.8900,1.2000000e+01,-4.0944066e+00,5.8451843e+00,1.2990322e+00,-9.6774101e-04,1.3284469e-01,1
0,1290,12.9000,1.1998716e+01,-4.0994148e+00,5.8417573e+00,1.3001844e+00,1.8441677e-04,1.3284469e-01,0
0,1291,12.9100,1.2000000e+01,-4.0981665e+00,5.8426113e+00,1.2995651e+00,-4.3487549e-04,1.3284469e-01,1
0,1292,12.9200,1.2000000e+01,-4.0912447e+00,5.8473473e+00,1.2998027e+00,-1.9729137e-04,1.3284469e-01,1
0,1293,12.9300,1.2000000e+01,-4.0914693e+00,5.8471937e+00,1.3005006e+00,5.0067902e-04,1.3284469e-01,1
0,1294,12.9400,1.1993796e+01,-4.1000061e+00,5.8413525e+00,1.3004706e+00,4.7063828e-04,1.3284469e-01,0
0,1295,12.9500,1.2000000e+01,-4.0944858e+00,5.8451295e+00,1.2990462e+00,-9.5379353e-04,1.3284469e-01,1
0,1296,12.9600,1.1998971e+01,-4.0993128e+00,5.8418269e+00,1.3001735e+00,1.7356873e-04,1.3284469e-01,0
0,1297,12.9700,1.2000000e+01,-4.0985584e+00,5.8423433e+00,1.2996123e+00,-3.8766861e-04,1.3284469e-01,1
0,1298,12.9800,1.2000000e+01,-4.0913920e+00,5.8472471e+00,1.2997870e+00,-2.1290779e-04,1.3284469e-01,1
0,1299,12.9900,1.2000000e+01,-4.0912614e+00,5.8473368e+00,1.3004651e+00,4.6515465e-04,1.3284469e-01,1
0,1300,13.0000,1.1993581e+01,-4.0999537e+00,5.8413892e+00,1.3004868e+00,4.8685074e-04,1.3294204e-01,0
0,1301,13.0100,1.2000000e+01,-4.0943937e+00,5.8451934e+00,1.2990410e+00,-9.5891953e-04,1.3294204e-01,1
0,1302,13.0200,1.1998492e+01,-4.0995593e+00,5.8416591e+00,1.3001952e+00,1.9526482e-04,1.3294204e-01,0
0,1303,13.0300,1.2000000e+01,-4.0980124e+00,5.8427176e+00,1.2995368e+00,-4.6312809e-04,1.3294204e-01,1
0,1304,13.0400,1.2000000e+01,-4.0914512e+00,5.8472075e+00,1.2998261e+00,-1.7380714e-04,1.3294204e-01,1
0,1305,13.0500,1.2000000e+01,-4.0913038e+00,5.8473086e+00,1.3004642e+00,4.6420097e-04,1.3294204e-01,1
0,1306,13.0600,1.1993559e+01,-4.1000099e+00,5.8413510e+00,1.3004889e+00,4.8899651e-04,1.3294204e-01,0
0,1307,13.0700,1.2000000e+01,-4.0942364e+00,5.8453012e+00,1.2990110e+00,-9.8896027e-04,1.3294204e-01,1
0,1308,13.0800,1.1998441e+01,-4.0994411e+00,5.8417401e+00,1.3001981e+00,1.9812584e-04,1.3294204e-01,0
0,1309,13.0900,1.2000000e+01,-4.0978909e+00,5.8428011e+00,1.2995369e+00,-4.6300888e-04,1.3294204e-01,1
0,1310,13.1000,1.2000000e+01,-4.0914779e+00,5.8471889e+00,1.2998354e+00,-1.6450882e-04,1.3294204e-01,1
0,1311,13.1100,1.2000000e+01,-4.0914559e+00,5.8472042e+00,1.3004775e+00,4.7755241e-04,1.3294204e-01,1
0,1312,13.1200,1.1993849e+01,-4.0999546e+00,5.8413887e+00,1.3004687e+00,4.6873093e-04,1.3294204e-01,0
0,1313,13.1300,1.2000000e+01,-4.0944867e+00,5.8451300e+00,1.2990564e+00,-9.4354153e-04,1.3294204e-01,1
0,1314,13.1400,1.1998919e+01,-4.0993490e+00,5.8418031e+00,1.3001769e+00,1.7690659e-04,1.3294204e-01,0
0,1315,13.1500,1.2000000e+01,-4.0983877e+00,5.8424611e+00,1.2995949e+00,-4.0507317e-04,1.3294204e-01,1
0,1316,13.1600,1.2000000e+01,-4.0914221e+00,5.8472271e+00,1.2998016e+00,-1.9836426e-04,1.3294204e-01,1
0,1317,13.1700,1.2000000e+01,-4.0912662e+00,5.8473339e+00,1.3004645e+00,4.6455860e-04,1.3294204e-01,1
0,1318,13.1800,1.1993564e+01,-4.0999699e+00,5.8413782e+00,1.3004899e+00,4.8995018e-04,1.3294204e-01,0
0,1319,13.1900,1.2000000e+01,-4.0942383e+00,5.8452997e+00,1.2990189e+00,-9.8109245e-04,1.3294204e-01,1
0,1320,13.2000,1.1998376e+01,-4.0994887e+00,5.8417072e+00,1.3002019e+00,2.0194054e-04,1.3292789e-01,0
0,1321,13.2100,1.2000000e+01,-4.0978789e+00,5.8428087e+00,1.2995322e+00,-4.6777725e-04,1.3292789e-01,1
0,1322,13.2200,1.2000000e+01,-4.0915146e+00,5.8471637e+00,1.2998390e+00,-1.6093254e-04,1.3292789e-01,1
0,1323,13.2300,1.2000000e+01,-4.0913310e+00,5.8472896e+00,1.3004625e+00,4.6253204e-04,1.3292789e-01,1
0,1324,13.2400,1.1993714e+01,-4.0999279e+00,5.8414073e+00,1.3004797e+00,4.7969818e-04,1.3292789e-01,0
0,1325,13.2500,1.2000000e+01,-4.0943489e+00,5.8452244e+00,1.2990420e+00,-9.5796585e-04,1.3292789e-01,1
0,1326,13.2600,1.1998702e+01,-4.0993676e+00,5.8417902e+00,1.3001873e+00,1.8739700e-04,1.3292789e-01,0
0,1327,13.2700,1.2000000e+01,-4.0981607e+00,5.8426161e+00,1.2995726e+00,-4.2736530e-04,1.3292789e-01,1
0,1328,13.2800,1.2000000e+01,-4.0912995e+00,5.8473105e+00,1.2998090e+00,-1.9097328e-04,1.3292789e-01,1
0,1329,13.2900,1.2000000e+01,-4.0914359e+00,5.8472171e+00,1.3004954e+00,4.9543381e-04,1.3292789e-01,1
0,1330,13.3000,1.1993777e+01,-4.0999856e+00,5.8413668e+00,1.3004756e+00,4.7564507e-04,1.3292789e-01,0
0,1331,13.3100,1.2000000e+01,-4.0945129e+00,5.8451114e+00,1.2990582e+00,-9.4175339e-04,1.3292789e-01,1
0,1332,13.3200,1.1999195e+01,-4.0991807e+00,5.8419175e+00,1.3001661e+00,1.6617775e-04,1.3292789e-01,0
0,1333,13.3300,1.2000000e+01,-4.0986767e+00,5.8422627e+00,1.2996382e+00,-3.6180019e-04,1.3292789e-01,1
0,1334,13.3400,1.2000000e+01,-4.0911169e+00,5.8474355e+00,1.2997622e+00,-2.3770332e-04,1.3292789e-01,1
0,1335,13.3500,1.2000000e+01,-4.0913329e+00,5.8472881e+00,1.3005040e+00,5.0401688e-04,1.3292789e-01,1
0,1336,13.3600,1.1993512e+01,-4.1000719e+00,5.8413086e+00,1.3004954e+00,4.9543381e-04,1.3292789e-01,0
0,1337,13.3700,1.2000000e+01,-4.0942664e+00,5.8452811e+00,1.2990106e+00,-9.8931789e-04,1.3292789e-01,1
0,1338,13.3800,1.1998496e+01,-4.0994320e+00,5.8417463e+00,1.3001975e+00,1.9752979e-04,1.3292789e-01,0
0,1339,13.3900,1.2000000e+01,-4.0979862e+00,5.8427358e+00,1.2995503e+00,-4.4965744e-04,1.3292789e-01,1
0,1340,13.4000,1.2000000e+01,-4.0913911e+00,5.8472486e+00,1.2998263e+00,-1.7368793e-04,1.3291888e-01,1
0,1341,13.4100,1.2000000e+01,-4.0913291e+00,5.8472910e+00,1.3004763e+00,4.7636032e-04,1.3291888e-01,1
0,1342,13.4200,1.1993731e+01,-4.0999146e+00,5.8414164e+00,1.3004802e+00,4.8029423e-04,1.3291888e-01,0
0,1343,13.4300,1.2000000e+01,-4.0944052e+00,5.8451862e+00,1.2990544e+00,-9.4556808e-04,1.3291888e-01,1
0,1344,13.4400,1.1998667e+01,-4.0994473e+00,5.8417363e+00,1.3001900e+00,1.9001961e-04,1.3291888e-01,0
0,1345,13.4500,1.2000000e+01,-4.0980811e+00,5.8426709e+00,1.2995589e+00,-4.4107437e-04,1.3291888e-01,1
0,1346,13.4600,1.2000000e+01,-4.0914288e+00,5.8472228e+00,1.2998232e+00,-1.7678738e-04,1.3291888e-01,1
0,1347,13.4700,1.2000000e+01,-4.0913720e+00,5.8472614e+00,1.3004775e+00,4.7755241e-04,1.3291888e-01,1
0,1348,13.4800,1.1993664e+01,-4.1000037e+00,5.8413553e+00,1.3004856e+00,4.8565865e-04,1.3291888e-01,0
0,1349,13.4900,1.2000000e+01,-4.0943866e+00,5.8451986e+00,1.2990398e+00,-9.6011162e-04,1.3291888e-01,1
0,1350,13.5000,1.1998930e+01,-4.0992436e+00,5.8418751e+00,1.3001786e+00,1.7869473e-04,1.3291888e-01,0
0,1351,13.5100,1.2000000e+01,-4.0982218e+00,5.8425741e+00,1.2995924e+00,-4.0757656e-04,1.3291888e-01,1
0,1352,13.5200,1.2000000e+01,-4.0914555e+00,5.8472037e+00,1.2998165e+00,-1.8346310e-04,1.3291888e-01,1
0,1353,13.5300,1.2000000e+01,-4.0913138e+00,5.8473005e+00,1.3004695e+00,4.6956539e-04,1.3291888e-01,1
0,1354,13.5400,1.1993608e+01,-4.0999856e+00,5.8413668e+00,1.3004903e+00,4.9030781e-04,1.3291888e-01,0
0,1355,13.5500,1.2000000e+01,-4.0942993e+00,5.8452573e+00,1.2990305e+00,-9.6940994e-04,1.3291888e-01,1
0,1356,13.5600,1.1998528e+01,-4.0994420e+00,5.8417387e+00,1.3001971e+00,1.9717216e-04,1.3291888e-01,0
0,1357,13.5700,1.2000000e+01,-4.0978904e+00,5.8428001e+00,1.2995416e+00,-4.5835972e-04,1.3291888e-01,1
0,1358,13.5800,1.2000000e+01,-4.0914092e+00,5.8472352e+00,1.2998341e+00,-1.6582012e-04,1.3291888e-01,1
0,1359,13.5900,1.2000000e+01,-4.0913448e+00,5.8472795e+00,1.3004779e+00,4.7791004e-04,1.3291888e-01,1
0,1360,13.6000,1.1993697e+01,-4.0999532e+00,5.8413892e+00,1.3004844e+00,4.8446655e-04,1.3293318e-01,0
0,1361,13.6100,1.2000000e+01,-4.0944295e+00,5.8451686e+00,1.2990549e+00,-9.4509125e-04,1.3293318e-01,1
0,1362,13.6200,1.1999003e+01,-4.0992341e+00,5.8418808e+00,1.3001761e+00,1.7619133e-04,1.3293318e-01,0
0,1363,13.6300,1.2000000e+01,-4.0984149e+00,5.8424416e+00,1.2996123e+00,-3.8766861e-04,1.3293318e-01,1
0,1364,13.6400,1.2000000e+01,-4.0910835e+00,5.8474579e+00,1.2997801e+00,-2.1982193e-04,1.3293318e-01,1
0,1365,13.6500,1.2000000e+01,-4.0911746e+00,5.8473959e+00,1.3004940e+00,4.9400330e-04,1.3293318e-01,1
0,1366,13.6600,1.1993605e+01,-4.0998516e+00,5.8414583e+00,1.3004918e+00,4.9185753e-04,1.3293318e-01,0
0,1367,13.6700,1.2000000e+01,-4.0943394e+00,5.8452296e+00,1.2990570e+00,-9.4294548e-04,1.3293318e-01,1
0,1368,13.6800,1.1998742e+01,-4.0993299e+00,5.8418150e+00,1.3001881e+00,1.8811226e-04,1.3293318e-01,0
0,1369,13.6900,1.2000000e+01,-4.0982451e+00,5.8425574e+00,1.2995880e+00,-4.1198730e-04,1.3293318e-01,1
0,1370,13.7000,1.2000000e+01,-4.0914087e+00,5.8472352e+00,1.2998132e+00,-1.8680096e-04,1.3293318e-01,1
0,1371,13.7100,1.2000000e+01,-4.0913110e+00,5.8473020e+00,1.3004756e+00,4.7564507e-04,1.3293318e-01,1
0,1372,13.7200,1.1993696e+01,-4.0999207e+00,5.8414106e+00,1.3004856e+00,4.8565865e-04,1.3293318e-01,0
0,1373,13.7300,1.2000000e+01,-4.0942755e+00,5.8452730e+00,1.2990389e+00,-9.6106529e-04,1.3293318e-01,1
0,1374,13.7400,1.1998474e+01,-4.0994558e+00,5.8417282e+00,1.3002007e+00,2.0074844e-04,1.3293318e-01,0
0,1375,13.7500,1.2000000e+01,-4.0979881e+00,5.8427324e+00,1.2995515e+00,-4.4846535e-04,1.3293318e-01,1
0,1376,13.7600,1.2000000e+01,-4.0915208e+00,5.8471580e+00,1.2998360e+00,-1.6391277e-04,1.3293318e-01,1
0,1377,13.7700,1.2000000e+01,-4.0913110e+00,5.8473020e+00,1.3004650e+00,4.6503544e-04,1.3293318e-01,1
0,1378,13.7800,1.1993705e+01,-4.0999150e+00,5.8414145e+00,1.3004856e+00,4.8565865e-04,1.3293318e-01,0
0,1379,13.7900,1.2000000e+01,-4.0943975e+00,5.8451896e+00,1.2990581e+00,-9.4187260e-04,1.3293318e-01,1
0,1380,13.8000,1.1998819e+01,-4.0993333e+00,5.8418121e+00,1.3001853e+00,1.8537045e-04,1.3285606e-01,0
0,1381,13.8100,1.2000000e+01,-4.0981612e+00,5.8426142e+00,1.2995808e+00,-4.1913986e-04,1.3285606e-01,1
0,1382,13.8200,1.2000000e+01,-4.0911927e+00,5.8473825e+00,1.2998053e+00,-1.9466877e-04,1.3285606e-01,1
0,1383,13.8300,1.2000000e+01,-4.0913396e+00,5.8472819e+00,1.3005016e+00,5.0163269e-04,1.3285606e-01,1
0,1384,13.8400,1.1993656e+01,-4.0999780e+00,5.8413711e+00,1.3004897e+00,4.8971176e-04,1.3285606e-01,0
0,1385,13.8500,1.2000000e+01,-4.0943613e+00,5.8452139e+00,1.2990446e+00,-9.5534325e-04,1.3285606e-01,1
0,1386,13.8600,1.1999027e+01,-4.0991511e+00,5.8419366e+00,1.3001765e+00,1.7654896e-04,1.3285606e-01,0
0,1387,13.8700,1.2000000e+01,-4.0983291e+00,5.8424988e+00,1.2996140e+00,-3.8599968e-04,1.3285606e-01,1
0,1388,13.8800,1.2000000e+01,-4.0911193e+00,5.8474321e+00,1.2997898e+00,-2.1016598e-04,1.3285606e-01,1
0,1389,13.8900,1.2000000e+01,-4.0912805e+00,5.8473220e+00,1.3005035e+00,5.0354004e-04,1.3285606e-01,1
0,1390,13.9000,1.1993504e+01,-4.1000271e+00,5.8413372e+00,1.3005013e+00,5.0139427e-04,1.3285606e-01,0
0,1391,13.9100,1.2000000e+01,-4.0941448e+00,5.8453622e+00,1.2990067e+00,-9.9325180e-04,1.3285606e-01,1
0,1392,13.9200,1.1998528e+01,-4.0992908e+00,5.8418412e+00,1.3001994e+00,1.9943714e-04,1.3285606e-01,0
0,1393,13.9300,1.2000000e+01,-4.0979428e+00,5.8427639e+00,1.2995646e+00,-4.3535233e-04,1.3285606e-01,1
0,1394,13.9400,1.2000000e+01,-4.0914960e+00,5.8471751e+00,1.2998382e+00,-1.6176701e-04,1.3285606e-01,1
0,1395,13.9500,1.2000000e+01,-4.0913615e+00,5.8472672e+00,1.3004742e+00,4.7421455e-04,1.3285606e-01,1
0,1396,13.9600,1.1993815e+01,-4.0998874e+00,5.8414335e+00,1.3004793e+00,4.7934055e-04,1.3285606e-01,0
0,1397,13.9700,1.2000000e+01,-4.0943685e+00,5.8452096e+00,1.2990602e+00,-9.3972683e-04,1.3285606e-01,1
0,1398,13.9800,1.1998639e+01,-4.0994315e+00,5.8417454e+00,1.3001945e+00,1.9454956e-04,1.3285606e-01,0
0,1399,13.9900,1.2000000e+01,-4.0981517e+00,5.8426213e+00,1.2995720e+00,-4.2796135e-04,1.3285606e-01,1
0,1400,14.0000,1.2000000e+01,-4.0913210e+00,5.8472953e+00,1.2998152e+00,-1.8477440e-04,1.3291185e-01,1
0,1401,14.0100,1.2000000e+01,-4.0913138e+00,5.8473001e+00,1.3004875e+00,4.8756599e-04,1.3291185e-01,1
0,1402,14.0200,1.1993729e+01,-4.0999007e+00,5.8414245e+00,1.3004861e+00,4.8613548e-04,1.3291185e-01,0
0,1403,14.0300,1.2000000e+01,-4.0943828e+00,5.8452001e+00,1.2990611e+00,-9.3889236e-04,1.3291185e-01,1
0,1404,14.0400,1.1998927e+01,-4.0992422e+00,5.8418751e+00,1.3001819e+00,1.8191338e-04,1.3291185e-01,0
0,1405,14.0500,1.2000000e+01,-4.0982819e+00,5.8425322e+00,1.2996027e+00,-3.9720535e-04,1.3291185e-01,1
0,1406,14.0600,1.2000000e+01,-4.0914617e+00,5.8471990e+00,1.2998163e+00,-1.8370152e-04,1.3291185e-01,1
0,1407,14.0700,1.2000000e+01,-4.0912414e+00,5.8473501e+00,1.3004665e+00,4.6658516e-04,1.3291185e-01,1
0,1408,14.0800,1.1993648e+01,-4.0998869e+00,5.8414345e+00,1.3004925e+00,4.9257278e-04,1.3291185e-01,0
0,1409,14.0900,1.2000000e+01,-4.0942273e+00,5.8453069e+00,1.2990414e+00,-9.5856190e-04,1.3291185e-01,1
0,1410,14.1000,1.1998475e+01,-4.0994086e+00,5.8417616e+00,1.3002028e+00,2.0289421e-04,1.3291185e-01,0
0,1411,14.1100,1.2000000e+01,-4.0978293e+00,5.8428421e+00,1.2995436e+00,-4.5633316e-04,1.3291185e-01,1
0,1412,14.1200,1.2000000e+01,-4.0914793e+00,5.8471870e+00,1.2998447e+00,-1.5521049e-04,1.3291185e-01,1
0,1413,14.1300,1.2000000e+01,-4.0913639e+00,5.8472662e+00,1.3004777e+00,4.7779083e-04,1.3291185e-01,1
0,1414,14.1400,1.1993859e+01,-4.0998578e+00,5.8414540e+00,1.3004777e+00,4.7779083e-04,1.3291185e-01,0
0,1415,14.1500,1.2000000e+01,-4.0943184e+00,5.8452444e+00,1.2990596e+00,-9.4032288e-04,1.3291185e-01,1
0,1416,14.1600,1.1998855e+01,-4.0992298e+00,5.8418837e+00,1.3001858e+00,1.8584728e-04,1.3291185e-01,0
0,1417,14.1700,1.2000000e+01,-4.0982480e+00,5.8425555e+00,1.2996017e+00,-3.9827824e-04,1.3291185e-01,1
0,1418,14.1800,1.2000000e+01,-4.0912552e+00,5.8473406e+00,1.2998059e+00,-1.9407272e-04,1.3291185e-01,1
0,1419,14.1900,1.2000000e+01,-4.0912747e+00,5.8473272e+00,1.3004918e+00,4.9185753e-04,1.3291185e-01,1
0,1420,14.2000,1.1993565e+01,-4.0999780e+00,5.8413720e+00,1.3004997e+00,4.9972534e-04,1.3291804e-01,0
0,1421,14.2100,1.2000000e+01,-4.0942140e+00,5.8453159e+00,1.2990279e+00,-9.7203255e-04,1.3291804e-01,1
0,1422,14.2200,1.1998672e+01,-4.0992570e+00,5.8418651e+00,1.3001945e+00,1.9454956e-04,1.3291804e-01,0
0,1423,14.2300,1.2000000e+01,-4.0980268e+00,5.8427067e+00,1.2995787e+00,-4.2128563e-04,1.3291804e-01,1
0,1424,14.2400,1.2000000e+01,-4.0913038e+00,5.8473067e+00,1.2998232e+00,-1.7678738e-04,1.3291804e-01,1
0,1425,14.2500,1.2000000e+01,-4.0913944e+00,5.8472447e+00,1.3004998e+00,4.9984455e-04,1.3291804e-01,1
0,1426,14.2600,1.1993978e+01,-4.0998044e+00,5.8414903e+00,1.3004704e+00,4.7039986e-04,1.3291804e-01,0
0,1427,14.2700,1.2000000e+01,-4.0943851e+00,5.8451986e+00,1.2990782e+00,-9.2172623e-04,1.3291804e-01,1
0,1428,14.2800,1.1998887e+01,-4.0992723e+00,5.8418546e+00,1.3001850e+00,1.8501282e-04,1.3291804e-01,0
0,1429,14.2900,1.2000000e+01,-4.0981002e+00,5.8426566e+00,1.2995849e+00,-4.1508675e-04,1.3291804e-01,1
0,1430,14.3000,1.2000000e+01,-4.0911465e+00,5.8474145e+00,1.2998090e+00,-1.9097328e-04,1.3291804e-01,1
0,1431,14.3100,1.2000000e+01,-4.0912490e+00,5.8473444e+00,1.3005013e+00,5.0139427e-04,1.3291804e-01,1
0,1432,14.3200,1.1993625e+01,-4.0999103e+00,5.8414178e+00,1.3004963e+00,4.9638748e-04,1.3291804e-01,0
0,1433,14.3300,1.2000000e+01,-4.0941896e+00,5.8453317e+00,1.2990357e+00,-9.6428394e-04,1.3291804e-01,1
0,1434,14.3400,1.1998702e+01,-4.0992117e+00,5.8418951e+00,1.3001938e+00,1.9383430e-04,1.3291804e-01,0
0,1435,14.3500,1.2000000e+01,-4.0983052e+00,5.8425155e+00,1.2996099e+00,-3.9005280e-04,1.3291804e-01,1
0,1436,14.3600,1.2000000e+01,-4.0912757e+00,5.8473253e+00,1.2998046e+00,-1.9538403e-04,1.3291804e-01,1
0,1437,14.3700,1.2000000e+01,-4.0913486e+00,5.8472757e+00,1.3004990e+00,4.9901009e-04,1.3291804e-01,1
0,1438,14.3800,1.1993773e+01,-4.0999041e+00,5.8414216e+00,1.3004861e+00,4.8613548e-04,1.3291804e-01,0
0,1439,14.3900,1.2000000e+01,-4.0942893e+00,5.8452635e+00,1.2990518e+00,-9.4819069e-04,1.3291804e-01,1
0,1440,14.4000,1.1998511e+01,-4.0994439e+00,5.8417368e+00,1.3002028e+00,2.0289421e-04,1.3292341e-01,0
0,1441,14.4100,1.2000000e+01,-4.0979223e+00,5.8427777e+00,1.2995520e+00,-4.4798851e-04,1.3292341e-01,1
0,1442,14.4200,1.2000000e+01,-4.0914660e+00,5.8471956e+00,1.2998401e+00,-1.5985966e-04,1.3292341e-01,1
0,1443,14.4300,1.2000000e+01,-4.0911665e+00,5.8474011e+00,1.3004618e+00,4.6181679e-04,1.3292341e-01,1
0,1444,14.4400,1.1993813e+01,-4.0996976e+00,5.8415637e+00,1.3004839e+00,4.8398972e-04,1.3292341e-01,0
0,1445,14.4500,1.2000000e+01,-4.0941544e+00,5.8453565e+00,1.2990625e+00,-9.3746185e-04,1.3292341e-01,1
0,1446,14.4600,1.1998615e+01,-4.0992379e+00,5.8418779e+00,1.3001984e+00,1.9848347e-04,1.3292341e-01,0
0,1447,14.4700,1.2000000e+01,-4.0980182e+00,5.8427124e+00,1.2995815e+00,-4.1842461e-04,1.3292341e-01,1
0,1448,14.4800,1.2000000e+01,-4.0914707e+00,5.8471923e+00,1.2998351e+00,-1.6486645e-04,1.3292341e-01,1
0,1449,14.4900,1.2000000e+01,-4.0912752e+00,5.8473263e+00,1.3004727e+00,4.7278404e-04,1.3292341e-01,1
0,1450,14.5000,1.1993487e+01,-4.1000328e+00,5.8413339e+00,1.3005080e+00,5.0806999e-04,1.3292341e-01,0
0,1451,14.5100,1.2000000e+01,-4.0941811e+00,5.8453379e+00,1.2990189e+00,-9.8109245e-04,1.3292341e-01,1
0,1452,14.5200,1.1998345e+01,-4.0994544e+00,5.8417296e+00,1.3002114e+00,2.1147728e-04,1.3292341e-01,0
0,1453,14.5300,1.2000000e+01,-4.0977626e+00,5.8428874e+00,1.2995360e+00,-4.6396255e-04,1.3292341e-01,1
0,1454,14.5400,1.2000000e+01,-4.0914931e+00,5.8471770e+00,1.2998514e+00,-1.4853477e-04,1.3292341e-01,1
0,1455,14.5500,1.2000000e+01,-4.0913596e+00,5.8472686e+00,1.3004797e+00,4.7969818e-04,1.3292341e-01,1
0,1456,14.5600,1.1993975e+01,-4.0997725e+00,5.8415122e+00,1.3004732e+00,4.7326088e-04,1.3292341e-01,0
0,1457,14.5700,1.2000000e+01,-4.0942888e+00,5.8452644e+00,1.2990727e+00,-9.2720985e-04,1.3292341e-01,1
0,1458,14.5800,1.1998647e+01,-4.0993476e+00,5.8418031e+00,1.3001976e+00,1.9764900e-04,1.3292341e-01,0
0,1459,14.5900,1.2000000e+01,-4.0980768e+00,5.8426728e+00,1.2995778e+00,-4.2212009e-04,1.3292341e-01,1
0,1460,14.6000,1.2000000e+01,-4.0913320e+00,5.8472881e+00,1.2998238e+00,-1.7619133e-04,1.3290937e-01,1
0,1461,14.6100,1.2000000e+01,-4.0912571e+00,5.8473392e+00,1.3004860e+00,4.8601627e-04,1.3290937e-01,1
0,1462,14.6200,1.1993741e+01,-4.0998368e+00,5.8414683e+00,1.3004906e+00,4.9066544e-04,1.3290937e-01,0
0,1463,14.6300,1.2000000e+01,-4.0942264e+00,5.8453074e+00,1.2990552e+00,-9.4473362e-04,1.3290937e-01,1
0,1464,14.6400,1.1998595e+01,-4.0993228e+00,5.8418202e+00,1.3002003e+00,2.0039082e-04,1.3290937e-01,0
0,1465,14.6500,1.2000000e+01,-4.0979710e+00,5.8427453e+00,1.2995704e+00,-4.2951107e-04,1.3290937e-01,1
0,1466,14.6600,1.2000000e+01,-4.0914912e+00,5.8471789e+00,1.2998400e+00,-1.5997887e-04,1.3290937e-01,1
0,1467,14.6700,1.2000000e+01,-4.0912585e+00,5.8473387e+00,1.3004706e+00,4.7063828e-04,1.3290937e-01,1
0,1468,14.6800,1.1993793e+01,-4.0998015e+00,5.8414931e+00,1.3004874e+00,4.8744678e-04,1.3290937e-01,0
0,1469,14.6900,1.2000000e+01,-4.0942769e+00,5.8452730e+00,1.2990682e+00,-9.3173981e-04,1.3290937e-01,1
0,1470,14.7000,1.1998523e+01,-4.0994234e+00,5.8417516e+00,1.3002040e+00,2.0408630e-04,1.3290937e-01,0
0,1471,14.7100,1.2000000e+01,-4.0979395e+00,5.8427672e+00,1.2995582e+00,-4.4178963e-04,1.3290937e-01,1
0,1472,14.7200,1.2000000e+01,-4.0914388e+00,5.8472152e+00,1.2998390e+00,-1.6093254e-04,1.3290937e-01,1
0,1473,14.7300,1.2000000e+01,-4.0911899e+00,5.8473859e+00,1.3004694e+00,4.6944618e-04,1.3290937e-01,1
0,1474,14.7400,1.1993601e+01,-4.0998693e+00,5.8414469e+00,1.3005019e+00,5.0199032e-04,1.3290937e-01,0
0,1475,14.7500,1.2000000e+01,-4.0941839e+00,5.8453369e+00,1.2990458e+00,-9.5415115e-04,1.3290937e-01,1
0,1476,14.7600,1.1998544e+01,-4.0993176e+00,5.8418245e+00,1.3002034e+00,2.0349026e-04,1.3290937e-01,0
0,1477,14.7700,1.2000000e+01,-4.0979843e+00,5.8427367e+00,1.2995732e+00,-4.2676926e-04,1.3290937e-01,1
0,1478,14.7800,1.2000000e+01,-4.0913582e+00,5.8472705e+00,1.2998319e+00,-1.6808510e-04,1.3290937e-01,1
0,1479,14.7900,1.2000000e+01,-4.0912180e+00,5.8473668e+00,1.3004808e+00,4.8089027e-04,1.3290937e-01,1
0,1480,14.8000,1.1993729e+01,-4.0998068e+00,5.8414898e+00,1.3004931e+00,4.9316883e-04,1.3294487e-01,0
0,1481,14.8100,1.2000000e+01,-4.0942359e+00,5.8453016e+00,1.2990630e+00,-9.3698502e-04,1.3294487e-01,1
0,1482,14.8200,1.1998671e+01,-4.0992789e+00,5.8418512e+00,1.3001978e+00,1.9788742e-04,1.3294487e-01,0
0,1483,14.8300,1.2000000e+01,-4.0980296e+00,5.8427057e+00,1.2995818e+00,-4.1818619e-04,1.3294487e-01,1
0,1484,14.8400,1.2000000e+01,-4.0910640e+00,5.8474722e+00,1.2998111e+00,-1.8882751e-04,1.3294487e-01,1
0,1485,14.8500,1.2000000e+01,-4.0911636e+00,5.8474045e+00,1.3005058e+00,5.0580502e-04,1.3294487e-01,1
0,1486,14.8600,1.1993796e+01,-4.0997057e+00,5.8415594e+00,1.3004887e+00,4.8875809e-04,1.3294487e-01,0
0,1487,14.8700,1.2000000e+01,-4.0942121e+00,5.8453183e+00,1.2990745e+00,-9.2542171e-04,1.3294487e-01,1
0,1488,14.8800,1.1998529e+01,-4.0993552e+00,5.8417993e+00,1.3002048e+00,2.0480156e-04,1.3294487e-01,0
0,1489,14.8900,1.2000000e+01,-4.0979428e+00,5.8427658e+00,1.2995665e+00,-4.3344498e-04,1.3294487e-01,1
0,1490,14.9000,1.2000000e+01,-4.0914598e+00,5.8472018e+00,1.2998409e+00,-1.5902519e-04,1.3294487e-01,1
0,1491,14.9100,1.2000000e+01,-4.0912004e+00,5.8473792e+00,1.3004699e+00,4.6992302e-04,1.3294487e-01,1
0,1492,14.9200,1.1993682e+01,-4.0998225e+00,5.8414793e+00,1.3004975e+00,4.9757957e-04,1.3294487e-01,0
0,1493,14.9300,1.2000000e+01,-4.0942531e+00,5.8452902e+00,1.2990645e+00,-9.3543530e-04,1.3294487e-01,1
0,1494,14.9400,1.1998617e+01,-4.0993333e+00,5.8418140e+00,1.3002009e+00,2.0098686e-04,1.3294487e-01,0
0,1495,14.9500,1.2000000e+01,-4.0979080e+00,5.8427892e+00,1.2995658e+00,-4.3416023e-04,1.3294487e-01,1
0,1496,14.9600,1.2000000e+01,-4.0912762e+00,5.8473272e+00,1.2998323e+00,-1.6760826e-04,1.3294487e-01,1
0,1497,14.9700,1.2000000e+01,-4.0913510e+00,5.8472762e+00,1.3005044e+00,5.0449371e-04,1.3294487e-01,1
0,1498,14.9800,1.1993887e+01,-4.0998254e+00,5.8414774e+00,1.3004830e+00,4.8303604e-04,1.3294487e-01,0
0,1499,14.9900,1.2000000e+01,-4.0943375e+00,5.8452325e+00,1.2990770e+00,-9.2291832e-04,1.3294487e-01,1
0,1500,15.0000,1.1999218e+01,-4.0989928e+00,5.8420472e+00,1.3001742e+00,1.7428398e-04,1.3290238e-01,0
0,1501,15.0100,1.2000000e+01,-4.0986404e+00,5.8422885e+00,1.2996640e+00,-3.3593178e-04,1.3290238e-01,1
0,1502,15.0200,1.2000000e+01,-4.0909700e+00,5.8475370e+00,1.2997649e+00,-2.3508072e-04,1.3290238e-01,1
0,1503,15.0300,1.2000000e+01,-4.0911813e+00,5.8473926e+00,1.3005189e+00,5.1891804e-04,1.3290238e-01,1
0,1504,15.0400,1.1993636e+01,-4.0998363e+00,5.8414702e+00,1.3005018e+00,5.0187111e-04,1.3290238e-01,0
0,1505,15.0500,1.2000000e+01,-4.0940576e+00,5.8454242e+00,1.2990358e+00,-9.6416473e-04,1.3290238e-01,1
0,1506,15.0600,1.1998518e+01,-4.0992122e+00,5.8418975e+00,1.3002063e+00,2.0635128e-04,1.3290238e-01,0
0,1507,15.0700,1.2000000e+01,-4.0978918e+00,5.8428011e+00,1.2995765e+00,-4.2343140e-04,1.3290238e-01,1
0,1508,15.0800,1.2000000e+01,-4.0912471e+00,5.8473477e+00,1.2998321e+00,-1.6784668e-04,1.3290238e-01,1
0,1509,15.0900,1.2000000e+01,-4.0912609e+00,5.8473387e+00,1.3004990e+00,4.9901009e-04,1.3290238e-01,1
0,1510,15.1000,1.1993872e+01,-4.0997486e+00,5.8415308e+00,1.3004851e+00,4.8518181e-04,1.3290238e-01,0
0,1511,15.1100,1.2000000e+01,-4.0942278e+00,5.8453083e+00,1.2990735e+00,-9.2649460e-04,1.3290238e-01,1
0,1512,15.1200,1.1998640e+01,-4.0992928e+00,5.8418427e+00,1.3002008e+00,2.0086765e-04,1.3290238e-01,0
0,1513,15.1300,1.2000000e+01,-4.0980053e+00,5.8427234e+00,1.2995803e+00,-4.1961670e-04,1.3290238e-01,1
0,1514,15.1400,1.2000000e+01,-4.0911565e+00,5.8474097e+00,1.2998199e+00,-1.8000603e-04,1.3290238e-01,1
0,1515,15.1500,1.2000000e+01,-4.0910487e+00,5.8474836e+00,1.3004868e+00,4.8685074e-04,1.3290238e-01,1
0,1516,15.1600,1.1993584e+01,-4.0997438e+00,5.8415341e+00,1.3005068e+00,5.0687790e-04,1.3290238e-01,0
0,1517,15.1700,1.2000000e+01,-4.0941133e+00,5.8453865e+00,1.2990582e+00,-9.4175339e-04,1.3290238e-01,1
0,1518,15.1800,1.1998523e+01,-4.0992632e+00,5.8418627e+00,1.3002067e+00,2.0670891e-04,1.3290238e-01,0
0,1519,15.1900,1.2000000e+01,-4.0979052e+00,5.8427916e+00,1.2995739e+00,-4.2605400e-04,1.3290238e-01,1
0,1520,15.2000,1.2000000e+01,-4.0913367e+00,5.8472862e+00,1.2998372e+00,-1.6272068e-04,1.3293600e-01,1
0,1521,15.2100,1.2000000e+01,-4.0911613e+00,5.8474064e+00,1.3004806e+00,4.8065186e-04,1.3293600e-01,1
0,1522,15.2200,1.1993777e+01,-4.0997167e+00,5.8415523e+00,1.3004930e+00,4.9304962e-04,1.3293600e-01,0
0,1523,15.2300,1.2000000e+01,-4.0941925e+00,5.8453321e+00,1.2990742e+00,-9.2577934e-04,1.3293600e-01,1
0,1524,15.2400,1.1998667e+01,-4.0992393e+00,5.8418789e+00,1.3002002e+00,2.0027161e-04,1.3293600e-01,0
0,1525,15.2500,1.2000000e+01,-4.0979834e+00,5.8427386e+00,1.2995842e+00,-4.1580200e-04,1.3293600e-01,1
0,1526,15.2600,1.2000000e+01,-4.0913653e+00,5.8472672e+00,1.2998346e+00,-1.6534328e-04,1.3293600e-01,1
0,1527,15.2700,1.2000000e+01,-4.0911579e+00,5.8474092e+00,1.3004779e+00,4.7791004e-04,1.3293600e-01,1
0,1528,15.2800,1.1993715e+01,-4.0997572e+00,5.8415251e+00,1.3004980e+00,4.9805641e-04,1.3293600e-01,0
0,1529,15.2900,1.2000000e+01,-4.0940824e+00,5.8454080e+00,1.2990534e+00,-9.4652176e-04,1.3293600e-01,1
0,1530,15.3000,1.1998479e+01,-4.0992637e+00,5.8418627e+00,1.3002094e+00,2.0945072e-04,1.3293600e-01,0
0,1531,15.3100,1.2000000e+01,-4.0978198e+00,5.8428507e+00,1.2995665e+00,-4.3344498e-04,1.3293600e-01,1
0,1532,15.3200,1.2000000e+01,-4.0915570e+00,5.8471360e+00,1.2998554e+00,-1.4460087e-04,1.3293600e-01,1
0,1533,15.3300,1.2000000e+01,-4.0912046e+00,5.8473773e+00,1.3004639e+00,4.6396255e-04,1.3293600e-01,1
0,1534,15.3400,1.1993731e+01,-4.0997915e+00,5.8415017e+00,1.3004973e+00,4.9734116e-04,1.3293600e-01,0
0,1535,15.3500,1.2000000e+01,-4.0941281e+00,5.8453770e+00,1.2990558e+00,-9.4413757e-04,1.3293600e-01,1
0,1536,15.3600,1.1998252e+01,-4.0994687e+00,5.8417230e+00,1.3002206e+00,2.2065639e-04,1.3293600e-01,0
0,1537,15.3700,1.2000000e+01,-4.0975332e+00,5.8430471e+00,1.2995181e+00,-4.8184395e-04,1.3293600e-01,1
0,1538,15.3800,1.2000000e+01,-4.0916309e+00,5.8470855e+00,1.2998749e+00,-1.2505054e-04,1.3293600e-01,1
0,1539,15.3900,1.2000000e+01,-4.0912461e+00,5.8473492e+00,1.3004613e+00,4.6133995e-04,1.3293600e-01,1
0,1540,15.4000,1.1993847e+01,-4.0997515e+00,5.8415294e+00,1.3004894e+00,4.8947334e-04,1.3289113e-01,0
0,1541,15.4100,1.2000000e+01,-4.0942345e+00,5.8453040e+00,1.2990774e+00,-9.2256069e-04,1.3289113e-01,1
0,1542,15.4200,1.1998441e+01,-4.0994396e+00,5.8417420e+00,1.3002118e+00,2.1183491e-04,1.3289113e-01,0
0,1543,15.4300,1.2000000e+01,-4.0976486e+00,5.8429675e+00,1.2995334e+00,-4.6658516e-04,1.3289113e-01,1
0,1544,15.4400,1.2000000e+01,-4.0914145e+00,5.8472333e+00,1.2998574e+00,-1.4257431e-04,1.3289113e-01,1
0,1545,15.4500,1.2000000e+01,-4.0911107e+00,5.8474412e+00,1.3004696e+00,4.6968460e-04,1.3289113e-01,1
0,1546,15.4600,1.1993615e+01,-4.0997820e+00,5.8415079e+00,1.3005069e+00,5.0699711e-04,1.3289113e-01,0
0,1547,15.4700,1.2000000e+01,-4.0940561e+00,5.8454256e+00,1.2990481e+00,-9.5188618e-04,1.3289113e-01,1
0,1548,15.4800,1.1998203e+01,-4.0994325e+00,5.8417468e+00,1.3002237e+00,2.2375584e-04,1.3289113e-01,0
0,1549,15.4900,1.2000000e+01,-4.0974998e+00,5.8430691e+00,1.2995193e+00,-4.8065186e-04,1.3289113e-01,1
0,1550,15.5000,1.2000000e+01,-4.0916972e+00,5.8470392e+00,1.2998805e+00,-1.1944771e-04,1.3289113e-01,1
0,1551,15.5100,1.2000000e+01,-4.0912061e+00,5.8473759e+00,1.3004518e+00,4.5180321e-04,1.3289113e-01,1
0,1552,15.5200,1.1993838e+01,-4.0997181e+00,5.8415513e+00,1.3004911e+00,4.9114227e-04,1.3289113e-01,0
0,1553,15.5300,1.2000000e+01,-4.0941463e+00,5.8453641e+00,1.2990710e+00,-9.2899799e-04,1.3289113e-01,1
0,1554,15.5400,1.1998456e+01,-4.0993428e+00,5.8418083e+00,1.3002118e+00,2.1183491e-04,1.3289113e-01,0
0,1555,15.5500,1.2000000e+01,-4.0978098e+00,5.8428569e+00,1.2995598e+00,-4.4012070e-04,1.3289113e-01,1
0,1556,15.5600,1.2000000e+01,-4.0912657e+00,5.8473349e+00,1.2998403e+00,-1.5962124e-04,1.3289113e-01,1
0,1557,15.5700,1.2000000e+01,-4.0912266e+00,5.8473616e+00,1.3004975e+00,4.9757957e-04,1.3289113e-01,1
0,1558,15.5800,1.1993821e+01,-4.0997500e+00,5.8415294e+00,1.3004928e+00,4.9281120e-04,1.3289113e-01,0
0,1559,15.5900,1.2000000e+01,-4.0941272e+00,5.8453765e+00,1.2990644e+00,-9.3555450e-04,1.3289113e-01,1
0,1560,15.6000,1.1998341e+01,-4.0994043e+00,5.8417654e+00,1.3002176e+00,2.1767616e-04,1.3296182e-01,0
0,1561,15.6100,1.2000000e+01,-4.0976462e+00,5.8429685e+00,1.2995380e+00,-4.6193600e-04,1.3296182e-01,1
0,1562,15.6200,1.2000000e+01,-4.0913291e+00,5.8472910e+00,1.2998536e+00,-1.4638901e-04,1.3296182e-01,1
0,1563,15.6300,1.2000000e+01,-4.0911160e+00,5.8474369e+00,1.3004802e+00,4.8029423e-04,1.3296182e-01,1
0,1564,15.6400,1.1993653e+01,-4.0997596e+00,5.8415222e+00,1.3005056e+00,5.0568581e-04,1.3296182e-01,0
0,1565,15.6500,1.2000000e+01,-4.0940752e+00,5.8454118e+00,1.2990562e+00,-9.4377995e-04,1.3296182e-01,1
0,1566,15.6600,1.1998619e+01,-4.0991578e+00,5.8419342e+00,1.3002048e+00,2.0480156e-04,1.3296182e-01,0
0,1567,15.6700,1.2000000e+01,-4.0978889e+00,5.8428025e+00,1.2995861e+00,-4.1389465e-04,1.3296182e-01,1
0,1568,15.6800,1.2000000e+01,-4.0912318e+00,5.8473577e+00,1.2998343e+00,-1.6570091e-04,1.3296182e-01,1
0,1569,15.6900,1.2000000e+01,-4.0909958e+00,5.8475199e+00,1.3004782e+00,4.7826767e-04,1.3296182e-01,1
0,1570,15.7000,1.1993454e+01,-4.0997825e+00,5.8415074e+00,1.3005210e+00,5.2106380e-04,1.3296182e-01,0
0,1571,15.7100,1.2000000e+01,-4.0939369e+00,5.8455067e+00,1.2990334e+00,-9.6654892e-04,1.3296182e-01,1
0,1572,15.7200,1.1997918e+01,-4.0995159e+00,5.8416891e+00,1.3002393e+00,2.3937225e-04,1.3296182e-01,0
0,1573,15.7300,1.2000000e+01,-4.0972900e+00,5.8432121e+00,1.2994908e+00,-5.0914288e-04,1.3296182e-01,1
0,1574,15.7400,1.2000000e+01,-4.0920129e+00,5.8468232e+00,1.2999065e+00,-9.3460083e-05,1.3296182e-01,1
0,1575,15.7500,1.2000000e+01,-4.0911417e+00,5.8474197e+00,1.3004172e+00,4.1723251e-04,1.3296182e-01,1
0,1576,15.7600,1.1993767e+01,-4.0997052e+00,5.8415599e+00,1.3004984e+00,4.9841404e-04,1.3296182e-01,0
0,1577,15.7700,1.2000000e+01,-4.0941491e+00,5.8453617e+00,1.2990758e+00,-9.2411041e-04,1.3296182e-01,1
0,1578,15.7800,1.1998569e+01,-4.0992656e+00,5.8418608e+00,1.3002077e+00,2.0778179e-04,1.3296182e-01,0
0,1579,15.7900,1.2000000e+01,-4.0978413e+00,5.8428354e+00,1.2995722e+00,-4.2772293e-04,1.3296182e-01,1
0,1580,15.8000,1.2000000e+01,-4.0914230e+00,5.8472271e+00,1.2998488e+00,-1.5115738e-04,1.3297375e-01,1
0,1581,15.8100,1.2000000e+01,-4.0910172e+00,5.8475051e+00,1.3004624e+00,4.6241283e-04,1.3297375e-01,1
0,1582,15.8200,1.1993543e+01,-4.0997405e+00,5.8415360e+00,1.3005154e+00,5.1546097e-04,1.3297375e-01,0
0,1583,15.8300,1.2000000e+01,-4.0941210e+00,5.8453813e+00,1.2990673e+00,-9.3269348e-04,1.3297375e-01,1
0,1584,15.8400,1.1998323e+01,-4.0994105e+00,5.8417621e+00,1.3002198e+00,2.1982193e-04,1.3297375e-01,0
0,1585,15.8500,1.2000000e+01,-4.0975747e+00,5.8430181e+00,1.2995322e+00,-4.6777725e-04,1.3297375e-01,1
0,1586,15.8600,1.2000000e+01,-4.0915852e+00,5.8471165e+00,1.2998724e+00,-1.2755394e-04,1.3297375e-01,1
0,1587,15.8700,1.2000000e+01,-4.0912037e+00,5.8473778e+00,1.3004655e+00,4.6551228e-04,1.3297375e-01,1
0,1588,15.8800,1.1993878e+01,-4.0996871e+00,5.8415732e+00,1.3004911e+00,4.9114227e-04,1.3297375e-01,0
0,1589,15.8900,1.2000000e+01,-4.0941715e+00,5.8453474e+00,1.2990830e+00,-9.1695786e-04,1.3297375e-01,1
0,1590,15.9000,1.1998794e+01,-4.0991292e+00,5.8419552e+00,1.3001978e+00,1.9788742e-04,1.3297375e-01,0
0,1591,15.9100,1.2000000e+01,-4.0979338e+00,5.8427730e+00,1.2995949e+00,-4.0507317e-04,1.3297375e-01,1
0,1592,15.9200,1.2000000e+01,-4.0911741e+00,5.8473983e+00,1.2998292e+00,-1.7070770e-04,1.3297375e-01,1
0,1593,15.9300,1.2000000e+01,-4.0910983e+00,5.8474503e+00,1.3004966e+00,4.9662590e-04,1.3297375e-01,1
0,1594,15.9400,1.1993661e+01,-4.0997372e+00,5.8415389e+00,1.3005075e+00,5.0759315e-04,1.3297375e-01,0
0,1595,15.9500,1.2000000e+01,-4.0940337e+00,5.8454413e+00,1.2990568e+00,-9.4318390e-04,1.3297375e-01,1
0,1596,15.9600,1.1998382e+01,-4.0992842e+00,5.8418489e+00,1.3002176e+00,2.1767616e-04,1.3297375e-01,0
0,1597,15.9700,1.2000000e+01,-4.0976152e+00,5.8429909e+00,1.2995496e+00,-4.5037270e-04,1.3297375e-01,1
0,1598,15.9800,1.2000000e+01,-4.0914865e+00,5.8471842e+00,1.2998655e+00,-1.3446808e-04,1.3297375e-01,1
0,1599,15.9900,1.2000000e+01,-4.0911770e+00,5.8473964e+00,1.3004735e+00,4.7349930e-04,1.3297375e-01,1
0,1600,16.0000,1.1993946e+01,-4.0996137e+00,5.8416233e+00,1.3004872e+00,4.8720837e-04,1.3295309e-01,0
0,1601,16.0100,1.2000000e+01,-4.0942883e+00,5.8452668e+00,1.2991108e+00,-8.8918209e-04,1.3295309e-01,1
0,1602,16.0200,1.1998768e+01,-4.0992618e+00,5.8418636e+00,1.3001995e+00,1.9955635e-04,1.3295309e-01,0
0,1603,16.0300,1.2000000e+01,-4.0980110e+00,5.8427196e+00,1.2995906e+00,-4.0936470e-04,1.3295309e-01,1
0,1604,16.0400,1.2000000e+01,-4.0910950e+00,5.8474522e+00,1.2998202e+00,-1.7976761e-04,1.3295309e-01,1
0,1605,16.0500,1.2000000e+01,-4.0911603e+00,5.8474078e+00,1.3005121e+00,5.1212311e-04,1.3295309e-01,1
0,1606,16.0600,1.1993816e+01,-4.0996881e+00,5.8415723e+00,1.3004969e+00,4.9698353e-04,1.3295309e-01,0
0,1607,16.0700,1.2000000e+01,-4.0941319e+00,5.8453741e+00,1.2990789e+00,-9.2101097e-04,1.3295309e-01,1
0,1608,16.0800,1.1998452e+01,-4.0993309e+00,5.8418164e+00,1.3002148e+00,2.1481514e-04,1.3295309e-01,0
0,1609,16.0900,1.2000000e+01,-4.0977206e+00,5.8429184e+00,1.2995563e+00,-4.4369698e-04,1.3295309e-01,1
0,1610,16.1000,1.2000000e+01,-4.0912867e+00,5.8473206e+00,1.2998490e+00,-1.5091896e-04,1.3295309e-01,1
0,1611,16.1100,1.2000000e+01,-4.0911603e+00,5.8474073e+00,1.3004928e+00,4.9281120e-04,1.3295309e-01,1
0,1612,16.1200,1.1993860e+01,-4.0996571e+00,5.8415933e+00,1.3004942e+00,4.9424171e-04,1.3295309e-01,0
0,1613,16.1300,1.2000000e+01,-4.0941439e+00,5.8453655e+00,1.2990856e+00,-9.1433525e-04,1.3295309e-01,1
0,1614,16.1400,1.1998518e+01,-4.0992966e+00,5.8418398e+00,1.3002119e+00,2.1195412e-04,1.3295309e-01,0
0,1615,16.1500,1.2000000e+01,-4.0977578e+00,5.8428926e+00,1.2995636e+00,-4.3630600e-04,1.3295309e-01,1
0,1616,16.1600,1.2000000e+01,-4.0915799e+00,5.8471198e+00,1.2998636e+00,-1.3637543e-04,1.3295309e-01,1
0,1617,16.1700,1.2000000e+01,-4.0912189e+00,5.8473668e+00,1.3004696e+00,4.6968460e-04,1.3295309e-01,1
0,1618,16.1800,1.1993948e+01,-4.0996532e+00,5.8415956e+00,1.3004882e+00,4.8828125e-04,1.3295309e-01,0
0,1619,16.1900,1.2000000e+01,-4.0941467e+00,5.8453631e+00,1.2990873e+00,-9.1266632e-04,1.3295309e-01,1
0,1620,16.2000,1.1998691e+01,-4.0991778e+00,5.8419209e+00,1.3002040e+00,2.0408630e-04,1.3296540e-01,0
0,1621,16.2100,1.2000000e+01,-4.0980411e+00,5.8426986e+00,1.2996023e+00,-3.9768219e-04,1.3296540e-01,1
0,1622,16.2200,1.2000000e+01,-4.0911736e+00,5.8473978e+00,1.2998240e+00,-1.7595291e-04,1.3296540e-01,1
0,1623,16.2300,1.2000000e+01,-4.0910726e+00,5.8474674e+00,1.3004961e+00,4.9614906e-04,1.3296540e-01,1
0,1624,16.2400,1.1993759e+01,-4.0996428e+00,5.8416033e+00,1.3005025e+00,5.0258636e-04,1.3296540e-01,0
0,1625,16.2500,1.2000000e+01,-4.0941324e+00,5.8453736e+00,1.2990870e+00,-9.1290474e-04,1.3296540e-01,1
0,1626,16.2600,1.1998525e+01,-4.0992804e+00,5.8418512e+00,1.3002121e+00,2.1219254e-04,1.3296540e-01,0
0,1627,16.2700,1.2000000e+01,-4.0976820e+00,5.8429451e+00,1.2995586e+00,-4.4131279e-04,1.3296540e-01,1
0,1628,16.2800,1.2000000e+01,-4.0915699e+00,5.8471274e+00,1.2998675e+00,-1.3244152e-04,1.3296540e-01,1
0,1629,16.2900,1.2000000e+01,-4.0911484e+00,5.8474159e+00,1.3004644e+00,4.6443939e-04,1.3296540e-01,1
0,1630,16.3000,1.1993782e+01,-4.0997005e+00,5.8415637e+00,1.3005012e+00,5.0127506e-04,1.3296540e-01,0
0,1631,16.3100,1.2000000e+01,-4.0940413e+00,5.8454356e+00,1.2990668e+00,-9.3317032e-04,1.3296540e-01,1
0,1632,16.3200,1.1998507e+01,-4.0992036e+00,5.8419032e+00,1.3002133e+00,2.1338463e-04,1.3296540e-01,0
0,1633,16.3300,1.2000000e+01,-4.0977082e+00,5.8429265e+00,1.2995690e+00,-4.3094158e-04,1.3296540e-01,1
0,1634,16.3400,1.2000000e+01,-4.0914078e+00,5.8472376e+00,1.2998575e+00,-1.4245510e-04,1.3296540e-01,1
0,1635,16.3500,1.2000000e+01,-4.0910740e+00,5.8474660e+00,1.3004735e+00,4.7349930e-04,1.3296540e-01,1
0,1636,16.3600,1.1993853e+01,-4.0995779e+00,5.8416471e+00,1.3004966e+00,4.9662590e-04,1.3296540e-01,0
0,1637,16.3700,1.2000000e+01,-4.0941114e+00,5.8453875e+00,1.2990944e+00,-9.0551376e-04,1.3296540e-01,1
0,1638,16.3800,1.1998427e+01,-4.0993280e+00,5.8418179e+00,1.3002174e+00,2.1743774e-04,1.3296540e-01,0
0,1639,16.3900,1.2000000e+01,-4.0975952e+00,5.8430033e+00,1.2995462e+00,-4.5371056e-04,1.3296540e-01,1
0,1640,16.4000,1.2000000e+01,-4.0914688e+00,5.8471951e+00,1.2998672e+00,-1.3279915e-04,1.3288610e-01,1
0,1641,16.4100,1.2000000e+01,-4.0911078e+00,5.8474422e+00,1.3004712e+00,4.7123432e-04,1.3288610e-01,1
0,1642,16.4200,1.1993607e+01,-4.0997858e+00,5.8415041e+00,1.3005152e+00,5.1522255e-04,1.3288610e-01,0
0,1643,16.4300,1.2000000e+01,-4.0939279e+00,5.8455124e+00,1.2990394e+00,-9.6058846e-04,1.3288610e-01,1
0,1644,16.4400,1.1998179e+01,-4.0993242e+00,5.8418198e+00,1.3002300e+00,2.3007393e-04,1.3288610e-01,0
0,1645,16.4500,1.2000000e+01,-4.0975199e+00,5.8430543e+00,1.2995393e+00,-4.6062469e-04,1.3288610e-01,1
0,1646,16.4600,1.2000000e+01,-4.0917025e+00,5.8470349e+00,1.2998834e+00,-1.1658669e-04,1.3288610e-01,1
0,1647,16.4700,1.2000000e+01,-4.0911107e+00,5.8474402e+00,1.3004489e+00,4.4894218e-04,1.3288610e-01,1
0,1648,16.4800,1.1993707e+01,-4.0997181e+00,5.8415508e+00,1.3005083e+00,5.0830841e-04,1.3288610e-01,0
0,1649,16.4900,1.2000000e+01,-4.0940275e+00,5.8454442e+00,1.2990640e+00,-9.3591213e-04,1.3288610e-01,1
0,1650,16.5000,1.1998511e+01,-4.0991874e+00,5.8419137e+00,1.3002141e+00,2.1409988e-04,1.3288610e-01,0
0,1651,16.5100,1.2000000e+01,-4.0977106e+00,5.8429241e+00,1.2995720e+00,-4.2796135e-04,1.3288610e-01,1
0,1652,16.5200,1.2000000e+01,-4.0912676e+00,5.8473325e+00,1.2998502e+00,-1.4972687e-04,1.3288610e-01,1
0,1653,16.5300,1.2000000e+01,-4.0910072e+00,5.8475108e+00,1.3004820e+00,4.8208237e-04,1.3288610e-01,1
0,1654,16.5400,1.1993595e+01,-4.0996952e+00,5.8415661e+00,1.3005171e+00,5.1712990e-04,1.3288610e-01,0
0,1655,16.5500,1.2000000e+01,-4.0939488e+00,5.8454976e+00,1.2990565e+00,-9.4342232e-04,1.3288610e-01,1
0,1656,16.5600,1.1998298e+01,-4.0992613e+00,5.8418627e+00,1.3002248e+00,2.2482872e-04,1.3288610e-01,0
0,1657,16.5700,1.2000000e+01,-4.0975485e+00,5.8430343e+00,1.2995493e+00,-4.5061111e-04,1.3288610e-01,1
0,1658,16.5800,1.2000000e+01,-4.0915403e+00,5.8471451e+00,1.2998741e+00,-1.2588501e-04,1.3288610e-01,1
0,1659,16.5900,1.2000000e+01,-4.0910454e+00,5.8474841e+00,1.3004591e+00,4.5919418e-04,1.3288610e-01,1
0,1660,16.6000,1.1993658e+01,-4.0996876e+00,5.8415704e+00,1.3005128e+00,5.1283836e-04,1.3293290e-01,0
0,1661,16.6100,1.2000000e+01,-4.0940018e+00,5.8454609e+00,1.2990658e+00,-9.3412399e-04,1.3293290e-01,1
0,1662,16.6200,1.1998531e+01,-4.0991483e+00,5.8419394e+00,1.3002137e+00,2.1374226e-04,1.3293290e-01,0
0,1663,16.6300,1.2000000e+01,-4.0977726e+00,5.8428807e+00,1.2995825e+00,-4.1747093e-04,1.3293290e-01,1
0,1664,16.6400,1.2000000e+01,-4.0913539e+00,5.8472729e+00,1.2998521e+00,-1.4781952e-04,1.3293290e-01,1
0,1665,16.6500,1.2000000e+01,-4.0911212e+00,5.8474326e+00,1.3004858e+00,4.8589706e-04,1.3293290e-01,1
0,1666,16.6600,1.1993979e+01,-4.0995364e+00,5.8416743e+00,1.3004897e+00,4.8971176e-04,1.3293290e-01,0
0,1667,16.6700,1.2000000e+01,-4.0941610e+00,5.8453522e+00,1.2991102e+00,-8.8977814e-04,1.3293290e-01,1
0,1668,16.6800,1.1998772e+01,-4.0991344e+00,5.8419490e+00,1.3002025e+00,2.0253658e-04,1.3293290e-01,0
0,1669,16.6900,1.2000000e+01,-4.0980229e+00,5.8427095e+00,1.2996078e+00,-3.9219856e-04,1.3293290e-01,1
0,1670,16.7000,1.2000000e+01,-4.0912232e+00,5.8473620e+00,1.2998302e+00,-1.6975403e-04,1.3293290e-01,1
0,1671,16.7100,1.2000000e+01,-4.0910416e+00,5.8474865e+00,1.3004913e+00,4.9138069e-04,1.3293290e-01,1
0,1672,16.7200,1.1993588e+01,-4.0997329e+00,5.8415394e+00,1.3005188e+00,5.1879883e-04,1.3293290e-01,0
0,1673,16.7300,1.2000000e+01,-4.0939226e+00,5.8455153e+00,1.2990491e+00,-9.5081329e-04,1.3293290e-01,1
0,1674,16.7400,1.1998252e+01,-4.0992675e+00,5.8418579e+00,1.3002279e+00,2.2792816e-04,1.3293290e-01,0
0,1675,16.7500,1.2000000e+01,-4.0974588e+00,5.8430953e+00,1.2995410e+00,-4.5895576e-04,1.3293290e-01,1
0,1676,16.7600,1.2000000e+01,-4.0916643e+00,5.8470607e+00,1.2998855e+00,-1.1444092e-04,1.3293290e-01,1
0,1677,16.7700,1.2000000e+01,-4.0911460e+00,5.8474154e+00,1.3004582e+00,4.5824051e-04,1.3293290e-01,1
0,1678,16.7800,1.1993837e+01,-4.0996599e+00,5.8415899e+00,1.3005008e+00,5.0079823e-04,1.3293290e-01,0
0,1679,16.7900,1.2000000e+01,-4.0940681e+00,5.8454161e+00,1.2990811e+00,-9.1886520e-04,1.3293290e-01,1
0,1680,16.8000,1.1998657e+01,-4.0991240e+00,5.8419566e+00,1.3002084e+00,2.0849705e-04,1.3294466e-01,0
0,1681,16.8100,1.2000000e+01,-4.0978642e+00,5.8428187e+00,1.2995946e+00,-4.0531158e-04,1.3294466e-01,1
0,1682,16.8200,1.2000000e+01,-4.0911894e+00,5.8473859e+00,1.2998381e+00,-1.6188622e-04,1.3294466e-01,1
0,1683,16.8300,1.2000000e+01,-4.0910759e+00,5.8474636e+00,1.3004992e+00,4.9924850e-04,1.3294466e-01,1
0,1684,16.8400,1.1993897e+01,-4.0995488e+00,5.8416657e+00,1.3004968e+00,4.9686432e-04,1.3294466e-01,0
0,1685,16.8500,1.2000000e+01,-4.0940475e+00,5.8454299e+00,1.2990942e+00,-9.0575218e-04,1.3294466e-01,1
0,1686,16.8600,1.1998790e+01,-4.0990105e+00,5.8420339e+00,1.3002025e+00,2.0253658e-04,1.3294466e-01,0
0,1687,16.8700,1.2000000e+01,-4.0980558e+00,5.8426871e+00,1.2996230e+00,-3.7693977e-04,1.3294466e-01,1
0,1688,16.8800,1.2000000e+01,-4.0912185e+00,5.8473654e+00,1.2998286e+00,-1.7130375e-04,1.3294466e-01,1
0,1689,16.8900,1.2000000e+01,-4.0910411e+00,5.8474870e+00,1.3004930e+00,4.9304962e-04,1.3294466e-01,1
0,1690,16.9000,1.1993620e+01,-4.0997105e+00,5.8415551e+00,1.3005177e+00,5.1772594e-04,1.3294466e-01,0
0,1691,16.9100,1.2000000e+01,-4.0939851e+00,5.8454728e+00,1.2990630e+00,-9.3698502e-04,1.3294466e-01,1
0,1692,16.9200,1.1998330e+01,-4.0992732e+00,5.8418546e+00,1.3002248e+00,2.2482872e-04,1.3294466e-01,0
0,1693,16.9300,1.2000000e+01,-4.0975194e+00,5.8430548e+00,1.2995477e+00,-4.5228004e-04,1.3294466e-01,1
0,1694,16.9400,1.2000000e+01,-4.0915427e+00,5.8471441e+00,1.2998769e+00,-1.2302399e-04,1.3294466e-01,1
0,1695,16.9500,1.2000000e+01,-4.0910501e+00,5.8474817e+00,1.3004618e+00,4.6181679e-04,1.3294466e-01,1
0,1696,16.9600,1.1993691e+01,-4.0996685e+00,5.8415847e+00,1.3005128e+00,5.1283836e-04,1.3294466e-01,0
0,1697,16.9700,1.2000000e+01,-4.0939150e+00,5.8455215e+00,1.2990596e+00,-9.4032288e-04,1.3294466e-01,1
0,1698,16.9800,1.1998060e+01,-4.0993948e+00,5.8417716e+00,1.3002386e+00,2.3865700e-04,1.3294466e-01,0
0,1699,16.9900,1.2000000e+01,-4.0972900e+00,5.8432117e+00,1.2995126e+00,-4.8732758e-04,1.3294466e-01,1
0,1700,17.0000,1.2000000e+01,-4.0918665e+00,5.8469229e+00,1.2999039e+00,-9.6082687e-05,1.3288863e-01,1
0,1701,17.0100,1.2000000e+01,-4.0910721e+00,5.8474665e+00,1.3004329e+00,4.3296814e-04,1.3288863e-01,1
0,1702,17.0200,1.1993845e+01,-4.0995822e+00,5.8416433e+00,1.3005019e+00,5.0199032e-04,1.3288863e-01,0
0,1703,17.0300,1.2000000e+01,-4.0941019e+00,5.8453932e+00,1.2990988e+00,-9.0110302e-04,1.3288863e-01,1
0,1704,17.0400,1.1998464e+01,-4.0992942e+00,5.8418403e+00,1.3002188e+00,2.1886826e-04,1.3288863e-01,0
0,1705,17.0500,1.2000000e+01,-4.0975657e+00,5.8430233e+00,1.2995511e+00,-4.4882298e-04,1.3288863e-01,1
0,1706,17.0600,1.2000000e+01,-4.0913720e+00,5.8472614e+00,1.2998660e+00,-1.3399124e-04,1.3288863e-01,1
0,1707,17.0700,1.2000000e+01,-4.0911083e+00,5.8474417e+00,1.3004856e+00,4.8565865e-04,1.3288863e-01,1
0,1708,17.0800,1.1993568e+01,-4.0998125e+00,5.8414855e+00,1.3005228e+00,5.2285194e-04,1.3288863e-01,0
0,1709,17.0900,1.2000000e+01,-4.0939555e+00,5.8454928e+00,1.2990460e+00,-9.5391273e-04,1.3288863e-01,1
0,1710,17.1000,1.1998388e+01,-4.0992041e+00,5.8419018e+00,1.3002229e+00,2.2292137e-04,1.3288863e-01,0
0,1711,17.1100,1.2000000e+01,-4.0975156e+00,5.8430572e+00,1.2995553e+00,-4.4465065e-04,1.3288863e-01,1
0,1712,17.1200,1.2000000e+01,-4.0914392e+00,5.8472147e+00,1.2998724e+00,-1.2755394e-04,1.3288863e-01,1
0,1713,17.1300,1.2000000e+01,-4.0910068e+00,5.8475108e+00,1.3004689e+00,4.6896935e-04,1.3288863e-01,1
0,1714,17.1400,1.1993485e+01,-4.0997715e+00,5.8415132e+00,1.3005296e+00,5.2964687e-04,1.3288863e-01,0
0,1715,17.1500,1.2000000e+01,-4.0938039e+00,5.8455963e+00,1.2990305e+00,-9.6940994e-04,1.3288863e-01,1
0,1716,17.1600,1.1998160e+01,-4.0992160e+00,5.8418932e+00,1.3002346e+00,2.3460388e-04,1.3288863e-01,0
0,1717,17.1700,1.2000000e+01,-4.0972972e+00,5.8432064e+00,1.2995327e+00,-4.6730042e-04,1.3288863e-01,1
0,1718,17.1800,1.2000000e+01,-4.0917883e+00,5.8469758e+00,1.2999005e+00,-9.9420547e-05,1.3288863e-01,1
0,1719,17.1900,1.2000000e+01,-4.0909996e+00,5.8475156e+00,1.3004346e+00,4.3463707e-04,1.3288863e-01,1
0,1720,17.2000,1.1993682e+01,-4.0996261e+00,5.8416128e+00,1.3005154e+00,5.1546097e-04,1.3294315e-01,0
0,1721,17.2100,1.2000000e+01,-4.0940495e+00,5.8454285e+00,1.2990870e+00,-9.1290474e-04,1.3294315e-01,1
0,1722,17.2200,1.1998463e+01,-4.0992432e+00,5.8418746e+00,1.3002198e+00,2.1982193e-04,1.3294315e-01,0
0,1723,17.2300,1.2000000e+01,-4.0977263e+00,5.8429127e+00,1.2995729e+00,-4.2700768e-04,1.3294315e-01,1
0,1724,17.2400,1.2000000e+01,-4.0914326e+00,5.8472195e+00,1.2998613e+00,-1.3864040e-04,1.3294315e-01,1
0,1725,17.2500,1.2000000e+01,-4.0911674e+00,5.8474011e+00,1.3004868e+00,4.8685074e-04,1.3294315e-01,1
0,1726,17.2600,1.1994179e+01,-4.0994401e+00,5.8417406e+00,1.3004793e+00,4.7934055e-04,1.3294315e-01,0
0,1727,17.2700,1.2000000e+01,-4.0941510e+00,5.8453598e+00,1.2991278e+00,-8.7213516e-04,1.3294315e-01,1
0,1728,17.2800,1.1998592e+01,-4.0992513e+00,5.8418703e+00,1.3002137e+00,2.1374226e-04,1.3294315e-01,0
0,1729,17.2900,1.2000000e+01,-4.0977969e+00,5.8428655e+00,1.2995794e+00,-4.2057037e-04,1.3294315e-01,1
0,1730,17.3000,1.2000000e+01,-4.0913086e+00,5.8473053e+00,1.2998507e+00,-1.4925003e-04,1.3294315e-01,1
0,1731,17.3100,1.2000000e+01,-4.0911188e+00,5.8474355e+00,1.3004948e+00,4.9483776e-04,1.3294315e-01,1
0,1732,17.3200,1.1993913e+01,-4.0995798e+00,5.8416462e+00,1.3004990e+00,4.9901009e-04,1.3294315e-01,0
0,1733,17.3300,1.2000000e+01,-4.0941687e+00,5.8453484e+00,1.2991114e+00,-8.8858604e-04,1.3294315e-01,1
0,1734,17.3400,1.1998768e+01,-4.0991449e+00,5.8419437e+00,1.3002056e+00,2.0563602e-04,1.3294315e-01,0
0,1735,17.3500,1.2000000e+01,-4.0978799e+00,5.8428092e+00,1.2995976e+00,-4.0233135e-04,1.3294315e-01,1
0,1736,17.3600,1.2000000e+01,-4.0912628e+00,5.8473368e+00,1.2998435e+00,-1.5640259e-04,1.3294315e-01,1
0,1737,17.3700,1.2000000e+01,-4.0909014e+00,5.8475842e+00,1.3004775e+00,4.7755241e-04,1.3294315e-01,1
0,1738,17.3800,1.1993637e+01,-4.0995612e+00,5.8416586e+00,1.3005199e+00,5.1999092e-04,1.3294315e-01,0
0,1739,17.3900,1.2000000e+01,-4.0938659e+00,5.8455558e+00,1.2990716e+00,-9.2840195e-04,1.3294315e-01,1
0,1740,17.4000,1.1998238e+01,-4.0992217e+00,5.8418913e+00,1.3002317e+00,2.3174286e-04,1.3297276e-01,0
0,1741,17.4100,1.2000000e+01,-4.0973697e+00,5.8431582e+00,1.2995410e+00,-4.5895576e-04,1.3297276e-01,1
0,1742,17.4200,1.2000000e+01,-4.0916634e+00,5.8470631e+00,1.2998919e+00,-1.0800362e-04,1.3297276e-01,1
0,1743,17.4300,1.2000000e+01,-4.0910530e+00,5.8474808e+00,1.3004534e+00,4.5347214e-04,1.3297276e-01,1
0,1744,17.4400,1.1993808e+01,-4.0995893e+00,5.8416395e+00,1.3005075e+00,5.0759315e-04,1.3297276e-01,0
0,1745,17.4500,1.2000000e+01,-4.0940962e+00,5.8453979e+00,1.2991009e+00,-8.9907646e-04,1.3297276e-01,1
0,1746,17.4600,1.1998571e+01,-4.0992122e+00,5.8418975e+00,1.3002155e+00,2.1553040e-04,1.3297276e-01,0
0,1747,17.4700,1.2000000e+01,-4.0976601e+00,5.8429594e+00,1.2995710e+00,-4.2891502e-04,1.3297276e-01,1
0,1748,17.4800,1.2000000e+01,-4.0912895e+00,5.8473186e+00,1.2998579e+00,-1.4209747e-04,1.3297276e-01,1
0,1749,17.4900,1.2000000e+01,-4.0909200e+00,5.8475718e+00,1.3004775e+00,4.7755241e-04,1.3297276e-01,1
0,1750,17.5000,1.1993584e+01,-4.0996170e+00,5.8416209e+00,1.3005247e+00,5.2475929e-04,1.3297276e-01,0
0,1751,17.5100,1.2000000e+01,-4.0939040e+00,5.8455300e+00,1.2990702e+00,-9.2971325e-04,1.3297276e-01,1
0,1752,17.5200,1.1997989e+01,-4.0994344e+00,5.8417459e+00,1.3002448e+00,2.4485588e-04,1.3297276e-01,0
0,1753,17.5300,1.2000000e+01,-4.0970826e+00,5.8433547e+00,1.2994907e+00,-5.0926208e-04,1.3297276e-01,1
0,1754,17.5400,1.2000000e+01,-4.0917959e+00,5.8469720e+00,1.2999115e+00,-8.8453293e-05,1.3297276e-01,1
0,1755,17.5500,1.2000000e+01,-4.0910058e+00,5.8475127e+00,1.3004367e+00,4.3678284e-04,1.3297276e-01,1
0,1756,17.5600,1.1993818e+01,-4.0995355e+00,5.8416762e+00,1.3005077e+00,5.0771236e-04,1.3297276e-01,0
0,1757,17.5700,1.2000000e+01,-4.0939631e+00,5.8454890e+00,1.2990909e+00,-9.0909004e-04,1.3297276e-01,1
0,1758,17.5800,1.1998538e+01,-4.0991054e+00,5.8419704e+00,1.3002177e+00,2.1779537e-04,1.3297276e-01,0
0,1759,17.5900,1.2000000e+01,-4.0975862e+00,5.8430095e+00,1.2995749e+00,-4.2510033e-04,1.3297276e-01,1
0,1760,17.6000,1.2000000e+01,-4.0914459e+00,5.8472109e+00,1.2998707e+00,-1.2922287e-04,1.3291924e-01,1
0,1761,17.6100,1.2000000e+01,-4.0910339e+00,5.8474932e+00,1.3004742e+00,4.7421455e-04,1.3291924e-01,1
0,1762,17.6200,1.1993801e+01,-4.0995760e+00,5.8416481e+00,1.3005093e+00,5.0938129e-04,1.3291924e-01,0
0,1763,17.6300,1.2000000e+01,-4.0940452e+00,5.8454323e+00,1.2990972e+00,-9.0277195e-04,1.3291924e-01,1
0,1764,17.6400,1.1998644e+01,-4.0991116e+00,5.8419657e+00,1.3002129e+00,2.1290779e-04,1.3291924e-01,0
0,1765,17.6500,1.2000000e+01,-4.0977111e+00,5.8429241e+00,1.2995865e+00,-4.1341782e-04,1.3291924e-01,1
0,1766,17.6600,1.2000000e+01,-4.0911736e+00,5.8473973e+00,1.2998492e+00,-1.5079975e-04,1.3291924e-01,1
0,1767,17.6700,1.2000000e+01,-4.0910020e+00,5.8475151e+00,1.3004988e+00,4.9889088e-04,1.3291924e-01,1
0,1768,17.6800,1.1993674e+01,-4.0996337e+00,5.8416085e+00,1.3005191e+00,5.1915646e-04,1.3291924e-01,0
0,1769,17.6900,1.2000000e+01,-4.0939002e+00,5.8455315e+00,1.2990690e+00,-9.3090534e-04,1.3291924e-01,1
0,1770,17.7000,1.1998255e+01,-4.0992432e+00,5.8418756e+00,1.3002322e+00,2.3221970e-04,1.3291924e-01,0
0,1771,17.7100,1.2000000e+01,-4.0973887e+00,5.8431444e+00,1.2995427e+00,-4.5728683e-04,1.3291924e-01,1
0,1772,17.7200,1.2000000e+01,-4.0916829e+00,5.8470488e+00,1.2998929e+00,-1.0704994e-04,1.3291924e-01,1
0,1773,17.7300,1.2000000e+01,-4.0909543e+00,5.8475475e+00,1.3004436e+00,4.4369698e-04,1.3291924e-01,1
0,1774,17.7400,1.1993565e+01,-4.0996642e+00,5.8415875e+00,1.3005278e+00,5.2785873e-04,1.3291924e-01,0
0,1775,17.7500,1.2000000e+01,-4.0937996e+00,5.8456006e+00,1.2990508e+00,-9.4914436e-04,1.3291924e-01,1
0,1776,17.7600,1.1997938e+01,-4.0993676e+00,5.8417907e+00,1.3002486e+00,2.4867058e-04,1.3291924e-01,0
0,1777,17.7700,1.2000000e+01,-4.0970907e+00,5.8433485e+00,1.2995000e+00,-4.9996376e-04,1.3291924e-01,1
0,1778,17.7800,1.2000000e+01,-4.0918546e+00,5.8469310e+00,1.2999144e+00,-8.5592270e-05,1.3291924e-01,1
0,1779,17.7900,1.2000000e+01,-4.0909696e+00,5.8475366e+00,1.3004291e+00,4.2915344e-04,1.3291924e-01,1
0,1780,17.8000,1.1993686e+01,-4.0995941e+00,5.8416352e+00,1.3005192e+00,5.1927567e-04,1.3293040e-01,0
0,1781,17.8100,1.2000000e+01,-4.0938749e+00,5.8455486e+00,1.2990723e+00,-9.2768669e-04,1.3293040e-01,1
0,1782,17.8200,1.1998278e+01,-4.0992031e+00,5.8419032e+00,1.3002317e+00,2.3174286e-04,1.3293040e-01,0
0,1783,17.8300,1.2000000e+01,-4.0975099e+00,5.8430619e+00,1.2995594e+00,-4.4059753e-04,1.3293040e-01,1
0,1784,17.8400,1.2000000e+01,-4.0915790e+00,5.8471203e+00,1.2998823e+00,-1.1765957e-04,1.3293040e-01,1
0,1785,17.8500,1.2000000e+01,-4.0910573e+00,5.8474774e+00,1.3004649e+00,4.6491623e-04,1.3293040e-01,1
0,1786,17.8600,1.1993776e+01,-4.0996161e+00,5.8416209e+00,1.3005128e+00,5.1283836e-04,1.3293040e-01,0
0,1787,17.8700,1.2000000e+01,-4.0939679e+00,5.8454852e+00,1.2990830e+00,-9.1695786e-04,1.3293040e-01,1
0,1788,17.8800,1.1998446e+01,-4.0991755e+00,5.8419218e+00,1.3002236e+00,2.2363663e-04,1.3293040e-01,0
0,1789,17.8900,1.2000000e+01,-4.0974355e+00,5.8431120e+00,1.2995553e+00,-4.4465065e-04,1.3293040e-01,1
0,1790,17.9000,1.2000000e+01,-4.0917044e+00,5.8470335e+00,1.2998923e+00,-1.0764599e-04,1.3293040e-01,1
0,1791,17.9100,1.2000000e+01,-4.0909190e+00,5.8475709e+00,1.3004394e+00,4.3940544e-04,1.3293040e-01,1
0,1792,17.9200,1.1993546e+01,-4.0996428e+00,5.8416014e+00,1.3005306e+00,5.3060055e-04,1.3293040e-01,0
0,1793,17.9300,1.2000000e+01,-4.0938063e+00,5.8455954e+00,1.2990565e+00,-9.4342232e-04,1.3293040e-01,1
0,1794,17.9400,1.1998483e+01,-4.0989909e+00,5.8420477e+00,1.3002222e+00,2.2220612e-04,1.3293040e-01,0
0,1795,17.9500,1.2000000e+01,-4.0976925e+00,5.8429360e+00,1.2995977e+00,-4.0221214e-04,1.3293040e-01,1
0,1796,17.9600,1.2000000e+01,-4.0913877e+00,5.8472500e+00,1.2998632e+00,-1.3673306e-04,1.3293040e-01,1
0,1797,17.9700,1.2000000e+01,-4.0909200e+00,5.8475704e+00,1.3004708e+00,4.7087669e-04,1.3293040e-01,1
0,1798,17.9800,1.1993534e+01,-4.0996528e+00,5.8415952e+00,1.3005319e+00,5.3191185e-04,1.3293040e-01,0
0,1799,17.9900,1.2000000e+01,-4.0938740e+00,5.8455496e+00,1.2990652e+00,-9.3472004e-04,1.3293040e-01,1
0,1800,18.0000,1.1998307e+01,-4.0991802e+00,5.8419189e+00,1.3002310e+00,2.3102760e-04,1.3299823e-01,0
0,1801,18.0100,1.2000000e+01,-4.0975995e+00,5.8430004e+00,1.2995714e+00,-4.2855740e-04,1.3299823e-01,1
0,1802,18.0200,1.2000000e+01,-4.0912547e+00,5.8473415e+00,1.2998612e+00,-1.3875961e-04,1.3299823e-01,1
0,1803,18.0300,1.2000000e+01,-4.0910053e+00,5.8475122e+00,1.3004934e+00,4.9340725e-04,1.3299823e-01,1
0,1804,18.0400,1.1993711e+01,-4.0996099e+00,5.8416243e+00,1.3005188e+00,5.1879883e-04,1.3299823e-01,0
0,1805,18.0500,1.2000000e+01,-4.0938954e+00,5.8455343e+00,1.2990751e+00,-9.2482567e-04,1.3299823e-01,1
0,1806,18.0600,1.1998146e+01,-4.0993152e+00,5.8418260e+00,1.3002393e+00,2.3937225e-04,1.3299823e-01,0
0,1807,18.0700,1.2000000e+01,-4.0972028e+00,5.8432713e+00,1.2995191e+00,-4.8089027e-04,1.3299823e-01,1
0,1808,18.0800,1.2000000e+01,-4.0917068e+00,5.8470321e+00,1.2999038e+00,-9.6201897e-05,1.3299823e-01,1
0,1809,18.0900,1.2000000e+01,-4.0908661e+00,5.8476076e+00,1.3004351e+00,4.3511391e-04,1.3299823e-01,1
0,1810,18.1000,1.1993618e+01,-4.0995402e+00,5.8416724e+00,1.3005264e+00,5.2642822e-04,1.3299823e-01,0
0,1811,18.1100,1.2000000e+01,-4.0938654e+00,5.8455553e+00,1.2990811e+00,-9.1886520e-04,1.3299823e-01,1
0,1812,18.1200,1.1998256e+01,-4.0992079e+00,5.8418999e+00,1.3002341e+00,2.3412704e-04,1.3299823e-01,0
0,1813,18.1300,1.2000000e+01,-4.0974345e+00,5.8431129e+00,1.2995534e+00,-4.4655800e-04,1.3299823e-01,1
0,1814,18.1400,1.2000000e+01,-4.0915928e+00,5.8471103e+00,1.2998877e+00,-1.1229515e-04,1.3299823e-01,1
0,1815,18.1500,1.2000000e+01,-4.0909848e+00,5.8475266e+00,1.3004582e+00,4.5824051e-04,1.3299823e-01,1
0,1816,18.1600,1.1993917e+01,-4.0994458e+00,5.8417368e+00,1.3005044e+00,5.0449371e-04,1.3299823e-01,0
0,1817,18.1700,1.2000000e+01,-4.0939789e+00,5.8454776e+00,1.2991109e+00,-8.8906288e-04,1.3299823e-01,1
0,1818,18.1800,1.1998498e+01,-4.0991488e+00,5.8419404e+00,1.3002223e+00,2.2232533e-04,1.3299823e-01,0
0,1819,18.1900,1.2000000e+01,-4.0974569e+00,5.8430982e+00,1.2995619e+00,-4.3809414e-04,1.3299823e-01,1
0,1820,18.2000,1.2000000e+01,-4.0915642e+00,5.8471308e+00,1.2998853e+00,-1.1467934e-04,1.3289464e-01,1
0,1821,18.2100,1.2000000e+01,-4.0911107e+00,5.8474417e+00,1.3004739e+00,4.7397614e-04,1.3289464e-01,1
0,1822,18.2200,1.1993925e+01,-4.0995641e+00,5.8416572e+00,1.3005041e+00,5.0413609e-04,1.3289464e-01,0
0,1823,18.2300,1.2000000e+01,-4.0940514e+00,5.8454289e+00,1.2991052e+00,-8.9478493e-04,1.3289464e-01,1
0,1824,18.2400,1.1998566e+01,-4.0991726e+00,5.8419251e+00,1.3002192e+00,2.1922588e-04,1.3289464e-01,0
0,1825,18.2500,1.2000000e+01,-4.0976439e+00,5.8429708e+00,1.2995780e+00,-4.2200089e-04,1.3289464e-01,1
0,1826,18.2600,1.2000000e+01,-4.0910802e+00,5.8474622e+00,1.2998497e+00,-1.5020370e-04,1.3289464e-01,1
0,1827,18.2700,1.2000000e+01,-4.0910187e+00,5.8475041e+00,1.3005142e+00,5.1426888e-04,1.3289464e-01,1
0,1828,18.2800,1.1993758e+01,-4.0995913e+00,5.8416381e+00,1.3005168e+00,5.1689148e-04,1.3289464e-01,0
0,1829,18.2900,1.2000000e+01,-4.0939546e+00,5.8454952e+00,1.2990880e+00,-9.1195107e-04,1.3289464e-01,1
0,1830,18.3000,1.1998123e+01,-4.0993896e+00,5.8417764e+00,1.3002415e+00,2.4151802e-04,1.3289464e-01,0
0,1831,18.3100,1.2000000e+01,-4.0971446e+00,5.8433123e+00,1.2995069e+00,-4.9304962e-04,1.3289464e-01,1
0,1832,18.3200,1.2000000e+01,-4.0918860e+00,5.8469105e+00,1.2999148e+00,-8.5115433e-05,1.3289464e-01,1
0,1833,18.3300,1.2000000e+01,-4.0908904e+00,5.8475919e+00,1.3004217e+00,4.2176247e-04,1.3289464e-01,1
0,1834,18.3400,1.1993590e+01,-4.0995836e+00,5.8416433e+00,1.3005300e+00,5.3000450e-04,1.3289464e-01,0
0,1835,18.3500,1.2000000e+01,-4.0938520e+00,5.8455653e+00,1.2990750e+00,-9.2494488e-04,1.3289464e-01,1
0,1836,18.3600,1.1998012e+01,-4.0993676e+00,5.8417912e+00,1.3002476e+00,2.4759769e-04,1.3289464e-01,0
0,1837,18.3700,1.2000000e+01,-4.0971336e+00,5.8433199e+00,1.2995083e+00,-4.9161911e-04,1.3289464e-01,1
0,1838,18.3800,1.2000000e+01,-4.0920124e+00,5.8468242e+00,1.2999208e+00,-7.9154968e-05,1.3289464e-01,1
0,1839,18.3900,1.2000000e+01,-4.0909615e+00,5.8475437e+00,1.3004169e+00,4.1699409e-04,1.3289464e-01,1
0,1840,18.4000,1.1993690e+01,-4.0995827e+00,5.8416448e+00,1.3005228e+00,5.2285194e-04,1.3293993e-01,0
0,1841,18.4100,1.2000000e+01,-4.0938749e+00,5.8455501e+00,1.2990792e+00,-9.2077255e-04,1.3293993e-01,1
0,1842,18.4200,1.1998407e+01,-4.0991116e+00,5.8419671e+00,1.3002279e+00,2.2792816e-04,1.3293993e-01,0
0,1843,18.4300,1.2000000e+01,-4.0974889e+00,5.8430772e+00,1.2995698e+00,-4.3010712e-04,1.3293993e-01,1
0,1844,18.4400,1.2000000e+01,-4.0914297e+00,5.8472233e+00,1.2998776e+00,-1.2230873e-04,1.3293993e-01,1
0,1845,18.4500,1.2000000e+01,-4.0909343e+00,5.8475628e+00,1.3004711e+00,4.7111511e-04,1.3293993e-01,1
0,1846,18.4600,1.1993658e+01,-4.0995789e+00,5.8416476e+00,1.3005257e+00,5.2571297e-04,1.3293993e-01,0
0,1847,18.4700,1.2000000e+01,-4.0939403e+00,5.8455057e+00,1.2990893e+00,-9.1063976e-04,1.3293993e-01,1
0,1848,18.4800,1.1998179e+01,-4.0993352e+00,5.8418140e+00,1.3002394e+00,2.3949146e-04,1.3293993e-01,0
0,1849,18.4900,1.2000000e+01,-4.0972862e+00,5.8432159e+00,1.2995281e+00,-4.7183037e-04,1.3293993e-01,1
0,1850,18.5000,1.2000000e+01,-4.0917039e+00,5.8470354e+00,1.2999010e+00,-9.8943710e-05,1.3293993e-01,1
0,1851,18.5100,1.2000000e+01,-4.0909672e+00,5.8475399e+00,1.3004477e+00,4.4775009e-04,1.3293993e-01,1
0,1852,18.5200,1.1993800e+01,-4.0995111e+00,5.8416934e+00,1.3005154e+00,5.1546097e-04,1.3293993e-01,0
0,1853,18.5300,1.2000000e+01,-4.0939407e+00,5.8455048e+00,1.2990994e+00,-9.0050697e-04,1.3293993e-01,1
0,1854,18.5400,1.1998254e+01,-4.0992837e+00,5.8418489e+00,1.3002360e+00,2.3603439e-04,1.3293993e-01,0
0,1855,18.5500,1.2000000e+01,-4.0973353e+00,5.8431821e+00,1.2995386e+00,-4.6133995e-04,1.3293993e-01,1
0,1856,18.5600,1.2000000e+01,-4.0918798e+00,5.8469148e+00,1.2999070e+00,-9.2983246e-05,1.3293993e-01,1
0,1857,18.5700,1.2000000e+01,-4.0908766e+00,5.8476014e+00,1.3004224e+00,4.2247772e-04,1.3293993e-01,1
0,1858,18.5800,1.1993711e+01,-4.0994854e+00,5.8417106e+00,1.3005226e+00,5.2261353e-04,1.3293993e-01,0
0,1859,18.5900,1.2000000e+01,-4.0937543e+00,5.8456316e+00,1.2990773e+00,-9.2267990e-04,1.3293993e-01,1
0,1860,18.6000,1.1997683e+01,-4.0995035e+00,5.8416977e+00,1.3002660e+00,2.6607513e-04,1.3297208e-01,0
0,1861,18.6100,1.2000000e+01,-4.0969033e+00,5.8434768e+00,1.2994714e+00,-5.2857399e-04,1.3297208e-01,1
0,1862,18.6200,1.2000000e+01,-4.0921068e+00,5.8467588e+00,1.2999341e+00,-6.5803528e-05,1.3297208e-01,1
0,1863,18.6300,1.2000000e+01,-4.0909963e+00,5.8475194e+00,1.3004129e+00,4.1294098e-04,1.3297208e-01,1
0,1864,18.6400,1.1993752e+01,-4.0995731e+00,5.8416505e+00,1.3005198e+00,5.1987171e-04,1.3297208e-01,0
0,1865,18.6500,1.2000000e+01,-4.0938158e+00,5.8455896e+00,1.2990744e+00,-9.2554092e-04,1.3297208e-01,1
0,1866,18.6600,1.1998140e+01,-4.0992413e+00,5.8418770e+00,1.3002424e+00,2.4247169e-04,1.3297208e-01,0
0,1867,18.6700,1.2000000e+01,-4.0972357e+00,5.8432493e+00,1.2995336e+00,-4.6634674e-04,1.3297208e-01,1
0,1868,18.6800,1.2000000e+01,-4.0917568e+00,5.8469982e+00,1.2999063e+00,-9.3698502e-05,1.3297208e-01,1
0,1869,18.6900,1.2000000e+01,-4.0909266e+00,5.8475661e+00,1.3004398e+00,4.3988228e-04,1.3297208e-01,1
0,1870,18.7000,1.1993751e+01,-4.0995064e+00,5.8416953e+00,1.3005204e+00,5.2046776e-04,1.3297208e-01,0
0,1871,18.7100,1.2000000e+01,-4.0938802e+00,5.8455453e+00,1.2990932e+00,-9.0670586e-04,1.3297208e-01,1
0,1872,18.7200,1.1998369e+01,-4.0991430e+00,5.8419442e+00,1.3002311e+00,2.3114681e-04,1.3297208e-01,0
0,1873,18.7300,1.2000000e+01,-4.0975208e+00,5.8430543e+00,1.2995718e+00,-4.2819977e-04,1.3297208e-01,1
0,1874,18.7400,1.2000000e+01,-4.0915098e+00,5.8471675e+00,1.2998811e+00,-1.1885166e-04,1.3297208e-01,1
0,1875,18.7500,1.2000000e+01,-4.0908513e+00,5.8476186e+00,1.3004568e+00,4.5681000e-04,1.3297208e-01,1
0,1876,18.7600,1.1993490e+01,-4.0996156e+00,5.8416214e+00,1.3005404e+00,5.4049492e-04,1.3297208e-01,0
0,1877,18.7700,1.2000000e+01,-4.0936065e+00,5.8457336e+00,1.2990391e+00,-9.6082687e-04,1.3297208e-01,1
0,1878,18.7800,1.1997922e+01,-4.0991898e+00,5.8419132e+00,1.3002543e+00,2.5439262e-04,1.3297208e-01,0
0,1879,18.7900,1.2000000e+01,-4.0970135e+00,5.8434019e+00,1.2995168e+00,-4.8315525e-04,1.3297208e-01,1
0,1880,18.8000,1.2000000e+01,-4.0921512e+00,5.8467288e+00,1.2999321e+00,-6.7830086e-05,1.3286869e-01,1
0,1881,18.8100,1.2000000e+01,-4.0909476e+00,5.8475523e+00,1.3004053e+00,4.0531158e-04,1.3286869e-01,1
0,1882,18.8200,1.1993730e+01,-4.0995421e+00,5.8416715e+00,1.3005228e+00,5.2285194e-04,1.3286869e-01,0
0,1883,18.8300,1.2000000e+01,-4.0938945e+00,5.8455358e+00,1.2990913e+00,-9.0861320e-04,1.3286869e-01,1
0,1884,18.8400,1.1998202e+01,-4.0992751e+00,5.8418541e+00,1.3002400e+00,2.4008751e-04,1.3286869e-01,0
0,1885,18.8500,1.2000000e+01,-4.0972710e+00,5.8432255e+00,1.2995349e+00,-4.6503544e-04,1.3286869e-01,1
0,1886,18.8600,1.2000000e+01,-4.0919099e+00,5.8468938e+00,1.2999120e+00,-8.7976456e-05,1.3286869e-01,1
0,1887,18.8700,1.2000000e+01,-4.0909638e+00,5.8475413e+00,1.3004298e+00,4.2986870e-04,1.3286869e-01,1
0,1888,18.8800,1.1993758e+01,-4.0995378e+00,5.8416743e+00,1.3005210e+00,5.2106380e-04,1.3286869e-01,0
0,1889,18.8900,1.2000000e+01,-4.0938034e+00,5.8455982e+00,1.2990797e+00,-9.2029572e-04,1.3286869e-01,1
0,1890,18.9000,1.1998199e+01,-4.0991883e+00,5.8419137e+00,1.3002405e+00,2.4056435e-04,1.3286869e-01,0
0,1891,18.9100,1.2000000e+01,-4.0971518e+00,5.8433070e+00,1.2995319e+00,-4.6801567e-04,1.3286869e-01,1
0,1892,18.9200,1.2000000e+01,-4.0918851e+00,5.8469110e+00,1.2999161e+00,-8.3804131e-05,1.3286869e-01,1
0,1893,18.9300,1.2000000e+01,-4.0909181e+00,5.8475723e+00,1.3004282e+00,4.2819977e-04,1.3286869e-01,1
0,1894,18.9400,1.1993789e+01,-4.0994716e+00,5.8417192e+00,1.3005192e+00,5.1927567e-04,1.3286869e-01,0
0,1895,18.9500,1.2000000e+01,-4.0938668e+00,5.8455539e+00,1.2990984e+00,-9.0157986e-04,1.3286869e-01,1
0,1896,18.9600,1.1998158e+01,-4.0992799e+00,5.8418498e+00,1.3002429e+00,2.4294853e-04,1.3286869e-01,0
0,1897,18.9700,1.2000000e+01,-4.0972886e+00,5.8432121e+00,1.2995369e+00,-4.6300888e-04,1.3286869e-01,1
0,1898,18.9800,1.2000000e+01,-4.0917277e+00,5.8470173e+00,1.2999034e+00,-9.6559525e-05,1.3286869e-01,1
0,1899,18.9900,1.2000000e+01,-4.0909724e+00,5.8475342e+00,1.3004489e+00,4.4894218e-04,1.3286869e-01,1
0,1900,19.0000,1.1993696e+01,-4.0995889e+00,5.8416381e+00,1.3005264e+00,5.2642822e-04,1.3295285e-01,0
0,1901,19.0100,1.2000000e+01,-4.0937381e+00,5.8456416e+00,1.2990643e+00,-9.3567371e-04,1.3295285e-01,1
0,1902,19.0200,1.1997896e+01,-4.0993371e+00,5.8418107e+00,1.3002567e+00,2.5677681e-04,1.3295285e-01,0
0,1903,19.0300,1.2000000e+01,-4.0970435e+00,5.8433800e+00,1.2995064e+00,-4.9352646e-04,1.3295285e-01,1
0,1904,19.0400,1.2000000e+01,-4.0918069e+00,5.8469634e+00,1.2999177e+00,-8.2254410e-05,1.3295285e-01,1
0,1905,19.0500,1.2000000e+01,-4.0909538e+00,5.8475475e+00,1.3004398e+00,4.3988228e-04,1.3295285e-01,1
0,1906,19.0600,1.1993684e+01,-4.0995798e+00,5.8416452e+00,1.3005278e+00,5.2785873e-04,1.3295285e-01,0
0,1907,19.0700,1.2000000e+01,-4.0937395e+00,5.8456416e+00,1.2990663e+00,-9.3364716e-04,1.3295285e-01,1
0,1908,19.0800,1.1997971e+01,-4.0992861e+00,5.8418465e+00,1.3002532e+00,2.5320053e-04,1.3295285e-01,0
0,1909,19.0900,1.2000000e+01,-4.0970497e+00,5.8433766e+00,1.2995127e+00,-4.8720837e-04,1.3295285e-01,1
0,1910,19.1000,1.2000000e+01,-4.0918632e+00,5.8469257e+00,1.2999200e+00,-7.9989433e-05,1.3295285e-01,1
0,1911,19.1100,1.2000000e+01,-4.0909872e+00,5.8475256e+00,1.3004380e+00,4.3809414e-04,1.3295285e-01,1
0,1912,19.1200,1.1993930e+01,-4.0994391e+00,5.8417425e+00,1.3005098e+00,5.0985813e-04,1.3295285e-01,0
0,1913,19.1300,1.2000000e+01,-4.0939112e+00,5.8455248e+00,1.2991108e+00,-8.8918209e-04,1.3295285e-01,1
0,1914,19.1400,1.1998442e+01,-4.0991220e+00,5.8419595e+00,1.3002293e+00,2.2935867e-04,1.3295285e-01,0
0,1915,19.1500,1.2000000e+01,-4.0974655e+00,5.8430929e+00,1.2995710e+00,-4.2891502e-04,1.3295285e-01,1
0,1916,19.1600,1.2000000e+01,-4.0913382e+00,5.8472857e+00,1.2998765e+00,-1.2350082e-04,1.3295285e-01,1
0,1917,19.1700,1.2000000e+01,-4.0909681e+00,5.8475394e+00,1.3004884e+00,4.8840046e-04,1.3295285e-01,1
0,1918,19.1800,1.1993830e+01,-4.0994906e+00,5.8417077e+00,1.3005176e+00,5.1760674e-04,1.3295285e-01,0
0,1919,19.1900,1.2000000e+01,-4.0937824e+00,5.8456135e+00,1.2990860e+00,-9.1397762e-04,1.3295285e-01,1
0,1920,19.2000,1.1998289e+01,-4.0991044e+00,5.8419719e+00,1.3002373e+00,2.3734570e-04,1.3292050e-01,0
0,1921,19.2100,1.2000000e+01,-4.0972753e+00,5.8432236e+00,1.2995543e+00,-4.4560432e-04,1.3292050e-01,1
0,1922,19.2200,1.2000000e+01,-4.0916791e+00,5.8470526e+00,1.2999024e+00,-9.7513199e-05,1.3292050e-01,1
0,1923,19.2300,1.2000000e+01,-4.0908623e+00,5.8476119e+00,1.3004442e+00,4.4429302e-04,1.3292050e-01,1
0,1924,19.2400,1.1993652e+01,-4.0995126e+00,5.8416929e+00,1.3005314e+00,5.3143501e-04,1.3292050e-01,0
0,1925,19.2500,1.2000000e+01,-4.0936866e+00,5.8456793e+00,1.2990696e+00,-9.3030930e-04,1.3292050e-01,1
0,1926,19.2600,1.1998059e+01,-4.0991721e+00,5.8419261e+00,1.3002493e+00,2.4938583e-04,1.3292050e-01,0
0,1927,19.2700,1.2000000e+01,-4.0970821e+00,5.8433561e+00,1.2995286e+00,-4.7135353e-04,1.3292050e-01,1
0,1928,19.2800,1.2000000e+01,-4.0918593e+00,5.8469300e+00,1.2999189e+00,-8.1062317e-05,1.3292050e-01,1
0,1929,19.2900,1.2000000e+01,-4.0909719e+00,5.8475375e+00,1.3004379e+00,4.3797493e-04,1.3292050e-01,1
0,1930,19.3000,1.1993903e+01,-4.0994434e+00,5.8417406e+00,1.3005129e+00,5.1295757e-04,1.3292050e-01,0
0,1931,19.3100,1.2000000e+01,-4.0938120e+00,5.8455935e+00,1.2990978e+00,-9.0217590e-04,1.3292050e-01,1
0,1932,19.3200,1.1998372e+01,-4.0990744e+00,5.8419924e+00,1.3002336e+00,2.3365021e-04,1.3292050e-01,0
0,1933,19.3300,1.2000000e+01,-4.0973797e+00,5.8431520e+00,1.2995682e+00,-4.3177605e-04,1.3292050e-01,1
0,1934,19.3400,1.2000000e+01,-4.0916934e+00,5.8470430e+00,1.2998986e+00,-1.0132790e-04,1.3292050e-01,1
0,1935,19.3500,1.2000000e+01,-4.0908179e+00,5.8476419e+00,1.3004392e+00,4.3928623e-04,1.3292050e-01,1
0,1936,19.3600,1.1993752e+01,-4.0993981e+00,5.8417706e+00,1.3005246e+00,5.2464008e-04,1.3292050e-01,0
0,1937,19.3700,1.2000000e+01,-4.0937181e+00,5.8456573e+00,1.2990911e+00,-9.0885162e-04,1.3292050e-01,1
0,1938,19.3800,1.1997823e+01,-4.0993695e+00,5.8417902e+00,1.3002622e+00,2.6226044e-04,1.3292050e-01,0
0,1939,19.3900,1.2000000e+01,-4.0970416e+00,5.8433833e+00,1.2995050e+00,-4.9495697e-04,1.3292050e-01,1
0,1940,19.4000,1.2000000e+01,-4.0916233e+00,5.8470907e+00,1.2999108e+00,-8.9168549e-05,1.3289952e-01,1
0,1941,19.4100,1.2000000e+01,-4.0909715e+00,5.8475370e+00,1.3004615e+00,4.6157837e-04,1.3289952e-01,1
0,1942,19.4200,1.1993799e+01,-4.0995164e+00,5.8416901e+00,1.3005214e+00,5.2142143e-04,1.3289952e-01,0
0,1943,19.4300,1.2000000e+01,-4.0939112e+00,5.8455253e+00,1.2991023e+00,-8.9764595e-04,1.3289952e-01,1
0,1944,19.4400,1.1998328e+01,-4.0992026e+00,5.8419046e+00,1.3002362e+00,2.3627281e-04,1.3289952e-01,0
0,1945,19.4500,1.2000000e+01,-4.0972614e+00,5.8432326e+00,1.2995448e+00,-4.5514107e-04,1.3289952e-01,1
0,1946,19.4600,1.2000000e+01,-4.0917463e+00,5.8470063e+00,1.2999067e+00,-9.3221664e-05,1.3289952e-01,1
0,1947,19.4700,1.2000000e+01,-4.0909891e+00,5.8475246e+00,1.3004515e+00,4.5156479e-04,1.3289952e-01,1
0,1948,19.4800,1.1993786e+01,-4.0995426e+00,5.8416715e+00,1.3005227e+00,5.2273273e-04,1.3289952e-01,0
0,1949,19.4900,1.2000000e+01,-4.0938554e+00,5.8455629e+00,1.2990913e+00,-9.0861320e-04,1.3289952e-01,1
0,1950,19.5000,1.1998178e+01,-4.0992537e+00,5.8418694e+00,1.3002441e+00,2.4414062e-04,1.3289952e-01,0
0,1951,19.5100,1.2000000e+01,-4.0973315e+00,5.8431845e+00,1.2995470e+00,-4.5299530e-04,1.3289952e-01,1
0,1952,19.5200,1.2000000e+01,-4.0917077e+00,5.8470325e+00,1.2999020e+00,-9.7990036e-05,1.3289952e-01,1
0,1953,19.5300,1.2000000e+01,-4.0908260e+00,5.8476362e+00,1.3004396e+00,4.3964386e-04,1.3289952e-01,1
0,1954,19.5400,1.1993707e+01,-4.0994387e+00,5.8417430e+00,1.3005291e+00,5.2917004e-04,1.3289952e-01,0
0,1955,19.5500,1.2000000e+01,-4.0937877e+00,5.8456097e+00,1.2990966e+00,-9.0336800e-04,1.3289952e-01,1
0,1956,19.5600,1.1998215e+01,-4.0991621e+00,5.8419323e+00,1.3002425e+00,2.4259090e-04,1.3289952e-01,0
0,1957,19.5700,1.2000000e+01,-4.0971036e+00,5.8433409e+00,1.2995336e+00,-4.6634674e-04,1.3289952e-01,1
0,1958,19.5800,1.2000000e+01,-4.0918212e+00,5.8469553e+00,1.2999171e+00,-8.2850456e-05,1.3289952e-01,1
0,1959,19.5900,1.2000000e+01,-4.0908661e+00,5.8476090e+00,1.3004329e+00,4.3296814e-04,1.3289952e-01,1
0,1960,19.6000,1.1993760e+01,-4.0994401e+00,5.8417420e+00,1.3005254e+00,5.2547455e-04,1.3291745e-01,0
0,1961,19.6100,1.2000000e+01,-4.0937610e+00,5.8456278e+00,1.2990932e+00,-9.0670586e-04,1.3291745e-01,1
0,1962,19.6200,1.1998083e+01,-4.0992284e+00,5.8418865e+00,1.3002496e+00,2.4962425e-04,1.3291745e-01,0
0,1963,19.6300,1.2000000e+01,-4.0971622e+00,5.8433003e+00,1.2995331e+00,-4.6682358e-04,1.3291745e-01,1
0,1964,19.6400,1.2000000e+01,-4.0920339e+00,5.8468094e+00,1.2999237e+00,-7.6293945e-05,1.3291745e-01,1
0,1965,19.6500,1.2000000e+01,-4.0909882e+00,5.8475251e+00,1.3004248e+00,4.2486191e-04,1.3291745e-01,1
0,1966,19.6600,1.1993904e+01,-4.0994582e+00,5.8417292e+00,1.3005149e+00,5.1498413e-04,1.3291745e-01,0
0,1967,19.6700,1.2000000e+01,-4.0939837e+00,5.8454752e+00,1.2991223e+00,-8.7761879e-04,1.3291745e-01,1
0,1968,19.6800,1.1998634e+01,-4.0990577e+00,5.8420033e+00,1.3002219e+00,2.2196770e-04,1.3291745e-01,0
0,1969,19.6900,1.2000000e+01,-4.0975122e+00,5.8430605e+00,1.2995846e+00,-4.1532516e-04,1.3291745e-01,1
0,1970,19.7000,1.2000000e+01,-4.0911641e+00,5.8474045e+00,1.2998664e+00,-1.3351440e-04,1.3291745e-01,1
0,1971,19.7100,1.2000000e+01,-4.0907741e+00,5.8476715e+00,1.3004892e+00,4.8923492e-04,1.3291745e-01,1
0,1972,19.7200,1.1993551e+01,-4.0994973e+00,5.8417025e+00,1.3005420e+00,5.4204464e-04,1.3291745e-01,0
0,1973,19.7300,1.2000000e+01,-4.0937119e+00,5.8456612e+00,1.2990789e+00,-9.2101097e-04,1.3291745e-01,1
0,1974,19.7400,1.1998016e+01,-4.0992270e+00,5.8418875e+00,1.3002535e+00,2.5355816e-04,1.3291745e-01,0
0,1975,19.7500,1.2000000e+01,-4.0970206e+00,5.8433971e+00,1.2995195e+00,-4.8041344e-04,1.3291745e-01,1
0,1976,19.7600,1.2000000e+01,-4.0920072e+00,5.8468275e+00,1.2999284e+00,-7.1525574e-05,1.3291745e-01,1
0,1977,19.7700,1.2000000e+01,-4.0909257e+00,5.8475676e+00,1.3004220e+00,4.2200089e-04,1.3291745e-01,1
0,1978,19.7800,1.1993854e+01,-4.0994334e+00,5.8417463e+00,1.3005195e+00,5.1951408e-04,1.3291745e-01,0
0,1979,19.7900,1.2000000e+01,-4.0938258e+00,5.8455830e+00,1.2991047e+00,-8.9526176e-04,1.3291745e-01,1
0,1980,19.8000,1.1998348e+01,-4.0991054e+00,5.8419704e+00,1.3002367e+00,2.3674965e-04,1.3290858e-01,0
0,1981,19.8100,1.2000000e+01,-4.0973668e+00,5.8431602e+00,1.2995665e+00,-4.3344498e-04,1.3290858e-01,1
0,1982,19.8200,1.2000000e+01,-4.0915585e+00,5.8471346e+00,1.2998941e+00,-1.0585785e-04,1.3290858e-01,1
0,1983,19.8300,1.2000000e+01,-4.0909319e+00,5.8475637e+00,1.3004663e+00,4.6634674e-04,1.3290858e-01,1
0,1984,19.8400,1.1993793e+01,-4.0994816e+00,5.8417134e+00,1.3005242e+00,5.2428246e-04,1.3290858e-01,0
0,1985,19.8500,1.2000000e+01,-4.0938764e+00,5.8455486e+00,1.2991054e+00,-8.9454651e-04,1.3290858e-01,1
0,1986,19.8600,1.1998615e+01,-4.0989666e+00,5.8420658e+00,1.3002236e+00,2.2363663e-04,1.3290858e-01,0
0,1987,19.8700,1.2000000e+01,-4.0976763e+00,5.8429484e+00,1.2996092e+00,-3.9076805e-04,1.3290858e-01,1
0,1988,19.8800,1.2000000e+01,-4.0913663e+00,5.8472662e+00,1.2998691e+00,-1.3089180e-04,1.3290858e-01,1
0,1989,19.8900,1.2000000e+01,-4.0908542e+00,5.8476171e+00,1.3004779e+00,4.7791004e-04,1.3290858e-01,1
0,1990,19.9000,1.1993688e+01,-4.0994802e+00,5.8417149e+00,1.3005326e+00,5.3262711e-04,1.3290858e-01,0
0,1991,19.9100,1.2000000e+01,-4.0937572e+00,5.8456306e+00,1.2990892e+00,-9.1075897e-04,1.3290858e-01,1
0,1992,19.9200,1.1998100e+01,-4.0992126e+00,5.8418975e+00,1.3002498e+00,2.4986267e-04,1.3290858e-01,0
0,1993,19.9300,1.2000000e+01,-4.0971527e+00,5.8433070e+00,1.2995353e+00,-4.6467781e-04,1.3290858e-01,1
0,1994,19.9400,1.2000000e+01,-4.0919223e+00,5.8468862e+00,1.2999201e+00,-7.9870224e-05,1.3290858e-01,1
0,1995,19.9500,1.2000000e+01,-4.0909371e+00,5.8475604e+00,1.3004320e+00,4.3201447e-04,1.3290858e-01,1
0,1996,19.9600,1.1993716e+01,-4.0995412e+00,5.8416734e+00,1.3005307e+00,5.3071976e-04,1.3290858e-01,0
0,1997,19.9700,1.2000000e+01,-4.0938277e+00,5.8455825e+00,1.2990911e+00,-9.0885162e-04,1.3290858e-01,1
0,1998,19.9800,1.1998372e+01,-4.0990901e+00,5.8419819e+00,1.3002361e+00,2.3615360e-04,1.3290858e-01,0
0,1999,19.9900,1.2000000e+01,-4.0973010e+00,5.8432064e+00,1.2995625e+00,-4.3749809e-04,1.3290858e-01,1
1,0,0.0000,5.0999999e+00,1.6559929e-01,1.5586635e-01,5.6837273e-01,-4.3162727e-01,9.8587275e-02,2
1,1,0.0100,5.1999998e+00,3.3049375e-01,3.1013888e-01,6.0016841e-01,-4.0133160e-01,9.8587275e-02,2
1,2,0.0200,5.2999997e+00,4.9421477e-01,4.6251732e-01,6.3178909e-01,-3.7121093e-01,9.8587275e-02,2
1,3,0.0300,5.3999996e+00,6.5630692e-01,6.1270922e-01,6.6315824e-01,-3.4134179e-01,9.8587275e-02,2
1,4,0.0400,5.4999995e+00,8.1632793e-01,7.6044387e-01,6.9419259e-01,-3.1180745e-01,9.8587275e-02,2
1,5,0.0500,5.5999994e+00,9.7381729e-01,9.0543002e-01,7.2488427e-01,-2.8261578e-01,9.8587275e-02,2
1,6,0.0600,5.6999993e+00,1.1283257e+00,1.0473837e+00,7.5512397e-01,-2.5387597e-01,9.8587275e-02,2
1,7,0.0700,5.7999992e+00,1.2793391e+00,1.1859838e+00,7.8495514e-01,-2.2554481e-01,9.8587275e-02,2
1,8,0.0800,5.8999991e+00,1.4263557e+00,1.3209324e+00,8.1419480e-01,-1.9780517e-01,9.8587275e-02,2
1,9,0.0900,5.9999990e+00,1.5687799e+00,1.4518547e+00,8.4288675e-01,-1.7061323e-01,9.8587275e-02,2
1,10,0.1000,6.0999990e+00,1.7059349e+00,1.5783163e+00,8.7095314e-01,-1.4404684e-01,9.8587275e-02,2
1,11,0.1100,6.1999989e+00,1.8370321e+00,1.6998250e+00,8.9826441e-01,-1.1823559e-01,9.8587275e-02,2
1,12,0.1200,6.2999988e+00,1.9610386e+00,1.8157313e+00,9.2479974e-01,-9.3200266e-02,9.8587275e-02,2
1,13,0.1300,6.3999987e+00,2.0765553e+00,1.9251310e+00,9.5044649e-01,-6.9053531e-02,9.8587275e-02,2
1,14,0.1400,6.4999986e+00,2.1814842e+00,2.0266714e+00,9.7503781e-01,-4.5962214e-02,9.8587275e-02,2
1,15,0.1500,6.5999985e+00,2.2719975e+00,2.1178308e+00,9.9837947e-01,-2.4120569e-02,9.8587275e-02,2
1,16,0.1600,6.6999984e+00,2.3357389e+00,2.1904125e+00,1.0201032e+00,-3.8968325e-03,9.8587275e-02,2
1,17,0.1700,6.7999983e+00,2.3409679e+00,2.2233174e+00,1.0389413e+00,1.3441324e-02,9.8587275e-02,2
1,18,0.1800,6.8999982e+00,2.3241615e+00,2.2408917e+00,1.0516325e+00,2.4632573e-02,9.8587275e-02,2
1,19,0.1900,6.9999981e+00,2.2909353e+00,2.2468967e+00,1.0620190e+00,3.3519030e-02,9.8587275e-02,2
1,20,0.2000,7.0999980e+00,2.2491405e+00,2.3053637e+00,1.0706782e+00,4.0678263e-02,2.4586980e-01,2
1,21,0.2100,7.1999979e+00,2.1924553e+00,2.3524339e+00,1.0811912e+00,4.9691200e-02,2.4586980e-01,2
1,22,0.2200,7.2999978e+00,2.1228588e+00,2.3894365e+00,1.0900929e+00,5.7092905e-02,2.4586980e-01,2
1,23,0.2300,7.3999977e+00,2.0418189e+00,2.4173584e+00,1.0975966e+00,6.3096642e-02,2.4586980e-01,2
1,24,0.2400,7.4999976e+00,1.9505036e+00,2.4369876e+00,1.1038669e+00,6.7866921e-02,2.4586980e-01,2
1,25,0.2500,7.5884824e+00,1.8499001e+00,2.4489913e+00,1.1090181e+00,7.1518064e-02,2.4586980e-01,0
1,26,0.2600,7.6612158e+00,1.7417221e+00,2.4545262e+00,1.1119187e+00,7.2918653e-02,2.4586980e-01,0
1,27,0.2700,7.7211003e+00,1.6278255e+00,2.4548516e+00,1.1123217e+00,7.1821690e-02,2.4586980e-01,0
1,28,0.2800,7.7706017e+00,1.5097797e+00,2.4510381e+00,1.1106937e+00,6.8693638e-02,2.4586980e-01,0
1,29,0.2900,7.8118334e+00,1.3889216e+00,2.4440036e+00,1.1074789e+00,6.3978910e-02,2.4586980e-01,0
1,30,0.3000,7.8466821e+00,1.2664403e+00,2.4345698e+00,1.1030308e+00,5.8030844e-02,2.4586980e-01,0
1,31,0.3100,7.8769059e+00,1.1434413e+00,2.4235036e+00,1.0976409e+00,5.1140904e-02,2.4586980e-01,0
1,32,0.3200,7.9041185e+00,1.0209361e+00,2.4115107e+00,1.0916315e+00,4.3631554e-02,2.4586980e-01,0
1,33,0.3300,7.9298449e+00,8.9987791e-01,2.3992596e+00,1.0853008e+00,3.5800815e-02,2.4586980e-01,0
1,34,0.3400,7.9556379e+00,7.8124118e-01,2.3874319e+00,1.0788964e+00,2.7896404e-02,2.4586980e-01,0
1,35,0.3500,7.9832296e+00,6.6611755e-01,2.3767910e+00,1.0726504e+00,2.0150423e-02,2.4586980e-01,0
1,36,0.3600,8.0145416e+00,5.5572420e-01,2.3681858e+00,1.0669070e+00,1.2907028e-02,2.4586980e-01,0
1,37,0.3700,8.0522213e+00,4.5175552e-01,2.3627899e+00,1.0620066e+00,6.5065622e-03,2.4586980e-01,0
1,38,0.3800,8.1023226e+00,3.5813880e-01,2.3632941e+00,1.0583744e+00,1.3743639e-03,2.4586980e-01,0
1,39,0.3900,8.1822662e+00,2.8624660e-01,2.3774495e+00,1.0571178e+00,-1.3822317e-03,2.4586980e-01,0
1,40,0.4000,8.2196159e+00,2.1449859e-01,2.3774822e+00,1.0612679e+00,1.2679100e-03,4.0175962e-01,8
1,41,0.4100,8.2861853e+00,1.6319725e-01,2.3907504e+00,1.0601432e+00,-1.3567209e-03,4.0175962e-01,0
1,42,0.4200,8.3225584e+00,9.3407542e-02,2.3907924e+00,1.0642445e+00,1.2445450e-03,4.0175962e-01,0
1,43,0.4300,8.3877058e+00,4.3741692e-02,2.4038739e+00,1.0631804e+00,-1.3195276e-03,4.0175962e-01,0
1,44,0.4400,8.4230185e+00,-2.4215329e-02,2.4038765e+00,1.0672357e+00,1.2357235e-03,4.0175962e-01,0
1,45,0.4500,8.4871197e+00,-7.2068207e-02,2.4169269e+00,1.0661736e+00,-1.3264418e-03,4.0175962e-01,0
1,46,0.4600,8.5212355e+00,-1.3835093e-01,2.4168179e+00,1.0702478e+00,1.2477636e-03,4.0175962e-01,0
1,47,0.4700,8.5844622e+00,-1.8434495e-01,2.4299016e+00,1.0691487e+00,-1.3513565e-03,4.0175962e-01,0
1,48,0.4800,8.6174402e+00,-2.4898139e-01,2.4296963e+00,1.0732564e+00,1.2563467e-03,4.0175962e-01,0
1,49,0.4900,8.6796627e+00,-2.9326642e-01,2.4427445e+00,1.0721444e+00,-1.3556480e-03,4.0175962e-01,0
1,50,0.5000,8.7114105e+00,-3.5638249e-01,2.4423907e+00,1.0762804e+00,1.2803078e-03,4.0175962e-01,0
1,51,0.5100,8.7726154e+00,-3.9903027e-01,2.4553857e+00,1.0751456e+00,-1.3543367e-03,4.0175962e-01,0
1,52,0.5200,8.8034897e+00,-4.6045545e-01,2.4550316e+00,1.0792632e+00,1.2632608e-03,4.0175962e-01,0
1,53,0.5300,8.8638000e+00,-5.0144684e-01,2.4680176e+00,1.0781348e+00,-1.3651848e-03,4.0175962e-01,0
1,54,0.5400,8.8938169e+00,-5.6123227e-01,2.4676604e+00,1.0822480e+00,1.2480021e-03,4.0175962e-01,0
1,55,0.5500,8.9530640e+00,-6.0073715e-01,2.4805522e+00,1.0811493e+00,-1.3506413e-03,4.0175962e-01,0
1,56,0.5600,8.9819765e+00,-6.5910429e-01,2.4800718e+00,1.0852666e+00,1.2665987e-03,4.0175962e-01,0
1,57,0.5700,9.0403090e+00,-6.9708389e-01,2.4929247e+00,1.0841483e+00,-1.3517141e-03,4.0175962e-01,0
1,58,0.5800,9.0684309e+00,-7.5388533e-01,2.4924505e+00,1.0882496e+00,1.2495518e-03,4.0175962e-01,0
1,59,0.5900,9.1257915e+00,-7.9043305e-01,2.5052295e+00,1.0871578e+00,-1.3421774e-03,4.0175962e-01,0
1,60,0.6000,9.1445770e+00,-8.4291673e-01,2.5195892e+00,1.0912405e+00,1.2404919e-03,4.9734345e-01,8
1,61,0.6100,9.1926928e+00,-8.7531805e-01,2.5469980e+00,1.0901603e+00,-1.3397932e-03,4.9734345e-01,0
1,62,0.6200,9.2108498e+00,-9.2666966e-01,2.5609314e+00,1.0942470e+00,1.2469292e-03,4.9734345e-01,0
1,63,0.6300,9.2584782e+00,-9.5785224e-01,2.5879843e+00,1.0931520e+00,-1.3478994e-03,4.9734345e-01,0
1,64,0.6400,9.2761106e+00,-1.0080410e+00,2.6015410e+00,1.0972424e+00,1.2423992e-03,4.9734345e-01,0
1,65,0.6500,9.3231411e+00,-1.0381143e+00,2.6281912e+00,1.0961602e+00,-1.3397932e-03,4.9734345e-01,0
1,66,0.6600,9.3400822e+00,-1.0872864e+00,2.6413002e+00,1.1002600e+00,1.2600422e-03,4.9734345e-01,0
1,67,0.6700,9.3866472e+00,-1.1161977e+00,2.6676111e+00,1.0991529e+00,-1.3470650e-03,4.9734345e-01,0
1,68,0.6800,9.4032974e+00,-1.1641250e+00,2.6804547e+00,1.1032301e+00,1.2301207e-03,4.9734345e-01,0
1,69,0.6900,9.4491301e+00,-1.1920855e+00,2.7063098e+00,1.1021816e+00,-1.3184547e-03,4.9734345e-01,0
1,70,0.7000,9.4652510e+00,-1.2389596e+00,2.7187846e+00,1.1062311e+00,1.2310743e-03,4.9734345e-01,0
1,71,0.7100,9.5108194e+00,-1.2656932e+00,2.7443972e+00,1.1051521e+00,-1.3478994e-03,4.9734345e-01,0
1,72,0.7200,9.5262461e+00,-1.3116570e+00,2.7564321e+00,1.1092539e+00,1.2538433e-03,4.9734345e-01,0
1,73,0.7300,9.5713110e+00,-1.3373551e+00,2.7816978e+00,1.1081549e+00,-1.3451576e-03,4.9734345e-01,0
1,74,0.7400,9.5864000e+00,-1.3822056e+00,2.7934558e+00,1.1122342e+00,1.2342930e-03,4.9734345e-01,0
1,75,0.7500,9.6310768e+00,-1.4068236e+00,2.8184299e+00,1.1111443e+00,-1.3556480e-03,4.9734345e-01,0
1,76,0.7600,9.6453314e+00,-1.4509215e+00,2.8296916e+00,1.1152773e+00,1.2773275e-03,4.9734345e-01,0
1,77,0.7700,9.6895504e+00,-1.4745374e+00,2.8543453e+00,1.1141443e+00,-1.3556480e-03,4.9734345e-01,0
1,78,0.7800,9.7037363e+00,-1.5174073e+00,2.8654566e+00,1.1182275e+00,1.2274981e-03,4.9734345e-01,0
1,79,0.7900,9.7472439e+00,-1.5402193e+00,2.8896797e+00,1.1171781e+00,-1.3219118e-03,4.9734345e-01,0
1,80,0.8000,9.7604904e+00,-1.5474306e+00,2.8504741e+00,1.1212213e+00,1.2212992e-03,5.3072041e-01,8
1,81,0.8100,9.8032084e+00,-1.5349150e+00,2.8250310e+00,1.1201576e+00,-1.3424158e-03,5.3072041e-01,0
1,82,0.8200,9.8157692e+00,-1.5422157e+00,2.7865579e+00,1.1242515e+00,1.2514591e-03,5.3072041e-01,0
1,83,0.8300,9.8582363e+00,-1.5294983e+00,2.7620277e+00,1.1231384e+00,-1.3616085e-03,5.3072041e-01,0
1,84,0.8400,9.8703289e+00,-1.5367526e+00,2.7243609e+00,1.1272563e+00,1.2562275e-03,5.3072041e-01,0
1,85,0.8500,9.9122276e+00,-1.5240536e+00,2.7005768e+00,1.1261611e+00,-1.3388395e-03,5.3072041e-01,0
1,86,0.8600,9.9238653e+00,-1.5312605e+00,2.6636980e+00,1.1302606e+00,1.2606382e-03,5.3072041e-01,0
1,87,0.8700,9.9657841e+00,-1.5181974e+00,2.6409020e+00,1.1291101e+00,-1.3898611e-03,5.3072041e-01,0
1,88,0.8800,9.9768677e+00,-1.5254307e+00,2.6047447e+00,1.1332784e+00,1.2784004e-03,5.3072041e-01,0
1,89,0.8900,1.0018276e+01,-1.5123631e+00,2.5826759e+00,1.1321282e+00,-1.3717413e-03,5.3072041e-01,0
1,90,0.9000,1.0029203e+01,-1.5193672e+00,2.5473952e+00,1.1362486e+00,1.2485981e-03,5.3072041e-01,0
1,91,0.9100,1.0070011e+01,-1.5063632e+00,2.5259919e+00,1.1351590e+00,-1.3409853e-03,5.3072041e-01,0
1,92,0.9200,1.0080489e+01,-1.5133398e+00,2.4914348e+00,1.1392558e+00,1.2557507e-03,5.3072041e-01,0
1,93,0.9300,1.0121213e+01,-1.5000633e+00,2.4709072e+00,1.1381252e+00,-1.3748407e-03,5.3072041e-01,0
1,94,0.9400,1.0131287e+01,-1.5069898e+00,2.4370728e+00,1.1422585e+00,1.2584925e-03,5.3072041e-01,0
1,95,0.9500,1.0171477e+01,-1.4937471e+00,2.4171982e+00,1.1411498e+00,-1.3502836e-03,5.3072041e-01,0
1,96,0.9600,1.0181287e+01,-1.5005379e+00,2.3841279e+00,1.1452453e+00,1.2452602e-03,5.3072041e-01,0
1,97,0.9700,1.0221089e+01,-1.4872401e+00,2.3649511e+00,1.1441569e+00,-1.3430119e-03,5.3072041e-01,0
1,98,0.9800,1.0230518e+01,-1.4939795e+00,2.3325729e+00,1.1482471e+00,1.2471676e-03,5.3072041e-01,0
1,99,0.9900,1.0270147e+01,-1.4804906e+00,2.3141706e+00,1.1471381e+00,-1.3618469e-03,5.3072041e-01,0
1,100,1.0000,1.0274787e+01,-1.5245028e+00,2.3474929e+00,1.1512531e+00,1.2531281e-03,5.0653273e-01,8
1,101,1.0100,1.0309733e+01,-1.5477961e+00,2.3940461e+00,1.1501424e+00,-1.3575554e-03,5.0653273e-01,0
1,102,1.0200,1.0314028e+01,-1.5909339e+00,2.4264703e+00,1.1542662e+00,1.2662411e-03,5.0653273e-01,0
1,103,1.0300,1.0348866e+01,-1.6131873e+00,2.4722476e+00,1.1531296e+00,-1.3704300e-03,5.0653273e-01,0
1,104,1.0400,1.0352920e+01,-1.6554079e+00,2.5038373e+00,1.1572673e+00,1.2673140e-03,5.0653273e-01,0
1,105,1.0500,1.0387589e+01,-1.6766874e+00,2.5488298e+00,1.1561249e+00,-1.3750792e-03,5.0653273e-01,0
1,106,1.0600,1.0391424e+01,-1.7180005e+00,2.5796127e+00,1.1602662e+00,1.2661219e-03,5.0653273e-01,0
1,107,1.0700,1.0425819e+01,-1.7384011e+00,2.6237903e+00,1.1591344e+00,-1.3656616e-03,5.0653273e-01,0
1,108,1.0800,1.0429552e+01,-1.7787546e+00,2.6538343e+00,1.1632514e+00,1.2514591e-03,5.0653273e-01,0
1,109,1.0900,1.0463480e+01,-1.7984300e+00,2.6971271e+00,1.1621685e+00,-1.3314486e-03,5.0653273e-01,0
1,110,1.1000,1.0467190e+01,-1.8377945e+00,2.7264850e+00,1.1662278e+00,1.2278557e-03,5.0653273e-01,0
1,111,1.1100,1.0501109e+01,-1.8564621e+00,2.7691159e+00,1.1651456e+00,-1.3543367e-03,5.0653273e-01,0
1,112,1.1200,1.0504225e+01,-1.8952444e+00,2.7975454e+00,1.1692739e+00,1.2738705e-03,5.0653273e-01,0
1,113,1.1300,1.0538143e+01,-1.9129221e+00,2.8395343e+00,1.1681223e+00,-1.3777018e-03,5.0653273e-01,0
1,114,1.1400,1.0541115e+01,-1.9508430e+00,2.8672540e+00,1.1722658e+00,1.2657642e-03,5.0653273e-01,0
1,115,1.1500,1.0574876e+01,-1.9676590e+00,2.9085457e+00,1.1711195e+00,-1.3805628e-03,5.0653273e-01,0
1,116,1.1600,1.0577628e+01,-2.0047920e+00,2.9355366e+00,1.1752675e+00,1.2674332e-03,5.0653273e-01,0
1,117,1.1700,1.0611010e+01,-2.0209169e+00,2.9760466e+00,1.1741451e+00,-1.3549328e-03,5.0653273e-01,0
1,118,1.1800,1.0613727e+01,-2.0571609e+00,3.0024066e+00,1.1782475e+00,1.2474060e-03,5.0653273e-01,0
1,119,1.1900,1.0647104e+01,-2.0723643e+00,3.0423198e+00,1.1771238e+00,-1.3761520e-03,5.0653273e-01,0
1,120,1.2000,1.0647708e+01,-2.0940704e+00,3.0508385e+00,1.1812775e+00,1.2775660e-03,4.3273774e-01,8
1,121,1.2100,1.0679144e+01,-2.0947666e+00,3.0731907e+00,1.1801388e+00,-1.3611317e-03,4.3273774e-01,0
1,122,1.2200,1.0679905e+01,-2.1158006e+00,3.0815632e+00,1.1842376e+00,1.2376308e-03,4.3273774e-01,0
1,123,1.2300,1.0711061e+01,-2.1161129e+00,3.1035812e+00,1.1831568e+00,-1.3431311e-03,4.3273774e-01,0
1,124,1.2400,1.0711473e+01,-2.1368296e+00,3.1115839e+00,1.1872591e+00,1.2590885e-03,4.3273774e-01,0
1,125,1.2500,1.0742687e+01,-2.1365445e+00,3.1334262e+00,1.1861329e+00,-1.3670921e-03,4.3273774e-01,0
1,126,1.2600,1.0742920e+01,-2.1568456e+00,3.1411402e+00,1.1902610e+00,1.2609959e-03,4.3273774e-01,0
1,127,1.2700,1.0774010e+01,-2.1560996e+00,3.1627300e+00,1.1891325e+00,-1.3675690e-03,4.3273774e-01,0
1,128,1.2800,1.0774201e+01,-2.1759045e+00,3.1702242e+00,1.1932466e+00,1.2465715e-03,4.3273774e-01,0
1,129,1.2900,1.0805021e+01,-2.1748102e+00,3.1915007e+00,1.1921508e+00,-1.3492107e-03,4.3273774e-01,0
1,130,1.3000,1.0804928e+01,-2.1942971e+00,3.1986699e+00,1.1962619e+00,1.2618303e-03,4.3273774e-01,0
1,131,1.3100,1.0835753e+01,-2.1926811e+00,3.2197638e+00,1.1951350e+00,-1.3649464e-03,4.3273774e-01,0
1,132,1.3200,1.0835485e+01,-2.2117889e+00,3.2266624e+00,1.1992643e+00,1.2643337e-03,4.3273774e-01,0
1,133,1.3300,1.0866217e+01,-2.2097332e+00,3.2475324e+00,1.1981325e+00,-1.3674498e-03,4.3273774e-01,0
1,134,1.3400,1.0866010e+01,-2.2283161e+00,3.2542727e+00,1.2022392e+00,1.2391806e-03,4.3273774e-01,0
1,135,1.3500,1.0896382e+01,-2.2260108e+00,3.2748046e+00,1.2011633e+00,-1.3366938e-03,4.3273774e-01,0
1,136,1.3600,1.0895894e+01,-2.2443113e+00,3.2812362e+00,1.2052552e+00,1.2551546e-03,4.3273774e-01,0
1,137,1.3700,1.0926394e+01,-2.2414410e+00,3.3016548e+00,1.2041342e+00,-1.3657808e-03,4.3273774e-01,0
1,138,1.3800,1.0925781e+01,-2.2593658e+00,3.3078537e+00,1.2082529e+00,1.2528896e-03,4.3273774e-01,0
1,139,1.3900,1.0956093e+01,-2.2561545e+00,3.3280213e+00,1.2071447e+00,-1.3552904e-03,4.3273774e-01,0
1,140,1.4000,1.0956166e+01,-2.2760694e+00,3.3354325e+00,1.2112602e+00,1.2601614e-03,3.2139555e-01,0
1,141,1.4100,1.0987171e+01,-2.2747529e+00,3.3567963e+00,1.2101532e+00,-1.3468266e-03,3.2139555e-01,0
1,142,1.4200,1.0987062e+01,-2.2941935e+00,3.3638964e+00,1.2142597e+00,1.2598038e-03,3.2139555e-01,0
1,143,1.4300,1.1018282e+01,-2.2921278e+00,3.3851423e+00,1.2131085e+00,-1.3914108e-03,3.2139555e-01,0
1,144,1.4400,1.1017653e+01,-2.3113422e+00,3.3917837e+00,1.2173008e+00,1.3008118e-03,3.2139555e-01,0
1,145,1.4500,1.1048713e+01,-2.3087983e+00,3.4127486e+00,1.2161112e+00,-1.3887882e-03,3.2139555e-01,0
1,146,1.4600,1.1048171e+01,-2.3273909e+00,3.4192152e+00,1.2202692e+00,1.2692213e-03,3.2139555e-01,0
1,147,1.4700,1.1078843e+01,-2.3245406e+00,3.4398019e+00,1.2191429e+00,-1.3570786e-03,3.2139555e-01,0
1,148,1.4800,1.1078302e+01,-2.3425875e+00,3.4460609e+00,1.2232490e+00,1.2489557e-03,3.2139555e-01,0
1,149,1.4900,1.1108848e+01,-2.3392713e+00,3.4663944e+00,1.2221429e+00,-1.3570786e-03,3.2139555e-01,0
1,150,1.5000,1.1108067e+01,-2.3569527e+00,3.4723418e+00,1.2262579e+00,1.2578964e-03,3.2139555e-01,0
1,151,1.5100,1.1138557e+01,-2.3531373e+00,3.4924614e+00,1.2251346e+00,-1.3654232e-03,3.2139555e-01,0
1,152,1.5200,1.1137582e+01,-2.3704371e+00,3.4981248e+00,1.2292619e+00,1.2618303e-03,3.2139555e-01,0
1,153,1.5300,1.1167902e+01,-2.3662171e+00,3.5179842e+00,1.2281411e+00,-1.3588667e-03,3.2139555e-01,0
1,154,1.5400,1.1166739e+01,-2.3831477e+00,3.5233717e+00,1.2322656e+00,1.2656450e-03,3.2139555e-01,0
1,155,1.5500,1.1197004e+01,-2.3784597e+00,3.5430293e+00,1.2311339e+00,-1.3660192e-03,3.2139555e-01,0
1,156,1.5600,1.1195761e+01,-2.3949623e+00,3.5481966e+00,1.2352571e+00,1.2571812e-03,3.2139555e-01,0
1,157,1.5700,1.1225881e+01,-2.3898828e+00,3.5676167e+00,1.2341387e+00,-1.3612509e-03,3.2139555e-01,0
1,158,1.5800,1.1224276e+01,-2.4061625e+00,3.5724409e+00,1.2382823e+00,1.2823343e-03,3.2139555e-01,0
1,159,1.5900,1.1254329e+01,-2.4006524e+00,3.5916650e+00,1.2371342e+00,-1.3657808e-03,3.2139555e-01,0
1,160,1.6000,1.1246580e+01,-2.4242830e+00,3.6220036e+00,1.2412443e+00,1.2443066e-03,1.9230692e-01,0
1,161,1.6100,1.1270121e+01,-2.4262433e+00,3.6660249e+00,1.2401576e+00,-1.3424158e-03,1.9230692e-01,0
1,162,1.6200,1.1262399e+01,-2.4491723e+00,3.6950874e+00,1.2442484e+00,1.2483597e-03,1.9230692e-01,0
1,163,1.6300,1.1286168e+01,-2.4502940e+00,3.7379661e+00,1.2431417e+00,-1.3583899e-03,1.9230692e-01,0
1,164,1.6400,1.1278309e+01,-2.4726593e+00,3.7657263e+00,1.2472715e+00,1.2714863e-03,1.9230692e-01,0
1,165,1.6500,1.1302203e+01,-2.4730392e+00,3.8074622e+00,1.2461381e+00,-1.3618469e-03,1.9230692e-01,0
1,166,1.6600,1.1294536e+01,-2.4946401e+00,3.8341181e+00,1.2502555e+00,1.2555122e-03,1.9230692e-01,0
1,167,1.6700,1.1318398e+01,-2.4944086e+00,3.8746855e+00,1.2491535e+00,-1.3464689e-03,1.9230692e-01,0
1,168,1.6800,1.1310843e+01,-2.5153239e+00,3.9002452e+00,1.2532487e+00,1.2487173e-03,1.9230692e-01,0
1,169,1.6900,1.1334793e+01,-2.5144243e+00,3.9397423e+00,1.2521544e+00,-1.3456345e-03,1.9230692e-01,0
1,170,1.7000,1.1327122e+01,-2.5348318e+00,3.9641445e+00,1.2562683e+00,1.2682676e-03,1.9230692e-01,0
1,171,1.7100,1.1351357e+01,-2.5331504e+00,4.0027051e+00,1.2551308e+00,-1.3692379e-03,1.9230692e-01,0
1,172,1.7200,1.1343827e+01,-2.5528967e+00,4.0261097e+00,1.2592576e+00,1.2575388e-03,1.9230692e-01,0
1,173,1.7300,1.1368053e+01,-2.5506570e+00,4.0636396e+00,1.2581429e+00,-1.3570786e-03,1.9230692e-01,0
1,174,1.7400,1.1360441e+01,-2.5699155e+00,4.0859842e+00,1.2622726e+00,1.2725592e-03,1.9230692e-01,0
1,175,1.7500,1.1384806e+01,-2.5670378e+00,4.1225901e+00,1.2611370e+00,-1.3630390e-03,1.9230692e-01,0
1,176,1.7600,1.1377374e+01,-2.5856495e+00,4.1440344e+00,1.2652566e+00,1.2567043e-03,1.9230692e-01,0
1,177,1.7700,1.1401652e+01,-2.5823069e+00,4.1796503e+00,1.2641580e+00,-1.3419390e-03,1.9230692e-01,0
1,178,1.7800,1.1394253e+01,-2.6003926e+00,4.2001634e+00,1.2682579e+00,1.2578964e-03,1.9230692e-01,0
1,179,1.7900,1.1418728e+01,-2.5964112e+00,4.2349567e+00,1.2671447e+00,-1.3552904e-03,1.9230692e-01,0
1,180,1.8000,1.1406972e+01,-2.5871601e+00,4.2246127e+00,1.2712505e+00,1.2505054e-03,1.1157628e-01,0
1,181,1.8100,1.1427155e+01,-2.5564263e+00,4.2291565e+00,1.2701478e+00,-1.3521910e-03,1.1157628e-01,0
1,182,1.8200,1.1415474e+01,-2.5478880e+00,4.2190666e+00,1.2742701e+00,1.2700558e-03,1.1157628e-01,0
1,183,1.8300,1.1436088e+01,-2.5176134e+00,4.2240219e+00,1.2731318e+00,-1.3681650e-03,1.1157628e-01,0
1,184,1.8400,1.1424637e+01,-2.5096469e+00,4.2142496e+00,1.2772701e+00,1.2700558e-03,1.1157628e-01,0
1,185,1.8500,1.1445345e+01,-2.4800284e+00,4.2194510e+00,1.2761551e+00,-1.3449192e-03,1.1157628e-01,0
1,186,1.8600,1.1434331e+01,-2.4724605e+00,4.2100811e+00,1.2802451e+00,1.2450218e-03,1.1157628e-01,0
1,187,1.8700,1.1455288e+01,-2.4433596e+00,4.2155919e+00,1.2791584e+00,-1.3415813e-03,1.1157628e-01,0
1,188,1.8800,1.1444380e+01,-2.4363871e+00,4.2064624e+00,1.2832570e+00,1.2570620e-03,1.1157628e-01,0
1,189,1.8900,1.1465763e+01,-2.4076521e+00,4.2123556e+00,1.2821393e+00,-1.3606548e-03,1.1157628e-01,0
1,190,1.9000,1.1454824e+01,-2.4013379e+00,4.2033949e+00,1.2862836e+00,1.2836456e-03,1.1157628e-01,0
1,191,1.9100,1.1476471e+01,-2.3730521e+00,4.2095866e+00,1.2851388e+00,-1.3611317e-03,1.1157628e-01,0
1,192,1.9200,1.1465972e+01,-2.3670468e+00,4.2010036e+00,1.2892549e+00,1.2549162e-03,1.1157628e-01,0
1,193,1.9300,1.1487816e+01,-2.3392267e+00,4.2074556e+00,1.2881452e+00,-1.3548136e-03,1.1157628e-01,0
1,194,1.9400,1.1477352e+01,-2.3337810e+00,4.1990547e+00,1.2922719e+00,1.2718439e-03,1.1157628e-01,0
1,195,1.9500,1.1499508e+01,-2.3063214e+00,4.2058129e+00,1.2911367e+00,-1.3632774e-03,1.1157628e-01,0
1,196,1.9600,1.1489288e+01,-2.3012660e+00,4.1976843e+00,1.2952636e+00,1.2636185e-03,1.1157628e-01,0
1,197,1.9700,1.1511545e+01,-2.2742863e+00,4.2046442e+00,1.2941526e+00,-1.3474226e-03,1.1157628e-01,0
1,198,1.9800,1.1501628e+01,-2.2695577e+00,4.1968060e+00,1.2982481e+00,1.2480021e-03,1.1157628e-01,0
1,199,1.9900,1.1523955e+01,-2.2430539e+00,4.2039461e+00,1.2971709e+00,-1.3290644e-03,1.1157628e-01,0
1,200,2.0000,1.1510887e+01,-2.2697535e+00,4.2493372e+00,1.3012480e+00,1.2480021e-03,1.9528587e-01,0
1,201,2.0100,1.1530326e+01,-2.2739055e+00,4.3087854e+00,1.3001518e+00,-1.3481379e-03,1.9528587e-01,0
1,202,2.0200,1.1517299e+01,-2.2999151e+00,4.3522544e+00,1.3042707e+00,1.2707710e-03,1.9528587e-01,0
1,203,2.0300,1.1537060e+01,-2.3031912e+00,4.4099679e+00,1.3031473e+00,-1.3526678e-03,1.9528587e-01,0
1,204,2.0400,1.1524273e+01,-2.3283994e+00,4.4516792e+00,1.3072698e+00,1.2698174e-03,1.9528587e-01,0
1,205,2.0500,1.1544324e+01,-2.3308465e+00,4.5077138e+00,1.3061458e+00,-1.3542175e-03,1.9528587e-01,0
1,206,2.0600,1.1531866e+01,-2.3552155e+00,4.5477805e+00,1.3102578e+00,1.2577772e-03,1.9528587e-01,0
1,207,2.0700,1.1552192e+01,-2.3568676e+00,4.6021981e+00,1.3091452e+00,-1.3548136e-03,1.9528587e-01,0
1,208,2.0800,1.1539792e+01,-2.3806055e+00,4.6405611e+00,1.3132756e+00,1.2755394e-03,1.9528587e-01,0
1,209,2.0900,1.1560417e+01,-2.3814683e+00,4.6934390e+00,1.3121409e+00,-1.3591051e-03,1.9528587e-01,0
1,210,2.1000,1.1548300e+01,-2.4044445e+00,4.7302680e+00,1.3162669e+00,1.2669563e-03,1.9528587e-01,0
1,211,2.1100,1.1569090e+01,-2.4046321e+00,4.7816067e+00,1.3151517e+00,-1.3482571e-03,1.9528587e-01,0
1,212,2.1200,1.1557079e+01,-2.4269865e+00,4.8168831e+00,1.3192773e+00,1.2773275e-03,1.9528587e-01,0
1,213,2.1300,1.1578300e+01,-2.4263387e+00,4.8668675e+00,1.3181306e+00,-1.3693571e-03,1.9528587e-01,0
1,214,2.1400,1.1566517e+01,-2.4480104e+00,4.9007077e+00,1.3222733e+00,1.2732744e-03,1.9528587e-01,0
1,215,2.1500,1.1587771e+01,-2.4468174e+00,4.9492126e+00,1.3211552e+00,-1.3448000e-03,1.9528587e-01,0
1,216,2.1600,1.1576312e+01,-2.4677596e+00,4.9817195e+00,1.3252575e+00,1.2575388e-03,1.9528587e-01,0
1,217,2.1700,1.1597724e+01,-2.4659569e+00,5.0288582e+00,1.3241646e+00,-1.3353825e-03,1.9528587e-01,0
1,218,2.1800,1.1586603e+01,-2.4861784e+00,5.0600953e+00,1.3282396e+00,1.2395382e-03,1.9528587e-01,0
1,219,2.1900,1.1608150e+01,-2.4838004e+00,5.1059117e+00,1.3271760e+00,-1.3240576e-03,1.9528587e-01,0
1,220,2.2000,1.1595200e+01,-2.4807265e+00,5.1063032e+00,1.3312581e+00,1.2580156e-03,3.2575265e-01,0
1,221,2.2100,1.1615372e+01,-2.4551601e+00,5.1220889e+00,1.3301370e+00,-1.3629198e-03,3.2575265e-01,0
1,222,2.2200,1.1602384e+01,-2.4524672e+00,5.1222682e+00,1.3342565e+00,1.2565851e-03,3.2575265e-01,0
1,223,2.2300,1.1622779e+01,-2.4271052e+00,5.1379676e+00,1.3331133e+00,-1.3866425e-03,3.2575265e-01,0
1,224,2.2400,1.1609838e+01,-2.4247251e+00,5.1379805e+00,1.3372450e+00,1.2450218e-03,3.2575265e-01,0
1,225,2.2500,1.1630612e+01,-2.3994498e+00,5.1536717e+00,1.3360704e+00,-1.4295578e-03,3.2575265e-01,0
1,226,2.2600,1.1618183e+01,-2.3970547e+00,5.1537404e+00,1.3401823e+00,1.1823177e-03,3.2575265e-01,0
1,227,2.2700,1.1638899e+01,-2.3721557e+00,5.1692247e+00,1.3390789e+00,-1.4210939e-03,3.2575265e-01,0
1,228,2.2800,1.1626647e+01,-2.3699634e+00,5.1691995e+00,1.3431561e+00,1.1560917e-03,3.2575265e-01,0
1,229,2.2900,1.1647554e+01,-2.3452590e+00,5.1845999e+00,1.3420570e+00,-1.4430285e-03,3.2575265e-01,0
1,230,2.3000,1.1635484e+01,-2.3432589e+00,5.1844869e+00,1.3461294e+00,1.1293888e-03,3.2575265e-01,0
1,231,2.3100,1.1656727e+01,-2.3186409e+00,5.1998754e+00,1.3450172e+00,-1.4828444e-03,3.2575265e-01,0
1,232,2.3200,1.1644680e+01,-2.3169305e+00,5.1996059e+00,1.3491189e+00,1.1188984e-03,3.2575265e-01,0
1,233,2.3300,1.1666072e+01,-2.2925179e+00,5.2149005e+00,1.3479991e+00,-1.5008450e-03,3.2575265e-01,0
1,234,2.3400,1.1654480e+01,-2.2907932e+00,5.2146816e+00,1.3520637e+00,1.0637045e-03,3.2575265e-01,0
1,235,2.3500,1.1676031e+01,-2.2665689e+00,5.2298923e+00,1.3509793e+00,-1.5206337e-03,3.2575265e-01,0
1,236,2.3600,1.1664476e+01,-2.2651072e+00,5.2295327e+00,1.3550513e+00,1.0513067e-03,3.2575265e-01,0
1,237,2.3700,1.1686184e+01,-2.2410643e+00,5.2446628e+00,1.3539593e+00,-1.5406609e-03,3.2575265e-01,0
1,238,2.3800,1.1674973e+01,-2.2396474e+00,5.2443113e+00,1.3580081e+00,1.0081530e-03,3.2575265e-01,0
1,239,2.3900,1.1696629e+01,-2.2159193e+00,5.2592688e+00,1.3569641e+00,-1.5358925e-03,3.2575265e-01,0
1,240,2.4000,1.1686518e+01,-2.2152925e+00,5.2585988e+00,1.3609607e+00,9.6070766e-04,4.3685198e-01,8
1,241,2.4100,1.1709037e+01,-2.1924787e+00,5.2731514e+00,1.3599403e+00,-1.5597343e-03,4.3685198e-01,0
1,242,2.4200,1.1698865e+01,-2.1920874e+00,5.2723465e+00,1.3639535e+00,9.5343590e-04,4.3685198e-01,0
1,243,2.4300,1.1721607e+01,-2.1693141e+00,5.2869015e+00,1.3629059e+00,-1.5941858e-03,4.3685198e-01,0
1,244,2.4400,1.1711724e+01,-2.1689143e+00,5.2861285e+00,1.3669131e+00,9.1314316e-04,4.3685198e-01,0
1,245,2.4500,1.1734331e+01,-2.1464212e+00,5.3005214e+00,1.3659151e+00,-1.5848875e-03,4.3685198e-01,0
1,246,2.4600,1.1724795e+01,-2.1459677e+00,5.2998104e+00,1.3698683e+00,8.6832047e-04,4.3685198e-01,0
1,247,2.4700,1.1747516e+01,-2.1235797e+00,5.3141603e+00,1.3688936e+00,-1.6063452e-03,4.3685198e-01,0
1,248,2.4800,1.1738038e+01,-2.1232660e+00,5.3133783e+00,1.3728502e+00,8.5020065e-04,4.3685198e-01,0
1,249,2.4900,1.1760886e+01,-2.1009681e+00,5.3276949e+00,1.3718700e+00,-1.6299486e-03,4.3685198e-01,0
1,250,2.5000,1.1751615e+01,-2.1006894e+00,5.3269134e+00,1.3758192e+00,8.1920624e-04,4.3685198e-01,0
1,251,2.5100,1.1774428e+01,-2.0785878e+00,5.3411231e+00,1.3748662e+00,-1.6337633e-03,4.3685198e-01,0
1,252,2.5200,1.1765635e+01,-2.0781519e+00,5.3404727e+00,1.3787655e+00,7.6544285e-04,4.3685198e-01,0
1,253,2.5300,1.1788354e+01,-2.0562837e+00,5.3545499e+00,1.3778698e+00,-1.6301870e-03,4.3685198e-01,0
1,254,2.5400,1.1779552e+01,-2.0560203e+00,5.3538041e+00,1.3817537e+00,7.5364113e-04,4.3685198e-01,0
1,255,2.5500,1.1802460e+01,-2.0341866e+00,5.3678842e+00,1.3808380e+00,-1.6618967e-03,4.3685198e-01,0
1,256,2.5600,1.1793779e+01,-2.0340028e+00,5.3671060e+00,1.3847311e+00,7.3111057e-04,4.3685198e-01,0
1,257,2.5700,1.1816765e+01,-2.0122750e+00,5.3811393e+00,1.3838197e+00,-1.6802549e-03,4.3685198e-01,0
1,258,2.5800,1.1808555e+01,-2.0119281e+00,5.3804951e+00,1.3876810e+00,6.8104267e-04,4.3685198e-01,0
1,259,2.5900,1.1831394e+01,-1.9904553e+00,5.3943796e+00,1.3868291e+00,-1.6708374e-03,4.3685198e-01,0
1,260,2.6000,1.1823505e+01,-1.9905509e+00,5.3935280e+00,1.3906658e+00,6.6578388e-04,5.1079875e-01,8
1,261,2.6100,1.1846882e+01,-1.9693575e+00,5.4073191e+00,1.3897877e+00,-1.7123222e-03,5.1079875e-01,0
1,262,2.6200,1.1839273e+01,-1.9693866e+00,5.4065309e+00,1.3936312e+00,6.3121319e-04,5.1079875e-01,0
1,263,2.6300,1.1862185e+01,-1.9486321e+00,5.4200411e+00,1.3928343e+00,-1.6657114e-03,5.1079875e-01,0
1,264,2.6400,1.1855153e+01,-1.9483900e+00,5.4194560e+00,1.3965762e+00,5.7613850e-04,5.1079875e-01,0
1,265,2.6500,1.1878017e+01,-1.9277865e+00,5.4328833e+00,1.3958292e+00,-1.6708374e-03,5.1079875e-01,0
1,266,2.6600,1.1870997e+01,-1.9276556e+00,5.4322386e+00,1.3995630e+00,5.6290627e-04,5.1079875e-01,0
1,267,2.6700,1.1894150e+01,-1.9069711e+00,5.4457421e+00,1.3987826e+00,-1.7173290e-03,5.1079875e-01,0
1,268,2.6800,1.1887173e+01,-1.9069276e+00,5.4450531e+00,1.4025476e+00,5.4764748e-04,5.1079875e-01,0
1,269,2.6900,1.1910244e+01,-1.8864106e+00,5.4584613e+00,1.4017814e+00,-1.7185211e-03,5.1079875e-01,0
1,270,2.7000,1.1903944e+01,-1.8860183e+00,5.4580283e+00,1.4054899e+00,4.8995018e-04,5.1079875e-01,0
1,271,2.7100,1.1926592e+01,-1.8659002e+00,5.4711814e+00,1.4048222e+00,-1.6777515e-03,5.1079875e-01,0
1,272,2.7200,1.1920600e+01,-1.8654088e+00,5.4708323e+00,1.4084587e+00,4.5871735e-04,5.1079875e-01,0
1,273,2.7300,1.1942992e+01,-1.8455728e+00,5.4838109e+00,1.4078419e+00,-1.6580820e-03,5.1079875e-01,0
1,274,2.7400,1.1937578e+01,-1.8447956e+00,5.4836740e+00,1.4114122e+00,4.1222572e-04,5.1079875e-01,0
1,275,2.7500,1.1959799e+01,-1.8251805e+00,5.4965191e+00,1.4108511e+00,-1.6489029e-03,5.1079875e-01,0
1,276,2.7600,1.1954962e+01,-1.8241149e+00,5.4965959e+00,1.4143684e+00,3.6835670e-04,5.1079875e-01,0
1,277,2.7700,1.1976613e+01,-1.8049904e+00,5.5091224e+00,1.4139072e+00,-1.5928745e-03,5.1079875e-01,0
1,278,2.7800,1.1972473e+01,-1.8035514e+00,5.5094714e+00,1.4173206e+00,3.2067299e-04,5.1079875e-01,0
1,279,2.7900,1.1993670e+01,-1.7848356e+00,5.5217338e+00,1.4169483e+00,-1.5516281e-03,5.1079875e-01,0
1,280,2.8000,1.1990522e+01,-1.7829399e+00,5.5224304e+00,1.4202654e+00,2.6547909e-04,5.3583866e-01,8
1,281,2.8100,1.2000000e+01,-1.7649007e+00,5.5342627e+00,1.4200213e+00,-1.4786720e-03,5.3583866e-01,1
1,282,2.8200,1.2000000e+01,-1.7429366e+00,5.5488110e+00,1.4222665e+00,-7.3349476e-04,5.3583866e-01,1
1,283,2.8300,1.2000000e+01,-1.7144260e+00,5.5678849e+00,1.4240396e+00,-4.6038628e-04,5.3583866e-01,1
1,284,2.8400,1.2000000e+01,-1.6959090e+00,5.5800772e+00,1.4263725e+00,3.7252903e-04,5.3583866e-01,1
1,285,2.8500,1.2000000e+01,-1.6865761e+00,5.5859399e+00,1.4278380e+00,3.3795834e-04,5.3583866e-01,1
1,286,2.8600,1.2000000e+01,-1.6673617e+00,5.5986304e+00,1.4284756e+00,-5.2440166e-04,5.3583866e-01,1
1,287,2.8700,1.2000000e+01,-1.6391742e+00,5.6175265e+00,1.4300020e+00,-4.9805641e-04,5.3583866e-01,1
1,288,2.8800,1.2000000e+01,-1.6205190e+00,5.6298513e+00,1.4323015e+00,3.0148029e-04,5.3583866e-01,1
1,289,2.8900,1.2000000e+01,-1.6107750e+00,5.6360288e+00,1.4337486e+00,2.4867058e-04,5.3583866e-01,1
1,290,2.9000,1.2000000e+01,-1.5920291e+00,5.6484332e+00,1.4344455e+00,-5.5444241e-04,5.3583866e-01,1
1,291,2.9100,1.2000000e+01,-1.5637041e+00,5.6674671e+00,1.4359179e+00,-5.8209896e-04,5.3583866e-01,1
1,292,2.9200,1.2000000e+01,-1.5441407e+00,5.6804566e+00,1.4381912e+00,1.9121170e-04,5.3583866e-01,1
1,293,2.9300,1.2000000e+01,-1.5349147e+00,5.6863070e+00,1.4397287e+00,2.2876263e-04,5.3583866e-01,1
1,294,2.9400,1.2000000e+01,-1.5160005e+00,5.6988645e+00,1.4403489e+00,-6.5112114e-04,5.3583866e-01,1
1,295,2.9500,1.2000000e+01,-1.4875063e+00,5.7180576e+00,1.4418249e+00,-6.7508221e-04,5.3583866e-01,1
1,296,2.9600,1.2000000e+01,-1.4671623e+00,5.7316241e+00,1.4441123e+00,1.1229515e-04,5.3583866e-01,1
1,297,2.9700,1.2000000e+01,-1.4578907e+00,5.7375350e+00,1.4456770e+00,1.7702579e-04,5.3583866e-01,1
1,298,2.9800,1.2000000e+01,-1.4394960e+00,5.7497687e+00,1.4463221e+00,-6.7794323e-04,5.3583866e-01,1
1,299,2.9900,1.2000000e+01,-1.4109113e+00,5.7690668e+00,1.4477355e+00,-7.6448917e-04,5.3583866e-01,1
1,300,3.0000,1.2000000e+01,-1.3851922e+00,5.7863746e+00,1.4499954e+00,-4.6491623e-06,5.0330019e-01,9
1,301,3.0100,1.2000000e+01,-1.3732877e+00,5.7941217e+00,1.4521337e+00,2.1336079e-03,5.0330019e-01,1
1,302,3.0200,1.1997271e+01,-1.3757999e+00,5.7918844e+00,1.4531199e+00,3.1198263e-03,5.0330019e-01,0
1,303,3.0300,1.1983349e+01,-1.3858964e+00,5.7843966e+00,1.4526553e+00,2.6552677e-03,5.0330019e-01,0
1,304,3.0400,1.1974072e+01,-1.3928332e+00,5.7791057e+00,1.4506233e+00,6.2322617e-04,5.0330019e-01,0
1,305,3.0500,1.1987802e+01,-1.3841586e+00,5.7846360e+00,1.4492418e+00,-7.5829029e-04,5.0330019e-01,0
1,306,3.0600,1.1972572e+01,-1.3951187e+00,5.7765689e+00,1.4511112e+00,1.1111498e-03,5.0330019e-01,0
1,307,3.0700,1.1990295e+01,-1.3837197e+00,5.7839975e+00,1.4488971e+00,-1.1029243e-03,5.0330019e-01,0
1,308,3.0800,1.1972982e+01,-1.3960793e+00,5.7749715e+00,1.4513140e+00,1.3139248e-03,5.0330019e-01,0
1,309,3.0900,1.1991621e+01,-1.3840438e+00,5.7828526e+00,1.4488078e+00,-1.1922121e-03,5.0330019e-01,0
1,310,3.1000,1.1973793e+01,-1.3967385e+00,5.7736053e+00,1.4513655e+00,1.3654232e-03,5.0330019e-01,0
1,311,3.1100,1.1992760e+01,-1.3844657e+00,5.7816615e+00,1.4487741e+00,-1.2259483e-03,5.0330019e-01,0
1,312,3.1200,1.1974676e+01,-1.3973204e+00,5.7723145e+00,1.4513906e+00,1.3905764e-03,5.0330019e-01,0
1,313,3.1300,1.1993508e+01,-1.3851236e+00,5.7803283e+00,1.4487858e+00,-1.2142658e-03,5.0330019e-01,0
1,314,3.1400,1.1975590e+01,-1.3978527e+00,5.7710791e+00,1.4513718e+00,1.3717413e-03,5.0330019e-01,0
1,315,3.1500,1.1994572e+01,-1.3855402e+00,5.7791834e+00,1.4487696e+00,-1.2304783e-03,5.0330019e-01,0
1,316,3.1600,1.1976468e+01,-1.3983822e+00,5.7698660e+00,1.4513897e+00,1.3896227e-03,5.0330019e-01,0
1,317,3.1700,1.1995428e+01,-1.3860706e+00,5.7779799e+00,1.4487703e+00,-1.2297630e-03,5.0330019e-01,0
1,318,3.1800,1.1977322e+01,-1.3989018e+00,5.7686801e+00,1.4513885e+00,1.3884306e-03,5.0330019e-01,0
1,319,3.1900,1.1996300e+01,-1.3865641e+00,5.7768216e+00,1.4487671e+00,-1.2329817e-03,5.0330019e-01,0
1,320,3.2000,1.1978354e+01,-1.3992739e+00,5.7676158e+00,1.4513702e+00,1.3701916e-03,5.0329733e-01,8
1,321,3.2100,1.1997089e+01,-1.3870877e+00,5.7756619e+00,1.4487897e+00,-1.2103319e-03,5.0329733e-01,0
1,322,3.2200,1.1979144e+01,-1.3997848e+00,5.7664742e+00,1.4513688e+00,1.3687611e-03,5.0329733e-01,0
1,323,3.2300,1.1997962e+01,-1.3875291e+00,5.7745781e+00,1.4487802e+00,-1.2198687e-03,5.0329733e-01,0
1,324,3.2400,1.1980105e+01,-1.4001546e+00,5.7654495e+00,1.4513582e+00,1.3581514e-03,5.0329733e-01,0
1,325,3.2500,1.1998747e+01,-1.3880060e+00,5.7734880e+00,1.4487963e+00,-1.2037754e-03,5.0329733e-01,0
1,326,3.2600,1.1980789e+01,-1.4006885e+00,5.7643290e+00,1.4513674e+00,1.3673306e-03,5.0329733e-01,0
1,327,3.2700,1.1999587e+01,-1.3884215e+00,5.7724586e+00,1.4487796e+00,-1.2204647e-03,5.0329733e-01,0
1,328,3.2800,1.1981557e+01,-1.4011419e+00,5.7632828e+00,1.4513736e+00,1.3735294e-03,5.0329733e-01,0
1,329,3.2900,1.2000000e+01,-1.3888314e+00,5.7714510e+00,1.4487737e+00,-1.2263060e-03,5.0329733e-01,1
1,330,3.3000,1.1982230e+01,-1.4013668e+00,5.7624116e+00,1.4513454e+00,1.3453960e-03,5.0329733e-01,0
1,331,3.3100,1.2000000e+01,-1.3889705e+00,5.7706480e+00,1.4487615e+00,-1.2385845e-03,5.0329733e-01,1
1,332,3.3200,1.1982597e+01,-1.4012555e+00,5.7617908e+00,1.4513073e+00,1.3072491e-03,5.0329733e-01,0
1,333,3.3300,1.2000000e+01,-1.3891164e+00,5.7698569e+00,1.4487987e+00,-1.2013912e-03,5.0329733e-01,1
1,334,3.3400,1.1982890e+01,-1.4012011e+00,5.7611470e+00,1.4512771e+00,1.2770891e-03,5.0329733e-01,0
1,335,3.3500,1.2000000e+01,-1.3890835e+00,5.7692065e+00,1.4488015e+00,-1.1985302e-03,5.0329733e-01,1
1,336,3.3600,1.1983277e+01,-1.4009060e+00,5.7606859e+00,1.4512382e+00,1.2381077e-03,5.0329733e-01,0
1,337,3.3700,1.2000000e+01,-1.3890151e+00,5.7685962e+00,1.4488337e+00,-1.1663437e-03,5.0329733e-01,1
1,338,3.3800,1.1983550e+01,-1.4006535e+00,5.7602110e+00,1.4512110e+00,1.2109280e-03,5.0329733e-01,0
1,339,3.3900,1.2000000e+01,-1.3888493e+00,5.7680688e+00,1.4488456e+00,-1.1544228e-03,5.0329733e-01,1
1,340,3.4000,1.1983633e+01,-1.4004332e+00,5.7597294e+00,1.4512026e+00,1.2025833e-03,5.0330383e-01,8
1,341,3.4100,1.2000000e+01,-1.3886284e+00,5.7675953e+00,1.4488451e+00,-1.1548996e-03,5.0330383e-01,1
1,342,3.4200,1.1983687e+01,-1.4001778e+00,5.7592874e+00,1.4511971e+00,1.1970997e-03,5.0330383e-01,0
1,343,3.4300,1.2000000e+01,-1.3882895e+00,5.7672186e+00,1.4488328e+00,-1.1672974e-03,5.0330383e-01,1
1,344,3.4400,1.1983491e+01,-1.3999764e+00,5.7588224e+00,1.4512163e+00,1.2162924e-03,5.0330383e-01,0
1,345,3.4500,1.2000000e+01,-1.3880744e+00,5.7667708e+00,1.4488301e+00,-1.1699200e-03,5.0330383e-01,1
1,346,3.4600,1.1983632e+01,-1.3996682e+00,5.7584462e+00,1.4512024e+00,1.2023449e-03,5.0330383e-01,0
1,347,3.4700,1.2000000e+01,-1.3877510e+00,5.7664118e+00,1.4488275e+00,-1.1725426e-03,5.0330383e-01,1
1,348,3.4800,1.1983634e+01,-1.3993473e+00,5.7580929e+00,1.4512022e+00,1.2021065e-03,5.0330383e-01,0
1,349,3.4900,1.2000000e+01,-1.3876075e+00,5.7659426e+00,1.4488521e+00,-1.1479855e-03,5.0330383e-01,1
1,350,3.5000,1.1983629e+01,-1.3992084e+00,5.7576270e+00,1.4512024e+00,1.2023449e-03,5.0330383e-01,0
1,351,3.5100,1.2000000e+01,-1.3873016e+00,5.7655988e+00,1.4488280e+00,-1.1720657e-03,5.0330383e-01,1
1,352,3.5200,1.1983556e+01,-1.3989564e+00,5.7572527e+00,1.4512095e+00,1.2094975e-03,5.0330383e-01,0
1,353,3.5300,1.2000000e+01,-1.3870988e+00,5.7651968e+00,1.4488344e+00,-1.1656284e-03,5.0330383e-01,1
1,354,3.5400,1.1983747e+01,-1.3986259e+00,5.7569456e+00,1.4511907e+00,1.1906624e-03,5.0330383e-01,0
1,355,3.5500,1.2000000e+01,-1.3868300e+00,5.7648540e+00,1.4488428e+00,-1.1572838e-03,5.0330383e-01,1
1,356,3.5600,1.1983653e+01,-1.3984246e+00,5.7565622e+00,1.4511999e+00,1.1998415e-03,5.0330383e-01,0
1,357,3.5700,1.2000000e+01,-1.3866577e+00,5.7644563e+00,1.4488463e+00,-1.1537075e-03,5.0330383e-01,1
1,358,3.5800,1.1983712e+01,-1.3982140e+00,5.7561975e+00,1.4511939e+00,1.1938810e-03,5.0330383e-01,0
1,359,3.5900,1.2000000e+01,-1.3863820e+00,5.7641430e+00,1.4488367e+00,-1.1633635e-03,5.0330383e-01,1
1,360,3.6000,1.1983654e+01,-1.3979809e+00,5.7558608e+00,1.4511995e+00,1.1994839e-03,5.0330400e-01,8
1,361,3.6100,1.2000000e+01,-1.3861257e+00,5.7638283e+00,1.4488329e+00,-1.1671782e-03,5.0330400e-01,1
1,362,3.6200,1.1983765e+01,-1.3976523e+00,5.7556019e+00,1.4511887e+00,1.1886358e-03,5.0330400e-01,0
1,363,3.6300,1.2000000e+01,-1.3860120e+00,5.7634263e+00,1.4488628e+00,-1.1372566e-03,5.0330400e-01,1
1,364,3.6400,1.1983829e+01,-1.3974971e+00,5.7552342e+00,1.4511824e+00,1.1823177e-03,5.0330400e-01,0
1,365,3.6500,1.2000000e+01,-1.3858645e+00,5.7630591e+00,1.4488635e+00,-1.1365414e-03,5.0330400e-01,1
1,366,3.6600,1.1983916e+01,-1.3972923e+00,5.7549129e+00,1.4511738e+00,1.1737347e-03,5.0330400e-01,0
1,367,3.6700,1.2000000e+01,-1.3856162e+00,5.7627730e+00,1.4488571e+00,-1.1429787e-03,5.0330400e-01,1
1,368,3.6800,1.1983809e+01,-1.3971193e+00,5.7545800e+00,1.4511840e+00,1.1839867e-03,5.0330400e-01,0
1,369,3.6900,1.2000000e+01,-1.3853523e+00,5.7625089e+00,1.4488437e+00,-1.1563301e-03,5.0330400e-01,1
1,370,3.7000,1.1983718e+01,-1.3969201e+00,5.7542758e+00,1.4511929e+00,1.1928082e-03,5.0330400e-01,0
1,371,3.7100,1.2000000e+01,-1.3851565e+00,5.7622075e+00,1.4488437e+00,-1.1563301e-03,5.0330400e-01,1
1,372,3.7200,1.1983725e+01,-1.3967224e+00,5.7539816e+00,1.4511921e+00,1.1920929e-03,5.0330400e-01,0
1,373,3.7300,1.2000000e+01,-1.3849173e+00,5.7619472e+00,1.4488374e+00,-1.1626482e-03,5.0330400e-01,1
1,374,3.7400,1.1983658e+01,-1.3965311e+00,5.7536931e+00,1.4511986e+00,1.1985302e-03,5.0330400e-01,0
1,375,3.7500,1.2000000e+01,-1.3847308e+00,5.7616601e+00,1.4488376e+00,-1.1624098e-03,5.0330400e-01,1
1,376,3.7600,1.1983723e+01,-1.3963026e+00,5.7534399e+00,1.4511921e+00,1.1920929e-03,5.0330400e-01,0
1,377,3.7700,1.2000000e+01,-1.3845327e+00,5.7613912e+00,1.4488416e+00,-1.1584759e-03,5.0330400e-01,1
1,378,3.7800,1.1983784e+01,-1.3960658e+00,5.7532029e+00,1.4511862e+00,1.1861324e-03,5.0330400e-01,0
1,379,3.7900,1.2000000e+01,-1.3844526e+00,5.7610507e+00,1.4488633e+00,-1.1367798e-03,5.0330400e-01,1
1,380,3.8000,1.1983721e+01,-1.3960294e+00,5.7528367e+00,1.4511921e+00,1.1920929e-03,5.0329238e-01,8
1,381,3.8100,1.2000000e+01,-1.3842763e+00,5.7607856e+00,1.4488432e+00,-1.1568069e-03,5.0329238e-01,1
1,382,3.8200,1.1983809e+01,-1.3957958e+00,5.7526159e+00,1.4511836e+00,1.1835098e-03,5.0329238e-01,0
1,383,3.8300,1.2000000e+01,-1.3839486e+00,5.7606349e+00,1.4488295e+00,-1.1705160e-03,5.0329238e-01,1
1,384,3.8400,1.1983593e+01,-1.3956181e+00,5.7523661e+00,1.4512045e+00,1.2044907e-03,5.0329238e-01,0
1,385,3.8500,1.2000000e+01,-1.3838058e+00,5.7603655e+00,1.4488339e+00,-1.1661053e-03,5.0329238e-01,1
1,386,3.8600,1.1983578e+01,-1.3954875e+00,5.7520924e+00,1.4512060e+00,1.2059212e-03,5.0329238e-01,0
1,387,3.8700,1.2000000e+01,-1.3835189e+00,5.7602038e+00,1.4488113e+00,-1.1887550e-03,5.0329238e-01,1
1,388,3.8800,1.1983573e+01,-1.3952072e+00,5.7519307e+00,1.4512064e+00,1.2063980e-03,5.0329238e-01,0
1,389,3.8900,1.2000000e+01,-1.3834062e+00,5.7599306e+00,1.4488348e+00,-1.1652708e-03,5.0329238e-01,1
1,390,3.9000,1.1983612e+01,-1.3950694e+00,5.7516789e+00,1.4512025e+00,1.2024641e-03,5.0329238e-01,0
1,391,3.9100,1.2000000e+01,-1.3832847e+00,5.7596717e+00,1.4488368e+00,-1.1632442e-03,5.0329238e-01,1
1,392,3.9200,1.1983461e+01,-1.3950516e+00,5.7513523e+00,1.4512172e+00,1.2171268e-03,5.0329238e-01,0
1,393,3.9300,1.2000000e+01,-1.3831275e+00,5.7594457e+00,1.4488165e+00,-1.1835098e-03,5.0329238e-01,1
1,394,3.9400,1.1983599e+01,-1.3948027e+00,5.7511940e+00,1.4512036e+00,1.2035370e-03,5.0329238e-01,0
1,395,3.9500,1.2000000e+01,-1.3828903e+00,5.7592826e+00,1.4488180e+00,-1.1820793e-03,5.0329238e-01,1
1,396,3.9600,1.1983750e+01,-1.3944654e+00,5.7511039e+00,1.4511888e+00,1.1887550e-03,5.0329238e-01,0
1,397,3.9700,1.2000000e+01,-1.3828361e+00,5.7590003e+00,1.4488578e+00,-1.1422634e-03,5.0329238e-01,1
1,398,3.9800,1.1983687e+01,-1.3944546e+00,5.7507954e+00,1.4511948e+00,1.1947155e-03,5.0329238e-01,0
1,399,3.9900,1.2000000e+01,-1.3827547e+00,5.7587452e+00,1.4488475e+00,-1.1525154e-03,5.0329238e-01,1
1,400,4.0000,1.1983768e+01,-1.3943201e+00,5.7505808e+00,1.4511869e+00,1.1868477e-03,5.0328237e-01,8
1,401,4.0100,1.2000000e+01,-1.3826640e+00,5.7585034e+00,1.4488535e+00,-1.1465549e-03,5.0328237e-01,1
1,402,4.0200,1.1983798e+01,-1.3942099e+00,5.7503562e+00,1.4511838e+00,1.1837482e-03,5.0328237e-01,0
1,403,4.0300,1.2000000e+01,-1.3825338e+00,5.7582965e+00,1.4488504e+00,-1.1496544e-03,5.0328237e-01,1
1,404,4.0400,1.1983763e+01,-1.3941048e+00,5.7501354e+00,1.4511871e+00,1.1870861e-03,5.0328237e-01,0
1,405,4.0500,1.2000000e+01,-1.3822978e+00,5.7581697e+00,1.4488316e+00,-1.1684895e-03,5.0328237e-01,1
1,406,4.0600,1.1983619e+01,-1.3939697e+00,5.7499423e+00,1.4512012e+00,1.2011528e-03,5.0328237e-01,0
1,407,4.0700,1.2000000e+01,-1.3821262e+00,5.7580051e+00,1.4488260e+00,-1.1740923e-03,5.0328237e-01,1
1,408,4.0800,1.1983717e+01,-1.3937333e+00,5.7498260e+00,1.4511915e+00,1.1914968e-03,5.0328237e-01,0
1,409,4.0900,1.2000000e+01,-1.3820746e+00,5.7577643e+00,1.4488518e+00,-1.1482239e-03,5.0328237e-01,1
1,410,4.1000,1.1983572e+01,-1.3937804e+00,5.7495203e+00,1.4512055e+00,1.2054443e-03,5.0328237e-01,0
1,411,4.1100,1.2000000e+01,-1.3818284e+00,5.7576647e+00,1.4488099e+00,-1.1901855e-03,5.0328237e-01,1
1,412,4.1200,1.1983480e+01,-1.3935996e+00,5.7493782e+00,1.4512146e+00,1.2145042e-03,5.0328237e-01,0
1,413,4.1300,1.2000000e+01,-1.3818150e+00,5.7574100e+00,1.4488333e+00,-1.1667013e-03,5.0328237e-01,1
1,414,4.1400,1.1983718e+01,-1.3934251e+00,5.7492385e+00,1.4511912e+00,1.1911392e-03,5.0328237e-01,0
1,415,4.1500,1.2000000e+01,-1.3817499e+00,5.7571979e+00,1.4488487e+00,-1.1513233e-03,5.0328237e-01,1
1,416,4.1600,1.1983745e+01,-1.3933426e+00,5.7490416e+00,1.4511884e+00,1.1883974e-03,5.0328237e-01,0
1,417,4.1700,1.2000000e+01,-1.3815823e+00,5.7570629e+00,1.4488364e+00,-1.1636019e-03,5.0328237e-01,1
1,418,4.1800,1.1983788e+01,-1.3931481e+00,5.7489281e+00,1.4511843e+00,1.1842251e-03,5.0328237e-01,0
1,419,4.1900,1.2000000e+01,-1.3815510e+00,5.7568393e+00,1.4488592e+00,-1.1408329e-03,5.0328237e-01,1
1,420,4.2000,1.1983796e+01,-1.3931113e+00,5.7487111e+00,1.4511833e+00,1.1832714e-03,5.0328320e-01,8
1,421,4.2100,1.2000000e+01,-1.3813915e+00,5.7567105e+00,1.4488417e+00,-1.1583567e-03,5.0328320e-01,1
1,422,4.2200,1.1983793e+01,-1.3929557e+00,5.7485828e+00,1.4511836e+00,1.1835098e-03,5.0328320e-01,0
1,423,4.2300,1.2000000e+01,-1.3813334e+00,5.7565174e+00,1.4488552e+00,-1.1448860e-03,5.0328320e-01,1
1,424,4.2400,1.1983862e+01,-1.3928515e+00,5.7484245e+00,1.4511768e+00,1.1767149e-03,5.0328320e-01,0
1,425,4.2500,1.2000000e+01,-1.3812218e+00,5.7563667e+00,1.4488540e+00,-1.1460781e-03,5.0328320e-01,1
1,426,4.2600,1.1983757e+01,-1.3928127e+00,5.7482257e+00,1.4511869e+00,1.1868477e-03,5.0328320e-01,0
1,427,4.2700,1.2000000e+01,-1.3811716e+00,5.7561789e+00,1.4488521e+00,-1.1479855e-03,5.0328320e-01,1
1,428,4.2800,1.1983809e+01,-1.3927269e+00,5.7480650e+00,1.4511817e+00,1.1816025e-03,5.0328320e-01,0
1,429,4.2900,1.2000000e+01,-1.3811496e+00,5.7559762e+00,1.4488609e+00,-1.1391640e-03,5.0328320e-01,1
1,430,4.3000,1.1983801e+01,-1.3927115e+00,5.7478609e+00,1.4511824e+00,1.1823177e-03,5.0328320e-01,0
1,431,4.3100,1.2000000e+01,-1.3809500e+00,5.7559023e+00,1.4488347e+00,-1.1653900e-03,5.0328320e-01,1
1,432,4.3200,1.1983920e+01,-1.3924335e+00,5.7478433e+00,1.4511709e+00,1.1708736e-03,5.0328320e-01,0
1,433,4.3300,1.2000000e+01,-1.3807665e+00,5.7558222e+00,1.4488478e+00,-1.1522770e-03,5.0328320e-01,1
1,434,4.3400,1.1983664e+01,-1.3924261e+00,5.7476444e+00,1.4511957e+00,1.1956692e-03,5.0328320e-01,0
1,435,4.3500,1.2000000e+01,-1.3806614e+00,5.7556930e+00,1.4488336e+00,-1.1664629e-03,5.0328320e-01,1
1,436,4.3600,1.1983734e+01,-1.3922741e+00,5.7475495e+00,1.4511888e+00,1.1887550e-03,5.0328320e-01,0
1,437,4.3700,1.2000000e+01,-1.3806146e+00,5.7555280e+00,1.4488482e+00,-1.1518002e-03,5.0328320e-01,1
1,438,4.3800,1.1983705e+01,-1.3922482e+00,5.7473726e+00,1.4511915e+00,1.1914968e-03,5.0328320e-01,0
1,439,4.3900,1.2000000e+01,-1.3804137e+00,5.7554746e+00,1.4488232e+00,-1.1768341e-03,5.0328320e-01,1
1,440,4.4000,1.1983721e+01,-1.3920386e+00,5.7473278e+00,1.4511900e+00,1.1899471e-03,5.0330073e-01,8
1,441,4.4100,1.2000000e+01,-1.3803656e+00,5.7553201e+00,1.4488459e+00,-1.1541843e-03,5.0330073e-01,1
1,442,4.4200,1.1983693e+01,-1.3920099e+00,5.7471619e+00,1.4511926e+00,1.1925697e-03,5.0330073e-01,0
1,443,4.4300,1.2000000e+01,-1.3803011e+00,5.7551808e+00,1.4488406e+00,-1.1594296e-03,5.0330073e-01,1
1,444,4.4400,1.1983768e+01,-1.3918951e+00,5.7470598e+00,1.4511852e+00,1.1851788e-03,5.0330073e-01,0
1,445,4.4500,1.2000000e+01,-1.3802693e+00,5.7550235e+00,1.4488522e+00,-1.1478662e-03,5.0330073e-01,1
1,446,4.4600,1.1983915e+01,-1.3917642e+00,5.7469730e+00,1.4511709e+00,1.1708736e-03,5.0330073e-01,0
1,447,4.4700,1.2000000e+01,-1.3801976e+00,5.7548981e+00,1.4488604e+00,-1.1396408e-03,5.0330073e-01,1
1,448,4.4800,1.1983798e+01,-1.3917725e+00,5.7467942e+00,1.4511821e+00,1.1820793e-03,5.0330073e-01,0
1,449,4.4900,1.2000000e+01,-1.3800997e+00,5.7547946e+00,1.4488451e+00,-1.1548996e-03,5.0330073e-01,1
1,450,4.5000,1.1983783e+01,-1.3916861e+00,5.7466850e+00,1.4511836e+00,1.1835098e-03,5.0330073e-01,0
1,451,4.5100,1.2000000e+01,-1.3800095e+00,5.7546902e+00,1.4488444e+00,-1.1556149e-03,5.0330073e-01,1
1,452,4.5200,1.1983626e+01,-1.3917030e+00,5.7465081e+00,1.4511987e+00,1.1986494e-03,5.0330073e-01,0
1,453,4.5300,1.2000000e+01,-1.3798071e+00,5.7546668e+00,1.4488130e+00,-1.1870861e-03,5.0330073e-01,1
1,454,4.5400,1.1983631e+01,-1.3915002e+00,5.7464876e+00,1.4511983e+00,1.1982918e-03,5.0330073e-01,0
1,455,4.5500,1.2000000e+01,-1.3797381e+00,5.7545557e+00,1.4488318e+00,-1.1682510e-03,5.0330073e-01,1
1,456,4.5600,1.1983677e+01,-1.3914009e+00,5.7463989e+00,1.4511938e+00,1.1937618e-03,5.0330073e-01,0
1,457,4.5700,1.2000000e+01,-1.3796855e+00,5.7544365e+00,1.4488382e+00,-1.1618137e-03,5.0330073e-01,1
1,458,4.5800,1.1983578e+01,-1.3914161e+00,5.7462349e+00,1.4512033e+00,1.2032986e-03,5.0330073e-01,0
1,459,4.5900,1.2000000e+01,-1.3796425e+00,5.7543149e+00,1.4488298e+00,-1.1702776e-03,5.0330073e-01,1
1,460,4.6000,1.1983708e+01,-1.3912854e+00,5.7461758e+00,1.4511906e+00,1.1905432e-03,5.0331026e-01,8
1,461,4.6100,1.2000000e+01,-1.3796352e+00,5.7541718e+00,1.4488472e+00,-1.1528730e-03,5.0331026e-01,1
1,462,4.6200,1.1983644e+01,-1.3913214e+00,5.7460046e+00,1.4511967e+00,1.1966228e-03,5.0331026e-01,0
1,463,4.6300,1.2000000e+01,-1.3795607e+00,5.7540793e+00,1.4488313e+00,-1.1687279e-03,5.0331026e-01,1
1,464,4.6400,1.1983726e+01,-1.3911923e+00,5.7459512e+00,1.4511887e+00,1.1886358e-03,5.0331026e-01,0
1,465,4.6500,1.2000000e+01,-1.3794042e+00,5.7540464e+00,1.4488273e+00,-1.1727810e-03,5.0331026e-01,1
1,466,4.6600,1.1983670e+01,-1.3910750e+00,5.7458930e+00,1.4511940e+00,1.1940002e-03,5.0331026e-01,0
1,467,4.6700,1.2000000e+01,-1.3794147e+00,5.7539015e+00,1.4488451e+00,-1.1548996e-03,5.0331026e-01,1
1,468,4.6800,1.1983713e+01,-1.3910564e+00,5.7457700e+00,1.4511898e+00,1.1897087e-03,5.0331026e-01,0
1,469,4.6900,1.2000000e+01,-1.3793950e+00,5.7537804e+00,1.4488449e+00,-1.1551380e-03,5.0331026e-01,1
1,470,4.7000,1.1983582e+01,-1.3911266e+00,5.7455883e+00,1.4512025e+00,1.2024641e-03,5.0331026e-01,0
1,471,4.7100,1.2000000e+01,-1.3791844e+00,5.7537956e+00,1.4488046e+00,-1.1954308e-03,5.0331026e-01,1
1,472,4.7200,1.1983561e+01,-1.3909328e+00,5.7455931e+00,1.4512047e+00,1.2046099e-03,5.0331026e-01,0
1,473,4.7300,1.2000000e+01,-1.3790911e+00,5.7537317e+00,1.4488188e+00,-1.1812449e-03,5.0331026e-01,1
1,474,4.7400,1.1983501e+01,-1.3908807e+00,5.7455025e+00,1.4512104e+00,1.2103319e-03,5.0331026e-01,0
1,475,4.7500,1.2000000e+01,-1.3789779e+00,5.7536850e+00,1.4488099e+00,-1.1901855e-03,5.0331026e-01,1
1,476,4.7600,1.1983463e+01,-1.3907945e+00,5.7454386e+00,1.4512141e+00,1.2140274e-03,5.0331026e-01,0
1,477,4.7700,1.2000000e+01,-1.3789749e+00,5.7535653e+00,1.4488215e+00,-1.1785030e-03,5.0331026e-01,1
1,478,4.7800,1.1983555e+01,-1.3907294e+00,5.7453637e+00,1.4512050e+00,1.2049675e-03,5.0331026e-01,0
1,479,4.7900,1.2000000e+01,-1.3789656e+00,5.7534528e+00,1.4488294e+00,-1.1706352e-03,5.0331026e-01,1
1,480,4.8000,1.1983627e+01,-1.3906714e+00,5.7452865e+00,1.4511979e+00,1.1978149e-03,5.0329858e-01,8
1,481,4.8100,1.2000000e+01,-1.3789837e+00,5.7533240e+00,1.4488401e+00,-1.1599064e-03,5.0329858e-01,1
1,482,4.8200,1.1983897e+01,-1.3905058e+00,5.7452860e+00,1.4511715e+00,1.1714697e-03,5.0329858e-01,0
1,483,4.8300,1.2000000e+01,-1.3790597e+00,5.7531581e+00,1.4488741e+00,-1.1259317e-03,5.0329858e-01,1
1,484,4.8400,1.1983699e+01,-1.3907158e+00,5.7450285e+00,1.4511906e+00,1.1905432e-03,5.0329858e-01,0
1,485,4.8500,1.2000000e+01,-1.3789451e+00,5.7531266e+00,1.4488282e+00,-1.1718273e-03,5.0329858e-01,1
1,486,4.8600,1.1983673e+01,-1.3906200e+00,5.7449851e+00,1.4511931e+00,1.1930466e-03,5.0329858e-01,0
1,487,4.8700,1.2000000e+01,-1.3787749e+00,5.7531362e+00,1.4488174e+00,-1.1826754e-03,5.0329858e-01,1
1,488,4.8800,1.1983600e+01,-1.3905011e+00,5.7449603e+00,1.4512002e+00,1.2001991e-03,5.0329858e-01,0
1,489,4.8900,1.2000000e+01,-1.3787942e+00,5.7530165e+00,1.4488368e+00,-1.1632442e-03,5.0329858e-01,1
1,490,4.9000,1.1983779e+01,-1.3903989e+00,5.7449265e+00,1.4511827e+00,1.1826754e-03,5.0329858e-01,0
1,491,4.9100,1.2000000e+01,-1.3787274e+00,5.7529597e+00,1.4488418e+00,-1.1582375e-03,5.0329858e-01,1
1,492,4.9200,1.1983665e+01,-1.3904108e+00,5.7448163e+00,1.4511938e+00,1.1937618e-03,5.0329858e-01,0
1,493,4.9300,1.2000000e+01,-1.3786968e+00,5.7528801e+00,1.4488356e+00,-1.1644363e-03,5.0329858e-01,1
1,494,4.9400,1.1983785e+01,-1.3902985e+00,5.7447948e+00,1.4511820e+00,1.1819601e-03,5.0329858e-01,0
1,495,4.9500,1.2000000e+01,-1.3786476e+00,5.7528162e+00,1.4488444e+00,-1.1556149e-03,5.0329858e-01,1
1,496,4.9600,1.1983882e+01,-1.3901843e+00,5.7447772e+00,1.4511726e+00,1.1725426e-03,5.0329858e-01,0
1,497,4.9700,1.2000000e+01,-1.3785561e+00,5.7527843e+00,1.4488475e+00,-1.1525154e-03,5.0329858e-01,1
1,498,4.9800,1.1983610e+01,-1.3902783e+00,5.7446179e+00,1.4511989e+00,1.1988878e-03,5.0329858e-01,0
1,499,4.9900,1.2000000e+01,-1.3786399e+00,5.7526326e+00,1.4488459e+00,-1.1541843e-03,5.0329858e-01,1
1,500,5.0000,1.1983672e+01,-1.3903190e+00,5.7444968e+00,1.4511927e+00,1.1926889e-03,5.0329143e-01,8
1,501,5.0100,1.2000000e+01,-1.3785216e+00,5.7526231e+00,1.4488232e+00,-1.1768341e-03,5.0329143e-01,1
1,502,5.0200,1.1983845e+01,-1.3900851e+00,5.7445683e+00,1.4511760e+00,1.1759996e-03,5.0329143e-01,0
1,503,5.0300,1.2000000e+01,-1.3786277e+00,5.7524605e+00,1.4488711e+00,-1.1289120e-03,5.0329143e-01,1
1,504,5.0400,1.1983874e+01,-1.3901695e+00,5.7444220e+00,1.4511729e+00,1.1729002e-03,5.0329143e-01,0
1,505,5.0500,1.2000000e+01,-1.3785424e+00,5.7524323e+00,1.4488473e+00,-1.1527538e-03,5.0329143e-01,1
1,506,5.0600,1.1983688e+01,-1.3902118e+00,5.7443066e+00,1.4511909e+00,1.1909008e-03,5.0329143e-01,0
1,507,5.0700,1.2000000e+01,-1.3784344e+00,5.7524223e+00,1.4488257e+00,-1.1743307e-03,5.0329143e-01,1
1,508,5.0800,1.1983632e+01,-1.3901430e+00,5.7442703e+00,1.4511964e+00,1.1963844e-03,5.0329143e-01,0
1,509,5.0900,1.2000000e+01,-1.3782568e+00,5.7524619e+00,1.4488100e+00,-1.1900663e-03,5.0329143e-01,1
1,510,5.1000,1.1983766e+01,-1.3898773e+00,5.7443719e+00,1.4511836e+00,1.1835098e-03,5.0329143e-01,0
1,511,5.1100,1.2000000e+01,-1.3782896e+00,5.7523580e+00,1.4488523e+00,-1.1477470e-03,5.0329143e-01,1
1,512,5.1200,1.1983763e+01,-1.3899114e+00,5.7442684e+00,1.4511837e+00,1.1836290e-03,5.0329143e-01,0
1,513,5.1300,1.2000000e+01,-1.3783413e+00,5.7522430e+00,1.4488547e+00,-1.1453629e-03,5.0329143e-01,1
1,514,5.1400,1.1983928e+01,-1.3898503e+00,5.7442322e+00,1.4511676e+00,1.1675358e-03,5.0329143e-01,0
1,515,5.1500,1.2000000e+01,-1.3783695e+00,5.7521462e+00,1.4488672e+00,-1.1328459e-03,5.0329143e-01,1
1,516,5.1600,1.1983865e+01,-1.3899208e+00,5.7441072e+00,1.4511735e+00,1.1734962e-03,5.0329143e-01,0
1,517,5.1700,1.2000000e+01,-1.3782736e+00,5.7521372e+00,1.4488437e+00,-1.1563301e-03,5.0329143e-01,1
1,518,5.1800,1.1983769e+01,-1.3898907e+00,5.7440534e+00,1.4511827e+00,1.1826754e-03,5.0329143e-01,0
1,519,5.1900,1.2000000e+01,-1.3782998e+00,5.7520456e+00,1.4488515e+00,-1.1485815e-03,5.0329143e-01,1
1,520,5.2000,1.1983654e+01,-1.3899958e+00,5.7439079e+00,1.4511939e+00,1.1938810e-03,5.0328302e-01,8
1,521,5.2100,1.2000000e+01,-1.3782358e+00,5.7520180e+00,1.4488274e+00,-1.1726618e-03,5.0328302e-01,1
1,522,5.2200,1.1983777e+01,-1.3898485e+00,5.7439389e+00,1.4511819e+00,1.1818409e-03,5.0328302e-01,0
1,523,5.2300,1.2000000e+01,-1.3782363e+00,5.7519474e+00,1.4488482e+00,-1.1518002e-03,5.0328302e-01,1
1,524,5.2400,1.1983799e+01,-1.3898345e+00,5.7438793e+00,1.4511797e+00,1.1796951e-03,5.0328302e-01,0
1,525,5.2500,1.2000000e+01,-1.3781672e+00,5.7519269e+00,1.4488404e+00,-1.1596680e-03,5.0328302e-01,1
1,526,5.2600,1.1983819e+01,-1.3897519e+00,5.7438688e+00,1.4511777e+00,1.1776686e-03,5.0328302e-01,0
1,527,5.2700,1.2000000e+01,-1.3781054e+00,5.7519026e+00,1.4488432e+00,-1.1568069e-03,5.0328302e-01,1
1,528,5.2800,1.1983859e+01,-1.3896638e+00,5.7438641e+00,1.4511738e+00,1.1737347e-03,5.0328302e-01,0
1,529,5.2900,1.2000000e+01,-1.3781028e+00,5.7518396e+00,1.4488552e+00,-1.1448860e-03,5.0328302e-01,1
1,530,5.3000,1.1983726e+01,-1.3897519e+00,5.7437387e+00,1.4511867e+00,1.1866093e-03,5.0328302e-01,0
1,531,5.3100,1.2000000e+01,-1.3780729e+00,5.7517962e+00,1.4488384e+00,-1.1616945e-03,5.0328302e-01,1
1,532,5.3200,1.1983779e+01,-1.3896861e+00,5.7437210e+00,1.4511814e+00,1.1813641e-03,5.0328302e-01,0
1,533,5.3300,1.2000000e+01,-1.3781320e+00,5.7516932e+00,1.4488559e+00,-1.1441708e-03,5.0328302e-01,1
1,534,5.3400,1.1983974e+01,-1.3896128e+00,5.7437105e+00,1.4511626e+00,1.1625290e-03,5.0328302e-01,0
1,535,5.3500,1.2000000e+01,-1.3780210e+00,5.7517095e+00,1.4488506e+00,-1.1494160e-03,5.0328302e-01,1
1,536,5.3600,1.1983828e+01,-1.3896019e+00,5.7436576e+00,1.4511766e+00,1.1765957e-03,5.0328302e-01,0
1,537,5.3700,1.2000000e+01,-1.3780378e+00,5.7516379e+00,1.4488543e+00,-1.1457205e-03,5.0328302e-01,1
1,538,5.3800,1.1983891e+01,-1.3895757e+00,5.7436166e+00,1.4511704e+00,1.1703968e-03,5.0328302e-01,0
1,539,5.3900,1.2000000e+01,-1.3779233e+00,5.7516589e+00,1.4488418e+00,-1.1582375e-03,5.0328302e-01,1
1,540,5.4000,1.1983802e+01,-1.3895228e+00,5.7435961e+00,1.4511790e+00,1.1789799e-03,5.0330424e-01,8
1,541,5.4100,1.2000000e+01,-1.3778820e+00,5.7516313e+00,1.4488432e+00,-1.1568069e-03,5.0330424e-01,1
1,542,5.4200,1.1983662e+01,-1.3895775e+00,5.7435026e+00,1.4511926e+00,1.1925697e-03,5.0330424e-01,0
1,543,5.4300,1.2000000e+01,-1.3779118e+00,5.7515554e+00,1.4488395e+00,-1.1605024e-03,5.0330424e-01,1
1,544,5.4400,1.1983740e+01,-1.3895532e+00,5.7434645e+00,1.4511849e+00,1.1848211e-03,5.0330424e-01,0
1,545,5.4500,1.2000000e+01,-1.3779169e+00,5.7514977e+00,1.4488437e+00,-1.1563301e-03,5.0330424e-01,1
1,546,5.4600,1.1983763e+01,-1.3895429e+00,5.7434182e+00,1.4511826e+00,1.1825562e-03,5.0330424e-01,0
1,547,5.4700,1.2000000e+01,-1.3778617e+00,5.7514830e+00,1.4488373e+00,-1.1627674e-03,5.0330424e-01,1
1,548,5.4800,1.1983814e+01,-1.3894538e+00,5.7434278e+00,1.4511776e+00,1.1775494e-03,5.0330424e-01,0
1,549,5.4900,1.2000000e+01,-1.3777764e+00,5.7514906e+00,1.4488378e+00,-1.1622906e-03,5.0330424e-01,1
1,550,5.5000,1.1983701e+01,-1.3894460e+00,5.7433820e+00,1.4511886e+00,1.1885166e-03,5.0330424e-01,0
1,551,5.5100,1.2000000e+01,-1.3777065e+00,5.7514892e+00,1.4488287e+00,-1.1713505e-03,5.0330424e-01,1
1,552,5.5200,1.1983702e+01,-1.3893765e+00,5.7433810e+00,1.4511884e+00,1.1883974e-03,5.0330424e-01,0
1,553,5.5300,1.2000000e+01,-1.3777578e+00,5.7514043e+00,1.4488457e+00,-1.1543036e-03,5.0330424e-01,1
1,554,5.5400,1.1983697e+01,-1.3894304e+00,5.7432952e+00,1.4511888e+00,1.1887550e-03,5.0330424e-01,0
1,555,5.5500,1.2000000e+01,-1.3776217e+00,5.7514510e+00,1.4488187e+00,-1.1813641e-03,5.0330424e-01,1
1,556,5.5600,1.1983635e+01,-1.3893380e+00,5.7433119e+00,1.4511949e+00,1.1948347e-03,5.0330424e-01,0
1,557,5.5700,1.2000000e+01,-1.3777369e+00,5.7513242e+00,1.4488480e+00,-1.1520386e-03,5.0330424e-01,1
1,558,5.5800,1.1983696e+01,-1.3894107e+00,5.7432156e+00,1.4511888e+00,1.1887550e-03,5.0330424e-01,0
1,559,5.5900,1.2000000e+01,-1.3776925e+00,5.7513099e+00,1.4488314e+00,-1.1686087e-03,5.0330424e-01,1
1,560,5.6000,1.1983774e+01,-1.3893136e+00,5.7432380e+00,1.4511812e+00,1.1811256e-03,5.0329334e-01,8
1,561,5.6100,1.2000000e+01,-1.3776605e+00,5.7512875e+00,1.4488406e+00,-1.1594296e-03,5.0329334e-01,1
1,562,5.6200,1.1983725e+01,-1.3893156e+00,5.7431927e+00,1.4511859e+00,1.1858940e-03,5.0329334e-01,0
1,563,5.6300,1.2000000e+01,-1.3776653e+00,5.7512412e+00,1.4488409e+00,-1.1591911e-03,5.0329334e-01,1
1,564,5.6400,1.1983809e+01,-1.3892630e+00,5.7431865e+00,1.4511777e+00,1.1776686e-03,5.0329334e-01,0
1,565,5.6500,1.2000000e+01,-1.3775659e+00,5.7512679e+00,1.4488342e+00,-1.1658669e-03,5.0329334e-01,1
1,566,5.6600,1.1983696e+01,-1.3892417e+00,5.7431598e+00,1.4511887e+00,1.1886358e-03,5.0329334e-01,0
1,567,5.6700,1.2000000e+01,-1.3775876e+00,5.7512112e+00,1.4488401e+00,-1.1599064e-03,5.0329334e-01,1
1,568,5.6800,1.1983674e+01,-1.3892778e+00,5.7430935e+00,1.4511907e+00,1.1906624e-03,5.0329334e-01,0
1,569,5.6900,1.2000000e+01,-1.3775209e+00,5.7512169e+00,1.4488255e+00,-1.1745691e-03,5.0329334e-01,1
1,570,5.7000,1.1983615e+01,-1.3892519e+00,5.7430716e+00,1.4511964e+00,1.1963844e-03,5.0329334e-01,0
1,571,5.7100,1.2000000e+01,-1.3775020e+00,5.7511907e+00,1.4488263e+00,-1.1737347e-03,5.0329334e-01,1
1,572,5.7200,1.1983777e+01,-1.3891236e+00,5.7431216e+00,1.4511807e+00,1.1806488e-03,5.0329334e-01,0
1,573,5.7300,1.2000000e+01,-1.3774618e+00,5.7511802e+00,1.4488388e+00,-1.1612177e-03,5.0329334e-01,1
1,574,5.7400,1.1983673e+01,-1.3891542e+00,5.7430625e+00,1.4511907e+00,1.1906624e-03,5.0329334e-01,0
1,575,5.7500,1.2000000e+01,-1.3775203e+00,5.7511020e+00,1.4488426e+00,-1.1574030e-03,5.0329334e-01,1
1,576,5.7600,1.1983776e+01,-1.3891419e+00,5.7430339e+00,1.4511806e+00,1.1805296e-03,5.0329334e-01,0
1,577,5.7700,1.2000000e+01,-1.3775307e+00,5.7510586e+00,1.4488459e+00,-1.1541843e-03,5.0329334e-01,1
1,578,5.7800,1.1983683e+01,-1.3892161e+00,5.7429466e+00,1.4511896e+00,1.1895895e-03,5.0329334e-01,0
1,579,5.7900,1.2000000e+01,-1.3774445e+00,5.7510824e+00,1.4488230e+00,-1.1770725e-03,5.0329334e-01,1
1,580,5.8000,1.1983654e+01,-1.3891499e+00,5.7429566e+00,1.4511924e+00,1.1923313e-03,5.0328666e-01,8
1,581,5.8100,1.2000000e+01,-1.3775150e+00,5.7509985e+00,1.4488423e+00,-1.1577606e-03,5.0328666e-01,1
1,582,5.8200,1.1983832e+01,-1.3890986e+00,5.7429576e+00,1.4511750e+00,1.1749268e-03,5.0328666e-01,0
1,583,5.8300,1.2000000e+01,-1.3775615e+00,5.7509322e+00,1.4488561e+00,-1.1439323e-03,5.0328666e-01,1
1,584,5.8400,1.1983894e+01,-1.3891026e+00,5.7429214e+00,1.4511689e+00,1.1688471e-03,5.0328666e-01,0
1,585,5.8500,1.2000000e+01,-1.3775208e+00,5.7509274e+00,1.4488498e+00,-1.1502504e-03,5.0328666e-01,1
1,586,5.8600,1.1983747e+01,-1.3891621e+00,5.7428474e+00,1.4511831e+00,1.1830330e-03,5.0328666e-01,0
1,587,5.8700,1.2000000e+01,-1.3774725e+00,5.7509279e+00,1.4488344e+00,-1.1656284e-03,5.0328666e-01,1
1,588,5.8800,1.1983644e+01,-1.3891847e+00,5.7427993e+00,1.4511931e+00,1.1930466e-03,5.0328666e-01,0
1,589,5.8900,1.2000000e+01,-1.3774015e+00,5.7509451e+00,1.4488209e+00,-1.1790991e-03,5.0328666e-01,1
1,590,5.9000,1.1983759e+01,-1.3890361e+00,5.7428708e+00,1.4511819e+00,1.1818409e-03,5.0328666e-01,0
1,591,5.9100,1.2000000e+01,-1.3773623e+00,5.7509413e+00,1.4488364e+00,-1.1636019e-03,5.0328666e-01,1
1,592,5.9200,1.1983680e+01,-1.3890516e+00,5.7428293e+00,1.4511896e+00,1.1895895e-03,5.0328666e-01,0
1,593,5.9300,1.2000000e+01,-1.3773289e+00,5.7509341e+00,1.4488294e+00,-1.1706352e-03,5.0328666e-01,1
1,594,5.9400,1.1983577e+01,-1.3890879e+00,5.7427740e+00,1.4511995e+00,1.1994839e-03,5.0328666e-01,0
1,595,5.9500,1.2000000e+01,-1.3773129e+00,5.7509155e+00,1.4488218e+00,-1.1782646e-03,5.0328666e-01,1
1,596,5.9600,1.1983553e+01,-1.3890891e+00,5.7427444e+00,1.4512019e+00,1.2018681e-03,5.0328666e-01,0
1,597,5.9700,1.2000000e+01,-1.3772255e+00,5.7509480e+00,1.4488090e+00,-1.1910200e-03,5.0328666e-01,1
1,598,5.9800,1.1983545e+01,-1.3890077e+00,5.7427731e+00,1.4512026e+00,1.2025833e-03,5.0328666e-01,0
1,599,5.9900,1.2000000e+01,-1.3772557e+00,5.7508993e+00,1.4488249e+00,-1.1751652e-03,5.0328666e-01,1
