scenario,i,t,alpha,delta1,delta2,CL,s,sigma,flags
0.000000000000000000e+00,0.000000000000000000e+00,0.000000000000000000e+00,9.045762062072753906e+00,9.678445816040039062e+00,-7.712407588958740234e+00,1.300479173660278320e+00,4.792213439941406250e-04,1.287478208541870117e-01,0.000000000000000000e+00
0.000000000000000000e+00,1.000000000000000000e+00,1.000000000000000021e-02,9.122696876525878906e+00,9.384834289550781250e+00,-7.415573120117187500e+00,1.298098921775817871e+00,-1.901030540466308594e-03,1.287478208541870117e-01,0.000000000000000000e+00
0.000000000000000000e+00,2.000000000000000000e+00,2.000000000000000042e-02,9.172163963317871094e+00,9.080384254455566406e+00,-7.137620925903320312e+00,1.300352692604064941e+00,3.527402877807617188e-04,1.287478208541870117e-01,0.000000000000000000e+00
0.000000000000000000e+00,3.000000000000000000e+00,2.999999999999999889e-02,9.247323036193847656e+00,8.800646781921386719e+00,-6.852709770202636719e+00,1.298348903656005859e+00,-1.651048660278320312e-03,1.287478208541870117e-01,0.000000000000000000e+00
0.000000000000000000e+00,4.000000000000000000e+00,4.000000000000000083e-02,9.296905517578125000e+00,8.510552406311035156e+00,-6.585615634918212891e+00,1.300342082977294922e+00,3.421306610107421875e-04,1.287478208541870117e-01,0.000000000000000000e+00
0.000000000000000000e+00,5.000000000000000000e+00,5.000000000000000278e-02,9.370343208312988281e+00,8.244029045104980469e+00,-6.312119960784912109e+00,1.298429369926452637e+00,-1.570582389831542969e-03,1.287478208541870117e-01,0.000000000000000000e+00
0.000000000000000000e+00,6.000000000000000000e+00,5.999999999999999778e-02,9.418207168579101562e+00,7.966528415679931641e+00,-6.056295871734619141e+00,1.300371885299682617e+00,3.719329833984375000e-04,1.287478208541870117e-01,0.000000000000000000e+00
0.000000000000000000e+00,7.000000000000000000e+00,7.000000000000000666e-02,9.489949226379394531e+00,7.712560653686523438e+00,-5.793750286102294922e+00,1.298403263092041016e+00,-1.596689224243164062e-03,1.287478208541870117e-01,0.000000000000000000e+00
0.000000000000000000e+00,8.000000000000000000e+00,8.000000000000000167e-02,9.535400390625000000e+00,7.446630954742431641e+00,-5.549083232879638672e+00,1.300400137901306152e+00,4.001855850219726562e-04,1.287478208541870117e-01,0.000000000000000000e+00
0.000000000000000000e+00,9.000000000000000000e+00,8.999999999999999667e-02,9.604646682739257812e+00,7.204002857208251953e+00,-5.297455787658691406e+00,1.298415541648864746e+00,-1.584410667419433594e-03,1.287478208541870117e-01,0.000000000000000000e+00
0.000000000000000000e+00,1.000000000000000000e+01,1.000000000000000056e-01,9.647353172302246094e+00,6.948876380920410156e+00,-5.063677310943603516e+00,1.300422668457031250e+00,4.227161407470703125e-04,1.287478208541870117e-01,0.000000000000000000e+00
0.000000000000000000e+00,1.100000000000000000e+01,1.100000000000000006e-01,9.714238166809082031e+00,6.717066287994384766e+00,-4.822500228881835938e+00,1.298378467559814453e+00,-1.621484756469726562e-03,1.287478208541870117e-01,0.000000000000000000e+00
0.000000000000000000e+00,1.200000000000000000e+01,1.199999999999999956e-01,9.753906250000000000e+00,6.472017765045166016e+00,-4.599340915679931641e+00,1.300451278686523438e+00,4.513263702392578125e-04,1.287478208541870117e-01,0.000000000000000000e+00
0.000000000000000000e+00,1.300000000000000000e+01,1.300000000000000044e-01,9.818102836608886719e+00,6.250217914581298828e+00,-4.368393421173095703e+00,1.298373579978942871e+00,-1.626372337341308594e-03,1.287478208541870117e-01,0.000000000000000000e+00
0.000000000000000000e+00,1.400000000000000000e+01,1.400000000000000133e-01,9.855130195617675781e+00,6.015029907226562500e+00,-4.155257701873779297e+00,1.300449609756469727e+00,4.496574401855468750e-04,1.287478208541870117e-01,0.000000000000000000e+00
0.000000000000000000e+00,1.500000000000000000e+01,1.499999999999999944e-01,9.916794776916503906e+00,5.802813529968261719e+00,-3.934095621109008789e+00,1.298353433609008789e+00,-1.646518707275390625e-03,1.287478208541870117e-01,0.000000000000000000e+00
0.000000000000000000e+00,1.600000000000000000e+01,1.600000000000000033e-01,9.950729370117187500e+00,5.576687812805175781e+00,-3.730825424194335938e+00,1.300482630729675293e+00,4.826784133911132812e-04,1.287478208541870117e-01,0.000000000000000000e+00
0.000000000000000000e+00,1.700000000000000000e+01,1.700000000000000122e-01,1.001000976562500000e+01,5.373656272888183594e+00,-3.519023418426513672e+00,1.298329591751098633e+00,-1.670360565185546875e-03,1.287478208541870117e-01,0.000000000000000000e+00
0.000000000000000000e+00,1.800000000000000000e+01,1.799999999999999933e-01,1.004149341583251953e+01,5.156580448150634766e+00,-3.324933052062988281e+00,1.300478935241699219e+00,4.789829254150390625e-04,1.287478208541870117e-01,0.000000000000000000e+00
0.000000000000000000e+00,1.900000000000000000e+01,1.900000000000000022e-01,1.009840011596679688e+01,4.962270736694335938e+00,-3.122145414352416992e+00,1.298325300216674805e+00,-1.674652099609375000e-03,1.287478208541870117e-01,0.000000000000000000e+00
0.000000000000000000e+00,2.000000000000000000e+01,2.000000000000000111e-01,1.012967586517333984e+01,4.742526531219482422e+00,-2.926190853118896484e+00,1.300497174263000488e+00,4.972219467163085938e-04,1.042098999023437500e-01,0.000000000000000000e+00
0.000000000000000000e+00,2.100000000000000000e+01,2.099999999999999922e-01,1.018679141998291016e+01,4.546028137207031250e+00,-2.721658229827880859e+00,1.298302888870239258e+00,-1.697063446044921875e-03,1.042098999023437500e-01,0.000000000000000000e+00
0.000000000000000000e+00,2.200000000000000000e+01,2.200000000000000011e-01,1.021578311920166016e+01,4.335691928863525391e+00,-2.534950494766235352e+00,1.300488114356994629e+00,4.881620407104492188e-04,1.042098999023437500e-01,0.000000000000000000e+00
0.000000000000000000e+00,2.300000000000000000e+01,2.300000000000000100e-01,1.027041435241699219e+01,4.148056030273437500e+00,-2.339656114578247070e+00,1.298331260681152344e+00,-1.668691635131835938e-03,1.042098999023437500e-01,0.000000000000000000e+00
0.000000000000000000e+00,2.400000000000000000e+01,2.399999999999999911e-01,1.029761123657226562e+01,3.946964979171752930e+00,-2.161581516265869141e+00,1.300459623336791992e+00,4.596710205078125000e-04,1.042098999023437500e-01,0.000000000000000000e+00
0.000000000000000000e+00,2.500000000000000000e+01,2.500000000000000000e-01,1.034979248046875000e+01,3.767747163772583008e+00,-1.975149154663085938e+00,1.298382520675659180e+00,-1.617431640625000000e-03,1.042098999023437500e-01,0.000000000000000000e+00
0.000000000000000000e+00,2.600000000000000000e+01,2.600000000000000089e-01,1.037496089935302734e+01,3.575267314910888672e+00,-1.805464982986450195e+00,1.300461292266845703e+00,4.613399505615234375e-04,1.042098999023437500e-01,0.000000000000000000e+00
0.000000000000000000e+00,2.700000000000000000e+01,2.700000000000000178e-01,1.042555141448974609e+01,3.404600143432617188e+00,-1.627134084701538086e+00,1.298346757888793945e+00,-1.653194427490234375e-03,1.042098999023437500e-01,0.000000000000000000e+00
0.000000000000000000e+00,2.800000000000000000e+01,2.800000000000000266e-01,1.044868659973144531e+01,3.220273017883300781e+00,-1.465503215789794922e+00,1.300476074218750000e+00,4.761219024658203125e-04,1.042098999023437500e-01,0.000000000000000000e+00
0.000000000000000000e+00,2.900000000000000000e+01,2.899999999999999800e-01,1.049755382537841797e+01,3.057639598846435547e+00,-1.295009374618530273e+00,1.298350334167480469e+00,-1.649618148803710938e-03,1.042098999023437500e-01,0.000000000000000000e+00
0.000000000000000000e+00,3.000000000000000000e+01,2.999999999999999889e-01,1.051919269561767578e+01,2.881387948989868164e+00,-1.140851616859436035e+00,1.300464749336242676e+00,4.647970199584960938e-04,1.042098999023437500e-01,0.000000000000000000e+00
0.000000000000000000e+00,3.100000000000000000e+01,3.099999999999999978e-01,1.056641960144042969e+01,2.726437568664550781e+00,-9.778388142585754395e-01,1.298361897468566895e+00,-1.638054847717285156e-03,1.042098999023437500e-01,0.000000000000000000e+00
0.000000000000000000e+00,3.200000000000000000e+01,3.200000000000000067e-01,1.058645534515380859e+01,2.557772874832153320e+00,-8.308994174003601074e-01,1.300470352172851562e+00,4.703998565673828125e-04,1.042098999023437500e-01,0.000000000000000000e+00
0.000000000000000000e+00,3.300000000000000000e+01,3.300000000000000155e-01,1.063223171234130859e+01,2.410241365432739258e+00,-6.749756932258605957e-01,1.298364996910095215e+00,-1.634955406188964844e-03,1.042098999023437500e-01,0.000000000000000000e+00
0.000000000000000000e+00,3.400000000000000000e+01,3.400000000000000244e-01,1.065106487274169922e+01,2.249029636383056641e+00,-5.347746610641479492e-01,1.300456643104553223e+00,4.566907882690429688e-04,1.042098999023437500e-01,0.000000000000000000e+00
0.000000000000000000e+00,3.500000000000000000e+01,3.500000000000000333e-01,1.069545173645019531e+01,2.108587265014648438e+00,-3.856209814548492432e-01,1.298373699188232422e+00,-1.626253128051757812e-03,1.042098999023437500e-01,0.000000000000000000e+00
0.000000000000000000e+00,3.600000000000000000e+01,3.599999999999999867e-01,1.071282482147216797e+01,1.954278707504272461e+00,-2.520020306110382080e-01,1.300467491149902344e+00,4.675388336181640625e-04,1.042098999023437500e-01,0.000000000000000000e+00
0.000000000000000000e+00,3.700000000000000000e+01,3.699999999999999956e-01,1.075595951080322266e+01,1.820661187171936035e+00,-1.092763245105743408e-01,1.298375368118286133e+00,-1.624584197998046875e-03,1.042098999023437500e-01,0.000000000000000000e+00
0.000000000000000000e+00,3.800000000000000000e+01,3.800000000000000044e-01,1.077219676971435547e+01,1.673106312751770020e+00,1.817555911839008331e-02,1.300461888313293457e+00,4.619359970092773438e-04,1.042098999023437500e-01,0.000000000000000000e+00
0.000000000000000000e+00,3.900000000000000000e+01,3.900000000000000133e-01,1.081410980224609375e+01,1.545994639396667480e+00,1.547530740499496460e-01,1.298382282257080078e+00,-1.617670059204101562e-03,1.042098999023437500e-01,0.000000000000000000e+00
0.000000000000000000e+00,4.000000000000000000e+01,4.000000000000000222e-01,1.082905960083007812e+01,1.404625535011291504e+00,2.763135135173797607e-01,1.300472974777221680e+00,4.730224609375000000e-04,1.038514375686645508e-01,0.000000000000000000e+00
0.000000000000000000e+00,4.100000000000000000e+01,4.100000000000000311e-01,1.086993408203125000e+01,1.283697605133056641e+00,4.071714878082275391e-01,1.298375964164733887e+00,-1.623988151550292969e-03,1.038514375686645508e-01,0.000000000000000000e+00
0.000000000000000000e+00,4.200000000000000000e+01,4.199999999999999845e-01,1.088402843475341797e+01,1.148603558540344238e+00,5.231769680976867676e-01,1.300456762313842773e+00,4.568099975585937500e-04,1.038514375686645508e-01,0.000000000000000000e+00
0.000000000000000000e+00,4.300000000000000000e+01,4.299999999999999933e-01,1.092364406585693359e+01,1.033534049987792969e+00,6.483597159385681152e-01,1.298401117324829102e+00,-1.598834991455078125e-03,1.038514375686645508e-01,0.000000000000000000e+00
0.000000000000000000e+00,4.400000000000000000e+01,4.400000000000000022e-01,1.093623161315917969e+01,9.039745926856994629e-01,7.587425708770751953e-01,1.300488948822021484e+00,4.889965057373046875e-04,1.038514375686645508e-01,0.000000000000000000e+00
0.000000000000000000e+00,4.500000000000000000e+01,4.500000000000000111e-01,1.097530269622802734e+01,7.949351668357849121e-01,8.788099884986877441e-01,1.298340201377868652e+00,-1.659750938415527344e-03,1.038514375686645508e-01,0.000000000000000000e+00
0.000000000000000000e+00,4.600000000000000000e+01,4.600000000000000200e-01,1.098693943023681641e+01,6.709761023521423340e-01,9.840447902679443359e-01,1.300485730171203613e+00,4.857778549194335938e-04,1.038514375686645508e-01,0.000000000000000000e+00
0.000000000000000000e+00,4.700000000000000000e+01,4.700000000000000289e-01,1.102493476867675781e+01,5.673345923423767090e-01,1.098977208137512207e+00,1.298352360725402832e+00,-1.647591590881347656e-03,1.038514375686645508e-01,0.000000000000000000e+00
0.000000000000000000e+00,4.800000000000000000e+01,4.799999999999999822e-01,1.103535175323486328e+01,4.485140442848205566e-01,1.199151515960693359e+00,1.300504207611083984e+00,5.042552947998046875e-04,1.038514375686645508e-01,0.000000000000000000e+00
0.000000000000000000e+00,4.900000000000000000e+01,4.899999999999999911e-01,1.107245731353759766e+01,3.501204252243041992e-01,1.309246659278869629e+00,1.298344731330871582e+00,-1.655220985412597656e-03,1.038514375686645508e-01,0.000000000000000000e+00
0.000000000000000000e+00,5.000000000000000000e+01,5.000000000000000000e-01,1.108207702636718750e+01,2.364445477724075317e-01,1.404752969741821289e+00,1.300495266914367676e+00,4.953145980834960938e-04,1.038514375686645508e-01,0.000000000000000000e+00
0.000000000000000000e+00,5.100000000000000000e+01,5.100000000000000089e-01,1.111806964874267578e+01,1.428923457860946655e-01,1.510114073753356934e+00,1.298369526863098145e+00,-1.630425453186035156e-03,1.038514375686645508e-01,0.000000000000000000e+00
0.000000000000000000e+00,5.200000000000000000e+01,5.200000000000000178e-01,1.112673091888427734e+01,3.399627283215522766e-02,1.601071476936340332e+00,1.300500154495239258e+00,5.002021789550781250e-04,1.038514375686645508e-01,0.000000000000000000e+00
0.000000000000000000e+00,5.300000000000000000e+01,5.300000000000000266e-01,1.116194343566894531e+01,-5.474381521344184875e-02,1.702043294906616211e+00,1.298355460166931152e+00,-1.644492149353027344e-03,1.038514375686645508e-01,0.000000000000000000e+00
0.000000000000000000e+00,5.400000000000000000e+01,5.400000000000000355e-01,1.116976928710937500e+01,-1.590249240398406982e-01,1.788691282272338867e+00,1.300498366355895996e+00,4.984140396118164062e-04,1.038514375686645508e-01,0.000000000000000000e+00
0.000000000000000000e+00,5.500000000000000000e+01,5.500000000000000444e-01,1.120412731170654297e+01,-2.432404011487960815e-01,1.885426163673400879e+00,1.298354148864746094e+00,-1.645803451538085938e-03,1.038514375686645508e-01,0.000000000000000000e+00
0.000000000000000000e+00,5.600000000000000000e+01,5.600000000000000533e-01,1.121082305908203125e+01,-3.433377742767333984e-01,1.967806458473205566e+00,1.300519824028015137e+00,5.198717117309570312e-04,1.038514375686645508e-01,0.000000000000000000e+00
0.000000000000000000e+00,5.700000000000000000e+01,5.700000000000000622e-01,1.124447917938232422e+01,-4.231547117233276367e-01,2.060550451278686523e+00,1.298336505889892578e+00,-1.663446426391601562e-03,1.038514375686645508e-01,0.000000000000000000e+00
0.000000000000000000e+00,5.800000000000000000e+01,5.799999999999999600e-01,1.125034618377685547e+01,-5.190933346748352051e-01,2.138967275619506836e+00,1.300521850585937500e+00,5.218982696533203125e-04,1.038514375686645508e-01,0.000000000000000000e+00
0.000000000000000000e+00,5.900000000000000000e+01,5.899999999999999689e-01,1.128316211700439453e+01,-5.948217511177062988e-01,2.227826833724975586e+00,1.298340201377868652e+00,-1.659750938415527344e-03,1.038514375686645508e-01,0.000000000000000000e+00
0.000000000000000000e+00,6.000000000000000000e+01,5.999999999999999778e-01,1.128827095031738281e+01,-6.859033703804016113e-01,2.301816225051879883e+00,1.300508379936218262e+00,5.084276199340820312e-04,1.078543290495872498e-01,0.000000000000000000e+00
0.000000000000000000e+00,6.100000000000000000e+01,6.099999999999999867e-01,1.131988716125488281e+01,-7.571662664413452148e-01,2.386163234710693359e+00,1.298372745513916016e+00,-1.627206802368164062e-03,1.078543290495872498e-01,0.000000000000000000e+00
0.000000000000000000e+00,6.200000000000000000e+01,6.199999999999999956e-01,1.132409095764160156e+01,-8.446354269981384277e-01,2.456527233123779297e+00,1.300520777702331543e+00,5.208253860473632812e-04,1.078543290495872498e-01,0.000000000000000000e+00
0.000000000000000000e+00,6.300000000000000000e+01,6.300000000000000044e-01,1.135516166687011719e+01,-9.120966196060180664e-01,2.537493944168090820e+00,1.298346996307373047e+00,-1.652956008911132812e-03,1.078543290495872498e-01,0.000000000000000000e+00
0.000000000000000000e+00,6.400000000000000000e+01,6.400000000000000133e-01,1.135837078094482422e+01,-9.962031245231628418e-01,2.604334592819213867e+00,1.300541758537292480e+00,5.418062210083007812e-04,1.078543290495872498e-01,0.000000000000000000e+00
0.000000000000000000e+00,6.500000000000000000e+01,6.500000000000000222e-01,1.138890552520751953e+01,-1.060041189193725586e+00,2.682068347930908203e+00,1.298322916030883789e+00,-1.677036285400390625e-03,1.078543290495872498e-01,0.000000000000000000e+00
0.000000000000000000e+00,6.600000000000000000e+01,6.600000000000000311e-01,1.139146614074707031e+01,-1.140735507011413574e+00,2.745678186416625977e+00,1.300539374351501465e+00,5.394220352172851562e-04,1.078543290495872498e-01,0.000000000000000000e+00
0.000000000000000000e+00,6.700000000000000000e+01,6.700000000000000400e-01,1.142135334014892578e+01,-1.201202034950256348e+00,2.820264577865600586e+00,1.298316597938537598e+00,-1.683354377746582031e-03,1.078543290495872498e-01,0.000000000000000000e+00
0.000000000000000000e+00,6.800000000000000000e+01,6.800000000000000488e-01,1.142288017272949219e+01,-1.278916001319885254e+00,2.880599021911621094e+00,1.300567746162414551e+00,5.677938461303710938e-04,1.078543290495872498e-01,0.000000000000000000e+00
0.000000000000000000e+00,6.900000000000000000e+01,6.900000000000000577e-01,1.145221710205078125e+01,-1.336116075515747070e+00,2.952211856842041016e+00,1.298300623893737793e+00,-1.699328422546386719e-03,1.078543290495872498e-01,0.000000000000000000e+00
0.000000000000000000e+00,7.000000000000000000e+01,7.000000000000000666e-01,1.145313930511474609e+01,-1.410726428031921387e+00,3.009590625762939453e+00,1.300565719604492188e+00,5.657672882080078125e-04,1.078543290495872498e-01,0.000000000000000000e+00
0.000000000000000000e+00,7.100000000000000000e+01,7.099999999999999645e-01,1.148182392120361328e+01,-1.464890718460083008e+00,3.078306913375854492e+00,1.298301577568054199e+00,-1.698374748229980469e-03,1.078543290495872498e-01,0.000000000000000000e+00
0.000000000000000000e+00,7.200000000000000000e+01,7.199999999999999734e-01,1.148224449157714844e+01,-1.536485075950622559e+00,3.132895708084106445e+00,1.300557613372802734e+00,5.576610565185546875e-04,1.078543290495872498e-01,0.000000000000000000e+00
0.000000000000000000e+00,7.300000000000000000e+01,7.299999999999999822e-01,1.151019668579101562e+01,-1.587823033332824707e+00,3.198797702789306641e+00,1.298316001892089844e+00,-1.683950424194335938e-03,1.078543290495872498e-01,0.000000000000000000e+00
0.000000000000000000e+00,7.400000000000000000e+01,7.399999999999999911e-01,1.150998878479003906e+01,-1.656638145446777344e+00,3.250652790069580078e+00,1.300561070442199707e+00,5.611181259155273438e-04,1.078543290495872498e-01,0.000000000000000000e+00
0.000000000000000000e+00,7.500000000000000000e+01,7.500000000000000000e-01,1.153732204437255859e+01,-1.705222129821777344e+00,3.313903808593750000e+00,1.298318862915039062e+00,-1.681089401245117188e-03,1.078543290495872498e-01,0.000000000000000000e+00
0.000000000000000000e+00,7.600000000000000000e+01,7.600000000000000089e-01,1.153647422790527344e+01,-1.771409511566162109e+00,3.363128900527954102e+00,1.300567150115966797e+00,5.671977996826171875e-04,1.078543290495872498e-01,0.000000000000000000e+00
0.000000000000000000e+00,7.700000000000000000e+01,7.700000000000000178e-01,1.156327247619628906e+01,-1.817324876785278320e+00,3.423874616622924805e+00,1.298313736915588379e+00,-1.686215400695800781e-03,1.078543290495872498e-01,0.000000000000000000e+00
0.000000000000000000e+00,7.800000000000000000e+01,7.800000000000000266e-01,1.156188869476318359e+01,-1.880951404571533203e+00,3.470620870590209961e+00,1.300567030906677246e+00,5.670785903930664062e-04,1.078543290495872498e-01,0.000000000000000000e+00
0.000000000000000000e+00,7.900000000000000000e+01,7.900000000000000355e-01,1.158796024322509766e+01,-1.924464225769042969e+00,3.528875589370727539e+00,1.298336863517761230e+00,-1.663088798522949219e-03,1.078543290495872498e-01,0.000000000000000000e+00
0.000000000000000000e+00,8.000000000000000000e+01,8.000000000000000444e-01,1.158604049682617188e+01,-1.984951853752136230e+00,3.572706460952758789e+00,1.300557851791381836e+00,5.578994750976562500e-04,1.131445989012718201e-01,0.000000000000000000e+00
0.000000000000000000e+00,8.100000000000000000e+01,8.100000000000000533e-01,1.161142826080322266e+01,-2.025485754013061523e+00,3.628074884414672852e+00,1.298339486122131348e+00,-1.660466194152832031e-03,1.131445989012718201e-01,0.000000000000000000e+00
0.000000000000000000e+00,8.200000000000000000e+01,8.200000000000000622e-01,1.160899543762207031e+01,-2.083716154098510742e+00,3.669679641723632812e+00,1.300560235977172852e+00,5.602836608886718750e-04,1.131445989012718201e-01,0.000000000000000000e+00
0.000000000000000000e+00,8.300000000000000000e+01,8.300000000000000711e-01,1.163370990753173828e+01,-2.122127056121826172e+00,3.722817182540893555e+00,1.298362970352172852e+00,-1.636981964111328125e-03,1.131445989012718201e-01,0.000000000000000000e+00
0.000000000000000000e+00,8.400000000000000000e+01,8.399999999999999689e-01,1.163085174560546875e+01,-2.178156375885009766e+00,3.762323856353759766e+00,1.300557613372802734e+00,5.576610565185546875e-04,1.131445989012718201e-01,0.000000000000000000e+00
0.000000000000000000e+00,8.500000000000000000e+01,8.499999999999999778e-01,1.165520572662353516e+01,-2.214344263076782227e+00,3.813460111618041992e+00,1.298348188400268555e+00,-1.651763916015625000e-03,1.131445989012718201e-01,0.000000000000000000e+00
0.000000000000000000e+00,8.600000000000000000e+01,8.599999999999999867e-01,1.165170288085937500e+01,-2.268433094024658203e+00,3.850851535797119141e+00,1.300573229789733887e+00,5.732774734497070312e-04,1.131445989012718201e-01,0.000000000000000000e+00
0.000000000000000000e+00,8.700000000000000000e+01,8.699999999999999956e-01,1.167584514617919922e+01,-2.302405595779418945e+00,3.900137186050415039e+00,1.298316359519958496e+00,-1.683592796325683594e-03,1.131445989012718201e-01,0.000000000000000000e+00
0.000000000000000000e+00,8.800000000000000000e+01,8.800000000000000044e-01,1.167178058624267578e+01,-2.354602575302124023e+00,3.935531139373779297e+00,1.300584077835083008e+00,5.841255187988281250e-04,1.131445989012718201e-01,0.000000000000000000e+00
0.000000000000000000e+00,8.900000000000000000e+01,8.900000000000000133e-01,1.169534015655517578e+01,-2.386719703674316406e+00,3.982872486114501953e+00,1.298336148262023926e+00,-1.663804054260253906e-03,1.131445989012718201e-01,0.000000000000000000e+00
0.000000000000000000e+00,9.000000000000000000e+01,9.000000000000000222e-01,1.169080638885498047e+01,-2.437062263488769531e+00,4.016388893127441406e+00,1.300589203834533691e+00,5.892515182495117188e-04,1.131445989012718201e-01,0.000000000000000000e+00
0.000000000000000000e+00,9.100000000000000000e+01,9.100000000000000311e-01,1.171411991119384766e+01,-2.467191696166992188e+00,4.062016487121582031e+00,1.298313856124877930e+00,-1.686096191406250000e-03,1.131445989012718201e-01,0.000000000000000000e+00
0.000000000000000000e+00,9.200000000000000000e+01,9.200000000000000400e-01,1.170915031433105469e+01,-2.515754222869873047e+00,4.093743324279785156e+00,1.300593256950378418e+00,5.933046340942382812e-04,1.131445989012718201e-01,0.000000000000000000e+00
0.000000000000000000e+00,9.300000000000000000e+01,9.300000000000000488e-01,1.173193073272705078e+01,-2.544188976287841797e+00,4.137596130371093750e+00,1.298331856727600098e+00,-1.668095588684082031e-03,1.131445989012718201e-01,0.000000000000000000e+00
0.000000000000000000e+00,9.400000000000000000e+01,9.400000000000000577e-01,1.172680282592773438e+01,-2.590871572494506836e+00,4.167732715606689453e+00,1.300576806068420410e+00,5.768537521362304688e-04,1.131445989012718201e-01,0.000000000000000000e+00
0.000000000000000000e+00,9.500000000000000000e+01,9.500000000000000666e-01,1.174915599822998047e+01,-2.617630720138549805e+00,4.209926128387451172e+00,1.298338532447814941e+00,-1.661419868469238281e-03,1.131445989012718201e-01,0.000000000000000000e+00
0.000000000000000000e+00,9.600000000000000000e+01,9.599999999999999645e-01,1.174333286285400391e+01,-2.662892580032348633e+00,4.238289833068847656e+00,1.300603866577148438e+00,6.039142608642578125e-04,1.131445989012718201e-01,0.000000000000000000e+00
0.000000000000000000e+00,9.700000000000000000e+01,9.699999999999999734e-01,1.176551055908203125e+01,-2.687889575958251953e+00,4.279006481170654297e+00,1.298313856124877930e+00,-1.686096191406250000e-03,1.131445989012718201e-01,0.000000000000000000e+00
0.000000000000000000e+00,9.800000000000000000e+01,9.799999999999999822e-01,1.175938510894775391e+01,-2.731543540954589844e+00,4.305843830108642578e+00,1.300601243972778320e+00,6.012916564941406250e-04,1.131445989012718201e-01,0.000000000000000000e+00
0.000000000000000000e+00,9.900000000000000000e+01,9.899999999999999911e-01,1.178108215332031250e+01,-2.755072832107543945e+00,4.345003604888916016e+00,1.298331856727600098e+00,-1.668095588684082031e-03,1.131445989012718201e-01,0.000000000000000000e+00
0.000000000000000000e+00,1.000000000000000000e+02,1.000000000000000000e+00,1.177477359771728516e+01,-2.796609401702880859e+00,4.370048999786376953e+00,1.300582408905029297e+00,5.824565887451171875e-04,1.192378997802734375e-01,0.000000000000000000e+00
0.000000000000000000e+00,1.010000000000000000e+02,1.010000000000000009e+00,1.179586505889892578e+01,-2.818352937698364258e+00,4.407287597656250000e+00,1.298355460166931152e+00,-1.644492149353027344e-03,1.192378997802734375e-01,0.000000000000000000e+00
0.000000000000000000e+00,1.020000000000000000e+02,1.020000000000000018e+00,1.178892993927001953e+01,-2.858707904815673828e+00,4.430808544158935547e+00,1.300608515739440918e+00,6.085634231567382812e-04,1.192378997802734375e-01,0.000000000000000000e+00
0.000000000000000000e+00,1.030000000000000000e+02,1.030000000000000027e+00,1.180992031097412109e+01,-2.878920555114746094e+00,4.466814517974853516e+00,1.298328518867492676e+00,-1.671433448791503906e-03,1.192378997802734375e-01,0.000000000000000000e+00
0.000000000000000000e+00,1.040000000000000000e+02,1.040000000000000036e+00,1.180283737182617188e+01,-2.917832374572753906e+00,4.489088535308837891e+00,1.300597667694091797e+00,5.977153778076171875e-04,1.192378997802734375e-01,0.000000000000000000e+00
0.000000000000000000e+00,1.050000000000000000e+02,1.050000000000000044e+00,1.182351207733154297e+01,-2.936732530593872070e+00,4.523814201354980469e+00,1.298331737518310547e+00,-1.668214797973632812e-03,1.192378997802734375e-01,0.000000000000000000e+00
0.000000000000000000e+00,1.060000000000000000e+02,1.060000000000000053e+00,1.181585311889648438e+01,-2.974566698074340820e+00,4.544691562652587891e+00,1.300622224807739258e+00,6.222724914550781250e-04,1.192378997802734375e-01,0.000000000000000000e+00
0.000000000000000000e+00,1.070000000000000000e+02,1.070000000000000062e+00,1.183634948730468750e+01,-2.992126464843750000e+00,4.578250885009765625e+00,1.298318505287170410e+00,-1.681447029113769531e-03,1.192378997802734375e-01,0.000000000000000000e+00
0.000000000000000000e+00,1.080000000000000000e+02,1.080000000000000071e+00,1.182855415344238281e+01,-3.028641700744628906e+00,4.597987651824951172e+00,1.300612449645996094e+00,6.124973297119140625e-04,1.192378997802734375e-01,0.000000000000000000e+00
0.000000000000000000e+00,1.090000000000000000e+02,1.090000000000000080e+00,1.184872531890869141e+01,-3.045027017593383789e+00,4.630358695983886719e+00,1.298326611518859863e+00,-1.673340797424316406e-03,1.192378997802734375e-01,0.000000000000000000e+00
0.000000000000000000e+00,1.100000000000000000e+02,1.100000000000000089e+00,1.184036445617675781e+01,-3.080583810806274414e+00,4.648799419403076172e+00,1.300638437271118164e+00,6.384849548339843750e-04,1.192378997802734375e-01,0.000000000000000000e+00
0.000000000000000000e+00,1.110000000000000000e+02,1.110000000000000098e+00,1.186058425903320312e+01,-3.095595836639404297e+00,4.680203914642333984e+00,1.298286199569702148e+00,-1.713752746582031250e-03,1.192378997802734375e-01,0.000000000000000000e+00
0.000000000000000000e+00,1.120000000000000000e+02,1.120000000000000107e+00,1.185213851928710938e+01,-3.129918813705444336e+00,4.697619438171386719e+00,1.300626277923583984e+00,6.263256072998046875e-04,1.192378997802734375e-01,0.000000000000000000e+00
0.000000000000000000e+00,1.130000000000000000e+02,1.130000000000000115e+00,1.187173557281494141e+01,-3.144083738327026367e+00,4.727783679962158203e+00,1.298337340354919434e+00,-1.662611961364746094e-03,1.192378997802734375e-01,0.000000000000000000e+00
0.000000000000000000e+00,1.140000000000000000e+02,1.140000000000000124e+00,1.186336994171142578e+01,-3.177114486694335938e+00,4.744295597076416016e+00,1.300601840019226074e+00,6.018877029418945312e-04,1.192378997802734375e-01,0.000000000000000000e+00
0.000000000000000000e+00,1.150000000000000000e+02,1.150000000000000133e+00,1.188253879547119141e+01,-3.190352439880371094e+00,4.773352622985839844e+00,1.298363566398620605e+00,-1.636385917663574219e-03,1.192378997802734375e-01,0.000000000000000000e+00
0.000000000000000000e+00,1.160000000000000000e+02,1.159999999999999920e+00,1.187374877929687500e+01,-3.222496986389160156e+00,4.788763523101806641e+00,1.300618886947631836e+00,6.189346313476562500e-04,1.192378997802734375e-01,0.000000000000000000e+00
0.000000000000000000e+00,1.170000000000000000e+02,1.169999999999999929e+00,1.189283657073974609e+01,-3.234620809555053711e+00,4.816916942596435547e+00,1.298345446586608887e+00,-1.654505729675292969e-03,1.192378997802734375e-01,0.000000000000000000e+00
0.000000000000000000e+00,1.180000000000000000e+02,1.179999999999999938e+00,1.188387680053710938e+01,-3.265752077102661133e+00,4.831386566162109375e+00,1.300616145133972168e+00,6.161928176879882812e-04,1.192378997802734375e-01,0.000000000000000000e+00
0.000000000000000000e+00,1.190000000000000000e+02,1.189999999999999947e+00,1.190266609191894531e+01,-3.276963472366333008e+00,4.858571052551269531e+00,1.298357367515563965e+00,-1.642584800720214844e-03,1.192378997802734375e-01,0.000000000000000000e+00
0.000000000000000000e+00,1.200000000000000000e+02,1.199999999999999956e+00,1.189333534240722656e+01,-3.307005882263183594e+00,4.871841430664062500e+00,1.300626277923583984e+00,6.263256072998046875e-04,1.243667602539062500e-01,0.000000000000000000e+00
0.000000000000000000e+00,1.210000000000000000e+02,1.209999999999999964e+00,1.191198348999023438e+01,-3.316989660263061523e+00,4.897976398468017578e+00,1.298342943191528320e+00,-1.657009124755859375e-03,1.243667602539062500e-01,0.000000000000000000e+00
0.000000000000000000e+00,1.220000000000000000e+02,1.219999999999999973e+00,1.190263652801513672e+01,-3.346031665802001953e+00,4.910469055175781250e+00,1.300613045692443848e+00,6.130933761596679688e-04,1.243667602539062500e-01,0.000000000000000000e+00
0.000000000000000000e+00,1.230000000000000000e+02,1.229999999999999982e+00,1.192104911804199219e+01,-3.355178356170654297e+00,4.935752391815185547e+00,1.298349857330322266e+00,-1.650094985961914062e-03,1.243667602539062500e-01,0.000000000000000000e+00
0.000000000000000000e+00,1.240000000000000000e+02,1.239999999999999991e+00,1.191104793548583984e+01,-3.383709907531738281e+00,4.947198390960693359e+00,1.300652623176574707e+00,6.526708602905273438e-04,1.243667602539062500e-01,0.000000000000000000e+00
0.000000000000000000e+00,1.250000000000000000e+02,1.250000000000000000e+00,1.192956447601318359e+01,-3.391825199127197266e+00,4.971823215484619141e+00,1.298312544822692871e+00,-1.687407493591308594e-03,1.243667602539062500e-01,0.000000000000000000e+00
0.000000000000000000e+00,1.260000000000000000e+02,1.260000000000000009e+00,1.191949367523193359e+01,-3.419479846954345703e+00,4.982530593872070312e+00,1.300644993782043457e+00,6.450414657592773438e-04,1.243667602539062500e-01,0.000000000000000000e+00
0.000000000000000000e+00,1.270000000000000000e+02,1.270000000000000018e+00,1.193773555755615234e+01,-3.426869630813598633e+00,5.006347656250000000e+00,1.298326969146728516e+00,-1.672983169555664062e-03,1.243667602539062500e-01,0.000000000000000000e+00
0.000000000000000000e+00,1.280000000000000000e+02,1.280000000000000027e+00,1.192740249633789062e+01,-3.453821897506713867e+00,5.016256332397460938e+00,1.300653934478759766e+00,6.539821624755859375e-04,1.243667602539062500e-01,0.000000000000000000e+00
0.000000000000000000e+00,1.290000000000000000e+02,1.290000000000000036e+00,1.194553089141845703e+01,-3.460413932800292969e+00,5.039371013641357422e+00,1.298321008682250977e+00,-1.678943634033203125e-03,1.243667602539062500e-01,0.000000000000000000e+00
0.000000000000000000e+00,1.300000000000000000e+02,1.300000000000000044e+00,1.193506336212158203e+01,-3.486612319946289062e+00,5.048570632934570312e+00,1.300652861595153809e+00,6.529092788696289062e-04,1.243667602539062500e-01,0.000000000000000000e+00
0.000000000000000000e+00,1.310000000000000000e+02,1.310000000000000053e+00,1.195299530029296875e+01,-3.492501974105834961e+00,5.070972442626953125e+00,1.298326969146728516e+00,-1.672983169555664062e-03,1.243667602539062500e-01,0.000000000000000000e+00
0.000000000000000000e+00,1.320000000000000000e+02,1.320000000000000062e+00,1.194228935241699219e+01,-3.518056392669677734e+00,5.079441547393798828e+00,1.300661087036132812e+00,6.611347198486328125e-04,1.243667602539062500e-01,0.000000000000000000e+00
0.000000000000000000e+00,1.330000000000000000e+02,1.330000000000000071e+00,1.196014499664306641e+01,-3.523196220397949219e+00,5.101213455200195312e+00,1.298318028450012207e+00,-1.681923866271972656e-03,1.243667602539062500e-01,0.000000000000000000e+00
0.000000000000000000e+00,1.340000000000000000e+02,1.340000000000000080e+00,1.194945907592773438e+01,-3.547960519790649414e+00,5.109101295471191406e+00,1.300648331642150879e+00,6.483793258666992188e-04,1.243667602539062500e-01,0.000000000000000000e+00
0.000000000000000000e+00,1.350000000000000000e+02,1.350000000000000089e+00,1.196688842773437500e+01,-3.552630424499511719e+00,5.130103111267089844e+00,1.298356533050537109e+00,-1.643419265747070312e-03,1.243667602539062500e-01,0.000000000000000000e+00
0.000000000000000000e+00,1.360000000000000000e+02,1.360000000000000098e+00,1.195611858367919922e+01,-3.576710700988769531e+00,5.137385845184326172e+00,1.300644755363464355e+00,6.448030471801757812e-04,1.243667602539062500e-01,0.000000000000000000e+00
0.000000000000000000e+00,1.370000000000000000e+02,1.370000000000000107e+00,1.197344398498535156e+01,-3.580717802047729492e+00,5.157794952392578125e+00,1.298353075981140137e+00,-1.646876335144042969e-03,1.243667602539062500e-01,0.000000000000000000e+00
0.000000000000000000e+00,1.380000000000000000e+02,1.380000000000000115e+00,1.196244621276855469e+01,-3.604247331619262695e+00,5.164428710937500000e+00,1.300653696060180664e+00,6.537437438964843750e-04,1.243667602539062500e-01,0.000000000000000000e+00
0.000000000000000000e+00,1.390000000000000000e+02,1.390000000000000124e+00,1.197965717315673828e+01,-3.607631683349609375e+00,5.184263706207275391e+00,1.298351883888244629e+00,-1.648068428039550781e-03,1.243667602539062500e-01,0.000000000000000000e+00
0.000000000000000000e+00,1.400000000000000000e+02,1.400000000000000133e+00,1.196843242645263672e+01,-3.630511045455932617e+00,5.190174102783203125e+00,1.300660967826843262e+00,6.610155105590820312e-04,1.283358782529830933e-01,0.000000000000000000e+00
0.000000000000000000e+00,1.410000000000000000e+02,1.409999999999999920e+00,1.198559379577636719e+01,-3.633132696151733398e+00,5.209394454956054688e+00,1.298339605331420898e+00,-1.660346984863281250e-03,1.283358782529830933e-01,0.000000000000000000e+00
0.000000000000000000e+00,1.420000000000000000e+02,1.419999999999999929e+00,1.197443580627441406e+01,-3.655325889587402344e+00,5.214849948883056641e+00,1.300646543502807617e+00,6.465911865234375000e-04,1.283358782529830933e-01,0.000000000000000000e+00
0.000000000000000000e+00,1.430000000000000000e+02,1.429999999999999938e+00,1.199139022827148438e+01,-3.657459497451782227e+00,5.233504295349121094e+00,1.298352599143981934e+00,-1.647353172302246094e-03,1.283358782529830933e-01,0.000000000000000000e+00
0.000000000000000000e+00,1.440000000000000000e+02,1.439999999999999947e+00,1.197984218597412109e+01,-3.679314851760864258e+00,5.238307952880859375e+00,1.300670742988586426e+00,6.707906723022460938e-04,1.283358782529830933e-01,0.000000000000000000e+00
0.000000000000000000e+00,1.450000000000000000e+02,1.449999999999999956e+00,1.199678421020507812e+01,-3.680850744247436523e+00,5.256508827209472656e+00,1.298340320587158203e+00,-1.659631729125976562e-03,1.283358782529830933e-01,0.000000000000000000e+00
0.000000000000000000e+00,1.460000000000000000e+02,1.459999999999999964e+00,1.198515415191650391e+01,-3.702177762985229492e+00,5.260827541351318359e+00,1.300669550895690918e+00,6.695985794067382812e-04,1.283358782529830933e-01,0.000000000000000000e+00
0.000000000000000000e+00,1.470000000000000000e+02,1.469999999999999973e+00,1.200000000000000000e+01,-3.703279495239257812e+00,5.278500556945800781e+00,1.298354864120483398e+00,-1.645088195800781250e-03,1.283358782529830933e-01,1.000000000000000000e+00
0.000000000000000000e+00,1.480000000000000000e+02,1.479999999999999982e+00,1.199094104766845703e+01,-3.722265720367431641e+00,5.283604145050048828e+00,1.300464749336242676e+00,4.647970199584960938e-04,1.283358782529830933e-01,0.000000000000000000e+00
0.000000000000000000e+00,1.490000000000000000e+02,1.489999999999999991e+00,1.200000000000000000e+01,-3.724112033843994141e+00,5.299982547760009766e+00,1.298576831817626953e+00,-1.423120498657226562e-03,1.283358782529830933e-01,1.000000000000000000e+00
0.000000000000000000e+00,1.500000000000000000e+02,1.500000000000000000e+00,1.199931240081787109e+01,-3.736760139465332031e+00,5.308627605438232422e+00,1.300061225891113281e+00,6.127357482910156250e-05,1.283358782529830933e-01,0.000000000000000000e+00
0.000000000000000000e+00,1.510000000000000000e+02,1.510000000000000009e+00,1.200000000000000000e+01,-3.745115756988525391e+00,5.319820880889892578e+00,1.299532532691955566e+00,-4.674196243286132812e-04,1.283358782529830933e-01,1.000000000000000000e+00
0.000000000000000000e+00,1.520000000000000000e+02,1.520000000000000018e+00,1.200000000000000000e+01,-3.744997024536132812e+00,5.336418628692626953e+00,1.299564123153686523e+00,-4.358291625976562500e-04,1.283358782529830933e-01,1.000000000000000000e+00
0.000000000000000000e+00,1.530000000000000000e+02,1.530000000000000027e+00,1.200000000000000000e+01,-3.752799749374389648e+00,5.347265720367431641e+00,1.300313234329223633e+00,3.132820129394531250e-04,1.283358782529830933e-01,1.000000000000000000e+00
0.000000000000000000e+00,1.540000000000000000e+02,1.540000000000000036e+00,1.199357414245605469e+01,-3.768862724304199219e+00,5.352137088775634766e+00,1.300298213958740234e+00,2.982616424560546875e-04,1.283358782529830933e-01,0.000000000000000000e+00
0.000000000000000000e+00,1.550000000000000000e+02,1.550000000000000044e+00,1.200000000000000000e+01,-3.771173000335693359e+00,5.366033077239990234e+00,1.298830509185791016e+00,-1.169443130493164062e-03,1.283358782529830933e-01,1.000000000000000000e+00
0.000000000000000000e+00,1.560000000000000000e+02,1.560000000000000053e+00,1.200000000000000000e+01,-3.775488376617431641e+00,5.378229141235351562e+00,1.299916148185729980e+00,-8.380413055419921875e-05,1.283358782529830933e-01,1.000000000000000000e+00
0.000000000000000000e+00,1.570000000000000000e+02,1.570000000000000062e+00,1.200000000000000000e+01,-3.780902862548828125e+00,5.389348983764648438e+00,1.300186991691589355e+00,1.870393753051757812e-04,1.283358782529830933e-01,1.000000000000000000e+00
0.000000000000000000e+00,1.580000000000000000e+02,1.580000000000000071e+00,1.199292373657226562e+01,-3.796815633773803711e+00,5.392995357513427734e+00,1.300337314605712891e+00,3.373622894287109375e-04,1.283358782529830933e-01,0.000000000000000000e+00
0.000000000000000000e+00,1.590000000000000000e+02,1.590000000000000080e+00,1.200000000000000000e+01,-3.798080444335937500e+00,5.406308650970458984e+00,1.298759937286376953e+00,-1.240015029907226562e-03,1.283358782529830933e-01,1.000000000000000000e+00
0.000000000000000000e+00,1.600000000000000000e+02,1.600000000000000089e+00,1.200000000000000000e+01,-3.803012132644653320e+00,5.416760921478271484e+00,1.299960851669311523e+00,-3.910064697265625000e-05,1.302102059125900269e-01,1.000000000000000000e+00
0.000000000000000000e+00,1.610000000000000000e+02,1.610000000000000098e+00,1.200000000000000000e+01,-3.806242465972900391e+00,5.428075313568115234e+00,1.300101399421691895e+00,1.014471054077148438e-04,1.302102059125900269e-01,1.000000000000000000e+00
0.000000000000000000e+00,1.620000000000000000e+02,1.620000000000000107e+00,1.199186897277832031e+01,-3.822307109832763672e+00,5.430349826812744141e+00,1.300404667854309082e+00,4.047155380249023438e-04,1.302102059125900269e-01,0.000000000000000000e+00
0.000000000000000000e+00,1.630000000000000000e+02,1.630000000000000115e+00,1.200000000000000000e+01,-3.822401046752929688e+00,5.443225383758544922e+00,1.298662424087524414e+00,-1.337528228759765625e-03,1.302102059125900269e-01,1.000000000000000000e+00
0.000000000000000000e+00,1.640000000000000000e+02,1.640000000000000124e+00,1.200000000000000000e+01,-3.830715894699096680e+00,5.450218200683593750e+00,1.300008177757263184e+00,8.225440979003906250e-06,1.302102059125900269e-01,1.000000000000000000e+00
0.000000000000000000e+00,1.650000000000000000e+02,1.650000000000000133e+00,1.200000000000000000e+01,-3.839958906173706055e+00,5.456305503845214844e+00,1.299786567687988281e+00,-2.133846282958984375e-04,1.302102059125900269e-01,1.000000000000000000e+00
0.000000000000000000e+00,1.660000000000000000e+02,1.660000000000000142e+00,1.200000000000000000e+01,-3.836602449417114258e+00,5.470715999603271484e+00,1.299447894096374512e+00,-5.520582199096679688e-04,1.302102059125900269e-01,1.000000000000000000e+00
0.000000000000000000e+00,1.670000000000000000e+02,1.669999999999999929e+00,1.200000000000000000e+01,-3.842214107513427734e+00,5.478751182556152344e+00,1.300302147865295410e+00,3.021955490112304688e-04,1.302102059125900269e-01,1.000000000000000000e+00
0.000000000000000000e+00,1.680000000000000000e+02,1.679999999999999938e+00,1.199350166320800781e+01,-3.856354951858520508e+00,5.480713367462158203e+00,1.300305366516113281e+00,3.054141998291015625e-04,1.302102059125900269e-01,0.000000000000000000e+00
0.000000000000000000e+00,1.690000000000000000e+02,1.689999999999999947e+00,1.200000000000000000e+01,-3.856728553771972656e+00,5.491814613342285156e+00,1.298834919929504395e+00,-1.165032386779785156e-03,1.302102059125900269e-01,1.000000000000000000e+00
0.000000000000000000e+00,1.700000000000000000e+02,1.699999999999999956e+00,1.200000000000000000e+01,-3.859760522842407227e+00,5.500858306884765625e+00,1.299941182136535645e+00,-5.877017974853515625e-05,1.302102059125900269e-01,1.000000000000000000e+00
0.000000000000000000e+00,1.710000000000000000e+02,1.709999999999999964e+00,1.200000000000000000e+01,-3.862507820129394531e+00,5.509857177734375000e+00,1.300140857696533203e+00,1.409053802490234375e-04,1.302102059125900269e-01,1.000000000000000000e+00
0.000000000000000000e+00,1.720000000000000000e+02,1.719999999999999973e+00,1.199253654479980469e+01,-3.876890420913696289e+00,5.510683536529541016e+00,1.300364494323730469e+00,3.645420074462890625e-04,1.302102059125900269e-01,0.000000000000000000e+00
0.000000000000000000e+00,1.730000000000000000e+02,1.729999999999999982e+00,1.200000000000000000e+01,-3.876248836517333984e+00,5.521530151367187500e+00,1.298742413520812988e+00,-1.257538795471191406e-03,1.302102059125900269e-01,1.000000000000000000e+00
0.000000000000000000e+00,1.740000000000000000e+02,1.739999999999999991e+00,1.200000000000000000e+01,-3.880429506301879883e+00,5.528862953186035156e+00,1.299984097480773926e+00,-1.585483551025390625e-05,1.302102059125900269e-01,1.000000000000000000e+00
0.000000000000000000e+00,1.750000000000000000e+02,1.750000000000000000e+00,1.200000000000000000e+01,-3.880374431610107422e+00,5.538866519927978516e+00,1.300040841102600098e+00,4.088878631591796875e-05,1.302102059125900269e-01,1.000000000000000000e+00
0.000000000000000000e+00,1.760000000000000000e+02,1.760000000000000009e+00,1.199049568176269531e+01,-3.895807981491088867e+00,5.538085937500000000e+00,1.300505518913269043e+00,5.055665969848632812e-04,1.302102059125900269e-01,0.000000000000000000e+00
0.000000000000000000e+00,1.770000000000000000e+02,1.770000000000000018e+00,1.200000000000000000e+01,-3.893504858016967773e+00,5.549198627471923828e+00,1.298525452613830566e+00,-1.474499702453613281e-03,1.302102059125900269e-01,1.000000000000000000e+00
0.000000000000000000e+00,1.780000000000000000e+02,1.780000000000000027e+00,1.199828147888183594e+01,-3.903175592422485352e+00,5.551934242248535156e+00,1.300094008445739746e+00,9.405612945556640625e-05,1.302102059125900269e-01,0.000000000000000000e+00
0.000000000000000000e+00,1.790000000000000000e+02,1.790000000000000036e+00,1.200000000000000000e+01,-3.906688451766967773e+00,5.558671474456787109e+00,1.299410581588745117e+00,-5.893707275390625000e-04,1.302102059125900269e-01,1.000000000000000000e+00
0.000000000000000000e+00,1.800000000000000000e+02,1.800000000000000044e+00,1.200000000000000000e+01,-3.903677463531494141e+00,5.569644927978515625e+00,1.299632549285888672e+00,-3.674030303955078125e-04,1.312112063169479370e-01,1.000000000000000000e+00
0.000000000000000000e+00,1.810000000000000000e+02,1.810000000000000053e+00,1.200000000000000000e+01,-3.908235311508178711e+00,5.575261116027832031e+00,1.300339818000793457e+00,3.398656845092773438e-04,1.312112063169479370e-01,1.000000000000000000e+00
0.000000000000000000e+00,1.820000000000000000e+02,1.820000000000000062e+00,1.199379634857177734e+01,-3.920727729797363281e+00,5.575273036956787109e+00,1.300291895866394043e+00,2.919435501098632812e-04,1.312112063169479370e-01,0.000000000000000000e+00
0.000000000000000000e+00,1.830000000000000000e+02,1.830000000000000071e+00,1.200000000000000000e+01,-3.919836759567260742e+00,5.584237098693847656e+00,1.298863768577575684e+00,-1.136183738708496094e-03,1.312112063169479370e-01,1.000000000000000000e+00
0.000000000000000000e+00,1.840000000000000000e+02,1.840000000000000080e+00,1.200000000000000000e+01,-3.921136617660522461e+00,5.591526508331298828e+00,1.299929380416870117e+00,-7.057189941406250000e-05,1.312112063169479370e-01,1.000000000000000000e+00
0.000000000000000000e+00,1.850000000000000000e+02,1.850000000000000089e+00,1.200000000000000000e+01,-3.923053026199340820e+00,5.598218917846679688e+00,1.300172924995422363e+00,1.729726791381835938e-04,1.312112063169479370e-01,1.000000000000000000e+00
0.000000000000000000e+00,1.860000000000000000e+02,1.860000000000000098e+00,1.199289798736572266e+01,-3.935859441757202148e+00,5.597303390502929688e+00,1.300345659255981445e+00,3.457069396972656250e-04,1.312112063169479370e-01,0.000000000000000000e+00
0.000000000000000000e+00,1.870000000000000000e+02,1.870000000000000107e+00,1.200000000000000000e+01,-3.934170007705688477e+00,5.606117248535156250e+00,1.298788547515869141e+00,-1.211404800415039062e-03,1.312112063169479370e-01,1.000000000000000000e+00
0.000000000000000000e+00,1.880000000000000000e+02,1.880000000000000115e+00,1.200000000000000000e+01,-3.936503648757934570e+00,5.612019538879394531e+00,1.299972414970397949e+00,-2.753734588623046875e-05,1.312112063169479370e-01,1.000000000000000000e+00
0.000000000000000000e+00,1.890000000000000000e+02,1.890000000000000124e+00,1.200000000000000000e+01,-3.936456680297851562e+00,5.619386196136474609e+00,1.300087571144104004e+00,8.761882781982421875e-05,1.312112063169479370e-01,1.000000000000000000e+00
0.000000000000000000e+00,1.900000000000000000e+02,1.900000000000000133e+00,1.199161434173583984e+01,-3.949878215789794922e+00,5.617397308349609375e+00,1.300429821014404297e+00,4.298686981201171875e-04,1.312112063169479370e-01,0.000000000000000000e+00
0.000000000000000000e+00,1.910000000000000000e+02,1.910000000000000142e+00,1.200000000000000000e+01,-3.947044372558593750e+00,5.626355171203613281e+00,1.298647761344909668e+00,-1.352190971374511719e-03,1.312112063169479370e-01,1.000000000000000000e+00
0.000000000000000000e+00,1.920000000000000000e+02,1.919999999999999929e+00,1.200000000000000000e+01,-3.953917026519775391e+00,5.628533363342285156e+00,1.300035834312438965e+00,3.588199615478515625e-05,1.312112063169479370e-01,1.000000000000000000e+00
0.000000000000000000e+00,1.930000000000000000e+02,1.929999999999999938e+00,1.200000000000000000e+01,-3.959013700485229492e+00,5.631776332855224609e+00,1.299680590629577637e+00,-3.193616867065429688e-04,1.312112063169479370e-01,1.000000000000000000e+00
0.000000000000000000e+00,1.940000000000000000e+02,1.939999999999999947e+00,1.200000000000000000e+01,-3.953263521194458008e+00,5.642283439636230469e+00,1.299477100372314453e+00,-5.228519439697265625e-04,1.312112063169479370e-01,1.000000000000000000e+00
0.000000000000000000e+00,1.950000000000000000e+02,1.949999999999999956e+00,1.200000000000000000e+01,-3.956896781921386719e+00,5.646240234375000000e+00,1.300355672836303711e+00,3.557205200195312500e-04,1.312112063169479370e-01,1.000000000000000000e+00
0.000000000000000000e+00,1.960000000000000000e+02,1.959999999999999964e+00,1.199393081665039062e+01,-3.968248128890991211e+00,5.644785881042480469e+00,1.300287604331970215e+00,2.876520156860351562e-04,1.312112063169479370e-01,0.000000000000000000e+00
0.000000000000000000e+00,1.970000000000000000e+02,1.969999999999999973e+00,1.200000000000000000e+01,-3.966460704803466797e+00,5.652171134948730469e+00,1.298889756202697754e+00,-1.110196113586425781e-03,1.312112063169479370e-01,1.000000000000000000e+00
0.000000000000000000e+00,1.980000000000000000e+02,1.979999999999999982e+00,1.200000000000000000e+01,-3.966227531433105469e+00,5.658362388610839844e+00,1.299908876419067383e+00,-9.107589721679687500e-05,1.312112063169479370e-01,1.000000000000000000e+00
0.000000000000000000e+00,1.990000000000000000e+02,1.989999999999999991e+00,1.200000000000000000e+01,-3.967796802520751953e+00,5.663192749023437500e+00,1.300216078758239746e+00,2.161264419555664062e-04,1.312112063169479370e-01,1.000000000000000000e+00
0.000000000000000000e+00,2.000000000000000000e+02,2.000000000000000000e+00,1.199324703216552734e+01,-3.979385614395141602e+00,5.661042690277099609e+00,1.300327777862548828e+00,3.278255462646484375e-04,1.318481415510177612e-01,0.000000000000000000e+00
0.000000000000000000e+00,2.010000000000000000e+02,2.010000000000000231e+00,1.200000000000000000e+01,-3.976873636245727539e+00,5.668402194976806641e+00,1.298814892768859863e+00,-1.185059547424316406e-03,1.318481415510177612e-01,1.000000000000000000e+00
0.000000000000000000e+00,2.020000000000000000e+02,2.020000000000000018e+00,1.200000000000000000e+01,-3.977872848510742188e+00,5.673242092132568359e+00,1.299962639808654785e+00,-3.731250762939453125e-05,1.318481415510177612e-01,1.000000000000000000e+00
0.000000000000000000e+00,2.030000000000000000e+02,2.030000000000000249e+00,1.200000000000000000e+01,-3.977266311645507812e+00,5.679060459136962891e+00,1.300104856491088867e+00,1.049041748046875000e-04,1.318481415510177612e-01,1.000000000000000000e+00
0.000000000000000000e+00,2.040000000000000000e+02,2.040000000000000036e+00,1.199179077148437500e+01,-3.989677190780639648e+00,5.675868034362792969e+00,1.300421595573425293e+00,4.216432571411132812e-04,1.318481415510177612e-01,0.000000000000000000e+00
0.000000000000000000e+00,2.050000000000000000e+02,2.049999999999999822e+00,1.200000000000000000e+01,-3.986044645309448242e+00,5.683524131774902344e+00,1.298665761947631836e+00,-1.334190368652343750e-03,1.318481415510177612e-01,1.000000000000000000e+00
0.000000000000000000e+00,2.060000000000000000e+02,2.060000000000000053e+00,1.200000000000000000e+01,-3.991886377334594727e+00,5.684595584869384766e+00,1.300031900405883789e+00,3.194808959960937500e-05,1.318481415510177612e-01,1.000000000000000000e+00
0.000000000000000000e+00,2.070000000000000000e+02,2.069999999999999840e+00,1.200000000000000000e+01,-3.996339321136474609e+00,5.686507225036621094e+00,1.299698710441589355e+00,-3.012418746948242188e-04,1.318481415510177612e-01,1.000000000000000000e+00
0.000000000000000000e+00,2.080000000000000000e+02,2.080000000000000071e+00,1.200000000000000000e+01,-3.989807367324829102e+00,5.695818901062011719e+00,1.299484133720397949e+00,-5.158185958862304688e-04,1.318481415510177612e-01,1.000000000000000000e+00
0.000000000000000000e+00,2.090000000000000000e+02,2.089999999999999858e+00,1.200000000000000000e+01,-3.992491006851196289e+00,5.698729038238525391e+00,1.300345420837402344e+00,3.454685211181640625e-04,1.318481415510177612e-01,1.000000000000000000e+00
0.000000000000000000e+00,2.100000000000000000e+02,2.100000000000000089e+00,1.199364280700683594e+01,-4.003271102905273438e+00,5.696003913879394531e+00,1.300307035446166992e+00,3.070831298828125000e-04,1.318481415510177612e-01,0.000000000000000000e+00
0.000000000000000000e+00,2.110000000000000000e+02,2.109999999999999876e+00,1.200000000000000000e+01,-4.000484943389892578e+00,5.702450275421142578e+00,1.298858046531677246e+00,-1.141905784606933594e-03,1.318481415510177612e-01,1.000000000000000000e+00
0.000000000000000000e+00,2.120000000000000000e+02,2.120000000000000107e+00,1.200000000000000000e+01,-4.000116825103759766e+00,5.707147121429443359e+00,1.299935221672058105e+00,-6.473064422607421875e-05,1.318481415510177612e-01,1.000000000000000000e+00
0.000000000000000000e+00,2.130000000000000000e+02,2.129999999999999893e+00,1.200000000000000000e+01,-4.000185966491699219e+00,5.711449623107910156e+00,1.300169110298156738e+00,1.691579818725585938e-04,1.318481415510177612e-01,1.000000000000000000e+00
0.000000000000000000e+00,2.140000000000000000e+02,2.140000000000000124e+00,1.199271488189697266e+01,-4.011454105377197266e+00,5.708003997802734375e+00,1.300364017486572266e+00,3.640651702880859375e-04,1.318481415510177612e-01,0.000000000000000000e+00
0.000000000000000000e+00,2.150000000000000000e+02,2.149999999999999911e+00,1.200000000000000000e+01,-4.007958412170410156e+00,5.714557647705078125e+00,1.298772811889648438e+00,-1.227140426635742188e-03,1.318481415510177612e-01,1.000000000000000000e+00
0.000000000000000000e+00,2.160000000000000000e+02,2.160000000000000142e+00,1.200000000000000000e+01,-4.009227275848388672e+00,5.717765808105468750e+00,1.299985289573669434e+00,-1.466274261474609375e-05,1.318481415510177612e-01,1.000000000000000000e+00
0.000000000000000000e+00,2.170000000000000000e+02,2.169999999999999929e+00,1.200000000000000000e+01,-4.006577014923095703e+00,5.723565578460693359e+00,1.300050854682922363e+00,5.090236663818359375e-05,1.318481415510177612e-01,1.000000000000000000e+00
0.000000000000000000e+00,2.180000000000000000e+02,2.180000000000000160e+00,1.199087238311767578e+01,-4.019005298614501953e+00,5.718972206115722656e+00,1.300490498542785645e+00,4.905462265014648438e-04,1.318481415510177612e-01,0.000000000000000000e+00
0.000000000000000000e+00,2.190000000000000000e+02,2.189999999999999947e+00,1.200000000000000000e+01,-4.014353752136230469e+00,5.725969791412353516e+00,1.298604369163513184e+00,-1.395583152770996094e-03,1.318481415510177612e-01,1.000000000000000000e+00
0.000000000000000000e+00,2.200000000000000000e+02,2.200000000000000178e+00,1.199824333190917969e+01,-4.021420001983642578e+00,5.724873065948486328e+00,1.300100445747375488e+00,1.004934310913085938e-04,1.322167366743087769e-01,0.000000000000000000e+00
0.000000000000000000e+00,2.210000000000000000e+02,2.209999999999999964e+00,1.200000000000000000e+01,-4.022109985351562500e+00,5.728054523468017578e+00,1.299395084381103516e+00,-6.048679351806640625e-04,1.322167366743087769e-01,1.000000000000000000e+00
0.000000000000000000e+00,2.220000000000000000e+02,2.220000000000000195e+00,1.200000000000000000e+01,-4.016773223876953125e+00,5.735277175903320312e+00,1.299657702445983887e+00,-3.422498703002929688e-04,1.322167366743087769e-01,1.000000000000000000e+00
0.000000000000000000e+00,2.230000000000000000e+02,2.229999999999999982e+00,1.200000000000000000e+01,-4.018903255462646484e+00,5.737319469451904297e+00,1.300351500511169434e+00,3.515481948852539062e-04,1.322167366743087769e-01,1.000000000000000000e+00
0.000000000000000000e+00,2.240000000000000000e+02,2.240000000000000213e+00,1.199394512176513672e+01,-4.028898239135742188e+00,5.733909606933593750e+00,1.300293087959289551e+00,2.931356430053710938e-04,1.322167366743087769e-01,0.000000000000000000e+00
0.000000000000000000e+00,2.250000000000000000e+02,2.250000000000000000e+00,1.200000000000000000e+01,-4.025842189788818359e+00,5.739348411560058594e+00,1.298909187316894531e+00,-1.090764999389648438e-03,1.322167366743087769e-01,1.000000000000000000e+00
0.000000000000000000e+00,2.260000000000000000e+02,2.260000000000000231e+00,1.200000000000000000e+01,-4.024892807006835938e+00,5.743275165557861328e+00,1.299935460090637207e+00,-6.449222564697265625e-05,1.322167366743087769e-01,1.000000000000000000e+00
0.000000000000000000e+00,2.270000000000000000e+02,2.270000000000000018e+00,1.200000000000000000e+01,-4.024476528167724609e+00,5.746767520904541016e+00,1.300174593925476074e+00,1.746416091918945312e-04,1.322167366743087769e-01,1.000000000000000000e+00
0.000000000000000000e+00,2.280000000000000000e+02,2.280000000000000249e+00,1.199295997619628906e+01,-4.035045623779296875e+00,5.742680072784423828e+00,1.300352215766906738e+00,3.522634506225585938e-04,1.322167366743087769e-01,0.000000000000000000e+00
0.000000000000000000e+00,2.290000000000000000e+02,2.290000000000000036e+00,1.200000000000000000e+01,-4.031148433685302734e+00,5.748415470123291016e+00,1.298797369003295898e+00,-1.202583312988281250e-03,1.322167366743087769e-01,1.000000000000000000e+00
0.000000000000000000e+00,2.300000000000000000e+02,2.300000000000000266e+00,1.200000000000000000e+01,-4.032795906066894531e+00,5.750294685363769531e+00,1.299997091293334961e+00,-2.861022949218750000e-06,1.322167366743087769e-01,1.000000000000000000e+00
0.000000000000000000e+00,2.310000000000000000e+02,2.310000000000000053e+00,1.200000000000000000e+01,-4.023619174957275391e+00,5.759510040283203125e+00,1.299953937530517578e+00,-4.601478576660156250e-05,1.322167366743087769e-01,1.000000000000000000e+00
0.000000000000000000e+00,2.320000000000000000e+02,2.319999999999999840e+00,1.200000000000000000e+01,-4.022440910339355469e+00,5.763194084167480469e+00,1.300996661186218262e+00,9.967088699340820312e-04,1.322167366743087769e-01,1.000000000000000000e+00
0.000000000000000000e+00,2.330000000000000000e+02,2.330000000000000071e+00,1.199511146545410156e+01,-4.031538486480712891e+00,5.759789466857910156e+00,1.301254034042358398e+00,1.254081726074218750e-03,1.322167366743087769e-01,0.000000000000000000e+00
0.000000000000000000e+00,2.340000000000000000e+02,2.339999999999999858e+00,1.199578571319580078e+01,-4.036597251892089844e+00,5.759086132049560547e+00,1.300038337707519531e+00,3.838539123535156250e-05,1.322167366743087769e-01,0.000000000000000000e+00
0.000000000000000000e+00,2.350000000000000000e+02,2.350000000000000089e+00,1.199846553802490234e+01,-4.040124893188476562e+00,5.759370803833007812e+00,1.299704909324645996e+00,-2.950429916381835938e-04,1.322167366743087769e-01,0.000000000000000000e+00
0.000000000000000000e+00,2.360000000000000000e+02,2.359999999999999876e+00,1.200000000000000000e+01,-4.035516738891601562e+00,5.765160560607910156e+00,1.299746990203857422e+00,-2.529621124267578125e-04,1.322167366743087769e-01,1.000000000000000000e+00
0.000000000000000000e+00,2.370000000000000000e+02,2.370000000000000107e+00,1.200000000000000000e+01,-4.038353919982910156e+00,5.765802860260009766e+00,1.300455212593078613e+00,4.552602767944335938e-04,1.322167366743087769e-01,1.000000000000000000e+00
0.000000000000000000e+00,2.380000000000000000e+02,2.379999999999999893e+00,1.199378490447998047e+01,-4.048044681549072266e+00,5.761703014373779297e+00,1.300301551818847656e+00,3.015995025634765625e-04,1.322167366743087769e-01,0.000000000000000000e+00
0.000000000000000000e+00,2.390000000000000000e+02,2.390000000000000124e+00,1.200000000000000000e+01,-4.044398784637451172e+00,5.766668319702148438e+00,1.298879861831665039e+00,-1.120090484619140625e-03,1.322167366743087769e-01,1.000000000000000000e+00
0.000000000000000000e+00,2.400000000000000000e+02,2.399999999999999911e+00,1.200000000000000000e+01,-4.042798519134521484e+00,5.770181179046630859e+00,1.299925446510314941e+00,-7.450580596923828125e-05,1.324403733015060425e-01,1.000000000000000000e+00
0.000000000000000000e+00,2.410000000000000000e+02,2.410000000000000142e+00,1.200000000000000000e+01,-4.042570114135742188e+00,5.772703647613525391e+00,1.300211310386657715e+00,2.113580703735351562e-04,1.324403733015060425e-01,1.000000000000000000e+00
0.000000000000000000e+00,2.420000000000000000e+02,2.419999999999999929e+00,1.199329948425292969e+01,-4.052509307861328125e+00,5.768222332000732422e+00,1.300330758094787598e+00,3.308057785034179688e-04,1.324403733015060425e-01,0.000000000000000000e+00
0.000000000000000000e+00,2.430000000000000000e+02,2.430000000000000160e+00,1.200000000000000000e+01,-4.048470973968505859e+00,5.773249626159667969e+00,1.298834204673767090e+00,-1.165747642517089844e-03,1.324403733015060425e-01,1.000000000000000000e+00
0.000000000000000000e+00,2.440000000000000000e+02,2.439999999999999947e+00,1.200000000000000000e+01,-4.048065662384033203e+00,5.775743961334228516e+00,1.299968361854553223e+00,-3.159046173095703125e-05,1.324403733015060425e-01,1.000000000000000000e+00
0.000000000000000000e+00,2.450000000000000000e+02,2.450000000000000178e+00,1.200000000000000000e+01,-4.045864105224609375e+00,5.779419422149658203e+00,1.300104260444641113e+00,1.043081283569335938e-04,1.324403733015060425e-01,1.000000000000000000e+00
0.000000000000000000e+00,2.460000000000000000e+02,2.459999999999999964e+00,1.199177074432373047e+01,-4.056809425354003906e+00,5.774056911468505859e+00,1.300429821014404297e+00,4.298686981201171875e-04,1.324403733015060425e-01,0.000000000000000000e+00
0.000000000000000000e+00,2.470000000000000000e+02,2.470000000000000195e+00,1.200000000000000000e+01,-4.051699161529541016e+00,5.779629707336425781e+00,1.298672318458557129e+00,-1.327633857727050781e-03,1.324403733015060425e-01,1.000000000000000000e+00
0.000000000000000000e+00,2.480000000000000000e+02,2.479999999999999982e+00,1.199998474121093750e+01,-4.056734561920166016e+00,5.778219223022460938e+00,1.300052285194396973e+00,5.233287811279296875e-05,1.324403733015060425e-01,0.000000000000000000e+00
0.000000000000000000e+00,2.490000000000000000e+02,2.490000000000000213e+00,1.200000000000000000e+01,-4.058942317962646484e+00,5.778698921203613281e+00,1.299632310867309570e+00,-3.676414489746093750e-04,1.324403733015060425e-01,1.000000000000000000e+00
0.000000000000000000e+00,2.500000000000000000e+02,2.500000000000000000e+00,1.200000000000000000e+01,-4.051199913024902344e+00,5.785940170288085938e+00,1.299506306648254395e+00,-4.936456680297851562e-04,1.324403733015060425e-01,1.000000000000000000e+00
0.000000000000000000e+00,2.510000000000000000e+02,2.510000000000000231e+00,1.200000000000000000e+01,-4.052618503570556641e+00,5.786875247955322266e+00,1.300356864929199219e+00,3.569126129150390625e-04,1.324403733015060425e-01,1.000000000000000000e+00
0.000000000000000000e+00,2.520000000000000000e+02,2.520000000000000018e+00,1.199357318878173828e+01,-4.062149524688720703e+00,5.782220840454101562e+00,1.300316929817199707e+00,3.169775009155273438e-04,1.324403733015060425e-01,0.000000000000000000e+00
0.000000000000000000e+00,2.530000000000000000e+02,2.530000000000000249e+00,1.200000000000000000e+01,-4.058098316192626953e+00,5.786815166473388672e+00,1.298869729042053223e+00,-1.130223274230957031e-03,1.324403733015060425e-01,1.000000000000000000e+00
0.000000000000000000e+00,2.540000000000000000e+02,2.540000000000000036e+00,1.200000000000000000e+01,-4.056776523590087891e+00,5.789504051208496094e+00,1.299947977066040039e+00,-5.197525024414062500e-05,1.324403733015060425e-01,1.000000000000000000e+00
0.000000000000000000e+00,2.550000000000000000e+02,2.550000000000000266e+00,1.200000000000000000e+01,-4.055299758911132812e+00,5.792261123657226562e+00,1.300153970718383789e+00,1.540184020996093750e-04,1.324403733015060425e-01,1.000000000000000000e+00
0.000000000000000000e+00,2.560000000000000000e+02,2.560000000000000053e+00,1.199264717102050781e+01,-4.065425395965576172e+00,5.787044525146484375e+00,1.300374627113342285e+00,3.746747970581054688e-04,1.324403733015060425e-01,0.000000000000000000e+00
0.000000000000000000e+00,2.570000000000000000e+02,2.569999999999999840e+00,1.200000000000000000e+01,-4.060638904571533203e+00,5.791990280151367188e+00,1.298763513565063477e+00,-1.236438751220703125e-03,1.324403733015060425e-01,1.000000000000000000e+00
0.000000000000000000e+00,2.580000000000000000e+02,2.580000000000000071e+00,1.200000000000000000e+01,-4.064071178436279297e+00,5.791279315948486328e+00,1.300016045570373535e+00,1.609325408935546875e-05,1.324403733015060425e-01,1.000000000000000000e+00
0.000000000000000000e+00,2.590000000000000000e+02,2.589999999999999858e+00,1.200000000000000000e+01,-4.067410945892333984e+00,5.790596961975097656e+00,1.299741148948669434e+00,-2.588033676147460938e-04,1.324403733015060425e-01,1.000000000000000000e+00
0.000000000000000000e+00,2.600000000000000000e+02,2.600000000000000089e+00,1.200000000000000000e+01,-4.059195041656494141e+00,5.797782897949218750e+00,1.299478411674499512e+00,-5.215406417846679688e-04,1.325755119323730469e-01,1.000000000000000000e+00
0.000000000000000000e+00,2.610000000000000000e+02,2.609999999999999876e+00,1.200000000000000000e+01,-4.060769081115722656e+00,5.798239707946777344e+00,1.300388813018798828e+00,3.888607025146484375e-04,1.325755119323730469e-01,1.000000000000000000e+00
0.000000000000000000e+00,2.620000000000000000e+02,2.620000000000000107e+00,1.199437904357910156e+01,-4.069556236267089844e+00,5.793729782104492188e+00,1.300273537635803223e+00,2.735853195190429688e-04,1.325755119323730469e-01,0.000000000000000000e+00
0.000000000000000000e+00,2.630000000000000000e+02,2.629999999999999893e+00,1.200000000000000000e+01,-4.065852642059326172e+00,5.797730922698974609e+00,1.298953294754028320e+00,-1.046657562255859375e-03,1.325755119323730469e-01,1.000000000000000000e+00
0.000000000000000000e+00,2.640000000000000000e+02,2.640000000000000124e+00,1.200000000000000000e+01,-4.063685894012451172e+00,5.800649642944335938e+00,1.299923777580261230e+00,-7.617473602294921875e-05,1.325755119323730469e-01,1.000000000000000000e+00
0.000000000000000000e+00,2.650000000000000000e+02,2.649999999999999911e+00,1.200000000000000000e+01,-4.062759399414062500e+00,5.802689075469970703e+00,1.300199031829833984e+00,1.990795135498046875e-04,1.325755119323730469e-01,1.000000000000000000e+00
0.000000000000000000e+00,2.660000000000000000e+02,2.660000000000000142e+00,1.199299335479736328e+01,-4.072479724884033203e+00,5.797415733337402344e+00,1.300355076789855957e+00,3.551244735717773438e-04,1.325755119323730469e-01,0.000000000000000000e+00
0.000000000000000000e+00,2.670000000000000000e+02,2.669999999999999929e+00,1.200000000000000000e+01,-4.067709922790527344e+00,5.802024364471435547e+00,1.298795700073242188e+00,-1.204252243041992188e-03,1.325755119323730469e-01,1.000000000000000000e+00
0.000000000000000000e+00,2.680000000000000000e+02,2.680000000000000160e+00,1.200000000000000000e+01,-4.068254947662353516e+00,5.802968978881835938e+00,1.299994707107543945e+00,-5.245208740234375000e-06,1.325755119323730469e-01,1.000000000000000000e+00
0.000000000000000000e+00,2.690000000000000000e+02,2.689999999999999947e+00,1.200000000000000000e+01,-4.060657978057861328e+00,5.809454917907714844e+00,1.299998521804809570e+00,-1.430511474609375000e-06,1.325755119323730469e-01,1.000000000000000000e+00
0.000000000000000000e+00,2.700000000000000000e+02,2.700000000000000178e+00,1.200000000000000000e+01,-4.057233810424804688e+00,5.813059329986572266e+00,1.300800561904907227e+00,8.006095886230468750e-04,1.325755119323730469e-01,1.000000000000000000e+00
0.000000000000000000e+00,2.710000000000000000e+02,2.709999999999999964e+00,1.199573802947998047e+01,-4.065139293670654297e+00,5.808885574340820312e+00,1.301191210746765137e+00,1.191258430480957031e-03,1.325755119323730469e-01,0.000000000000000000e+00
0.000000000000000000e+00,2.720000000000000000e+02,2.720000000000000195e+00,1.199516010284423828e+01,-4.070344924926757812e+00,5.806532859802246094e+00,1.300070047378540039e+00,7.009506225585937500e-05,1.325755119323730469e-01,0.000000000000000000e+00
0.000000000000000000e+00,2.730000000000000000e+02,2.729999999999999982e+00,1.200000000000000000e+01,-4.071366310119628906e+00,5.807016372680664062e+00,1.299550175666809082e+00,-4.497766494750976562e-04,1.325755119323730469e-01,1.000000000000000000e+00
0.000000000000000000e+00,2.740000000000000000e+02,2.740000000000000213e+00,1.200000000000000000e+01,-4.070725917816162109e+00,5.808610916137695312e+00,1.299975752830505371e+00,-2.419948577880859375e-05,1.325755119323730469e-01,1.000000000000000000e+00
0.000000000000000000e+00,2.750000000000000000e+02,2.750000000000000000e+00,1.200000000000000000e+01,-4.067497730255126953e+00,5.811951160430908203e+00,1.300081968307495117e+00,8.201599121093750000e-05,1.325755119323730469e-01,1.000000000000000000e+00
0.000000000000000000e+00,2.760000000000000000e+02,2.760000000000000231e+00,1.199145793914794922e+01,-4.078197479248046875e+00,5.805739402770996094e+00,1.300455927848815918e+00,4.559755325317382812e-04,1.325755119323730469e-01,0.000000000000000000e+00
0.000000000000000000e+00,2.770000000000000000e+02,2.770000000000000018e+00,1.200000000000000000e+01,-4.072494029998779297e+00,5.810724258422851562e+00,1.298656821250915527e+00,-1.343131065368652344e-03,1.325755119323730469e-01,1.000000000000000000e+00
0.000000000000000000e+00,2.780000000000000000e+02,2.780000000000000249e+00,1.199931049346923828e+01,-4.077555656433105469e+00,5.808322429656982422e+00,1.300071239471435547e+00,7.128715515136718750e-05,1.325755119323730469e-01,0.000000000000000000e+00
0.000000000000000000e+00,2.790000000000000000e+02,2.790000000000000036e+00,1.200000000000000000e+01,-4.078549385070800781e+00,5.808680534362792969e+00,1.299564242362976074e+00,-4.357099533081054688e-04,1.325755119323730469e-01,1.000000000000000000e+00
0.000000000000000000e+00,2.800000000000000000e+02,2.800000000000000266e+00,1.200000000000000000e+01,-4.071033000946044922e+00,5.814837455749511719e+00,1.299575686454772949e+00,-4.242658615112304688e-04,1.326870471239089966e-01,1.000000000000000000e+00
0.000000000000000000e+00,2.810000000000000000e+02,2.810000000000000053e+00,1.200000000000000000e+01,-4.072025299072265625e+00,5.815152168273925781e+00,1.300360679626464844e+00,3.607273101806640625e-04,1.326870471239089966e-01,1.000000000000000000e+00
0.000000000000000000e+00,2.820000000000000000e+02,2.819999999999999840e+00,1.199353885650634766e+01,-4.081161975860595703e+00,5.809874534606933594e+00,1.300322413444519043e+00,3.224611282348632812e-04,1.326870471239089966e-01,0.000000000000000000e+00
0.000000000000000000e+00,2.830000000000000000e+02,2.830000000000000071e+00,1.200000000000000000e+01,-4.076522350311279297e+00,5.813999652862548828e+00,1.298848152160644531e+00,-1.151800155639648438e-03,1.326870471239089966e-01,1.000000000000000000e+00
0.000000000000000000e+00,2.840000000000000000e+02,2.839999999999999858e+00,1.200000000000000000e+01,-4.074897766113281250e+00,5.816041946411132812e+00,1.299952507019042969e+00,-4.744529724121093750e-05,1.326870471239089966e-01,1.000000000000000000e+00
0.000000000000000000e+00,2.850000000000000000e+02,2.850000000000000089e+00,1.200000000000000000e+01,-4.072968482971191406e+00,5.818273067474365234e+00,1.300152897834777832e+00,1.529455184936523438e-04,1.326870471239089966e-01,1.000000000000000000e+00
0.000000000000000000e+00,2.860000000000000000e+02,2.859999999999999876e+00,1.199249744415283203e+01,-4.082818031311035156e+00,5.812426567077636719e+00,1.300388097763061523e+00,3.881454467773437500e-04,1.326870471239089966e-01,0.000000000000000000e+00
0.000000000000000000e+00,2.870000000000000000e+02,2.870000000000000107e+00,1.200000000000000000e+01,-4.077590465545654297e+00,5.816874980926513672e+00,1.298759341239929199e+00,-1.240611076354980469e-03,1.326870471239089966e-01,1.000000000000000000e+00
0.000000000000000000e+00,2.880000000000000000e+02,2.879999999999999893e+00,1.200000000000000000e+01,-4.080994129180908203e+00,5.815400123596191406e+00,1.300023913383483887e+00,2.396106719970703125e-05,1.326870471239089966e-01,1.000000000000000000e+00
0.000000000000000000e+00,2.890000000000000000e+02,2.890000000000000124e+00,1.200000000000000000e+01,-4.083641529083251953e+00,5.814424514770507812e+00,1.299719214439392090e+00,-2.807378768920898438e-04,1.326870471239089966e-01,1.000000000000000000e+00
0.000000000000000000e+00,2.900000000000000000e+02,2.899999999999999911e+00,1.200000000000000000e+01,-4.075175762176513672e+00,5.821033000946044922e+00,1.299493432044982910e+00,-5.065202713012695312e-04,1.326870471239089966e-01,1.000000000000000000e+00
0.000000000000000000e+00,2.910000000000000000e+02,2.910000000000000142e+00,1.200000000000000000e+01,-4.076182842254638672e+00,5.821144104003906250e+00,1.300372362136840820e+00,3.724098205566406250e-04,1.326870471239089966e-01,1.000000000000000000e+00
0.000000000000000000e+00,2.920000000000000000e+02,2.919999999999999929e+00,1.199410629272460938e+01,-4.084830284118652344e+00,5.816011428833007812e+00,1.300292015075683594e+00,2.920627593994140625e-04,1.326870471239089966e-01,0.000000000000000000e+00
0.000000000000000000e+00,2.930000000000000000e+02,2.930000000000000160e+00,1.200000000000000000e+01,-4.080636978149414062e+00,5.819645881652832031e+00,1.298934936523437500e+00,-1.065015792846679688e-03,1.326870471239089966e-01,1.000000000000000000e+00
0.000000000000000000e+00,2.940000000000000000e+02,2.939999999999999947e+00,1.200000000000000000e+01,-4.078541278839111328e+00,5.821829319000244141e+00,1.299940347671508789e+00,-5.960464477539062500e-05,1.326870471239089966e-01,1.000000000000000000e+00
0.000000000000000000e+00,2.950000000000000000e+02,2.950000000000000178e+00,1.200000000000000000e+01,-4.076943874359130859e+00,5.823656082153320312e+00,1.300179123878479004e+00,1.791715621948242188e-04,1.326870471239089966e-01,1.000000000000000000e+00
0.000000000000000000e+00,2.960000000000000000e+02,2.959999999999999964e+00,1.199302482604980469e+01,-4.086336612701416016e+00,5.817947864532470703e+00,1.300356984138488770e+00,3.570318222045898438e-04,1.326870471239089966e-01,0.000000000000000000e+00
0.000000000000000000e+00,2.970000000000000000e+02,2.970000000000000195e+00,1.200000000000000000e+01,-4.081314086914062500e+00,5.822086334228515625e+00,1.298810124397277832e+00,-1.189827919006347656e-03,1.326870471239089966e-01,1.000000000000000000e+00
0.000000000000000000e+00,2.980000000000000000e+02,2.979999999999999982e+00,1.200000000000000000e+01,-4.081617355346679688e+00,5.822566509246826172e+00,1.299995660781860352e+00,-4.291534423828125000e-06,1.326870471239089966e-01,1.000000000000000000e+00
0.000000000000000000e+00,2.990000000000000000e+02,2.990000000000000213e+00,1.200000000000000000e+01,-4.075472831726074219e+00,5.827443122863769531e+00,1.300008654594421387e+00,8.702278137207031250e-06,1.326870471239089966e-01,1.000000000000000000e+00
0.000000000000000000e+00,3.000000000000000000e+02,3.000000000000000000e+00,1.198936843872070312e+01,-4.087471961975097656e+00,5.819891929626464844e+00,1.300623059272766113e+00,6.231069564819335938e-04,1.327611207962036133e-01,0.000000000000000000e+00
0.000000000000000000e+00,3.010000000000000000e+02,3.010000000000000231e+00,1.200000000000000000e+01,-4.080508232116699219e+00,5.825300216674804688e+00,1.298478484153747559e+00,-1.521468162536621094e-03,1.327611207962036133e-01,1.000000000000000000e+00
0.000000000000000000e+00,3.020000000000000000e+02,3.020000000000000018e+00,1.199597072601318359e+01,-4.087749004364013672e+00,5.820976734161376953e+00,1.300198554992675781e+00,1.986026763916015625e-04,1.327611207962036133e-01,0.000000000000000000e+00
0.000000000000000000e+00,3.030000000000000000e+02,3.030000000000000249e+00,1.200000000000000000e+01,-4.084810733795166016e+00,5.823603153228759766e+00,1.299132943153381348e+00,-8.670091629028320312e-04,1.327611207962036133e-01,1.000000000000000000e+00
0.000000000000000000e+00,3.040000000000000000e+02,3.040000000000000036e+00,1.200000000000000000e+01,-4.080534934997558594e+00,5.827131748199462891e+00,1.299842953681945801e+00,-1.569986343383789062e-04,1.327611207962036133e-01,1.000000000000000000e+00
0.000000000000000000e+00,3.050000000000000000e+02,3.050000000000000266e+00,1.200000000000000000e+01,-4.080230236053466797e+00,5.827930927276611328e+00,1.300275206565856934e+00,2.752542495727539062e-04,1.327611207962036133e-01,1.000000000000000000e+00
0.000000000000000000e+00,3.060000000000000000e+02,3.060000000000000053e+00,1.199351406097412109e+01,-4.089207172393798828e+00,5.822367191314697266e+00,1.300329804420471191e+00,3.298521041870117188e-04,1.327611207962036133e-01,0.000000000000000000e+00
0.000000000000000000e+00,3.070000000000000000e+02,3.070000000000000284e+00,1.200000000000000000e+01,-4.084524631500244141e+00,5.826136112213134766e+00,1.298879504203796387e+00,-1.120448112487792969e-03,1.327611207962036133e-01,1.000000000000000000e+00
0.000000000000000000e+00,3.080000000000000000e+02,3.080000000000000071e+00,1.200000000000000000e+01,-4.083123683929443359e+00,5.827648162841796875e+00,1.299966216087341309e+00,-3.373622894287109375e-05,1.327611207962036133e-01,1.000000000000000000e+00
0.000000000000000000e+00,3.090000000000000000e+02,3.089999999999999858e+00,1.200000000000000000e+01,-4.080495834350585938e+00,5.829987525939941406e+00,1.300127744674682617e+00,1.277923583984375000e-04,1.327611207962036133e-01,1.000000000000000000e+00
0.000000000000000000e+00,3.100000000000000000e+02,3.100000000000000089e+00,1.199226856231689453e+01,-4.090344429016113281e+00,5.823779582977294922e+00,1.300409555435180664e+00,4.096031188964843750e-04,1.327611207962036133e-01,0.000000000000000000e+00
0.000000000000000000e+00,3.110000000000000000e+02,3.109999999999999876e+00,1.200000000000000000e+01,-4.084814071655273438e+00,5.828081607818603516e+00,1.298747062683105469e+00,-1.252889633178710938e-03,1.327611207962036133e-01,1.000000000000000000e+00
0.000000000000000000e+00,3.120000000000000000e+02,3.120000000000000107e+00,1.200000000000000000e+01,-4.088751316070556641e+00,5.825895309448242188e+00,1.300044298171997070e+00,4.434585571289062500e-05,1.327611207962036133e-01,1.000000000000000000e+00
0.000000000000000000e+00,3.130000000000000000e+02,3.129999999999999893e+00,1.200000000000000000e+01,-4.090539932250976562e+00,5.825168132781982422e+00,1.299668073654174805e+00,-3.318786621093750000e-04,1.327611207962036133e-01,1.000000000000000000e+00
0.000000000000000000e+00,3.140000000000000000e+02,3.140000000000000124e+00,1.200000000000000000e+01,-4.082159042358398438e+00,5.831387519836425781e+00,1.299524664878845215e+00,-4.752874374389648438e-04,1.327611207962036133e-01,1.000000000000000000e+00
0.000000000000000000e+00,3.150000000000000000e+02,3.149999999999999911e+00,1.200000000000000000e+01,-4.082977294921875000e+00,5.831303119659423828e+00,1.300374984741210938e+00,3.750324249267578125e-04,1.327611207962036133e-01,1.000000000000000000e+00
0.000000000000000000e+00,3.160000000000000000e+02,3.160000000000000142e+00,1.199362087249755859e+01,-4.091820716857910156e+00,5.825717926025390625e+00,1.300325512886047363e+00,3.255605697631835938e-04,1.327611207962036133e-01,0.000000000000000000e+00
0.000000000000000000e+00,3.170000000000000000e+02,3.169999999999999929e+00,1.200000000000000000e+01,-4.086983680725097656e+00,5.829482078552246094e+00,1.298868179321289062e+00,-1.131772994995117188e-03,1.327611207962036133e-01,1.000000000000000000e+00
0.000000000000000000e+00,3.180000000000000000e+02,3.180000000000000160e+00,1.200000000000000000e+01,-4.084779739379882812e+00,5.831435680389404297e+00,1.299943804740905762e+00,-5.614757537841796875e-05,1.327611207962036133e-01,1.000000000000000000e+00
0.000000000000000000e+00,3.190000000000000000e+02,3.189999999999999947e+00,1.200000000000000000e+01,-4.083340644836425781e+00,5.832856178283691406e+00,1.300202369689941406e+00,2.024173736572265625e-04,1.327611207962036133e-01,1.000000000000000000e+00
0.000000000000000000e+00,3.200000000000000000e+02,3.200000000000000178e+00,1.199302482604980469e+01,-4.092595100402832031e+00,5.826951026916503906e+00,1.300362825393676758e+00,3.628730773925781250e-04,1.328626424074172974e-01,0.000000000000000000e+00
0.000000000000000000e+00,3.210000000000000000e+02,3.209999999999999964e+00,1.200000000000000000e+01,-4.087394237518310547e+00,5.830926418304443359e+00,1.298813819885253906e+00,-1.186132431030273438e-03,1.328626424074172974e-01,1.000000000000000000e+00
0.000000000000000000e+00,3.220000000000000000e+02,3.220000000000000195e+00,1.200000000000000000e+01,-4.087759971618652344e+00,5.831084728240966797e+00,1.299997806549072266e+00,-2.145767211914062500e-06,1.328626424074172974e-01,1.000000000000000000e+00
0.000000000000000000e+00,3.230000000000000000e+02,3.229999999999999982e+00,1.200000000000000000e+01,-4.079078674316406250e+00,5.837423801422119141e+00,1.299993753433227539e+00,-6.198883056640625000e-06,1.328626424074172974e-01,1.000000000000000000e+00
0.000000000000000000e+00,3.240000000000000000e+02,3.240000000000000213e+00,1.200000000000000000e+01,-4.075567722320556641e+00,5.840217590332031250e+00,1.300857305526733398e+00,8.573532104492187500e-04,1.328626424074172974e-01,1.000000000000000000e+00
0.000000000000000000e+00,3.250000000000000000e+02,3.250000000000000000e+00,1.199565029144287109e+01,-4.083138465881347656e+00,5.835420608520507812e+00,1.301218748092651367e+00,1.218795776367187500e-03,1.328626424074172974e-01,0.000000000000000000e+00
0.000000000000000000e+00,3.260000000000000000e+02,3.260000000000000231e+00,1.199497318267822266e+01,-4.088026523590087891e+00,5.832450866699218750e+00,1.300077199935913086e+00,7.724761962890625000e-05,1.328626424074172974e-01,0.000000000000000000e+00
0.000000000000000000e+00,3.270000000000000000e+02,3.270000000000000018e+00,1.200000000000000000e+01,-4.088660717010498047e+00,5.832383632659912109e+00,1.299560070037841797e+00,-4.398822784423828125e-04,1.328626424074172974e-01,1.000000000000000000e+00
0.000000000000000000e+00,3.280000000000000000e+02,3.280000000000000249e+00,1.200000000000000000e+01,-4.088277816772460938e+00,5.833004474639892578e+00,1.299989700317382812e+00,-1.025199890136718750e-05,1.328626424074172974e-01,1.000000000000000000e+00
0.000000000000000000e+00,3.290000000000000000e+02,3.290000000000000036e+00,1.200000000000000000e+01,-4.083026885986328125e+00,5.836948394775390625e+00,1.300029873847961426e+00,2.992153167724609375e-05,1.328626424074172974e-01,1.000000000000000000e+00
0.000000000000000000e+00,3.300000000000000000e+02,3.300000000000000266e+00,1.199017906188964844e+01,-4.094291687011718750e+00,5.829584121704101562e+00,1.300562620162963867e+00,5.626678466796875000e-04,1.328626424074172974e-01,0.000000000000000000e+00
0.000000000000000000e+00,3.310000000000000000e+02,3.310000000000000053e+00,1.200000000000000000e+01,-4.087505817413330078e+00,5.834562778472900391e+00,1.298545718193054199e+00,-1.454234123229980469e-03,1.328626424074172974e-01,1.000000000000000000e+00
0.000000000000000000e+00,3.320000000000000000e+02,3.320000000000000284e+00,1.199668979644775391e+01,-4.094089508056640625e+00,5.830387115478515625e+00,1.300169110298156738e+00,1.691579818725585938e-04,1.328626424074172974e-01,0.000000000000000000e+00
0.000000000000000000e+00,3.330000000000000000e+02,3.330000000000000071e+00,1.200000000000000000e+01,-4.091559886932373047e+00,5.832439422607421875e+00,1.299212574958801270e+00,-7.873773574829101562e-04,1.328626424074172974e-01,1.000000000000000000e+00
0.000000000000000000e+00,3.340000000000000000e+02,3.339999999999999858e+00,1.200000000000000000e+01,-4.086180686950683594e+00,5.836434841156005859e+00,1.299784779548645020e+00,-2.151727676391601562e-04,1.328626424074172974e-01,1.000000000000000000e+00
0.000000000000000000e+00,3.350000000000000000e+02,3.350000000000000089e+00,1.200000000000000000e+01,-4.086327075958251953e+00,5.836643218994140625e+00,1.300325155258178711e+00,3.252029418945312500e-04,1.328626424074172974e-01,1.000000000000000000e+00
0.000000000000000000e+00,3.360000000000000000e+02,3.359999999999999876e+00,1.199354934692382812e+01,-4.095148086547851562e+00,5.830909729003906250e+00,1.300331234931945801e+00,3.312826156616210938e-04,1.328626424074172974e-01,0.000000000000000000e+00
0.000000000000000000e+00,3.370000000000000000e+02,3.370000000000000107e+00,1.200000000000000000e+01,-4.090252399444580078e+00,5.834554195404052734e+00,1.298872828483581543e+00,-1.127123832702636719e-03,1.328626424074172974e-01,1.000000000000000000e+00
0.000000000000000000e+00,3.380000000000000000e+02,3.379999999999999893e+00,1.200000000000000000e+01,-4.089056968688964844e+00,5.835660934448242188e+00,1.299975514411926270e+00,-2.443790435791015625e-05,1.328626424074172974e-01,1.000000000000000000e+00
0.000000000000000000e+00,3.390000000000000000e+02,3.390000000000000124e+00,1.200000000000000000e+01,-4.085669994354248047e+00,5.838261127471923828e+00,1.300098538398742676e+00,9.858608245849609375e-05,1.328626424074172974e-01,1.000000000000000000e+00
0.000000000000000000e+00,3.400000000000000000e+02,3.399999999999999911e+00,1.199167823791503906e+01,-4.095822811126708984e+00,5.831591129302978516e+00,1.300454139709472656e+00,4.541873931884765625e-04,1.328746527433395386e-01,0.000000000000000000e+00
0.000000000000000000e+00,3.410000000000000000e+02,3.410000000000000142e+00,1.200000000000000000e+01,-4.089705467224121094e+00,5.836046695709228516e+00,1.298674821853637695e+00,-1.325130462646484375e-03,1.328746527433395386e-01,1.000000000000000000e+00
0.000000000000000000e+00,3.420000000000000000e+02,3.419999999999999929e+00,1.199931621551513672e+01,-4.094391822814941406e+00,5.833105087280273438e+00,1.300076603889465332e+00,7.665157318115234375e-05,1.328746527433395386e-01,0.000000000000000000e+00
0.000000000000000000e+00,3.430000000000000000e+02,3.430000000000000160e+00,1.200000000000000000e+01,-4.094964027404785156e+00,5.832972526550292969e+00,1.299571990966796875e+00,-4.279613494873046875e-04,1.328746527433395386e-01,1.000000000000000000e+00
0.000000000000000000e+00,3.440000000000000000e+02,3.439999999999999947e+00,1.200000000000000000e+01,-4.087176322937011719e+00,5.838554382324218750e+00,1.299596548080444336e+00,-4.034042358398437500e-04,1.328746527433395386e-01,1.000000000000000000e+00
0.000000000000000000e+00,3.450000000000000000e+02,3.450000000000000178e+00,1.200000000000000000e+01,-4.087728977203369141e+00,5.838424205780029297e+00,1.300364732742309570e+00,3.647804260253906250e-04,1.328746527433395386e-01,1.000000000000000000e+00
0.000000000000000000e+00,3.460000000000000000e+02,3.459999999999999964e+00,1.199368858337402344e+01,-4.096421241760253906e+00,5.832719802856445312e+00,1.300325155258178711e+00,3.252029418945312500e-04,1.328746527433395386e-01,0.000000000000000000e+00
0.000000000000000000e+00,3.470000000000000000e+02,3.470000000000000195e+00,1.200000000000000000e+01,-4.091545104980468750e+00,5.836293697357177734e+00,1.298884510993957520e+00,-1.115441322326660156e-03,1.328746527433395386e-01,1.000000000000000000e+00
0.000000000000000000e+00,3.480000000000000000e+02,3.479999999999999982e+00,1.200000000000000000e+01,-4.089819908142089844e+00,5.837706565856933594e+00,1.299963355064392090e+00,-3.659725189208984375e-05,1.328746527433395386e-01,1.000000000000000000e+00
0.000000000000000000e+00,3.490000000000000000e+02,3.490000000000000213e+00,1.200000000000000000e+01,-4.087489604949951172e+00,5.839528560638427734e+00,1.300156116485595703e+00,1.561641693115234375e-04,1.328746527433395386e-01,1.000000000000000000e+00
0.000000000000000000e+00,3.500000000000000000e+02,3.500000000000000000e+00,1.199262905120849609e+01,-4.096933841705322266e+00,5.833289623260498047e+00,1.300392150878906250e+00,3.921985626220703125e-04,1.328746527433395386e-01,0.000000000000000000e+00
0.000000000000000000e+00,3.510000000000000000e+02,3.510000000000000231e+00,1.200000000000000000e+01,-4.091304302215576172e+00,5.837358951568603516e+00,1.298765897750854492e+00,-1.234054565429687500e-03,1.328746527433395386e-01,1.000000000000000000e+00
0.000000000000000000e+00,3.520000000000000000e+02,3.520000000000000018e+00,1.200000000000000000e+01,-4.094874858856201172e+00,5.835129261016845703e+00,1.300039529800415039e+00,3.957748413085937500e-05,1.328746527433395386e-01,1.000000000000000000e+00
0.000000000000000000e+00,3.530000000000000000e+02,3.530000000000000249e+00,1.200000000000000000e+01,-4.096722602844238281e+00,5.834073543548583984e+00,1.299689888954162598e+00,-3.100633621215820312e-04,1.328746527433395386e-01,1.000000000000000000e+00
0.000000000000000000e+00,3.540000000000000000e+02,3.540000000000000036e+00,1.200000000000000000e+01,-4.088163852691650391e+00,5.840133666992187500e+00,1.299527049064636230e+00,-4.729032516479492188e-04,1.328746527433395386e-01,1.000000000000000000e+00
0.000000000000000000e+00,3.550000000000000000e+02,3.550000000000000266e+00,1.200000000000000000e+01,-4.088714599609375000e+00,5.839956760406494141e+00,1.300368785858154297e+00,3.688335418701171875e-04,1.328746527433395386e-01,1.000000000000000000e+00
0.000000000000000000e+00,3.560000000000000000e+02,3.560000000000000053e+00,1.199351406097412109e+01,-4.097508907318115234e+00,5.834135055541992188e+00,1.300337791442871094e+00,3.378391265869140625e-04,1.328746527433395386e-01,0.000000000000000000e+00
0.000000000000000000e+00,3.570000000000000000e+02,3.570000000000000284e+00,1.200000000000000000e+01,-4.092405319213867188e+00,5.837818622589111328e+00,1.298856258392333984e+00,-1.143693923950195312e-03,1.328746527433395386e-01,1.000000000000000000e+00
0.000000000000000000e+00,3.580000000000000000e+02,3.580000000000000071e+00,1.200000000000000000e+01,-4.090954780578613281e+00,5.838998317718505859e+00,1.299971818923950195e+00,-2.813339233398437500e-05,1.328746527433395386e-01,1.000000000000000000e+00
0.000000000000000000e+00,3.590000000000000000e+02,3.589999999999999858e+00,1.200000000000000000e+01,-4.088210105895996094e+00,5.841059684753417969e+00,1.300135612487792969e+00,1.356601715087890625e-04,1.328746527433395386e-01,1.000000000000000000e+00
0.000000000000000000e+00,3.600000000000000000e+02,3.600000000000000089e+00,1.199240398406982422e+01,-4.097797393798828125e+00,5.834679126739501953e+00,1.300409555435180664e+00,4.096031188964843750e-04,1.328806430101394653e-01,0.000000000000000000e+00
0.000000000000000000e+00,3.610000000000000000e+02,3.609999999999999876e+00,1.200000000000000000e+01,-4.092043876647949219e+00,5.838791370391845703e+00,1.298752665519714355e+00,-1.247286796569824219e-03,1.328806430101394653e-01,1.000000000000000000e+00
0.000000000000000000e+00,3.620000000000000000e+02,3.620000000000000107e+00,1.200000000000000000e+01,-4.095886230468750000e+00,5.836334228515625000e+00,1.300049304962158203e+00,4.935264587402343750e-05,1.328806430101394653e-01,1.000000000000000000e+00
0.000000000000000000e+00,3.630000000000000000e+02,3.629999999999999893e+00,1.200000000000000000e+01,-4.097456455230712891e+00,5.835427761077880859e+00,1.299670696258544922e+00,-3.292560577392578125e-04,1.328806430101394653e-01,1.000000000000000000e+00
0.000000000000000000e+00,3.640000000000000000e+02,3.640000000000000124e+00,1.200000000000000000e+01,-4.088971614837646484e+00,5.841397285461425781e+00,1.299538850784301758e+00,-4.611015319824218750e-04,1.328806430101394653e-01,1.000000000000000000e+00
0.000000000000000000e+00,3.650000000000000000e+02,3.649999999999999911e+00,1.200000000000000000e+01,-4.089580535888671875e+00,5.841141700744628906e+00,1.300377964973449707e+00,3.780126571655273438e-04,1.328806430101394653e-01,1.000000000000000000e+00
0.000000000000000000e+00,3.660000000000000000e+02,3.660000000000000142e+00,1.199385166168212891e+01,-4.098118305206298828e+00,5.835457324981689453e+00,1.300319910049438477e+00,3.199577331542968750e-04,1.328806430101394653e-01,0.000000000000000000e+00
0.000000000000000000e+00,3.670000000000000000e+02,3.669999999999999929e+00,1.200000000000000000e+01,-4.093257904052734375e+00,5.838936805725097656e+00,1.298901081085205078e+00,-1.098871231079101562e-03,1.328806430101394653e-01,1.000000000000000000e+00
0.000000000000000000e+00,3.680000000000000000e+02,3.680000000000000160e+00,1.200000000000000000e+01,-4.092281818389892578e+00,5.839755535125732422e+00,1.299983143806457520e+00,-1.680850982666015625e-05,1.328806430101394653e-01,1.000000000000000000e+00
0.000000000000000000e+00,3.690000000000000000e+02,3.689999999999999947e+00,1.200000000000000000e+01,-4.088270664215087891e+00,5.842647552490234375e+00,1.300077676773071289e+00,7.772445678710937500e-05,1.328806430101394653e-01,1.000000000000000000e+00
0.000000000000000000e+00,3.700000000000000000e+02,3.700000000000000178e+00,1.199132251739501953e+01,-4.098618030548095703e+00,5.835711956024169922e+00,1.300487637519836426e+00,4.876852035522460938e-04,1.328806430101394653e-01,0.000000000000000000e+00
0.000000000000000000e+00,3.710000000000000000e+02,3.709999999999999964e+00,1.200000000000000000e+01,-4.092164993286132812e+00,5.840268611907958984e+00,1.298640727996826172e+00,-1.359224319458007812e-03,1.328806430101394653e-01,1.000000000000000000e+00
0.000000000000000000e+00,3.720000000000000000e+02,3.720000000000000195e+00,1.199816513061523438e+01,-4.097609043121337891e+00,5.836681842803955078e+00,1.300117254257202148e+00,1.173019409179687500e-04,1.328806430101394653e-01,0.000000000000000000e+00
0.000000000000000000e+00,3.730000000000000000e+02,3.729999999999999982e+00,1.200000000000000000e+01,-4.096498012542724609e+00,5.837577342987060547e+00,1.299409866333007812e+00,-5.900859832763671875e-04,1.328806430101394653e-01,1.000000000000000000e+00
0.000000000000000000e+00,3.740000000000000000e+02,3.740000000000000213e+00,1.200000000000000000e+01,-4.089781761169433594e+00,5.842305183410644531e+00,1.299700498580932617e+00,-2.994537353515625000e-04,1.328806430101394653e-01,1.000000000000000000e+00
0.000000000000000000e+00,3.750000000000000000e+02,3.750000000000000000e+00,1.200000000000000000e+01,-4.090058326721191406e+00,5.842245578765869141e+00,1.300352334976196289e+00,3.523826599121093750e-04,1.328806430101394653e-01,1.000000000000000000e+00
0.000000000000000000e+00,3.760000000000000000e+02,3.760000000000000231e+00,1.199342727661132812e+01,-4.098884582519531250e+00,5.836332798004150391e+00,1.300347805023193359e+00,3.478527069091796875e-04,1.328806430101394653e-01,0.000000000000000000e+00
0.000000000000000000e+00,3.770000000000000000e+02,3.770000000000000018e+00,1.200000000000000000e+01,-4.093683242797851562e+00,5.840015888214111328e+00,1.298853993415832520e+00,-1.145958900451660156e-03,1.328806430101394653e-01,1.000000000000000000e+00
0.000000000000000000e+00,3.780000000000000000e+02,3.780000000000000249e+00,1.200000000000000000e+01,-4.093564987182617188e+00,5.840218067169189453e+00,1.299995899200439453e+00,-4.053115844726562500e-06,1.328806430101394653e-01,1.000000000000000000e+00
0.000000000000000000e+00,3.790000000000000000e+02,3.790000000000000036e+00,1.200000000000000000e+01,-4.087776184082031250e+00,5.844297885894775391e+00,1.300022959709167480e+00,2.300739288330078125e-05,1.328806430101394653e-01,1.000000000000000000e+00
0.000000000000000000e+00,3.800000000000000000e+02,3.800000000000000266e+00,1.199020576477050781e+01,-4.098920822143554688e+00,5.836788654327392578e+00,1.300575971603393555e+00,5.760192871093750000e-04,1.328590661287307739e-01,0.000000000000000000e+00
0.000000000000000000e+00,3.810000000000000000e+02,3.810000000000000053e+00,1.200000000000000000e+01,-4.091913700103759766e+00,5.841696739196777344e+00,1.298548698425292969e+00,-1.451253890991210938e-03,1.328590661287307739e-01,1.000000000000000000e+00
0.000000000000000000e+00,3.820000000000000000e+02,3.820000000000000284e+00,1.199647331237792969e+01,-4.098555088043212891e+00,5.837264060974121094e+00,1.300187230110168457e+00,1.872777938842773438e-04,1.328590661287307739e-01,0.000000000000000000e+00
0.000000000000000000e+00,3.830000000000000000e+02,3.830000000000000071e+00,1.200000000000000000e+01,-4.095801830291748047e+00,5.839256286621093750e+00,1.299213647842407227e+00,-7.863044738769531250e-04,1.328590661287307739e-01,1.000000000000000000e+00
0.000000000000000000e+00,3.840000000000000000e+02,3.839999999999999858e+00,1.200000000000000000e+01,-4.090860366821289062e+00,5.842743873596191406e+00,1.299827933311462402e+00,-1.720190048217773438e-04,1.328590661287307739e-01,1.000000000000000000e+00
0.000000000000000000e+00,3.850000000000000000e+02,3.850000000000000089e+00,1.200000000000000000e+01,-4.090582847595214844e+00,5.843038558959960938e+00,1.300309419631958008e+00,3.094673156738281250e-04,1.328590661287307739e-01,1.000000000000000000e+00
0.000000000000000000e+00,3.860000000000000000e+02,3.859999999999999876e+00,1.199358272552490234e+01,-4.099288940429687500e+00,5.837183952331542969e+00,1.300340890884399414e+00,3.409385681152343750e-04,1.328590661287307739e-01,0.000000000000000000e+00
0.000000000000000000e+00,3.870000000000000000e+02,3.870000000000000107e+00,1.200000000000000000e+01,-4.094129085540771484e+00,5.840814113616943359e+00,1.298866868019104004e+00,-1.133084297180175781e-03,1.328590661287307739e-01,1.000000000000000000e+00
0.000000000000000000e+00,3.880000000000000000e+02,3.879999999999999893e+00,1.200000000000000000e+01,-4.095918655395507812e+00,5.839687824249267578e+00,1.300006270408630371e+00,6.318092346191406250e-06,1.328590661287307739e-01,1.000000000000000000e+00
0.000000000000000000e+00,3.890000000000000000e+02,3.890000000000000124e+00,1.200000000000000000e+01,-4.099492549896240234e+00,5.837337970733642578e+00,1.299823522567749023e+00,-1.764297485351562500e-04,1.328590661287307739e-01,1.000000000000000000e+00
0.000000000000000000e+00,3.900000000000000000e+02,3.899999999999999911e+00,1.200000000000000000e+01,-4.090312004089355469e+00,5.843712806701660156e+00,1.299478530883789062e+00,-5.214214324951171875e-04,1.328590661287307739e-01,1.000000000000000000e+00
0.000000000000000000e+00,3.910000000000000000e+02,3.910000000000000142e+00,1.200000000000000000e+01,-4.090972900390625000e+00,5.843352317810058594e+00,1.300392031669616699e+00,3.920793533325195312e-04,1.328590661287307739e-01,1.000000000000000000e+00
0.000000000000000000e+00,3.920000000000000000e+02,3.919999999999999929e+00,1.199377155303955078e+01,-4.099537372589111328e+00,5.837581634521484375e+00,1.300330758094787598e+00,3.308057785034179688e-04,1.328590661287307739e-01,0.000000000000000000e+00
0.000000000000000000e+00,3.930000000000000000e+02,3.930000000000000160e+00,1.200000000000000000e+01,-4.094665527343750000e+00,5.841002464294433594e+00,1.298914909362792969e+00,-1.085042953491210938e-03,1.328590661287307739e-01,1.000000000000000000e+00
0.000000000000000000e+00,3.940000000000000000e+02,3.939999999999999947e+00,1.200000000000000000e+01,-4.093478679656982422e+00,5.841900348663330078e+00,1.299980998039245605e+00,-1.895427703857421875e-05,1.328590661287307739e-01,1.000000000000000000e+00
0.000000000000000000e+00,3.950000000000000000e+02,3.950000000000000178e+00,1.200000000000000000e+01,-4.089805603027343750e+00,5.844497680664062500e+00,1.300096631050109863e+00,9.667873382568359375e-05,1.328590661287307739e-01,1.000000000000000000e+00
0.000000000000000000e+00,3.960000000000000000e+02,3.959999999999999964e+00,1.199176216125488281e+01,-4.099810600280761719e+00,5.837734222412109375e+00,1.300463318824768066e+00,4.633665084838867188e-04,1.328590661287307739e-01,0.000000000000000000e+00
0.000000000000000000e+00,3.970000000000000000e+02,3.970000000000000195e+00,1.200000000000000000e+01,-4.093564510345458984e+00,5.842088222503662109e+00,1.298693180084228516e+00,-1.306772232055664062e-03,1.328590661287307739e-01,1.000000000000000000e+00
0.000000000000000000e+00,3.980000000000000000e+02,3.979999999999999982e+00,1.199879646301269531e+01,-4.098534107208251953e+00,5.838766574859619141e+00,1.300099134445190430e+00,9.918212890625000000e-05,1.328590661287307739e-01,0.000000000000000000e+00
0.000000000000000000e+00,3.990000000000000000e+02,3.990000000000000213e+00,1.200000000000000000e+01,-4.098151206970214844e+00,5.839105606079101562e+00,1.299499630928039551e+00,-5.003213882446289062e-04,1.328590661287307739e-01,1.000000000000000000e+00
0.000000000000000000e+00,4.000000000000000000e+02,4.000000000000000000e+00,1.200000000000000000e+01,-4.090775012969970703e+00,5.844227790832519531e+00,1.299653887748718262e+00,-3.460645675659179688e-04,1.329013556241989136e-01,1.000000000000000000e+00
0.000000000000000000e+00,4.010000000000000000e+02,4.009999999999999787e+00,1.200000000000000000e+01,-4.091219902038574219e+00,5.843997001647949219e+00,1.300375580787658691e+00,3.756284713745117188e-04,1.329013556241989136e-01,1.000000000000000000e+00
0.000000000000000000e+00,4.020000000000000000e+02,4.020000000000000462e+00,1.199360179901123047e+01,-4.099898338317871094e+00,5.838130950927734375e+00,1.300343275070190430e+00,3.433227539062500000e-04,1.329013556241989136e-01,0.000000000000000000e+00
0.000000000000000000e+00,4.030000000000000000e+02,4.030000000000000249e+00,1.200000000000000000e+01,-4.094855785369873047e+00,5.841651916503906250e+00,1.298893570899963379e+00,-1.106381416320800781e-03,1.329013556241989136e-01,1.000000000000000000e+00
0.000000000000000000e+00,4.040000000000000000e+02,4.040000000000000036e+00,1.200000000000000000e+01,-4.094438076019287109e+00,5.842006683349609375e+00,1.299993753433227539e+00,-6.198883056640625000e-06,1.329013556241989136e-01,1.000000000000000000e+00
0.000000000000000000e+00,4.050000000000000000e+02,4.049999999999999822e+00,1.200000000000000000e+01,-4.089200973510742188e+00,5.845657825469970703e+00,1.300039529800415039e+00,3.957748413085937500e-05,1.329013556241989136e-01,1.000000000000000000e+00
0.000000000000000000e+00,4.060000000000000000e+02,4.060000000000000497e+00,1.199051284790039062e+01,-4.100098609924316406e+00,5.838267326354980469e+00,1.300559401512145996e+00,5.594491958618164062e-04,1.329013556241989136e-01,0.000000000000000000e+00
0.000000000000000000e+00,4.070000000000000000e+02,4.070000000000000284e+00,1.200000000000000000e+01,-4.093197345733642578e+00,5.843053817749023438e+00,1.298584461212158203e+00,-1.415491104125976562e-03,1.329013556241989136e-01,1.000000000000000000e+00
0.000000000000000000e+00,4.080000000000000000e+02,4.080000000000000071e+00,1.199703598022460938e+01,-4.099414348602294922e+00,5.838863372802734375e+00,1.300166845321655273e+00,1.668930053710937500e-04,1.329013556241989136e-01,0.000000000000000000e+00
0.000000000000000000e+00,4.090000000000000000e+02,4.089999999999999858e+00,1.200000000000000000e+01,-4.097123622894287109e+00,5.840492725372314453e+00,1.299284577369689941e+00,-7.153749465942382812e-04,1.329013556241989136e-01,1.000000000000000000e+00
0.000000000000000000e+00,4.100000000000000000e+02,4.099999999999999645e+00,1.200000000000000000e+01,-4.091492176055908203e+00,5.844406604766845703e+00,1.299789667129516602e+00,-2.102851867675781250e-04,1.329013556241989136e-01,1.000000000000000000e+00
0.000000000000000000e+00,4.110000000000000000e+02,4.110000000000000320e+00,1.200000000000000000e+01,-4.091438293457031250e+00,5.844502925872802734e+00,1.300335288047790527e+00,3.353357315063476562e-04,1.329013556241989136e-01,1.000000000000000000e+00
0.000000000000000000e+00,4.120000000000000000e+02,4.120000000000000107e+00,1.199339103698730469e+01,-4.100260257720947266e+00,5.838524818420410156e+00,1.300358653068542480e+00,3.587007522583007812e-04,1.329013556241989136e-01,0.000000000000000000e+00
0.000000000000000000e+00,4.130000000000000000e+02,4.129999999999999893e+00,1.200000000000000000e+01,-4.094905376434326172e+00,5.842245578765869141e+00,1.298849940299987793e+00,-1.150012016296386719e-03,1.329013556241989136e-01,1.000000000000000000e+00
0.000000000000000000e+00,4.140000000000000000e+02,4.139999999999999680e+00,1.200000000000000000e+01,-4.097314834594726562e+00,5.840652942657470703e+00,1.300017237663269043e+00,1.728534698486328125e-05,1.329013556241989136e-01,1.000000000000000000e+00
0.000000000000000000e+00,4.150000000000000000e+02,4.150000000000000355e+00,1.200000000000000000e+01,-4.100379467010498047e+00,5.838610649108886719e+00,1.299796938896179199e+00,-2.030134201049804688e-04,1.329013556241989136e-01,1.000000000000000000e+00
0.000000000000000000e+00,4.160000000000000000e+02,4.160000000000000142e+00,1.200000000000000000e+01,-4.091268062591552734e+00,5.844898223876953125e+00,1.299495100975036621e+00,-5.048513412475585938e-04,1.329013556241989136e-01,1.000000000000000000e+00
0.000000000000000000e+00,4.170000000000000000e+02,4.169999999999999929e+00,1.200000000000000000e+01,-4.091684818267822266e+00,5.844665527343750000e+00,1.300377845764160156e+00,3.778934478759765625e-04,1.329013556241989136e-01,1.000000000000000000e+00
0.000000000000000000e+00,4.180000000000000000e+02,4.179999999999999716e+00,1.199359798431396484e+01,-4.100356101989746094e+00,5.838783264160156250e+00,1.300347208976745605e+00,3.472566604614257812e-04,1.329013556241989136e-01,0.000000000000000000e+00
0.000000000000000000e+00,4.190000000000000000e+02,4.190000000000000391e+00,1.200000000000000000e+01,-4.095186233520507812e+00,5.842370033264160156e+00,1.298882007598876953e+00,-1.117944717407226562e-03,1.329013556241989136e-01,1.000000000000000000e+00
0.000000000000000000e+00,4.200000000000000000e+02,4.200000000000000178e+00,1.200000000000000000e+01,-4.096468448638916016e+00,5.841541767120361328e+00,1.300002455711364746e+00,2.503395080566406250e-06,1.329229623079299927e-01,1.000000000000000000e+00
0.000000000000000000e+00,4.210000000000000000e+02,4.209999999999999964e+00,1.199941062927246094e+01,-4.100942611694335938e+00,5.838528156280517578e+00,1.299879908561706543e+00,-1.200437545776367188e-04,1.329229623079299927e-01,0.000000000000000000e+00
0.000000000000000000e+00,4.220000000000000000e+02,4.219999999999999751e+00,1.200000000000000000e+01,-4.090739250183105469e+00,5.845556259155273438e+00,1.299376487731933594e+00,-6.234645843505859375e-04,1.329229623079299927e-01,1.000000000000000000e+00
0.000000000000000000e+00,4.230000000000000000e+02,4.230000000000000426e+00,1.200000000000000000e+01,-4.091867923736572266e+00,5.844830036163330078e+00,1.300445914268493652e+00,4.459619522094726562e-04,1.329229623079299927e-01,1.000000000000000000e+00
0.000000000000000000e+00,4.240000000000000000e+02,4.240000000000000213e+00,1.199372768402099609e+01,-4.100443363189697266e+00,5.839006900787353516e+00,1.300340533256530762e+00,3.405809402465820312e-04,1.329229623079299927e-01,0.000000000000000000e+00
0.000000000000000000e+00,4.250000000000000000e+02,4.250000000000000000e+00,1.200000000000000000e+01,-4.095349311828613281e+00,5.842536449432373047e+00,1.298896551132202148e+00,-1.103401184082031250e-03,1.329229623079299927e-01,1.000000000000000000e+00
0.000000000000000000e+00,4.260000000000000000e+02,4.259999999999999787e+00,1.200000000000000000e+01,-4.094926357269287109e+00,5.842868804931640625e+00,1.299994468688964844e+00,-5.483627319335937500e-06,1.329229623079299927e-01,1.000000000000000000e+00
0.000000000000000000e+00,4.270000000000000000e+02,4.270000000000000462e+00,1.200000000000000000e+01,-4.089813232421875000e+00,5.846409320831298828e+00,1.300045371055603027e+00,4.541873931884765625e-05,1.329229623079299927e-01,1.000000000000000000e+00
0.000000000000000000e+00,4.280000000000000000e+02,4.280000000000000249e+00,1.199078083038330078e+01,-4.100508689880371094e+00,5.839131832122802734e+00,1.300544977188110352e+00,5.450248718261718750e-04,1.329229623079299927e-01,0.000000000000000000e+00
0.000000000000000000e+00,4.290000000000000000e+02,4.290000000000000036e+00,1.200000000000000000e+01,-4.093777179718017578e+00,5.843777656555175781e+00,1.298626065254211426e+00,-1.373887062072753906e-03,1.329229623079299927e-01,1.000000000000000000e+00
0.000000000000000000e+00,4.300000000000000000e+02,4.299999999999999822e+00,1.199721336364746094e+01,-4.099856853485107422e+00,5.839656829833984375e+00,1.300162792205810547e+00,1.628398895263671875e-04,1.329229623079299927e-01,0.000000000000000000e+00
0.000000000000000000e+00,4.310000000000000000e+02,4.310000000000000497e+00,1.200000000000000000e+01,-4.097598075866699219e+00,5.841240882873535156e+00,1.299297094345092773e+00,-7.028579711914062500e-04,1.329229623079299927e-01,1.000000000000000000e+00
0.000000000000000000e+00,4.320000000000000000e+02,4.320000000000000284e+00,1.200000000000000000e+01,-4.091807842254638672e+00,5.845240116119384766e+00,1.299783468246459961e+00,-2.164840698242187500e-04,1.329229623079299927e-01,1.000000000000000000e+00
0.000000000000000000e+00,4.330000000000000000e+02,4.330000000000000071e+00,1.200000000000000000e+01,-4.091869831085205078e+00,5.845234870910644531e+00,1.300350904464721680e+00,3.509521484375000000e-04,1.329229623079299927e-01,1.000000000000000000e+00
0.000000000000000000e+00,4.340000000000000000e+02,4.339999999999999858e+00,1.199354362487792969e+01,-4.100574970245361328e+00,5.839314460754394531e+00,1.300354242324829102e+00,3.542900085449218750e-04,1.329229623079299927e-01,0.000000000000000000e+00
0.000000000000000000e+00,4.350000000000000000e+02,4.350000000000000533e+00,1.200000000000000000e+01,-4.095409870147705078e+00,5.842883586883544922e+00,1.298889994621276855e+00,-1.109957695007324219e-03,1.329229623079299927e-01,1.000000000000000000e+00
0.000000000000000000e+00,4.360000000000000000e+02,4.360000000000000320e+00,1.200000000000000000e+01,-4.097528934478759766e+00,5.841468334197998047e+00,1.300013184547424316e+00,1.323223114013671875e-05,1.329229623079299927e-01,1.000000000000000000e+00
0.000000000000000000e+00,4.370000000000000000e+02,4.370000000000000107e+00,1.200000000000000000e+01,-4.100663185119628906e+00,5.839357852935791016e+00,1.299805641174316406e+00,-1.943111419677734375e-04,1.329229623079299927e-01,1.000000000000000000e+00
0.000000000000000000e+00,4.380000000000000000e+02,4.379999999999999893e+00,1.200000000000000000e+01,-4.091561317443847656e+00,5.845618247985839844e+00,1.299502730369567871e+00,-4.972219467163085938e-04,1.329229623079299927e-01,1.000000000000000000e+00
0.000000000000000000e+00,4.390000000000000000e+02,4.389999999999999680e+00,1.200000000000000000e+01,-4.092007637023925781e+00,5.845345497131347656e+00,1.300386309623718262e+00,3.863573074340820312e-04,1.329229623079299927e-01,1.000000000000000000e+00
0.000000000000000000e+00,4.400000000000000000e+02,4.400000000000000355e+00,1.199363327026367188e+01,-4.100646495819091797e+00,5.839466094970703125e+00,1.300349950790405273e+00,3.499984741210937500e-04,1.329240798950195312e-01,0.000000000000000000e+00
0.000000000000000000e+00,4.410000000000000000e+02,4.410000000000000142e+00,1.200000000000000000e+01,-4.095557212829589844e+00,5.842979431152343750e+00,1.298904299736022949e+00,-1.095652580261230469e-03,1.329240798950195312e-01,1.000000000000000000e+00
0.000000000000000000e+00,4.420000000000000000e+02,4.419999999999999929e+00,1.200000000000000000e+01,-4.095383167266845703e+00,5.843129158020019531e+00,1.299997210502624512e+00,-2.741813659667968750e-06,1.329240798950195312e-01,1.000000000000000000e+00
0.000000000000000000e+00,4.430000000000000000e+02,4.429999999999999716e+00,1.200000000000000000e+01,-4.089670181274414062e+00,5.847067832946777344e+00,1.300029754638671875e+00,2.980232238769531250e-05,1.329240798950195312e-01,1.000000000000000000e+00
0.000000000000000000e+00,4.440000000000000000e+02,4.440000000000000391e+00,1.199050807952880859e+01,-4.100560665130615234e+00,5.839644908905029297e+00,1.300570964813232422e+00,5.710124969482421875e-04,1.329240798950195312e-01,0.000000000000000000e+00
0.000000000000000000e+00,4.450000000000000000e+02,4.450000000000000178e+00,1.200000000000000000e+01,-4.093695163726806641e+00,5.844370841979980469e+00,1.298610091209411621e+00,-1.389861106872558594e-03,1.329240798950195312e-01,1.000000000000000000e+00
0.000000000000000000e+00,4.460000000000000000e+02,4.459999999999999964e+00,1.199684524536132812e+01,-4.100035667419433594e+00,5.840060234069824219e+00,1.300181269645690918e+00,1.813173294067382812e-04,1.329240798950195312e-01,0.000000000000000000e+00
0.000000000000000000e+00,4.470000000000000000e+02,4.469999999999999751e+00,1.200000000000000000e+01,-4.097636699676513672e+00,5.841728687286376953e+00,1.299284934997558594e+00,-7.150173187255859375e-04,1.329240798950195312e-01,1.000000000000000000e+00
0.000000000000000000e+00,4.480000000000000000e+02,4.480000000000000426e+00,1.200000000000000000e+01,-4.092206001281738281e+00,5.845471382141113281e+00,1.299810171127319336e+00,-1.897811889648437500e-04,1.329240798950195312e-01,1.000000000000000000e+00
0.000000000000000000e+00,4.490000000000000000e+02,4.490000000000000213e+00,1.200000000000000000e+01,-4.092188835144042969e+00,5.845509529113769531e+00,1.300348162651062012e+00,3.482103347778320312e-04,1.329240798950195312e-01,1.000000000000000000e+00
0.000000000000000000e+00,4.500000000000000000e+02,4.500000000000000000e+00,1.199359130859375000e+01,-4.100853919982910156e+00,5.839605808258056641e+00,1.300354838371276855e+00,3.548860549926757812e-04,1.329240798950195312e-01,0.000000000000000000e+00
0.000000000000000000e+00,4.510000000000000000e+02,4.509999999999999787e+00,1.200000000000000000e+01,-4.095556259155273438e+00,5.843255519866943359e+00,1.298876643180847168e+00,-1.123309135437011719e-03,1.329240798950195312e-01,1.000000000000000000e+00
0.000000000000000000e+00,4.520000000000000000e+02,4.520000000000000462e+00,1.200000000000000000e+01,-4.097967624664306641e+00,5.841629981994628906e+00,1.300019502639770508e+00,1.955032348632812500e-05,1.329240798950195312e-01,1.000000000000000000e+00
0.000000000000000000e+00,4.530000000000000000e+02,4.530000000000000249e+00,1.200000000000000000e+01,-4.100386142730712891e+00,5.839999198913574219e+00,1.299759984016418457e+00,-2.399682998657226562e-04,1.329240798950195312e-01,1.000000000000000000e+00
0.000000000000000000e+00,4.540000000000000000e+02,4.540000000000000036e+00,1.200000000000000000e+01,-4.091703891754150391e+00,5.845963001251220703e+00,1.299549221992492676e+00,-4.507303237915039062e-04,1.329240798950195312e-01,1.000000000000000000e+00
0.000000000000000000e+00,4.550000000000000000e+02,4.549999999999999822e+00,1.200000000000000000e+01,-4.092269420623779297e+00,5.845599174499511719e+00,1.300401449203491211e+00,4.014968872070312500e-04,1.329240798950195312e-01,1.000000000000000000e+00
0.000000000000000000e+00,4.560000000000000000e+02,4.560000000000000497e+00,1.199382781982421875e+01,-4.100766181945800781e+00,5.839807510375976562e+00,1.300341606140136719e+00,3.416538238525390625e-04,1.329240798950195312e-01,0.000000000000000000e+00
0.000000000000000000e+00,4.570000000000000000e+02,4.570000000000000284e+00,1.200000000000000000e+01,-4.095776081085205078e+00,5.843244075775146484e+00,1.298926472663879395e+00,-1.073479652404785156e-03,1.329240798950195312e-01,1.000000000000000000e+00
0.000000000000000000e+00,4.580000000000000000e+02,4.580000000000000071e+00,1.200000000000000000e+01,-4.094635963439941406e+00,5.844045639038085938e+00,1.299985527992248535e+00,-1.442432403564453125e-05,1.329240798950195312e-01,1.000000000000000000e+00
0.000000000000000000e+00,4.590000000000000000e+02,4.589999999999999858e+00,1.200000000000000000e+01,-4.091011524200439453e+00,5.846546649932861328e+00,1.300107955932617188e+00,1.080036163330078125e-04,1.329240798950195312e-01,1.000000000000000000e+00
0.000000000000000000e+00,4.600000000000000000e+02,4.600000000000000533e+00,1.199184513092041016e+01,-4.100931644439697266e+00,5.839779376983642578e+00,1.300474166870117188e+00,4.742145538330078125e-04,1.329460591077804565e-01,0.000000000000000000e+00
0.000000000000000000e+00,4.610000000000000000e+02,4.610000000000000320e+00,1.200000000000000000e+01,-4.094674110412597656e+00,5.844080924987792969e+00,1.298723340034484863e+00,-1.276612281799316406e-03,1.329460591077804565e-01,1.000000000000000000e+00
0.000000000000000000e+00,4.620000000000000000e+02,4.620000000000000107e+00,1.199890136718750000e+01,-4.099545001983642578e+00,5.840767860412597656e+00,1.300103425979614258e+00,1.034736633300781250e-04,1.329460591077804565e-01,0.000000000000000000e+00
0.000000000000000000e+00,4.630000000000000000e+02,4.629999999999999893e+00,1.200000000000000000e+01,-4.099401473999023438e+00,5.840885162353515625e+00,1.299543261528015137e+00,-4.566907882690429688e-04,1.329460591077804565e-01,1.000000000000000000e+00
0.000000000000000000e+00,4.640000000000000000e+02,4.639999999999999680e+00,1.200000000000000000e+01,-4.091715812683105469e+00,5.846162796020507812e+00,1.299643516540527344e+00,-3.564357757568359375e-04,1.329460591077804565e-01,1.000000000000000000e+00
0.000000000000000000e+00,4.650000000000000000e+02,4.650000000000000355e+00,1.200000000000000000e+01,-4.092518806457519531e+00,5.845632076263427734e+00,1.300426244735717773e+00,4.262924194335937500e-04,1.329460591077804565e-01,1.000000000000000000e+00
0.000000000000000000e+00,4.660000000000000000e+02,4.660000000000000142e+00,1.199404811859130859e+01,-4.100854873657226562e+00,5.839946269989013672e+00,1.300330281257629395e+00,3.303289413452148438e-04,1.329460591077804565e-01,0.000000000000000000e+00
0.000000000000000000e+00,4.670000000000000000e+02,4.669999999999999929e+00,1.200000000000000000e+01,-4.096072673797607422e+00,5.843235969543457031e+00,1.298962116241455078e+00,-1.037836074829101562e-03,1.329460591077804565e-01,1.000000000000000000e+00
0.000000000000000000e+00,4.680000000000000000e+02,4.679999999999999716e+00,1.200000000000000000e+01,-4.094491004943847656e+00,5.844335556030273438e+00,1.299977302551269531e+00,-2.264976501464843750e-05,1.329460591077804565e-01,1.000000000000000000e+00
0.000000000000000000e+00,4.690000000000000000e+02,4.690000000000000391e+00,1.200000000000000000e+01,-4.091361522674560547e+00,5.846493721008300781e+00,1.300134420394897461e+00,1.344680786132812500e-04,1.329460591077804565e-01,1.000000000000000000e+00
0.000000000000000000e+00,4.700000000000000000e+02,4.700000000000000178e+00,1.199225807189941406e+01,-4.100983142852783203e+00,5.839926719665527344e+00,1.300447225570678711e+00,4.472732543945312500e-04,1.329460591077804565e-01,0.000000000000000000e+00
0.000000000000000000e+00,4.710000000000000000e+02,4.709999999999999964e+00,1.200000000000000000e+01,-4.094923019409179688e+00,5.844089031219482422e+00,1.298760652542114258e+00,-1.239299774169921875e-03,1.329460591077804565e-01,1.000000000000000000e+00
0.000000000000000000e+00,4.720000000000000000e+02,4.719999999999999751e+00,1.199939632415771484e+01,-4.099439620971679688e+00,5.841014385223388672e+00,1.300088524818420410e+00,8.857250213623046875e-05,1.329460591077804565e-01,0.000000000000000000e+00
0.000000000000000000e+00,4.730000000000000000e+02,4.730000000000000426e+00,1.200000000000000000e+01,-4.099889755249023438e+00,5.840721607208251953e+00,1.299602866172790527e+00,-3.970861434936523438e-04,1.329460591077804565e-01,1.000000000000000000e+00
0.000000000000000000e+00,4.740000000000000000e+02,4.740000000000000213e+00,1.200000000000000000e+01,-4.091803550720214844e+00,5.846270084381103516e+00,1.299610137939453125e+00,-3.898143768310546875e-04,1.329460591077804565e-01,1.000000000000000000e+00
0.000000000000000000e+00,4.750000000000000000e+02,4.750000000000000000e+00,1.200000000000000000e+01,-4.092389583587646484e+00,5.845884323120117188e+00,1.300408005714416504e+00,4.080533981323242188e-04,1.329460591077804565e-01,1.000000000000000000e+00
0.000000000000000000e+00,4.760000000000000000e+02,4.759999999999999787e+00,1.199374389648437500e+01,-4.100942611694335938e+00,5.840046405792236328e+00,1.300350785255432129e+00,3.508329391479492188e-04,1.329460591077804565e-01,0.000000000000000000e+00
0.000000000000000000e+00,4.770000000000000000e+02,4.770000000000000462e+00,1.200000000000000000e+01,-4.095816612243652344e+00,5.843567848205566406e+00,1.298913359642028809e+00,-1.086592674255371094e-03,1.329460591077804565e-01,1.000000000000000000e+00
0.000000000000000000e+00,4.780000000000000000e+02,4.780000000000000249e+00,1.200000000000000000e+01,-4.098138809204101562e+00,5.841992855072021484e+00,1.300019025802612305e+00,1.907348632812500000e-05,1.329460591077804565e-01,1.000000000000000000e+00
0.000000000000000000e+00,4.790000000000000000e+02,4.790000000000000036e+00,1.200000000000000000e+01,-4.100914478302001953e+00,5.840107440948486328e+00,1.299789428710937500e+00,-2.105236053466796875e-04,1.329460591077804565e-01,1.000000000000000000e+00
0.000000000000000000e+00,4.800000000000000000e+02,4.799999999999999822e+00,1.200000000000000000e+01,-4.091844081878662109e+00,5.846326828002929688e+00,1.299517154693603516e+00,-4.827976226806640625e-04,1.328964680433273315e-01,1.000000000000000000e+00
0.000000000000000000e+00,4.810000000000000000e+02,4.810000000000000497e+00,1.200000000000000000e+01,-4.092342853546142578e+00,5.845998764038085938e+00,1.300401210784912109e+00,4.012584686279296875e-04,1.328964680433273315e-01,1.000000000000000000e+00
0.000000000000000000e+00,4.820000000000000000e+02,4.820000000000000284e+00,1.199359512329101562e+01,-4.101002216339111328e+00,5.840086460113525391e+00,1.300361275672912598e+00,3.613233566284179688e-04,1.328964680433273315e-01,0.000000000000000000e+00
0.000000000000000000e+00,4.830000000000000000e+02,4.830000000000000071e+00,1.200000000000000000e+01,-4.095815181732177734e+00,5.843647956848144531e+00,1.298905968666076660e+00,-1.093983650207519531e-03,1.328964680433273315e-01,1.000000000000000000e+00
0.000000000000000000e+00,4.840000000000000000e+02,4.839999999999999858e+00,1.200000000000000000e+01,-4.097539424896240234e+00,5.842480182647705078e+00,1.300009012222290039e+00,9.059906005859375000e-06,1.328964680433273315e-01,1.000000000000000000e+00
0.000000000000000000e+00,4.850000000000000000e+02,4.850000000000000533e+00,1.200000000000000000e+01,-4.101121425628662109e+00,5.840041637420654297e+00,1.299840688705444336e+00,-1.592636108398437500e-04,1.328964680433273315e-01,1.000000000000000000e+00
0.000000000000000000e+00,4.860000000000000000e+02,4.860000000000000320e+00,1.200000000000000000e+01,-4.091772556304931641e+00,5.846449851989746094e+00,1.299489974975585938e+00,-5.099773406982421875e-04,1.328964680433273315e-01,1.000000000000000000e+00
0.000000000000000000e+00,4.870000000000000000e+02,4.870000000000000107e+00,1.200000000000000000e+01,-4.092381954193115234e+00,5.846044540405273438e+00,1.300412774085998535e+00,4.128217697143554688e-04,1.328964680433273315e-01,1.000000000000000000e+00
0.000000000000000000e+00,4.880000000000000000e+02,4.879999999999999893e+00,1.199365425109863281e+01,-4.100998401641845703e+00,5.840159893035888672e+00,1.300358772277832031e+00,3.588199615478515625e-04,1.328964680433273315e-01,0.000000000000000000e+00
0.000000000000000000e+00,4.890000000000000000e+02,4.889999999999999680e+00,1.200000000000000000e+01,-4.095851898193359375e+00,5.843692302703857422e+00,1.298914432525634766e+00,-1.085519790649414062e-03,1.328964680433273315e-01,1.000000000000000000e+00
0.000000000000000000e+00,4.900000000000000000e+02,4.900000000000000355e+00,1.200000000000000000e+01,-4.097744941711425781e+00,5.842407703399658203e+00,1.300011754035949707e+00,1.180171966552734375e-05,1.328964680433273315e-01,1.000000000000000000e+00
0.000000000000000000e+00,4.910000000000000000e+02,4.910000000000000142e+00,1.200000000000000000e+01,-4.101176261901855469e+00,5.840070724487304688e+00,1.299832701683044434e+00,-1.672506332397460938e-04,1.328964680433273315e-01,1.000000000000000000e+00
0.000000000000000000e+00,4.920000000000000000e+02,4.919999999999999929e+00,1.200000000000000000e+01,-4.091863155364990234e+00,5.846453189849853516e+00,1.299495220184326172e+00,-5.047321319580078125e-04,1.328964680433273315e-01,1.000000000000000000e+00
0.000000000000000000e+00,4.930000000000000000e+02,4.929999999999999716e+00,1.200000000000000000e+01,-4.092470169067382812e+00,5.846048355102539062e+00,1.300413966178894043e+00,4.140138626098632812e-04,1.328964680433273315e-01,1.000000000000000000e+00
0.000000000000000000e+00,4.940000000000000000e+02,4.940000000000000391e+00,1.199368476867675781e+01,-4.101063728332519531e+00,5.840178012847900391e+00,1.300358057022094727e+00,3.581047058105468750e-04,1.328964680433273315e-01,0.000000000000000000e+00
0.000000000000000000e+00,4.950000000000000000e+02,4.950000000000000178e+00,1.200000000000000000e+01,-4.095884799957275391e+00,5.843731403350830078e+00,1.298911690711975098e+00,-1.088261604309082031e-03,1.328964680433273315e-01,1.000000000000000000e+00
0.000000000000000000e+00,4.960000000000000000e+02,4.959999999999999964e+00,1.200000000000000000e+01,-4.097367286682128906e+00,5.842726230621337891e+00,1.300006270408630371e+00,6.318092346191406250e-06,1.328964680433273315e-01,1.000000000000000000e+00
0.000000000000000000e+00,4.970000000000000000e+02,4.969999999999999751e+00,1.199964046478271484e+01,-4.101660251617431641e+00,5.839797973632812500e+00,1.299880981445312500e+00,-1.189708709716796875e-04,1.328964680433273315e-01,0.000000000000000000e+00
0.000000000000000000e+00,4.980000000000000000e+02,4.980000000000000426e+00,1.200000000000000000e+01,-4.091667175292968750e+00,5.846644401550292969e+00,1.299423456192016602e+00,-5.764961242675781250e-04,1.328964680433273315e-01,1.000000000000000000e+00
0.000000000000000000e+00,4.990000000000000000e+02,4.990000000000000213e+00,1.200000000000000000e+01,-4.092447280883789062e+00,5.846119880676269531e+00,1.300431609153747559e+00,4.316568374633789062e-04,1.328964680433273315e-01,1.000000000000000000e+00
0.000000000000000000e+00,5.000000000000000000e+02,5.000000000000000000e+00,1.199380493164062500e+01,-4.100956439971923828e+00,5.840306282043457031e+00,1.300351858139038086e+00,3.519058227539062500e-04,1.329155713319778442e-01,0.000000000000000000e+00
0.000000000000000000e+00,5.010000000000000000e+02,5.009999999999999787e+00,1.200000000000000000e+01,-4.095938682556152344e+00,5.843748092651367188e+00,1.298938393592834473e+00,-1.061558723449707031e-03,1.329155713319778442e-01,1.000000000000000000e+00
0.000000000000000000e+00,5.020000000000000000e+02,5.020000000000000462e+00,1.200000000000000000e+01,-4.096973419189453125e+00,5.843048572540283203e+00,1.300002217292785645e+00,2.264976501464843750e-06,1.329155713319778442e-01,1.000000000000000000e+00
0.000000000000000000e+00,5.030000000000000000e+02,5.030000000000000249e+00,1.199861431121826172e+01,-4.101997375488281250e+00,5.839619159698486328e+00,1.299915552139282227e+00,-8.440017700195312500e-05,1.329155713319778442e-01,0.000000000000000000e+00
0.000000000000000000e+00,5.040000000000000000e+02,5.040000000000000036e+00,1.200000000000000000e+01,-4.090905666351318359e+00,5.847216129302978516e+00,1.299295186996459961e+00,-7.047653198242187500e-04,1.329155713319778442e-01,1.000000000000000000e+00
0.000000000000000000e+00,5.050000000000000000e+02,5.049999999999999822e+00,1.200000000000000000e+01,-4.092442512512207031e+00,5.846172332763671875e+00,1.300508379936218262e+00,5.084276199340820312e-04,1.329155713319778442e-01,1.000000000000000000e+00
0.000000000000000000e+00,5.060000000000000000e+02,5.060000000000000497e+00,1.199369716644287109e+01,-4.101027488708496094e+00,5.840305805206298828e+00,1.300359725952148438e+00,3.597736358642578125e-04,1.329155713319778442e-01,0.000000000000000000e+00
0.000000000000000000e+00,5.070000000000000000e+02,5.070000000000000284e+00,1.200000000000000000e+01,-4.095903873443603516e+00,5.843818664550781250e+00,1.298924326896667480e+00,-1.075625419616699219e-03,1.329155713319778442e-01,1.000000000000000000e+00
0.000000000000000000e+00,5.080000000000000000e+02,5.080000000000000071e+00,1.200000000000000000e+01,-4.098083972930908203e+00,5.842334270477294922e+00,1.300017595291137695e+00,1.764297485351562500e-05,1.329155713319778442e-01,1.000000000000000000e+00
0.000000000000000000e+00,5.090000000000000000e+02,5.089999999999999858e+00,1.200000000000000000e+01,-4.101192951202392578e+00,5.840214252471923828e+00,1.299815654754638672e+00,-1.842975616455078125e-04,1.329155713319778442e-01,1.000000000000000000e+00
0.000000000000000000e+00,5.100000000000000000e+02,5.100000000000000533e+00,1.200000000000000000e+01,-4.091935634613037109e+00,5.846555233001708984e+00,1.299505352973937988e+00,-4.945993423461914062e-04,1.329155713319778442e-01,1.000000000000000000e+00
0.000000000000000000e+00,5.110000000000000000e+02,5.110000000000000320e+00,1.200000000000000000e+01,-4.092404365539550781e+00,5.846241474151611328e+00,1.300404906272888184e+00,4.049539566040039062e-04,1.329155713319778442e-01,1.000000000000000000e+00
0.000000000000000000e+00,5.120000000000000000e+02,5.120000000000000107e+00,1.199381351470947266e+01,-4.100908279418945312e+00,5.840429306030273438e+00,1.300353765487670898e+00,3.538131713867187500e-04,1.329155713319778442e-01,0.000000000000000000e+00
0.000000000000000000e+00,5.130000000000000000e+02,5.129999999999999893e+00,1.200000000000000000e+01,-4.095894813537597656e+00,5.843866348266601562e+00,1.298943042755126953e+00,-1.056909561157226562e-03,1.329155713319778442e-01,1.000000000000000000e+00
0.000000000000000000e+00,5.140000000000000000e+02,5.139999999999999680e+00,1.200000000000000000e+01,-4.098174095153808594e+00,5.842313289642333984e+00,1.300019860267639160e+00,1.990795135498046875e-05,1.329155713319778442e-01,1.000000000000000000e+00
0.000000000000000000e+00,5.150000000000000000e+02,5.150000000000000355e+00,1.200000000000000000e+01,-4.101015567779541016e+00,5.840375423431396484e+00,1.299799323081970215e+00,-2.006292343139648438e-04,1.329155713319778442e-01,1.000000000000000000e+00
0.000000000000000000e+00,5.160000000000000000e+02,5.160000000000000142e+00,1.200000000000000000e+01,-4.091980457305908203e+00,5.846563339233398438e+00,1.299529194831848145e+00,-4.707574844360351562e-04,1.329155713319778442e-01,1.000000000000000000e+00
0.000000000000000000e+00,5.170000000000000000e+02,5.169999999999999929e+00,1.200000000000000000e+01,-4.092440128326416016e+00,5.846254825592041016e+00,1.300405383110046387e+00,4.054307937622070312e-04,1.329155713319778442e-01,1.000000000000000000e+00
0.000000000000000000e+00,5.180000000000000000e+02,5.179999999999999716e+00,1.199367427825927734e+01,-4.101041793823242188e+00,5.840374946594238281e+00,1.300363540649414062e+00,3.635883331298828125e-04,1.329155713319778442e-01,0.000000000000000000e+00
0.000000000000000000e+00,5.190000000000000000e+02,5.190000000000000391e+00,1.200000000000000000e+01,-4.095849990844726562e+00,5.843932628631591797e+00,1.298918008804321289e+00,-1.081943511962890625e-03,1.329155713319778442e-01,1.000000000000000000e+00
0.000000000000000000e+00,5.200000000000000000e+02,5.200000000000000178e+00,1.200000000000000000e+01,-4.098948001861572266e+00,5.841818809509277344e+00,1.300040841102600098e+00,4.088878631591796875e-05,1.328766793012619019e-01,1.000000000000000000e+00
0.000000000000000000e+00,5.210000000000000000e+02,5.209999999999999964e+00,1.200000000000000000e+01,-4.100930213928222656e+00,5.840467929840087891e+00,1.299740433692932129e+00,-2.595186233520507812e-04,1.328766793012619019e-01,1.000000000000000000e+00
0.000000000000000000e+00,5.220000000000000000e+02,5.219999999999999751e+00,1.200000000000000000e+01,-4.091945171356201172e+00,5.846621036529541016e+00,1.299535512924194336e+00,-4.644393920898437500e-04,1.328766793012619019e-01,1.000000000000000000e+00
0.000000000000000000e+00,5.230000000000000000e+02,5.230000000000000426e+00,1.200000000000000000e+01,-4.092456340789794922e+00,5.846276760101318359e+00,1.300411462783813477e+00,4.115104675292968750e-04,1.328766793012619019e-01,1.000000000000000000e+00
0.000000000000000000e+00,5.240000000000000000e+02,5.240000000000000213e+00,1.199373531341552734e+01,-4.101014614105224609e+00,5.840425968170166016e+00,1.300360918045043945e+00,3.609657287597656250e-04,1.328766793012619019e-01,0.000000000000000000e+00
0.000000000000000000e+00,5.250000000000000000e+02,5.250000000000000000e+00,1.200000000000000000e+01,-4.095943927764892578e+00,5.843900680541992188e+00,1.298938512802124023e+00,-1.061439514160156250e-03,1.328766793012619019e-01,1.000000000000000000e+00
0.000000000000000000e+00,5.260000000000000000e+02,5.259999999999999787e+00,1.200000000000000000e+01,-4.098582267761230469e+00,5.842100620269775391e+00,1.300028681755065918e+00,2.872943878173828125e-05,1.328766793012619019e-01,1.000000000000000000e+00
0.000000000000000000e+00,5.270000000000000000e+02,5.270000000000000462e+00,1.200000000000000000e+01,-4.100703239440917969e+00,5.840653896331787109e+00,1.299751400947570801e+00,-2.485513687133789062e-04,1.328766793012619019e-01,1.000000000000000000e+00
0.000000000000000000e+00,5.280000000000000000e+02,5.280000000000000249e+00,1.200000000000000000e+01,-4.091815948486328125e+00,5.846739292144775391e+00,1.299546360969543457e+00,-4.535913467407226562e-04,1.328766793012619019e-01,1.000000000000000000e+00
0.000000000000000000e+00,5.290000000000000000e+02,5.290000000000000036e+00,1.200000000000000000e+01,-4.092437267303466797e+00,5.846318721771240234e+00,1.300423026084899902e+00,4.230737686157226562e-04,1.328766793012619019e-01,1.000000000000000000e+00
0.000000000000000000e+00,5.300000000000000000e+02,5.299999999999999822e+00,1.199364757537841797e+01,-4.101057529449462891e+00,5.840425014495849609e+00,1.300367593765258789e+00,3.676414489746093750e-04,1.328766793012619019e-01,0.000000000000000000e+00
0.000000000000000000e+00,5.310000000000000000e+02,5.310000000000000497e+00,1.200000000000000000e+01,-4.095871925354003906e+00,5.843977451324462891e+00,1.298923015594482422e+00,-1.076936721801757812e-03,1.328766793012619019e-01,1.000000000000000000e+00
0.000000000000000000e+00,5.320000000000000000e+02,5.320000000000000284e+00,1.200000000000000000e+01,-4.098655223846435547e+00,5.842077732086181641e+00,1.300032734870910645e+00,3.278255462646484375e-05,1.328766793012619019e-01,1.000000000000000000e+00
0.000000000000000000e+00,5.330000000000000000e+02,5.330000000000000071e+00,1.200000000000000000e+01,-4.100978851318359375e+00,5.840492248535156250e+00,1.299767017364501953e+00,-2.329349517822265625e-04,1.328766793012619019e-01,1.000000000000000000e+00
0.000000000000000000e+00,5.340000000000000000e+02,5.339999999999999858e+00,1.200000000000000000e+01,-4.091912269592285156e+00,5.846699714660644531e+00,1.299530029296875000e+00,-4.699230194091796875e-04,1.328766793012619019e-01,1.000000000000000000e+00
0.000000000000000000e+00,5.350000000000000000e+02,5.350000000000000533e+00,1.200000000000000000e+01,-4.092483043670654297e+00,5.846313476562500000e+00,1.300419569015502930e+00,4.196166992187500000e-04,1.328766793012619019e-01,1.000000000000000000e+00
0.000000000000000000e+00,5.360000000000000000e+02,5.360000000000000320e+00,1.199380779266357422e+01,-4.100989818572998047e+00,5.840496540069580078e+00,1.300358772277832031e+00,3.588199615478515625e-04,1.328766793012619019e-01,0.000000000000000000e+00
0.000000000000000000e+00,5.370000000000000000e+02,5.370000000000000107e+00,1.200000000000000000e+01,-4.095847129821777344e+00,5.844018936157226562e+00,1.298931717872619629e+00,-1.068234443664550781e-03,1.328766793012619019e-01,1.000000000000000000e+00
0.000000000000000000e+00,5.380000000000000000e+02,5.379999999999999893e+00,1.200000000000000000e+01,-4.098785877227783203e+00,5.842011928558349609e+00,1.300037384033203125e+00,3.743171691894531250e-05,1.328766793012619019e-01,1.000000000000000000e+00
0.000000000000000000e+00,5.390000000000000000e+02,5.389999999999999680e+00,1.200000000000000000e+01,-4.100827693939208984e+00,5.840618610382080078e+00,1.299747705459594727e+00,-2.522468566894531250e-04,1.328766793012619019e-01,1.000000000000000000e+00
0.000000000000000000e+00,5.400000000000000000e+02,5.400000000000000355e+00,1.200000000000000000e+01,-4.091837406158447266e+00,5.846773624420166016e+00,1.299538850784301758e+00,-4.611015319824218750e-04,1.328439712524414062e-01,1.000000000000000000e+00
0.000000000000000000e+00,5.410000000000000000e+02,5.410000000000000142e+00,1.200000000000000000e+01,-4.092476844787597656e+00,5.846340179443359375e+00,1.300427317619323730e+00,4.273653030395507812e-04,1.328439712524414062e-01,1.000000000000000000e+00
0.000000000000000000e+00,5.420000000000000000e+02,5.419999999999999929e+00,1.199374580383300781e+01,-4.101027488708496094e+00,5.840493202209472656e+00,1.300363779067993164e+00,3.638267517089843750e-04,1.328439712524414062e-01,0.000000000000000000e+00
0.000000000000000000e+00,5.430000000000000000e+02,5.429999999999999716e+00,1.200000000000000000e+01,-4.095784187316894531e+00,5.844084262847900391e+00,1.298918366432189941e+00,-1.081585884094238281e-03,1.328439712524414062e-01,1.000000000000000000e+00
0.000000000000000000e+00,5.440000000000000000e+02,5.440000000000000391e+00,1.200000000000000000e+01,-4.099060058593750000e+00,5.841845989227294922e+00,1.300047993659973145e+00,4.804134368896484375e-05,1.328439712524414062e-01,1.000000000000000000e+00
0.000000000000000000e+00,5.450000000000000000e+02,5.450000000000000178e+00,1.200000000000000000e+01,-4.100757598876953125e+00,5.840687751770019531e+00,1.299722909927368164e+00,-2.770423889160156250e-04,1.328439712524414062e-01,1.000000000000000000e+00
0.000000000000000000e+00,5.460000000000000000e+02,5.459999999999999964e+00,1.200000000000000000e+01,-4.091910839080810547e+00,5.846744060516357422e+00,1.299554347991943359e+00,-4.456043243408203125e-04,1.328439712524414062e-01,1.000000000000000000e+00
0.000000000000000000e+00,5.470000000000000000e+02,5.469999999999999751e+00,1.200000000000000000e+01,-4.092499732971191406e+00,5.846344470977783203e+00,1.300423860549926758e+00,4.239082336425781250e-04,1.328439712524414062e-01,1.000000000000000000e+00
0.000000000000000000e+00,5.480000000000000000e+02,5.480000000000000426e+00,1.199378013610839844e+01,-4.101025581359863281e+00,5.840513706207275391e+00,1.300362825393676758e+00,3.628730773925781250e-04,1.328439712524414062e-01,0.000000000000000000e+00
0.000000000000000000e+00,5.490000000000000000e+02,5.490000000000000213e+00,1.200000000000000000e+01,-4.095819473266601562e+00,5.844079017639160156e+00,1.298926115036010742e+00,-1.073837280273437500e-03,1.328439712524414062e-01,1.000000000000000000e+00
0.000000000000000000e+00,5.500000000000000000e+02,5.500000000000000000e+00,1.200000000000000000e+01,-4.098420619964599609e+00,5.842302322387695312e+00,1.300029039382934570e+00,2.908706665039062500e-05,1.328439712524414062e-01,1.000000000000000000e+00
0.000000000000000000e+00,5.510000000000000000e+02,5.509999999999999787e+00,1.200000000000000000e+01,-4.100677013397216797e+00,5.840761184692382812e+00,1.299764871597290039e+00,-2.350807189941406250e-04,1.328439712524414062e-01,1.000000000000000000e+00
0.000000000000000000e+00,5.520000000000000000e+02,5.520000000000000462e+00,1.200000000000000000e+01,-4.091874122619628906e+00,5.846786975860595703e+00,1.299559831619262695e+00,-4.401206970214843750e-04,1.328439712524414062e-01,1.000000000000000000e+00
0.000000000000000000e+00,5.530000000000000000e+02,5.530000000000000249e+00,1.200000000000000000e+01,-4.092490673065185547e+00,5.846368312835693359e+00,1.300427675247192383e+00,4.277229309082031250e-04,1.328439712524414062e-01,1.000000000000000000e+00
0.000000000000000000e+00,5.540000000000000000e+02,5.540000000000000036e+00,1.199374103546142578e+01,-4.101044178009033203e+00,5.840517997741699219e+00,1.300366401672363281e+00,3.664493560791015625e-04,1.328439712524414062e-01,0.000000000000000000e+00
0.000000000000000000e+00,5.550000000000000000e+02,5.549999999999999822e+00,1.200000000000000000e+01,-4.095948696136474609e+00,5.844007015228271484e+00,1.298944830894470215e+00,-1.055121421813964844e-03,1.328439712524414062e-01,1.000000000000000000e+00
0.000000000000000000e+00,5.560000000000000000e+02,5.560000000000000497e+00,1.200000000000000000e+01,-4.098383426666259766e+00,5.842343807220458984e+00,1.300025343894958496e+00,2.539157867431640625e-05,1.328439712524414062e-01,1.000000000000000000e+00
0.000000000000000000e+00,5.570000000000000000e+02,5.570000000000000284e+00,1.200000000000000000e+01,-4.100999355316162109e+00,5.840556621551513672e+00,1.299790620803833008e+00,-2.093315124511718750e-04,1.328439712524414062e-01,1.000000000000000000e+00
0.000000000000000000e+00,5.580000000000000000e+02,5.580000000000000071e+00,1.200000000000000000e+01,-4.091996669769287109e+00,5.846718788146972656e+00,1.299541711807250977e+00,-4.582405090332031250e-04,1.328439712524414062e-01,1.000000000000000000e+00
0.000000000000000000e+00,5.590000000000000000e+02,5.589999999999999858e+00,1.200000000000000000e+01,-4.092530727386474609e+00,5.846355915069580078e+00,1.300421118736267090e+00,4.211664199829101562e-04,1.328439712524414062e-01,1.000000000000000000e+00
0.000000000000000000e+00,5.600000000000000000e+02,5.600000000000000533e+00,1.199406433105468750e+01,-4.100854873657226562e+00,5.840662479400634766e+00,1.300347447395324707e+00,3.474950790405273438e-04,1.329505890607833862e-01,0.000000000000000000e+00
0.000000000000000000e+00,5.610000000000000000e+02,5.610000000000000320e+00,1.200000000000000000e+01,-4.096014022827148438e+00,5.843976974487304688e+00,1.298985004425048828e+00,-1.014947891235351562e-03,1.329505890607833862e-01,1.000000000000000000e+00
0.000000000000000000e+00,5.620000000000000000e+02,5.620000000000000107e+00,1.200000000000000000e+01,-4.098134517669677734e+00,5.842528820037841797e+00,1.300018787384033203e+00,1.883506774902343750e-05,1.329505890607833862e-01,1.000000000000000000e+00
0.000000000000000000e+00,5.630000000000000000e+02,5.629999999999999893e+00,1.200000000000000000e+01,-4.101083278656005859e+00,5.840513706207275391e+00,1.299813032150268555e+00,-1.869201660156250000e-04,1.329505890607833862e-01,1.000000000000000000e+00
0.000000000000000000e+00,5.640000000000000000e+02,5.639999999999999680e+00,1.200000000000000000e+01,-4.091845989227294922e+00,5.846836090087890625e+00,1.299519419670104980e+00,-4.805326461791992188e-04,1.329505890607833862e-01,1.000000000000000000e+00
0.000000000000000000e+00,5.650000000000000000e+02,5.650000000000000355e+00,1.200000000000000000e+01,-4.092454433441162109e+00,5.846421718597412109e+00,1.300429344177246094e+00,4.293918609619140625e-04,1.329505890607833862e-01,1.000000000000000000e+00
0.000000000000000000e+00,5.660000000000000000e+02,5.660000000000000142e+00,1.199388504028320312e+01,-4.100906372070312500e+00,5.840640544891357422e+00,1.300359606742858887e+00,3.596544265747070312e-04,1.329505890607833862e-01,0.000000000000000000e+00
0.000000000000000000e+00,5.670000000000000000e+02,5.669999999999999929e+00,1.200000000000000000e+01,-4.095904827117919922e+00,5.844064712524414062e+00,1.298962712287902832e+00,-1.037240028381347656e-03,1.329505890607833862e-01,1.000000000000000000e+00
0.000000000000000000e+00,5.680000000000000000e+02,5.679999999999999716e+00,1.200000000000000000e+01,-4.098587512969970703e+00,5.842231273651123047e+00,1.300032138824462891e+00,3.218650817871093750e-05,1.329505890607833862e-01,1.000000000000000000e+00
0.000000000000000000e+00,5.690000000000000000e+02,5.690000000000000391e+00,1.200000000000000000e+01,-4.100729465484619141e+00,5.840767860412597656e+00,1.299759507179260254e+00,-2.404451370239257812e-04,1.329505890607833862e-01,1.000000000000000000e+00
0.000000000000000000e+00,5.700000000000000000e+02,5.700000000000000178e+00,1.200000000000000000e+01,-4.091879844665527344e+00,5.846825122833251953e+00,1.299558997154235840e+00,-4.409551620483398438e-04,1.329505890607833862e-01,1.000000000000000000e+00
0.000000000000000000e+00,5.710000000000000000e+02,5.709999999999999964e+00,1.200000000000000000e+01,-4.092443466186523438e+00,5.846441745758056641e+00,1.300426244735717773e+00,4.262924194335937500e-04,1.329505890607833862e-01,1.000000000000000000e+00
0.000000000000000000e+00,5.720000000000000000e+02,5.719999999999999751e+00,1.199386119842529297e+01,-4.100912570953369141e+00,5.840648651123046875e+00,1.300362229347229004e+00,3.622770309448242188e-04,1.329505890607833862e-01,0.000000000000000000e+00
0.000000000000000000e+00,5.730000000000000000e+02,5.730000000000000426e+00,1.200000000000000000e+01,-4.095816135406494141e+00,5.844137191772460938e+00,1.298950314521789551e+00,-1.049637794494628906e-03,1.329505890607833862e-01,1.000000000000000000e+00
0.000000000000000000e+00,5.740000000000000000e+02,5.740000000000000213e+00,1.200000000000000000e+01,-4.098968505859375000e+00,5.841981887817382812e+00,1.300046086311340332e+00,4.613399505615234375e-05,1.329505890607833862e-01,1.000000000000000000e+00
0.000000000000000000e+00,5.750000000000000000e+02,5.750000000000000000e+00,1.200000000000000000e+01,-4.100707530975341797e+00,5.840793609619140625e+00,1.299730896949768066e+00,-2.690553665161132812e-04,1.329505890607833862e-01,1.000000000000000000e+00
0.000000000000000000e+00,5.760000000000000000e+02,5.759999999999999787e+00,1.200000000000000000e+01,-4.091847896575927734e+00,5.846857070922851562e+00,1.299559235572814941e+00,-4.407167434692382812e-04,1.329505890607833862e-01,1.000000000000000000e+00
0.000000000000000000e+00,5.770000000000000000e+02,5.770000000000000462e+00,1.200000000000000000e+01,-4.092534542083740234e+00,5.846388816833496094e+00,1.300439357757568359e+00,4.394054412841796875e-04,1.329505890607833862e-01,1.000000000000000000e+00
0.000000000000000000e+00,5.780000000000000000e+02,5.780000000000000249e+00,1.199386596679687500e+01,-4.100998401641845703e+00,5.840599060058593750e+00,1.300362944602966309e+00,3.629922866821289062e-04,1.329505890607833862e-01,0.000000000000000000e+00
0.000000000000000000e+00,5.790000000000000000e+02,5.790000000000000036e+00,1.200000000000000000e+01,-4.095902919769287109e+00,5.844087123870849609e+00,1.298952460289001465e+00,-1.047492027282714844e-03,1.329505890607833862e-01,1.000000000000000000e+00
0.000000000000000000e+00,5.800000000000000000e+02,5.799999999999999822e+00,1.200000000000000000e+01,-4.098789691925048828e+00,5.842113494873046875e+00,1.300038456916809082e+00,3.850460052490234375e-05,1.328391283750534058e-01,1.000000000000000000e+00
0.000000000000000000e+00,5.810000000000000000e+02,5.810000000000000497e+00,1.200000000000000000e+01,-4.100932598114013672e+00,5.840648651123046875e+00,1.299761533737182617e+00,-2.384185791015625000e-04,1.328391283750534058e-01,1.000000000000000000e+00
0.000000000000000000e+00,5.820000000000000000e+02,5.820000000000000284e+00,1.200000000000000000e+01,-4.091892719268798828e+00,5.846835136413574219e+00,1.299542903900146484e+00,-4.570484161376953125e-04,1.328391283750534058e-01,1.000000000000000000e+00
0.000000000000000000e+00,5.830000000000000000e+02,5.830000000000000071e+00,1.200000000000000000e+01,-4.092482089996337891e+00,5.846433162689208984e+00,1.300431132316589355e+00,4.311800003051757812e-04,1.328391283750534058e-01,1.000000000000000000e+00
0.000000000000000000e+00,5.840000000000000000e+02,5.839999999999999858e+00,1.199378108978271484e+01,-4.101007938385009766e+00,5.840600967407226562e+00,1.300369501113891602e+00,3.695487976074218750e-04,1.328391283750534058e-01,0.000000000000000000e+00
0.000000000000000000e+00,5.850000000000000000e+02,5.850000000000000533e+00,1.200000000000000000e+01,-4.095829010009765625e+00,5.844145774841308594e+00,1.298941612243652344e+00,-1.058340072631835938e-03,1.328391283750534058e-01,1.000000000000000000e+00
0.000000000000000000e+00,5.860000000000000000e+02,5.860000000000000320e+00,1.200000000000000000e+01,-4.098546504974365234e+00,5.842287540435791016e+00,1.300034046173095703e+00,3.409385681152343750e-05,1.328391283750534058e-01,1.000000000000000000e+00
0.000000000000000000e+00,5.870000000000000000e+02,5.870000000000000107e+00,1.200000000000000000e+01,-4.100763320922851562e+00,5.840772151947021484e+00,1.299767494201660156e+00,-2.324581146240234375e-04,1.328391283750534058e-01,1.000000000000000000e+00
0.000000000000000000e+00,5.880000000000000000e+02,5.879999999999999893e+00,1.200000000000000000e+01,-4.091846942901611328e+00,5.846874237060546875e+00,1.299556136131286621e+00,-4.438161849975585938e-04,1.328391283750534058e-01,1.000000000000000000e+00
0.000000000000000000e+00,5.890000000000000000e+02,5.889999999999999680e+00,1.200000000000000000e+01,-4.092324256896972656e+00,5.846549510955810547e+00,1.300421476364135742e+00,4.215240478515625000e-04,1.328391283750534058e-01,1.000000000000000000e+00
0.000000000000000000e+00,5.900000000000000000e+02,5.900000000000000355e+00,1.199384212493896484e+01,-4.100810527801513672e+00,5.840744018554687500e+00,1.300366878509521484e+00,3.669261932373046875e-04,1.328391283750534058e-01,0.000000000000000000e+00
0.000000000000000000e+00,5.910000000000000000e+02,5.910000000000000142e+00,1.200000000000000000e+01,-4.095825672149658203e+00,5.844155788421630859e+00,1.298972368240356445e+00,-1.027584075927734375e-03,1.328391283750534058e-01,1.000000000000000000e+00
0.000000000000000000e+00,5.920000000000000000e+02,5.919999999999999929e+00,1.200000000000000000e+01,-4.099037647247314453e+00,5.841959476470947266e+00,1.300049185752868652e+00,4.923343658447265625e-05,1.328391283750534058e-01,1.000000000000000000e+00
0.000000000000000000e+00,5.930000000000000000e+02,5.929999999999999716e+00,1.200000000000000000e+01,-4.100630283355712891e+00,5.840870857238769531e+00,1.299722552299499512e+00,-2.774000167846679688e-04,1.328391283750534058e-01,1.000000000000000000e+00
0.000000000000000000e+00,5.940000000000000000e+02,5.940000000000000391e+00,1.200000000000000000e+01,-4.091758251190185547e+00,5.846942424774169922e+00,1.299561500549316406e+00,-4.384517669677734375e-04,1.328391283750534058e-01,1.000000000000000000e+00
0.000000000000000000e+00,5.950000000000000000e+02,5.950000000000000178e+00,1.200000000000000000e+01,-4.092308521270751953e+00,5.846567153930664062e+00,1.300429582595825195e+00,4.296302795410156250e-04,1.328391283750534058e-01,1.000000000000000000e+00
0.000000000000000000e+00,5.960000000000000000e+02,5.959999999999999964e+00,1.199367332458496094e+01,-4.100914001464843750e+00,5.840680122375488281e+00,1.300378680229187012e+00,3.787279129028320312e-04,1.328391283750534058e-01,0.000000000000000000e+00
0.000000000000000000e+00,5.970000000000000000e+02,5.969999999999999751e+00,1.200000000000000000e+01,-4.095756053924560547e+00,5.844210147857666016e+00,1.298948168754577637e+00,-1.051783561706542969e-03,1.328391283750534058e-01,1.000000000000000000e+00
0.000000000000000000e+00,5.980000000000000000e+02,5.980000000000000426e+00,1.200000000000000000e+01,-4.098821640014648438e+00,5.842113494873046875e+00,1.300044894218444824e+00,4.494190216064453125e-05,1.328391283750534058e-01,1.000000000000000000e+00
0.000000000000000000e+00,5.990000000000000000e+02,5.990000000000000213e+00,1.200000000000000000e+01,-4.100780963897705078e+00,5.840774059295654297e+00,1.299750924110412598e+00,-2.490282058715820312e-04,1.328391283750534058e-01,1.000000000000000000e+00
0.000000000000000000e+00,6.000000000000000000e+02,6.000000000000000000e+00,1.200000000000000000e+01,-4.091871261596679688e+00,5.846871376037597656e+00,1.299559235572814941e+00,-4.407167434692382812e-04,1.328659802675247192e-01,1.000000000000000000e+00
0.000000000000000000e+00,6.010000000000000000e+02,6.009999999999999787e+00,1.200000000000000000e+01,-4.092333316802978516e+00,5.846556663513183594e+00,1.300422430038452148e+00,4.224777221679687500e-04,1.328659802675247192e-01,1.000000000000000000e+00
0.000000000000000000e+00,6.020000000000000000e+02,6.020000000000000462e+00,1.199376392364501953e+01,-4.100874423980712891e+00,5.840713500976562500e+00,1.300374031066894531e+00,3.740787506103515625e-04,1.328659802675247192e-01,0.000000000000000000e+00
0.000000000000000000e+00,6.030000000000000000e+02,6.030000000000000249e+00,1.200000000000000000e+01,-4.095673561096191406e+00,5.844273090362548828e+00,1.298943638801574707e+00,-1.056313514709472656e-03,1.328659802675247192e-01,1.000000000000000000e+00
0.000000000000000000e+00,6.040000000000000000e+02,6.040000000000000036e+00,1.200000000000000000e+01,-4.099291801452636719e+00,5.841798305511474609e+00,1.300064206123352051e+00,6.425380706787109375e-05,1.328659802675247192e-01,1.000000000000000000e+00
0.000000000000000000e+00,6.050000000000000000e+02,6.049999999999999822e+00,1.200000000000000000e+01,-4.100480079650878906e+00,5.840986251831054688e+00,1.299692630767822266e+00,-3.073215484619140625e-04,1.328659802675247192e-01,1.000000000000000000e+00
0.000000000000000000e+00,6.060000000000000000e+02,6.060000000000000497e+00,1.200000000000000000e+01,-4.091801166534423828e+00,5.846925258636474609e+00,1.299582362174987793e+00,-4.175901412963867188e-04,1.328659802675247192e-01,1.000000000000000000e+00
0.000000000000000000e+00,6.070000000000000000e+02,6.070000000000000284e+00,1.200000000000000000e+01,-4.092449665069580078e+00,5.846482276916503906e+00,1.300441622734069824e+00,4.416704177856445312e-04,1.328659802675247192e-01,1.000000000000000000e+00
0.000000000000000000e+00,6.080000000000000000e+02,6.080000000000000071e+00,1.199399280548095703e+01,-4.100826740264892578e+00,5.840751171112060547e+00,1.300360679626464844e+00,3.607273101806640625e-04,1.328659802675247192e-01,0.000000000000000000e+00
0.000000000000000000e+00,6.090000000000000000e+02,6.089999999999999858e+00,1.200000000000000000e+01,-4.095921039581298828e+00,5.844108581542968750e+00,1.298989892005920410e+00,-1.010060310363769531e-03,1.328659802675247192e-01,1.000000000000000000e+00
0.000000000000000000e+00,6.100000000000000000e+02,6.100000000000000533e+00,1.200000000000000000e+01,-4.098640441894531250e+00,5.842248916625976562e+00,1.300035476684570312e+00,3.552436828613281250e-05,1.328659802675247192e-01,1.000000000000000000e+00
0.000000000000000000e+00,6.110000000000000000e+02,6.110000000000000320e+00,1.200000000000000000e+01,-4.100857257843017578e+00,5.840733051300048828e+00,1.299771070480346680e+00,-2.288818359375000000e-04,1.328659802675247192e-01,1.000000000000000000e+00
0.000000000000000000e+00,6.120000000000000000e+02,6.120000000000000107e+00,1.200000000000000000e+01,-4.091794013977050781e+00,5.846935272216796875e+00,1.299546599388122559e+00,-4.533529281616210938e-04,1.328659802675247192e-01,1.000000000000000000e+00
0.000000000000000000e+00,6.130000000000000000e+02,6.129999999999999893e+00,1.200000000000000000e+01,-4.092445850372314453e+00,5.846490383148193359e+00,1.300443053245544434e+00,4.431009292602539062e-04,1.328659802675247192e-01,1.000000000000000000e+00
0.000000000000000000e+00,6.140000000000000000e+02,6.140000000000000568e+00,1.199397659301757812e+01,-4.100834369659423828e+00,5.840751171112060547e+00,1.300362706184387207e+00,3.627538681030273438e-04,1.328659802675247192e-01,0.000000000000000000e+00
0.000000000000000000e+00,6.150000000000000000e+02,6.150000000000000355e+00,1.200000000000000000e+01,-4.095882415771484375e+00,5.844140052795410156e+00,1.298984766006469727e+00,-1.015186309814453125e-03,1.328659802675247192e-01,1.000000000000000000e+00
0.000000000000000000e+00,6.160000000000000000e+02,6.160000000000000142e+00,1.200000000000000000e+01,-4.098219394683837891e+00,5.842541694641113281e+00,1.300025939941406250e+00,2.598762512207031250e-05,1.328659802675247192e-01,1.000000000000000000e+00
0.000000000000000000e+00,6.170000000000000000e+02,6.169999999999999929e+00,1.200000000000000000e+01,-4.101050853729248047e+00,5.840605258941650391e+00,1.299812674522399902e+00,-1.872777938842773438e-04,1.328659802675247192e-01,1.000000000000000000e+00
0.000000000000000000e+00,6.180000000000000000e+02,6.179999999999999716e+00,1.200000000000000000e+01,-4.091825485229492188e+00,5.846918106079101562e+00,1.299531817436218262e+00,-4.681348800659179688e-04,1.328659802675247192e-01,1.000000000000000000e+00
0.000000000000000000e+00,6.190000000000000000e+02,6.190000000000000391e+00,1.200000000000000000e+01,-4.092403888702392578e+00,5.846523284912109375e+00,1.300437092781066895e+00,4.371404647827148438e-04,1.328659802675247192e-01,1.000000000000000000e+00
0.000000000000000000e+00,6.200000000000000000e+02,6.200000000000000178e+00,1.199361038208007812e+01,-4.101051330566406250e+00,5.840607166290283203e+00,1.300387024879455566e+00,3.870725631713867188e-04,1.329017430543899536e-01,0.000000000000000000e+00
0.000000000000000000e+00,6.210000000000000000e+02,6.209999999999999964e+00,1.200000000000000000e+01,-4.095616340637207031e+00,5.844326496124267578e+00,1.298913598060607910e+00,-1.086354255676269531e-03,1.329017430543899536e-01,1.000000000000000000e+00
0.000000000000000000e+00,6.220000000000000000e+02,6.219999999999999751e+00,1.200000000000000000e+01,-4.099218368530273438e+00,5.841862678527832031e+00,1.300064921379089355e+00,6.496906280517578125e-05,1.329017430543899536e-01,1.000000000000000000e+00
0.000000000000000000e+00,6.230000000000000000e+02,6.230000000000000426e+00,1.200000000000000000e+01,-4.100667953491210938e+00,5.840871334075927734e+00,1.299716353416442871e+00,-2.835988998413085938e-04,1.329017430543899536e-01,1.000000000000000000e+00
0.000000000000000000e+00,6.240000000000000000e+02,6.240000000000000213e+00,1.200000000000000000e+01,-4.091762065887451172e+00,5.846965312957763672e+00,1.299564242362976074e+00,-4.357099533081054688e-04,1.329017430543899536e-01,1.000000000000000000e+00
0.000000000000000000e+00,6.250000000000000000e+02,6.250000000000000000e+00,1.200000000000000000e+01,-4.092562198638916016e+00,5.846418380737304688e+00,1.300460100173950195e+00,4.601478576660156250e-04,1.329017430543899536e-01,1.000000000000000000e+00
0.000000000000000000e+00,6.260000000000000000e+02,6.259999999999999787e+00,1.199389648437500000e+01,-4.101004123687744141e+00,5.840642452239990234e+00,1.300369739532470703e+00,3.697872161865234375e-04,1.329017430543899536e-01,0.000000000000000000e+00
0.000000000000000000e+00,6.270000000000000000e+02,6.270000000000000462e+00,1.200000000000000000e+01,-4.095793247222900391e+00,5.844208717346191406e+00,1.298949837684631348e+00,-1.050114631652832031e-03,1.329017430543899536e-01,1.000000000000000000e+00
0.000000000000000000e+00,6.280000000000000000e+02,6.280000000000000249e+00,1.200000000000000000e+01,-4.098839282989501953e+00,5.842124938964843750e+00,1.300046205520629883e+00,4.625320434570312500e-05,1.329017430543899536e-01,1.000000000000000000e+00
0.000000000000000000e+00,6.290000000000000000e+02,6.290000000000000036e+00,1.200000000000000000e+01,-4.100756645202636719e+00,5.840813636779785156e+00,1.299752354621887207e+00,-2.475976943969726562e-04,1.329017430543899536e-01,1.000000000000000000e+00
0.000000000000000000e+00,6.300000000000000000e+02,6.299999999999999822e+00,1.200000000000000000e+01,-4.091760635375976562e+00,5.846969127655029297e+00,1.299556732177734375e+00,-4.432201385498046875e-04,1.329017430543899536e-01,1.000000000000000000e+00
0.000000000000000000e+00,6.310000000000000000e+02,6.310000000000000497e+00,1.200000000000000000e+01,-4.092417716979980469e+00,5.846520423889160156e+00,1.300447106361389160e+00,4.471540451049804688e-04,1.329017430543899536e-01,1.000000000000000000e+00
0.000000000000000000e+00,6.320000000000000000e+02,6.320000000000000284e+00,1.199389076232910156e+01,-4.100866794586181641e+00,5.840739727020263672e+00,1.300371289253234863e+00,3.713369369506835938e-04,1.329017430543899536e-01,0.000000000000000000e+00
0.000000000000000000e+00,6.330000000000000000e+02,6.330000000000000071e+00,1.200000000000000000e+01,-4.095860481262207031e+00,5.844165325164794922e+00,1.298982024192810059e+00,-1.017928123474121094e-03,1.329017430543899536e-01,1.000000000000000000e+00
0.000000000000000000e+00,6.340000000000000000e+02,6.339999999999999858e+00,1.200000000000000000e+01,-4.098274230957031250e+00,5.842514038085937500e+00,1.300028681755065918e+00,2.872943878173828125e-05,1.329017430543899536e-01,1.000000000000000000e+00
0.000000000000000000e+00,6.350000000000000000e+02,6.350000000000000533e+00,1.200000000000000000e+01,-4.100924491882324219e+00,5.840701103210449219e+00,1.299803376197814941e+00,-1.965761184692382812e-04,1.329017430543899536e-01,1.000000000000000000e+00
0.000000000000000000e+00,6.360000000000000000e+02,6.360000000000000320e+00,1.200000000000000000e+01,-4.091775417327880859e+00,5.846961498260498047e+00,1.299542903900146484e+00,-4.570484161376953125e-04,1.329017430543899536e-01,1.000000000000000000e+00
0.000000000000000000e+00,6.370000000000000000e+02,6.370000000000000107e+00,1.200000000000000000e+01,-4.092351436614990234e+00,5.846568107604980469e+00,1.300440311431884766e+00,4.403591156005859375e-04,1.329017430543899536e-01,1.000000000000000000e+00
0.000000000000000000e+00,6.380000000000000000e+02,6.379999999999999893e+00,1.199354362487792969e+01,-4.101046562194824219e+00,5.840619087219238281e+00,1.300394654273986816e+00,3.947019577026367188e-04,1.329017430543899536e-01,0.000000000000000000e+00
0.000000000000000000e+00,6.390000000000000000e+02,6.390000000000000568e+00,1.200000000000000000e+01,-4.095577239990234375e+00,5.844361782073974609e+00,1.298913717269897461e+00,-1.086235046386718750e-03,1.329017430543899536e-01,1.000000000000000000e+00
0.000000000000000000e+00,6.400000000000000000e+02,6.400000000000000355e+00,1.200000000000000000e+01,-4.099541187286376953e+00,5.841650009155273438e+00,1.300080657005310059e+00,8.070468902587890625e-05,1.328738927841186523e-01,1.000000000000000000e+00
0.000000000000000000e+00,6.410000000000000000e+02,6.410000000000000142e+00,1.200000000000000000e+01,-4.100390434265136719e+00,5.841069698333740234e+00,1.299670696258544922e+00,-3.292560577392578125e-04,1.328738927841186523e-01,1.000000000000000000e+00
0.000000000000000000e+00,6.420000000000000000e+02,6.419999999999999929e+00,1.200000000000000000e+01,-4.091711521148681641e+00,5.847008705139160156e+00,1.299589037895202637e+00,-4.109144210815429688e-04,1.328738927841186523e-01,1.000000000000000000e+00
0.000000000000000000e+00,6.430000000000000000e+02,6.429999999999999716e+00,1.200000000000000000e+01,-4.092381954193115234e+00,5.846550941467285156e+00,1.300450682640075684e+00,4.507303237915039062e-04,1.328738927841186523e-01,1.000000000000000000e+00
0.000000000000000000e+00,6.440000000000000000e+02,6.440000000000000391e+00,1.199365329742431641e+01,-4.100999832153320312e+00,5.840654850006103516e+00,1.300388693809509277e+00,3.887414932250976562e-04,1.328738927841186523e-01,0.000000000000000000e+00
0.000000000000000000e+00,6.450000000000000000e+02,6.450000000000000178e+00,1.200000000000000000e+01,-4.095613002777099609e+00,5.844340801239013672e+00,1.298928260803222656e+00,-1.071691513061523438e-03,1.328738927841186523e-01,1.000000000000000000e+00
0.000000000000000000e+00,6.460000000000000000e+02,6.459999999999999964e+00,1.200000000000000000e+01,-4.098943710327148438e+00,5.842062473297119141e+00,1.300056815147399902e+00,5.686283111572265625e-05,1.328738927841186523e-01,1.000000000000000000e+00
0.000000000000000000e+00,6.470000000000000000e+02,6.469999999999999751e+00,1.200000000000000000e+01,-4.100614070892333984e+00,5.840919971466064453e+00,1.299736738204956055e+00,-2.632141113281250000e-04,1.328738927841186523e-01,1.000000000000000000e+00
0.000000000000000000e+00,6.480000000000000000e+02,6.480000000000000426e+00,1.200000000000000000e+01,-4.091754913330078125e+00,5.846982002258300781e+00,1.299573302268981934e+00,-4.266500473022460938e-04,1.328738927841186523e-01,1.000000000000000000e+00
0.000000000000000000e+00,6.490000000000000000e+02,6.490000000000000213e+00,1.200000000000000000e+01,-4.092365264892578125e+00,5.846564769744873047e+00,1.300446033477783203e+00,4.460811614990234375e-04,1.328738927841186523e-01,1.000000000000000000e+00
0.000000000000000000e+00,6.500000000000000000e+02,6.500000000000000000e+00,1.199383354187011719e+01,-4.100855827331542969e+00,5.840755462646484375e+00,1.300378203392028809e+00,3.782510757446289062e-04,1.328738927841186523e-01,0.000000000000000000e+00
0.000000000000000000e+00,6.510000000000000000e+02,6.509999999999999787e+00,1.200000000000000000e+01,-4.095681190490722656e+00,5.844296455383300781e+00,1.298962116241455078e+00,-1.037836074829101562e-03,1.328738927841186523e-01,1.000000000000000000e+00
0.000000000000000000e+00,6.520000000000000000e+02,6.520000000000000462e+00,1.200000000000000000e+01,-4.098888874053955078e+00,5.842102050781250000e+00,1.300053000450134277e+00,5.304813385009765625e-05,1.328738927841186523e-01,1.000000000000000000e+00
0.000000000000000000e+00,6.530000000000000000e+02,6.530000000000000249e+00,1.200000000000000000e+01,-4.100634098052978516e+00,5.840908050537109375e+00,1.299743175506591797e+00,-2.567768096923828125e-04,1.328738927841186523e-01,1.000000000000000000e+00
0.000000000000000000e+00,6.540000000000000000e+02,6.540000000000000036e+00,1.200000000000000000e+01,-4.091830253601074219e+00,5.846931934356689453e+00,1.299579739570617676e+00,-4.202127456665039062e-04,1.328738927841186523e-01,1.000000000000000000e+00
0.000000000000000000e+00,6.550000000000000000e+02,6.549999999999999822e+00,1.200000000000000000e+01,-4.092234611511230469e+00,5.846655845642089844e+00,1.300427198410034180e+00,4.272460937500000000e-04,1.328738927841186523e-01,1.000000000000000000e+00
0.000000000000000000e+00,6.560000000000000000e+02,6.560000000000000497e+00,1.199368476867675781e+01,-4.100832939147949219e+00,5.840772628784179688e+00,1.300388932228088379e+00,3.889799118041992188e-04,1.328738927841186523e-01,0.000000000000000000e+00
0.000000000000000000e+00,6.570000000000000000e+02,6.570000000000000284e+00,1.200000000000000000e+01,-4.095650672912597656e+00,5.844318389892578125e+00,1.298962473869323730e+00,-1.037478446960449219e-03,1.328738927841186523e-01,1.000000000000000000e+00
0.000000000000000000e+00,6.580000000000000000e+02,6.580000000000000071e+00,1.200000000000000000e+01,-4.099393844604492188e+00,5.841757297515869141e+00,1.300073146820068359e+00,7.319450378417968750e-05,1.328738927841186523e-01,1.000000000000000000e+00
0.000000000000000000e+00,6.590000000000000000e+02,6.589999999999999858e+00,1.200000000000000000e+01,-4.100496768951416016e+00,5.841002941131591797e+00,1.299694538116455078e+00,-3.054141998291015625e-04,1.328738927841186523e-01,1.000000000000000000e+00
0.000000000000000000e+00,6.600000000000000000e+02,6.600000000000000533e+00,1.200000000000000000e+01,-4.091765403747558594e+00,5.846976757049560547e+00,1.299587607383728027e+00,-4.123449325561523438e-04,1.328756362199783325e-01,1.000000000000000000e+00
0.000000000000000000e+00,6.610000000000000000e+02,6.610000000000000320e+00,1.200000000000000000e+01,-4.092365741729736328e+00,5.846566677093505859e+00,1.300447344779968262e+00,4.473924636840820312e-04,1.328756362199783325e-01,1.000000000000000000e+00
0.000000000000000000e+00,6.620000000000000000e+02,6.620000000000000107e+00,1.199383544921875000e+01,-4.100855350494384766e+00,5.840757846832275391e+00,1.300380229949951172e+00,3.802776336669921875e-04,1.328756362199783325e-01,0.000000000000000000e+00
0.000000000000000000e+00,6.630000000000000000e+02,6.629999999999999893e+00,1.200000000000000000e+01,-4.095655918121337891e+00,5.844316005706787109e+00,1.298961877822875977e+00,-1.038074493408203125e-03,1.328756362199783325e-01,1.000000000000000000e+00
0.000000000000000000e+00,6.640000000000000000e+02,6.640000000000000568e+00,1.200000000000000000e+01,-4.099375247955322266e+00,5.841771602630615234e+00,1.300072669982910156e+00,7.271766662597656250e-05,1.328756362199783325e-01,1.000000000000000000e+00
0.000000000000000000e+00,6.650000000000000000e+02,6.650000000000000355e+00,1.200000000000000000e+01,-4.100515365600585938e+00,5.840991973876953125e+00,1.299698472023010254e+00,-3.014802932739257812e-04,1.328756362199783325e-01,1.000000000000000000e+00
0.000000000000000000e+00,6.660000000000000000e+02,6.660000000000000142e+00,1.200000000000000000e+01,-4.091783523559570312e+00,5.846966266632080078e+00,1.299588680267333984e+00,-4.112720489501953125e-04,1.328756362199783325e-01,1.000000000000000000e+00
0.000000000000000000e+00,6.670000000000000000e+02,6.669999999999999929e+00,1.200000000000000000e+01,-4.092295169830322266e+00,5.846616744995117188e+00,1.300439834594726562e+00,4.398822784423828125e-04,1.328756362199783325e-01,1.000000000000000000e+00
0.000000000000000000e+00,6.680000000000000000e+02,6.679999999999999716e+00,1.199366950988769531e+01,-4.100903034210205078e+00,5.840726852416992188e+00,1.300392031669616699e+00,3.920793533325195312e-04,1.328756362199783325e-01,0.000000000000000000e+00
0.000000000000000000e+00,6.690000000000000000e+02,6.690000000000000391e+00,1.200000000000000000e+01,-4.095602989196777344e+00,5.844353199005126953e+00,1.298948407173156738e+00,-1.051545143127441406e-03,1.328756362199783325e-01,1.000000000000000000e+00
0.000000000000000000e+00,6.700000000000000000e+02,6.700000000000000178e+00,1.200000000000000000e+01,-4.099302291870117188e+00,5.841822624206542969e+00,1.300072312355041504e+00,7.236003875732421875e-05,1.328756362199783325e-01,1.000000000000000000e+00
0.000000000000000000e+00,6.710000000000000000e+02,6.709999999999999964e+00,1.200000000000000000e+01,-4.100612163543701172e+00,5.840926647186279297e+00,1.299712896347045898e+00,-2.870559692382812500e-04,1.328756362199783325e-01,1.000000000000000000e+00
0.000000000000000000e+00,6.720000000000000000e+02,6.719999999999999751e+00,1.200000000000000000e+01,-4.091672420501708984e+00,5.847043514251708984e+00,1.299570083618164062e+00,-4.298686981201171875e-04,1.328756362199783325e-01,1.000000000000000000e+00
0.000000000000000000e+00,6.730000000000000000e+02,6.730000000000000426e+00,1.200000000000000000e+01,-4.092406749725341797e+00,5.846541404724121094e+00,1.300462841987609863e+00,4.628896713256835938e-04,1.328756362199783325e-01,1.000000000000000000e+00
0.000000000000000000e+00,6.740000000000000000e+02,6.740000000000000213e+00,1.199399375915527344e+01,-4.100783824920654297e+00,5.840809345245361328e+00,1.300372242927551270e+00,3.722906112670898438e-04,1.328756362199783325e-01,0.000000000000000000e+00
0.000000000000000000e+00,6.750000000000000000e+02,6.750000000000000000e+00,1.200000000000000000e+01,-4.095828533172607422e+00,5.844200134277343750e+00,1.299001693725585938e+00,-9.982585906982421875e-04,1.328756362199783325e-01,1.000000000000000000e+00
0.000000000000000000e+00,6.760000000000000000e+02,6.759999999999999787e+00,1.200000000000000000e+01,-4.098392963409423828e+00,5.842445850372314453e+00,1.300034761428833008e+00,3.480911254882812500e-05,1.328756362199783325e-01,1.000000000000000000e+00
0.000000000000000000e+00,6.770000000000000000e+02,6.770000000000000462e+00,1.200000000000000000e+01,-4.100724697113037109e+00,5.840850830078125000e+00,1.299787759780883789e+00,-2.121925354003906250e-04,1.328756362199783325e-01,1.000000000000000000e+00
0.000000000000000000e+00,6.780000000000000000e+02,6.780000000000000249e+00,1.200000000000000000e+01,-4.091685771942138672e+00,5.847035408020019531e+00,1.299561619758605957e+00,-4.383325576782226562e-04,1.328756362199783325e-01,1.000000000000000000e+00
0.000000000000000000e+00,6.790000000000000000e+02,6.790000000000000036e+00,1.200000000000000000e+01,-4.092257499694824219e+00,5.846644401550292969e+00,1.300447821617126465e+00,4.478693008422851562e-04,1.328756362199783325e-01,1.000000000000000000e+00
0.000000000000000000e+00,6.800000000000000000e+02,6.799999999999999822e+00,1.199371337890625000e+01,-4.100835800170898438e+00,5.840775012969970703e+00,1.300391316413879395e+00,3.913640975952148438e-04,1.328606158494949341e-01,0.000000000000000000e+00
0.000000000000000000e+00,6.810000000000000000e+02,6.810000000000000497e+00,1.200000000000000000e+01,-4.095553398132324219e+00,5.844389438629150391e+00,1.298954367637634277e+00,-1.045584678649902344e-03,1.328606158494949341e-01,1.000000000000000000e+00
0.000000000000000000e+00,6.820000000000000000e+02,6.820000000000000284e+00,1.200000000000000000e+01,-4.099269866943359375e+00,5.841846942901611328e+00,1.300073862075805664e+00,7.390975952148437500e-05,1.328606158494949341e-01,1.000000000000000000e+00
0.000000000000000000e+00,6.830000000000000000e+02,6.830000000000000071e+00,1.200000000000000000e+01,-4.100512981414794922e+00,5.840996742248535156e+00,1.299709320068359375e+00,-2.906322479248046875e-04,1.328606158494949341e-01,1.000000000000000000e+00
0.000000000000000000e+00,6.840000000000000000e+02,6.839999999999999858e+00,1.200000000000000000e+01,-4.091670513153076172e+00,5.847047328948974609e+00,1.299581408500671387e+00,-4.185438156127929688e-04,1.328606158494949341e-01,1.000000000000000000e+00
0.000000000000000000e+00,6.850000000000000000e+02,6.850000000000000533e+00,1.200000000000000000e+01,-4.092411041259765625e+00,5.846540927886962891e+00,1.300465703010559082e+00,4.657506942749023438e-04,1.328606158494949341e-01,1.000000000000000000e+00
0.000000000000000000e+00,6.860000000000000000e+02,6.860000000000000320e+00,1.199395561218261719e+01,-4.100814819335937500e+00,5.840790748596191406e+00,1.300376653671264648e+00,3.767013549804687500e-04,1.328606158494949341e-01,0.000000000000000000e+00
0.000000000000000000e+00,6.870000000000000000e+02,6.870000000000000107e+00,1.200000000000000000e+01,-4.095636844635009766e+00,5.844333648681640625e+00,1.298972010612487793e+00,-1.027941703796386719e-03,1.328606158494949341e-01,1.000000000000000000e+00
0.000000000000000000e+00,6.880000000000000000e+02,6.879999999999999893e+00,1.200000000000000000e+01,-4.099112987518310547e+00,5.841955184936523438e+00,1.300065040588378906e+00,6.508827209472656250e-05,1.328606158494949341e-01,1.000000000000000000e+00
0.000000000000000000e+00,6.890000000000000000e+02,6.890000000000000568e+00,1.200000000000000000e+01,-4.100496768951416016e+00,5.841008663177490234e+00,1.299721121788024902e+00,-2.788305282592773438e-04,1.328606158494949341e-01,1.000000000000000000e+00
0.000000000000000000e+00,6.900000000000000000e+02,6.900000000000000355e+00,1.200000000000000000e+01,-4.091594696044921875e+00,5.847099781036376953e+00,1.299576759338378906e+00,-4.231929779052734375e-04,1.328606158494949341e-01,1.000000000000000000e+00
0.000000000000000000e+00,6.910000000000000000e+02,6.910000000000000142e+00,1.200000000000000000e+01,-4.092259407043457031e+00,5.846645355224609375e+00,1.300459146499633789e+00,4.591941833496093750e-04,1.328606158494949341e-01,1.000000000000000000e+00
0.000000000000000000e+00,6.920000000000000000e+02,6.919999999999999929e+00,1.199389743804931641e+01,-4.100708007812500000e+00,5.840864658355712891e+00,1.300381541252136230e+00,3.815889358520507812e-04,1.328606158494949341e-01,0.000000000000000000e+00
0.000000000000000000e+00,6.930000000000000000e+02,6.929999999999999716e+00,1.200000000000000000e+01,-4.095592498779296875e+00,5.844364643096923828e+00,1.298982739448547363e+00,-1.017212867736816406e-03,1.328606158494949341e-01,1.000000000000000000e+00
0.000000000000000000e+00,6.940000000000000000e+02,6.940000000000000391e+00,1.200000000000000000e+01,-4.099145889282226562e+00,5.841933250427246094e+00,1.300068378448486328e+00,6.842613220214843750e-05,1.328606158494949341e-01,1.000000000000000000e+00
0.000000000000000000e+00,6.950000000000000000e+02,6.950000000000000178e+00,1.200000000000000000e+01,-4.100400924682617188e+00,5.841074943542480469e+00,1.299711942672729492e+00,-2.880096435546875000e-04,1.328606158494949341e-01,1.000000000000000000e+00
0.000000000000000000e+00,6.960000000000000000e+02,6.959999999999999964e+00,1.200000000000000000e+01,-4.091593742370605469e+00,5.847101211547851562e+00,1.299586772918701172e+00,-4.131793975830078125e-04,1.328606158494949341e-01,1.000000000000000000e+00
0.000000000000000000e+00,6.970000000000000000e+02,6.969999999999999751e+00,1.200000000000000000e+01,-4.092177391052246094e+00,5.846702098846435547e+00,1.300452232360839844e+00,4.522800445556640625e-04,1.328606158494949341e-01,1.000000000000000000e+00
0.000000000000000000e+00,6.980000000000000000e+02,6.980000000000000426e+00,1.199368000030517578e+01,-4.100780963897705078e+00,5.840815544128417969e+00,1.300396680831909180e+00,3.967285156250000000e-04,1.328606158494949341e-01,0.000000000000000000e+00
0.000000000000000000e+00,6.990000000000000000e+02,6.990000000000000213e+00,1.200000000000000000e+01,-4.095478534698486328e+00,5.844443798065185547e+00,1.298956274986267090e+00,-1.043677330017089844e-03,1.328606158494949341e-01,1.000000000000000000e+00
0.000000000000000000e+00,7.000000000000000000e+02,7.000000000000000000e+00,1.200000000000000000e+01,-4.099293708801269531e+00,5.841833591461181641e+00,1.300079226493835449e+00,7.927417755126953125e-05,1.328707486391067505e-01,1.000000000000000000e+00
0.000000000000000000e+00,7.010000000000000000e+02,7.009999999999999787e+00,1.200000000000000000e+01,-4.100487232208251953e+00,5.841016769409179688e+00,1.299708127975463867e+00,-2.918243408203125000e-04,1.328707486391067505e-01,1.000000000000000000e+00
0.000000000000000000e+00,7.020000000000000000e+02,7.020000000000000462e+00,1.200000000000000000e+01,-4.091602325439453125e+00,5.847095966339111328e+00,1.299580574035644531e+00,-4.193782806396484375e-04,1.328707486391067505e-01,1.000000000000000000e+00
0.000000000000000000e+00,7.030000000000000000e+02,7.030000000000000249e+00,1.200000000000000000e+01,-4.092218875885009766e+00,5.846674442291259766e+00,1.300456643104553223e+00,4.566907882690429688e-04,1.328707486391067505e-01,1.000000000000000000e+00
0.000000000000000000e+00,7.040000000000000000e+02,7.040000000000000036e+00,1.199365520477294922e+01,-4.100838661193847656e+00,5.840776443481445312e+00,1.300399303436279297e+00,3.993511199951171875e-04,1.328707486391067505e-01,0.000000000000000000e+00
0.000000000000000000e+00,7.050000000000000000e+02,7.049999999999999822e+00,1.200000000000000000e+01,-4.095478534698486328e+00,5.844444274902343750e+00,1.298949360847473145e+00,-1.050591468811035156e-03,1.328707486391067505e-01,1.000000000000000000e+00
0.000000000000000000e+00,7.060000000000000000e+02,7.060000000000000497e+00,1.200000000000000000e+01,-4.099177360534667969e+00,5.841913700103759766e+00,1.300074934959411621e+00,7.498264312744140625e-05,1.328707486391067505e-01,1.000000000000000000e+00
0.000000000000000000e+00,7.070000000000000000e+02,7.070000000000000284e+00,1.200000000000000000e+01,-4.100419998168945312e+00,5.841063499450683594e+00,1.299712777137756348e+00,-2.871751785278320312e-04,1.328707486391067505e-01,1.000000000000000000e+00
0.000000000000000000e+00,7.080000000000000000e+02,7.080000000000000071e+00,1.200000000000000000e+01,-4.091606616973876953e+00,5.847094058990478516e+00,1.299588322639465332e+00,-4.116296768188476562e-04,1.328707486391067505e-01,1.000000000000000000e+00
0.000000000000000000e+00,7.090000000000000000e+02,7.089999999999999858e+00,1.200000000000000000e+01,-4.092346668243408203e+00,5.846588134765625000e+00,1.300470113754272461e+00,4.701614379882812500e-04,1.328707486391067505e-01,1.000000000000000000e+00
0.000000000000000000e+00,7.100000000000000000e+02,7.100000000000000533e+00,1.199399089813232422e+01,-4.100727558135986328e+00,5.840853691101074219e+00,1.300378561019897461e+00,3.786087036132812500e-04,1.328707486391067505e-01,0.000000000000000000e+00
0.000000000000000000e+00,7.110000000000000000e+02,7.110000000000000320e+00,1.200000000000000000e+01,-4.095638751983642578e+00,5.844335556030273438e+00,1.298991799354553223e+00,-1.008152961730957031e-03,1.328707486391067505e-01,1.000000000000000000e+00
0.000000000000000000e+00,7.120000000000000000e+02,7.120000000000000107e+00,1.200000000000000000e+01,-4.098993301391601562e+00,5.842040538787841797e+00,1.300062179565429688e+00,6.222724914550781250e-05,1.328707486391067505e-01,1.000000000000000000e+00
0.000000000000000000e+00,7.130000000000000000e+02,7.129999999999999893e+00,1.200000000000000000e+01,-4.100541114807128906e+00,5.840981483459472656e+00,1.299736976623535156e+00,-2.629756927490234375e-04,1.328707486391067505e-01,1.000000000000000000e+00
0.000000000000000000e+00,7.140000000000000000e+02,7.140000000000000568e+00,1.200000000000000000e+01,-4.091623783111572266e+00,5.847083091735839844e+00,1.299579620361328125e+00,-4.203319549560546875e-04,1.328707486391067505e-01,1.000000000000000000e+00
0.000000000000000000e+00,7.150000000000000000e+02,7.150000000000000355e+00,1.200000000000000000e+01,-4.092243194580078125e+00,5.846659660339355469e+00,1.300459146499633789e+00,4.591941833496093750e-04,1.328707486391067505e-01,1.000000000000000000e+00
0.000000000000000000e+00,7.160000000000000000e+02,7.160000000000000142e+00,1.199383831024169922e+01,-4.100733757019042969e+00,5.840850353240966797e+00,1.300389409065246582e+00,3.894567489624023438e-04,1.328707486391067505e-01,0.000000000000000000e+00
0.000000000000000000e+00,7.170000000000000000e+02,7.169999999999999929e+00,1.200000000000000000e+01,-4.095554828643798828e+00,5.844393730163574219e+00,1.298979878425598145e+00,-1.020073890686035156e-03,1.328707486391067505e-01,1.000000000000000000e+00
0.000000000000000000e+00,7.180000000000000000e+02,7.179999999999999716e+00,1.200000000000000000e+01,-4.099330425262451172e+00,5.841810703277587891e+00,1.300078988075256348e+00,7.903575897216796875e-05,1.328707486391067505e-01,1.000000000000000000e+00
0.000000000000000000e+00,7.190000000000000000e+02,7.190000000000000391e+00,1.200000000000000000e+01,-4.100432395935058594e+00,5.841056823730468750e+00,1.299703478813171387e+00,-2.964735031127929688e-04,1.328707486391067505e-01,1.000000000000000000e+00
0.000000000000000000e+00,7.200000000000000000e+02,7.200000000000000178e+00,1.200000000000000000e+01,-4.091601848602294922e+00,5.847098827362060547e+00,1.299588799476623535e+00,-4.111528396606445312e-04,1.329466551542282104e-01,1.000000000000000000e+00
0.000000000000000000e+00,7.210000000000000000e+02,7.209999999999999964e+00,1.200000000000000000e+01,-4.092198371887207031e+00,5.846691131591796875e+00,1.300457954406738281e+00,4.580020904541015625e-04,1.329466551542282104e-01,1.000000000000000000e+00
0.000000000000000000e+00,7.220000000000000000e+02,7.219999999999999751e+00,1.199361324310302734e+01,-4.100847721099853516e+00,5.840773105621337891e+00,1.300405144691467285e+00,4.051923751831054688e-04,1.329466551542282104e-01,0.000000000000000000e+00
0.000000000000000000e+00,7.230000000000000000e+02,7.230000000000000426e+00,1.200000000000000000e+01,-4.095407962799072266e+00,5.844495296478271484e+00,1.298942327499389648e+00,-1.057624816894531250e-03,1.329466551542282104e-01,1.000000000000000000e+00
0.000000000000000000e+00,7.240000000000000000e+02,7.240000000000000213e+00,1.200000000000000000e+01,-4.099276065826416016e+00,5.841848850250244141e+00,1.300083279609680176e+00,8.332729339599609375e-05,1.329466551542282104e-01,1.000000000000000000e+00
0.000000000000000000e+00,7.250000000000000000e+02,7.250000000000000000e+00,1.200000000000000000e+01,-4.100411891937255859e+00,5.841072082519531250e+00,1.299707055091857910e+00,-2.928972244262695312e-04,1.329466551542282104e-01,1.000000000000000000e+00
0.000000000000000000e+00,7.260000000000000000e+02,7.259999999999999787e+00,1.200000000000000000e+01,-4.091650009155273438e+00,5.847066879272460938e+00,1.299596309661865234e+00,-4.036426544189453125e-04,1.329466551542282104e-01,1.000000000000000000e+00
0.000000000000000000e+00,7.270000000000000000e+02,7.270000000000000462e+00,1.200000000000000000e+01,-4.092121124267578125e+00,5.846744537353515625e+00,1.300446748733520508e+00,4.467964172363281250e-04,1.329466551542282104e-01,1.000000000000000000e+00
0.000000000000000000e+00,7.280000000000000000e+02,7.280000000000000249e+00,1.199361705780029297e+01,-4.100769042968750000e+00,5.840827465057373047e+00,1.300405979156494141e+00,4.060268402099609375e-04,1.329466551542282104e-01,0.000000000000000000e+00
0.000000000000000000e+00,7.290000000000000000e+02,7.290000000000000036e+00,1.200000000000000000e+01,-4.095438480377197266e+00,5.844474792480468750e+00,1.298960328102111816e+00,-1.039624214172363281e-03,1.329466551542282104e-01,1.000000000000000000e+00
0.000000000000000000e+00,7.300000000000000000e+02,7.299999999999999822e+00,1.200000000000000000e+01,-4.099226951599121094e+00,5.841882705688476562e+00,1.300080418586730957e+00,8.046627044677734375e-05,1.329466551542282104e-01,1.000000000000000000e+00
0.000000000000000000e+00,7.310000000000000000e+02,7.310000000000000497e+00,1.200000000000000000e+01,-4.100589752197265625e+00,5.840950489044189453e+00,1.299725651741027832e+00,-2.743005752563476562e-04,1.329466551542282104e-01,1.000000000000000000e+00
0.000000000000000000e+00,7.320000000000000000e+02,7.320000000000000284e+00,1.200000000000000000e+01,-4.091475486755371094e+00,5.847186088562011719e+00,1.299564003944396973e+00,-4.359483718872070312e-04,1.329466551542282104e-01,1.000000000000000000e+00
0.000000000000000000e+00,7.330000000000000000e+02,7.330000000000000071e+00,1.200000000000000000e+01,-4.092097759246826172e+00,5.846760749816894531e+00,1.300462603569030762e+00,4.626512527465820312e-04,1.329466551542282104e-01,1.000000000000000000e+00
0.000000000000000000e+00,7.340000000000000000e+02,7.339999999999999858e+00,1.199356651306152344e+01,-4.100781917572021484e+00,5.840818405151367188e+00,1.300410389900207520e+00,4.104375839233398438e-04,1.329466551542282104e-01,0.000000000000000000e+00
0.000000000000000000e+00,7.350000000000000000e+02,7.350000000000000533e+00,1.200000000000000000e+01,-4.095363616943359375e+00,5.844525814056396484e+00,1.298948764801025391e+00,-1.051187515258789062e-03,1.329466551542282104e-01,1.000000000000000000e+00
0.000000000000000000e+00,7.360000000000000000e+02,7.360000000000000320e+00,1.200000000000000000e+01,-4.099002361297607422e+00,5.842036247253417969e+00,1.300074696540832520e+00,7.474422454833984375e-05,1.329466551542282104e-01,1.000000000000000000e+00
0.000000000000000000e+00,7.370000000000000000e+02,7.370000000000000107e+00,1.200000000000000000e+01,-4.100439071655273438e+00,5.841053009033203125e+00,1.299731969833374023e+00,-2.679824829101562500e-04,1.329466551542282104e-01,1.000000000000000000e+00
0.000000000000000000e+00,7.380000000000000000e+02,7.379999999999999893e+00,1.200000000000000000e+01,-4.091696262359619141e+00,5.847034931182861328e+00,1.299600124359130859e+00,-3.998279571533203125e-04,1.329466551542282104e-01,1.000000000000000000e+00
0.000000000000000000e+00,7.390000000000000000e+02,7.390000000000000568e+00,1.200000000000000000e+01,-4.092129230499267578e+00,5.846738815307617188e+00,1.300445199012756348e+00,4.452466964721679688e-04,1.329466551542282104e-01,1.000000000000000000e+00
0.000000000000000000e+00,7.400000000000000000e+02,7.400000000000000355e+00,1.199375724792480469e+01,-4.100678443908691406e+00,5.840888977050781250e+00,1.300398826599121094e+00,3.988742828369140625e-04,1.329566687345504761e-01,0.000000000000000000e+00
0.000000000000000000e+00,7.410000000000000000e+02,7.410000000000000142e+00,1.200000000000000000e+01,-4.095470905303955078e+00,5.844451904296875000e+00,1.298982024192810059e+00,-1.017928123474121094e-03,1.329566687345504761e-01,1.000000000000000000e+00
0.000000000000000000e+00,7.420000000000000000e+02,7.419999999999999929e+00,1.200000000000000000e+01,-4.098986148834228516e+00,5.842046737670898438e+00,1.300070285797119141e+00,7.033348083496093750e-05,1.329566687345504761e-01,1.000000000000000000e+00
0.000000000000000000e+00,7.430000000000000000e+02,7.429999999999999716e+00,1.200000000000000000e+01,-4.100251674652099609e+00,5.841180801391601562e+00,1.299719572067260742e+00,-2.803802490234375000e-04,1.329566687345504761e-01,1.000000000000000000e+00
0.000000000000000000e+00,7.440000000000000000e+02,7.440000000000000391e+00,1.200000000000000000e+01,-4.091703891754150391e+00,5.847029209136962891e+00,1.299618840217590332e+00,-3.811120986938476562e-04,1.329566687345504761e-01,1.000000000000000000e+00
0.000000000000000000e+00,7.450000000000000000e+02,7.450000000000000178e+00,1.200000000000000000e+01,-4.092137336730957031e+00,5.846733093261718750e+00,1.300446271896362305e+00,4.463195800781250000e-04,1.329566687345504761e-01,1.000000000000000000e+00
0.000000000000000000e+00,7.460000000000000000e+02,7.459999999999999964e+00,1.199392414093017578e+01,-4.100568771362304688e+00,5.840963840484619141e+00,1.300388932228088379e+00,3.889799118041992188e-04,1.329566687345504761e-01,0.000000000000000000e+00
0.000000000000000000e+00,7.470000000000000000e+02,7.469999999999999751e+00,1.200000000000000000e+01,-4.095513820648193359e+00,5.844422817230224609e+00,1.299006104469299316e+00,-9.938478469848632812e-04,1.329566687345504761e-01,1.000000000000000000e+00
0.000000000000000000e+00,7.480000000000000000e+02,7.480000000000000426e+00,1.200000000000000000e+01,-4.098823547363281250e+00,5.842158317565917969e+00,1.300062894821166992e+00,6.294250488281250000e-05,1.329566687345504761e-01,1.000000000000000000e+00
0.000000000000000000e+00,7.490000000000000000e+02,7.490000000000000213e+00,1.200000000000000000e+01,-4.100408077239990234e+00,5.841074466705322266e+00,1.299744486808776855e+00,-2.554655075073242188e-04,1.329566687345504761e-01,1.000000000000000000e+00
0.000000000000000000e+00,7.500000000000000000e+02,7.500000000000000000e+00,1.200000000000000000e+01,-4.091479301452636719e+00,5.847183704376220703e+00,1.299584627151489258e+00,-4.153251647949218750e-04,1.329566687345504761e-01,1.000000000000000000e+00
0.000000000000000000e+00,7.510000000000000000e+02,7.509999999999999787e+00,1.200000000000000000e+01,-4.092212677001953125e+00,5.846682071685791016e+00,1.300477027893066406e+00,4.770755767822265625e-04,1.329566687345504761e-01,1.000000000000000000e+00
0.000000000000000000e+00,7.520000000000000000e+02,7.520000000000000462e+00,1.199380683898925781e+01,-4.100724697113037109e+00,5.840857982635498047e+00,1.300397396087646484e+00,3.974437713623046875e-04,1.329566687345504761e-01,0.000000000000000000e+00
0.000000000000000000e+00,7.530000000000000000e+02,7.530000000000000249e+00,1.200000000000000000e+01,-4.095479011535644531e+00,5.844447612762451172e+00,1.298979520797729492e+00,-1.020431518554687500e-03,1.329566687345504761e-01,1.000000000000000000e+00
0.000000000000000000e+00,7.540000000000000000e+02,7.540000000000000036e+00,1.200000000000000000e+01,-4.099140644073486328e+00,5.841942310333251953e+00,1.300076961517333984e+00,7.700920104980468750e-05,1.329566687345504761e-01,1.000000000000000000e+00
0.000000000000000000e+00,7.550000000000000000e+02,7.549999999999999822e+00,1.200000000000000000e+01,-4.100480556488037109e+00,5.841025352478027344e+00,1.299727082252502441e+00,-2.728700637817382812e-04,1.329566687345504761e-01,1.000000000000000000e+00
0.000000000000000000e+00,7.560000000000000000e+02,7.560000000000000497e+00,1.200000000000000000e+01,-4.091577053070068359e+00,5.847117424011230469e+00,1.299588084220886230e+00,-4.118680953979492188e-04,1.329566687345504761e-01,1.000000000000000000e+00
0.000000000000000000e+00,7.570000000000000000e+02,7.570000000000000284e+00,1.200000000000000000e+01,-4.092098712921142578e+00,5.846760749816894531e+00,1.300456881523132324e+00,4.569292068481445312e-04,1.329566687345504761e-01,1.000000000000000000e+00
0.000000000000000000e+00,7.580000000000000000e+02,7.580000000000000071e+00,1.199351024627685547e+01,-4.100822448730468750e+00,5.840791702270507812e+00,1.300418138504028320e+00,4.181861877441406250e-04,1.329566687345504761e-01,0.000000000000000000e+00
0.000000000000000000e+00,7.590000000000000000e+02,7.589999999999999858e+00,1.200000000000000000e+01,-4.095315933227539062e+00,5.844559669494628906e+00,1.298941731452941895e+00,-1.058220863342285156e-03,1.329566687345504761e-01,1.000000000000000000e+00
0.000000000000000000e+00,7.600000000000000000e+02,7.600000000000000533e+00,1.200000000000000000e+01,-4.099204540252685547e+00,5.841898918151855469e+00,1.300086855888366699e+00,8.690357208251953125e-05,1.328812837600708008e-01,1.000000000000000000e+00
0.000000000000000000e+00,7.610000000000000000e+02,7.610000000000000320e+00,1.200000000000000000e+01,-4.100287914276123047e+00,5.841157913208007812e+00,1.299707889556884766e+00,-2.920627593994140625e-04,1.328812837600708008e-01,1.000000000000000000e+00
0.000000000000000000e+00,7.620000000000000000e+02,7.620000000000000107e+00,1.200000000000000000e+01,-4.091406345367431641e+00,5.847234725952148438e+00,1.299590945243835449e+00,-4.090070724487304688e-04,1.328812837600708008e-01,1.000000000000000000e+00
0.000000000000000000e+00,7.630000000000000000e+02,7.629999999999999893e+00,1.200000000000000000e+01,-4.092162132263183594e+00,5.846717834472656250e+00,1.300481319427490234e+00,4.813671112060546875e-04,1.328812837600708008e-01,1.000000000000000000e+00
0.000000000000000000e+00,7.640000000000000000e+02,7.640000000000000568e+00,1.199366664886474609e+01,-4.100775241851806641e+00,5.840824604034423828e+00,1.300408720970153809e+00,4.087686538696289062e-04,1.328812837600708008e-01,0.000000000000000000e+00
0.000000000000000000e+00,7.650000000000000000e+02,7.650000000000000355e+00,1.200000000000000000e+01,-4.095415115356445312e+00,5.844492435455322266e+00,1.298965454101562500e+00,-1.034498214721679688e-03,1.328812837600708008e-01,1.000000000000000000e+00
0.000000000000000000e+00,7.660000000000000000e+02,7.660000000000000142e+00,1.200000000000000000e+01,-4.098831176757812500e+00,5.842155456542968750e+00,1.300068020820617676e+00,6.806850433349609375e-05,1.328812837600708008e-01,1.000000000000000000e+00
0.000000000000000000e+00,7.670000000000000000e+02,7.669999999999999929e+00,1.200000000000000000e+01,-4.100443840026855469e+00,5.841052055358886719e+00,1.299748897552490234e+00,-2.510547637939453125e-04,1.328812837600708008e-01,1.000000000000000000e+00
0.000000000000000000e+00,7.680000000000000000e+02,7.679999999999999716e+00,1.200000000000000000e+01,-4.091581344604492188e+00,5.847116470336914062e+00,1.299593806266784668e+00,-4.061460494995117188e-04,1.328812837600708008e-01,1.000000000000000000e+00
0.000000000000000000e+00,7.690000000000000000e+02,7.690000000000000391e+00,1.200000000000000000e+01,-4.092181205749511719e+00,5.846706390380859375e+00,1.300466775894165039e+00,4.668235778808593750e-04,1.328812837600708008e-01,1.000000000000000000e+00
0.000000000000000000e+00,7.700000000000000000e+02,7.700000000000000178e+00,1.199386405944824219e+01,-4.100654602050781250e+00,5.840908527374267578e+00,1.300396680831909180e+00,3.967285156250000000e-04,1.328812837600708008e-01,0.000000000000000000e+00
0.000000000000000000e+00,7.710000000000000000e+02,7.709999999999999964e+00,1.200000000000000000e+01,-4.095489025115966797e+00,5.844442844390869141e+00,1.298995971679687500e+00,-1.003980636596679688e-03,1.328812837600708008e-01,1.000000000000000000e+00
0.000000000000000000e+00,7.720000000000000000e+02,7.719999999999999751e+00,1.200000000000000000e+01,-4.099096298217773438e+00,5.841974735260009766e+00,1.300076007843017578e+00,7.605552673339843750e-05,1.328812837600708008e-01,1.000000000000000000e+00
0.000000000000000000e+00,7.730000000000000000e+02,7.730000000000000426e+00,1.200000000000000000e+01,-4.100405693054199219e+00,5.841078758239746094e+00,1.299727082252502441e+00,-2.728700637817382812e-04,1.328812837600708008e-01,1.000000000000000000e+00
0.000000000000000000e+00,7.740000000000000000e+02,7.740000000000000213e+00,1.200000000000000000e+01,-4.091478347778320312e+00,5.847187042236328125e+00,1.299588680267333984e+00,-4.112720489501953125e-04,1.328812837600708008e-01,1.000000000000000000e+00
0.000000000000000000e+00,7.750000000000000000e+02,7.750000000000000000e+00,1.200000000000000000e+01,-4.092140197753906250e+00,5.846734523773193359e+00,1.300473928451538086e+00,4.739761352539062500e-04,1.328812837600708008e-01,1.000000000000000000e+00
0.000000000000000000e+00,7.760000000000000000e+02,7.759999999999999787e+00,1.199390983581542969e+01,-4.100582122802734375e+00,5.840958118438720703e+00,1.300394654273986816e+00,3.947019577026367188e-04,1.328812837600708008e-01,0.000000000000000000e+00
0.000000000000000000e+00,7.770000000000000000e+02,7.770000000000000462e+00,1.200000000000000000e+01,-4.095406532287597656e+00,5.844499111175537109e+00,1.298995971679687500e+00,-1.003980636596679688e-03,1.328812837600708008e-01,1.000000000000000000e+00
0.000000000000000000e+00,7.780000000000000000e+02,7.780000000000000249e+00,1.200000000000000000e+01,-4.099100589752197266e+00,5.841971874237060547e+00,1.300079941749572754e+00,7.998943328857421875e-05,1.328812837600708008e-01,1.000000000000000000e+00
0.000000000000000000e+00,7.790000000000000000e+02,7.790000000000000036e+00,1.200000000000000000e+01,-4.100311756134033203e+00,5.841143131256103516e+00,1.299720287322998047e+00,-2.796649932861328125e-04,1.328812837600708008e-01,1.000000000000000000e+00
0.000000000000000000e+00,7.800000000000000000e+02,7.799999999999999822e+00,1.200000000000000000e+01,-4.091577529907226562e+00,5.847119331359863281e+00,1.299607515335083008e+00,-3.924369812011718750e-04,1.329249590635299683e-01,1.000000000000000000e+00
0.000000000000000000e+00,7.810000000000000000e+02,7.810000000000000497e+00,1.200000000000000000e+01,-4.092061519622802734e+00,5.846788406372070312e+00,1.300457239151000977e+00,4.572868347167968750e-04,1.329249590635299683e-01,1.000000000000000000e+00
0.000000000000000000e+00,7.820000000000000000e+02,7.820000000000000284e+00,1.199367141723632812e+01,-4.100672721862792969e+00,5.840896129608154297e+00,1.300411343574523926e+00,4.113912582397460938e-04,1.329249590635299683e-01,0.000000000000000000e+00
0.000000000000000000e+00,7.830000000000000000e+02,7.830000000000000071e+00,1.200000000000000000e+01,-4.095235824584960938e+00,5.844616413116455078e+00,1.298958420753479004e+00,-1.041531562805175781e-03,1.329249590635299683e-01,1.000000000000000000e+00
0.000000000000000000e+00,7.840000000000000000e+02,7.839999999999999858e+00,1.200000000000000000e+01,-4.099271774291992188e+00,5.841854572296142578e+00,1.300095200538635254e+00,9.524822235107421875e-05,1.329249590635299683e-01,1.000000000000000000e+00
0.000000000000000000e+00,7.850000000000000000e+02,7.850000000000000533e+00,1.200000000000000000e+01,-4.100284099578857422e+00,5.841161727905273438e+00,1.299705624580383301e+00,-2.943277359008789062e-04,1.329249590635299683e-01,1.000000000000000000e+00
0.000000000000000000e+00,7.860000000000000000e+02,7.860000000000000320e+00,1.200000000000000000e+01,-4.091499328613281250e+00,5.847172260284423828e+00,1.299603819847106934e+00,-3.961324691772460938e-04,1.329249590635299683e-01,1.000000000000000000e+00
0.000000000000000000e+00,7.870000000000000000e+02,7.870000000000000107e+00,1.200000000000000000e+01,-4.092086791992187500e+00,5.846770286560058594e+00,1.300468564033508301e+00,4.686117172241210938e-04,1.329249590635299683e-01,1.000000000000000000e+00
0.000000000000000000e+00,7.880000000000000000e+02,7.879999999999999893e+00,1.199371051788330078e+01,-4.100669384002685547e+00,5.840897560119628906e+00,1.300409674644470215e+00,4.097223281860351562e-04,1.329249590635299683e-01,0.000000000000000000e+00
0.000000000000000000e+00,7.890000000000000000e+02,7.890000000000000568e+00,1.200000000000000000e+01,-4.095242500305175781e+00,5.844610691070556641e+00,1.298961520195007324e+00,-1.038432121276855469e-03,1.329249590635299683e-01,1.000000000000000000e+00
0.000000000000000000e+00,7.900000000000000000e+02,7.900000000000000355e+00,1.199978637695312500e+01,-4.099478244781494141e+00,5.841712474822998047e+00,1.300104975700378418e+00,1.050233840942382812e-04,1.329249590635299683e-01,0.000000000000000000e+00
0.000000000000000000e+00,7.910000000000000000e+02,7.910000000000000142e+00,1.200000000000000000e+01,-4.100108146667480469e+00,5.841281414031982422e+00,1.299675226211547852e+00,-3.247261047363281250e-04,1.329249590635299683e-01,1.000000000000000000e+00
0.000000000000000000e+00,7.920000000000000000e+02,7.919999999999999929e+00,1.200000000000000000e+01,-4.091368198394775391e+00,5.847261428833007812e+00,1.299608707427978516e+00,-3.912448883056640625e-04,1.329249590635299683e-01,1.000000000000000000e+00
0.000000000000000000e+00,7.930000000000000000e+02,7.930000000000000604e+00,1.200000000000000000e+01,-4.092103004455566406e+00,5.846758842468261719e+00,1.300484418869018555e+00,4.844665527343750000e-04,1.329249590635299683e-01,1.000000000000000000e+00
0.000000000000000000e+00,7.940000000000000000e+02,7.940000000000000391e+00,1.199375629425048828e+01,-4.100653648376464844e+00,5.840908050537109375e+00,1.300407648086547852e+00,4.076957702636718750e-04,1.329249590635299683e-01,0.000000000000000000e+00
0.000000000000000000e+00,7.950000000000000000e+02,7.950000000000000178e+00,1.200000000000000000e+01,-4.095324039459228516e+00,5.844554901123046875e+00,1.298977613449096680e+00,-1.022338867187500000e-03,1.329249590635299683e-01,1.000000000000000000e+00
0.000000000000000000e+00,7.960000000000000000e+02,7.959999999999999964e+00,1.200000000000000000e+01,-4.099232196807861328e+00,5.841880798339843750e+00,1.300090432167053223e+00,9.047985076904296875e-05,1.329249590635299683e-01,1.000000000000000000e+00
0.000000000000000000e+00,7.970000000000000000e+02,7.969999999999999751e+00,1.200000000000000000e+01,-4.100352764129638672e+00,5.841114044189453125e+00,1.299715757369995117e+00,-2.841949462890625000e-04,1.329249590635299683e-01,1.000000000000000000e+00
0.000000000000000000e+00,7.980000000000000000e+02,7.980000000000000426e+00,1.200000000000000000e+01,-4.091560840606689453e+00,5.847129344940185547e+00,1.299605131149291992e+00,-3.948211669921875000e-04,1.329249590635299683e-01,1.000000000000000000e+00
0.000000000000000000e+00,7.990000000000000000e+02,7.990000000000000213e+00,1.200000000000000000e+01,-4.092079639434814453e+00,5.846774578094482422e+00,1.300463795661926270e+00,4.638433456420898438e-04,1.329249590635299683e-01,1.000000000000000000e+00
0.000000000000000000e+00,8.000000000000000000e+02,8.000000000000000000e+00,1.199390697479248047e+01,-4.100524902343750000e+00,5.840995788574218750e+00,1.300398707389831543e+00,3.987550735473632812e-04,1.328871250152587891e-01,0.000000000000000000e+00
0.000000000000000000e+00,8.010000000000000000e+02,8.009999999999999787e+00,1.200000000000000000e+01,-4.095353126525878906e+00,5.844534873962402344e+00,1.299002408981323242e+00,-9.975433349609375000e-04,1.328871250152587891e-01,1.000000000000000000e+00
0.000000000000000000e+00,8.020000000000000000e+02,8.019999999999999574e+00,1.200000000000000000e+01,-4.099320411682128906e+00,5.841820240020751953e+00,1.300093531608581543e+00,9.357929229736328125e-05,1.328871250152587891e-01,1.000000000000000000e+00
0.000000000000000000e+00,8.030000000000000000e+02,8.029999999999999361e+00,1.200000000000000000e+01,-4.100165843963623047e+00,5.841241836547851562e+00,1.299694657325744629e+00,-3.052949905395507812e-04,1.328871250152587891e-01,1.000000000000000000e+00
0.000000000000000000e+00,8.040000000000000000e+02,8.040000000000000924e+00,1.200000000000000000e+01,-4.091396331787109375e+00,5.847242355346679688e+00,1.299607872962951660e+00,-3.920793533325195312e-04,1.328871250152587891e-01,1.000000000000000000e+00
0.000000000000000000e+00,8.050000000000000000e+02,8.050000000000000711e+00,1.200000000000000000e+01,-4.092078208923339844e+00,5.846776008605957031e+00,1.300481081008911133e+00,4.811286926269531250e-04,1.328871250152587891e-01,1.000000000000000000e+00
0.000000000000000000e+00,8.060000000000000000e+02,8.060000000000000497e+00,1.199389934539794922e+01,-4.100528717041015625e+00,5.840993404388427734e+00,1.300400137901306152e+00,4.001855850219726562e-04,1.328871250152587891e-01,0.000000000000000000e+00
0.000000000000000000e+00,8.070000000000000000e+02,8.070000000000000284e+00,1.200000000000000000e+01,-4.095461845397949219e+00,5.844460487365722656e+00,1.299019217491149902e+00,-9.807348251342773438e-04,1.328871250152587891e-01,1.000000000000000000e+00
0.000000000000000000e+00,8.080000000000000000e+02,8.080000000000000071e+00,1.200000000000000000e+01,-4.099083900451660156e+00,5.841981887817382812e+00,1.300079107284545898e+00,7.915496826171875000e-05,1.328871250152587891e-01,1.000000000000000000e+00
0.000000000000000000e+00,8.090000000000000000e+02,8.089999999999999858e+00,1.200000000000000000e+01,-4.100273609161376953e+00,5.841167926788330078e+00,1.299722552299499512e+00,-2.774000167846679688e-04,1.328871250152587891e-01,1.000000000000000000e+00
0.000000000000000000e+00,8.100000000000000000e+02,8.099999999999999645e+00,1.200000000000000000e+01,-4.091504573822021484e+00,5.847167968750000000e+00,1.299608945846557617e+00,-3.910064697265625000e-04,1.328871250152587891e-01,1.000000000000000000e+00
0.000000000000000000e+00,8.110000000000000000e+02,8.109999999999999432e+00,1.200000000000000000e+01,-4.092140674591064453e+00,5.846733093261718750e+00,1.300477504730224609e+00,4.775524139404296875e-04,1.328871250152587891e-01,1.000000000000000000e+00
0.000000000000000000e+00,8.120000000000000000e+02,8.120000000000000995e+00,1.199379634857177734e+01,-4.100662708282470703e+00,5.840901851654052734e+00,1.300407767295837402e+00,4.078149795532226562e-04,1.328871250152587891e-01,0.000000000000000000e+00
0.000000000000000000e+00,8.130000000000000000e+02,8.130000000000000782e+00,1.200000000000000000e+01,-4.095277309417724609e+00,5.844586849212646484e+00,1.298973798751831055e+00,-1.026153564453125000e-03,1.328871250152587891e-01,1.000000000000000000e+00
0.000000000000000000e+00,8.140000000000000000e+02,8.140000000000000568e+00,1.199998950958251953e+01,-4.099369049072265625e+00,5.841787338256835938e+00,1.300100088119506836e+00,1.001358032226562500e-04,1.328871250152587891e-01,0.000000000000000000e+00
0.000000000000000000e+00,8.150000000000000000e+02,8.150000000000000355e+00,1.200000000000000000e+01,-4.100293159484863281e+00,5.841155052185058594e+00,1.299702644348144531e+00,-2.973079681396484375e-04,1.328871250152587891e-01,1.000000000000000000e+00
0.000000000000000000e+00,8.160000000000000000e+02,8.160000000000000142e+00,1.200000000000000000e+01,-4.091502189636230469e+00,5.847169876098632812e+00,1.299607872962951660e+00,-3.920793533325195312e-04,1.328871250152587891e-01,1.000000000000000000e+00
0.000000000000000000e+00,8.170000000000000000e+02,8.169999999999999929e+00,1.200000000000000000e+01,-4.092074871063232422e+00,5.846778392791748047e+00,1.300472140312194824e+00,4.721879959106445312e-04,1.328871250152587891e-01,1.000000000000000000e+00
0.000000000000000000e+00,8.180000000000000000e+02,8.179999999999999716e+00,1.199366474151611328e+01,-4.100691318511962891e+00,5.840882778167724609e+00,1.300417542457580566e+00,4.175901412963867188e-04,1.328871250152587891e-01,0.000000000000000000e+00
0.000000000000000000e+00,8.190000000000000000e+02,8.189999999999999503e+00,1.200000000000000000e+01,-4.095195293426513672e+00,5.844643115997314453e+00,1.298958659172058105e+00,-1.041293144226074219e-03,1.328871250152587891e-01,1.000000000000000000e+00
0.000000000000000000e+00,8.200000000000000000e+02,8.199999999999999289e+00,1.199995136260986328e+01,-4.099316120147705078e+00,5.841823577880859375e+00,1.300101876258850098e+00,1.019239425659179688e-04,1.328761130571365356e-01,0.000000000000000000e+00
0.000000000000000000e+00,8.210000000000000000e+02,8.210000000000000853e+00,1.200000000000000000e+01,-4.100151538848876953e+00,5.841252326965332031e+00,1.299696207046508789e+00,-3.037452697753906250e-04,1.328761130571365356e-01,1.000000000000000000e+00
0.000000000000000000e+00,8.220000000000000000e+02,8.220000000000000639e+00,1.200000000000000000e+01,-4.091352462768554688e+00,5.847272872924804688e+00,1.299607872962951660e+00,-3.920793533325195312e-04,1.328761130571365356e-01,1.000000000000000000e+00
0.000000000000000000e+00,8.230000000000000000e+02,8.230000000000000426e+00,1.200000000000000000e+01,-4.092107295989990234e+00,5.846756458282470703e+00,1.300491571426391602e+00,4.916191101074218750e-04,1.328761130571365356e-01,1.000000000000000000e+00
0.000000000000000000e+00,8.240000000000000000e+02,8.240000000000000213e+00,1.199382686614990234e+01,-4.100608348846435547e+00,5.840939521789550781e+00,1.300407648086547852e+00,4.076957702636718750e-04,1.328761130571365356e-01,0.000000000000000000e+00
0.000000000000000000e+00,8.250000000000000000e+02,8.250000000000000000e+00,1.200000000000000000e+01,-4.095213890075683594e+00,5.844630718231201172e+00,1.298975348472595215e+00,-1.024603843688964844e-03,1.328761130571365356e-01,1.000000000000000000e+00
0.000000000000000000e+00,8.260000000000000000e+02,8.259999999999999787e+00,1.199993228912353516e+01,-4.099347591400146484e+00,5.841802597045898438e+00,1.300102949142456055e+00,1.029968261718750000e-04,1.328761130571365356e-01,0.000000000000000000e+00
0.000000000000000000e+00,8.270000000000000000e+02,8.269999999999999574e+00,1.200000000000000000e+01,-4.100135803222656250e+00,5.841263294219970703e+00,1.299693226814270020e+00,-3.067255020141601562e-04,1.328761130571365356e-01,1.000000000000000000e+00
0.000000000000000000e+00,8.280000000000000000e+02,8.279999999999999361e+00,1.200000000000000000e+01,-4.091432094573974609e+00,5.847218036651611328e+00,1.299617528915405273e+00,-3.824234008789062500e-04,1.328761130571365356e-01,1.000000000000000000e+00
0.000000000000000000e+00,8.290000000000000000e+02,8.290000000000000924e+00,1.200000000000000000e+01,-4.092148303985595703e+00,5.846727848052978516e+00,1.300488710403442383e+00,4.887580871582031250e-04,1.328761130571365356e-01,1.000000000000000000e+00
0.000000000000000000e+00,8.300000000000000000e+02,8.300000000000000711e+00,1.199384021759033203e+01,-4.100638866424560547e+00,5.840918064117431641e+00,1.300407648086547852e+00,4.076957702636718750e-04,1.328761130571365356e-01,0.000000000000000000e+00
0.000000000000000000e+00,8.310000000000000000e+02,8.310000000000000497e+00,1.200000000000000000e+01,-4.095290660858154297e+00,5.844577312469482422e+00,1.298983812332153320e+00,-1.016139984130859375e-03,1.328761130571365356e-01,1.000000000000000000e+00
0.000000000000000000e+00,8.320000000000000000e+02,8.320000000000000284e+00,1.200000000000000000e+01,-4.099195957183837891e+00,5.841905117034912109e+00,1.300092935562133789e+00,9.298324584960937500e-05,1.328761130571365356e-01,1.000000000000000000e+00
0.000000000000000000e+00,8.330000000000000000e+02,8.330000000000000071e+00,1.200000000000000000e+01,-4.100259304046630859e+00,5.841177463531494141e+00,1.299715876579284668e+00,-2.840757369995117188e-04,1.328761130571365356e-01,1.000000000000000000e+00
0.000000000000000000e+00,8.340000000000000000e+02,8.339999999999999858e+00,1.200000000000000000e+01,-4.091551303863525391e+00,5.847135543823242188e+00,1.299618124961853027e+00,-3.818273544311523438e-04,1.328761130571365356e-01,1.000000000000000000e+00
0.000000000000000000e+00,8.350000000000000000e+02,8.349999999999999645e+00,1.200000000000000000e+01,-4.092026710510253906e+00,5.846810817718505859e+00,1.300465345382690430e+00,4.653930664062500000e-04,1.328761130571365356e-01,1.000000000000000000e+00
0.000000000000000000e+00,8.360000000000000000e+02,8.359999999999999432e+00,1.199367523193359375e+01,-4.100636482238769531e+00,5.840919494628906250e+00,1.300419688224792480e+00,4.197359085083007812e-04,1.328761130571365356e-01,0.000000000000000000e+00
0.000000000000000000e+00,8.370000000000000000e+02,8.370000000000000995e+00,1.200000000000000000e+01,-4.095244884490966797e+00,5.844608783721923828e+00,1.298978567123413086e+00,-1.021385192871093750e-03,1.328761130571365356e-01,1.000000000000000000e+00
0.000000000000000000e+00,8.380000000000000000e+02,8.380000000000000782e+00,1.199946022033691406e+01,-4.099710941314697266e+00,5.841553211212158203e+00,1.300120234489440918e+00,1.202821731567382812e-04,1.328761130571365356e-01,0.000000000000000000e+00
0.000000000000000000e+00,8.390000000000000000e+02,8.390000000000000568e+00,1.200000000000000000e+01,-4.099519252777099609e+00,5.841684341430664062e+00,1.299610018730163574e+00,-3.899335861206054688e-04,1.328761130571365356e-01,1.000000000000000000e+00
0.000000000000000000e+00,8.400000000000000000e+02,8.400000000000000355e+00,1.200000000000000000e+01,-4.091800689697265625e+00,5.846965789794921875e+00,1.299702882766723633e+00,-2.970695495605468750e-04,1.328849792480468750e-01,1.000000000000000000e+00
0.000000000000000000e+00,8.410000000000000000e+02,8.410000000000000142e+00,1.200000000000000000e+01,-4.092047691345214844e+00,5.846796989440917969e+00,1.300444006919860840e+00,4.440546035766601562e-04,1.328849792480468750e-01,1.000000000000000000e+00
0.000000000000000000e+00,8.420000000000000000e+02,8.419999999999999929e+00,1.199374961853027344e+01,-4.100604534149169922e+00,5.840941905975341797e+00,1.300415635108947754e+00,4.156827926635742188e-04,1.328849792480468750e-01,0.000000000000000000e+00
0.000000000000000000e+00,8.430000000000000000e+02,8.429999999999999716e+00,1.200000000000000000e+01,-4.095251083374023438e+00,5.844604969024658203e+00,1.298985719680786133e+00,-1.014232635498046875e-03,1.328849792480468750e-01,1.000000000000000000e+00
0.000000000000000000e+00,8.440000000000000000e+02,8.439999999999999503e+00,1.199999141693115234e+01,-4.099342346191406250e+00,5.841805934906005859e+00,1.300102353096008301e+00,1.024007797241210938e-04,1.328849792480468750e-01,0.000000000000000000e+00
0.000000000000000000e+00,8.450000000000000000e+02,8.449999999999999289e+00,1.200000000000000000e+01,-4.100146293640136719e+00,5.841255664825439453e+00,1.299696922302246094e+00,-3.030300140380859375e-04,1.328849792480468750e-01,1.000000000000000000e+00
0.000000000000000000e+00,8.460000000000000000e+02,8.460000000000000853e+00,1.200000000000000000e+01,-4.091417312622070312e+00,5.847228527069091797e+00,1.299617886543273926e+00,-3.820657730102539062e-04,1.328849792480468750e-01,1.000000000000000000e+00
0.000000000000000000e+00,8.470000000000000000e+02,8.470000000000000639e+00,1.200000000000000000e+01,-4.091838836669921875e+00,5.846940517425537109e+00,1.300461769104003906e+00,4.618167877197265625e-04,1.328849792480468750e-01,1.000000000000000000e+00
0.000000000000000000e+00,8.480000000000000000e+02,8.480000000000000426e+00,1.199350261688232422e+01,-4.100574016571044922e+00,5.840963363647460938e+00,1.300433397293090820e+00,4.334449768066406250e-04,1.328849792480468750e-01,0.000000000000000000e+00
0.000000000000000000e+00,8.490000000000000000e+02,8.490000000000000213e+00,1.200000000000000000e+01,-4.095019817352294922e+00,5.844763755798339844e+00,1.298956871032714844e+00,-1.043081283569335938e-03,1.328849792480468750e-01,1.000000000000000000e+00
0.000000000000000000e+00,8.500000000000000000e+02,8.500000000000000000e+00,1.199926567077636719e+01,-4.099627017974853516e+00,5.841611385345458984e+00,1.300128459930419922e+00,1.285076141357421875e-04,1.328849792480468750e-01,0.000000000000000000e+00
0.000000000000000000e+00,8.510000000000000000e+02,8.509999999999999787e+00,1.200000000000000000e+01,-4.099280357360839844e+00,5.841848373413085938e+00,1.299597263336181641e+00,-4.026889801025390625e-04,1.328849792480468750e-01,1.000000000000000000e+00
0.000000000000000000e+00,8.520000000000000000e+02,8.519999999999999574e+00,1.200000000000000000e+01,-4.091708660125732422e+00,5.847029209136962891e+00,1.299715876579284668e+00,-2.840757369995117188e-04,1.328849792480468750e-01,1.000000000000000000e+00
0.000000000000000000e+00,8.530000000000000000e+02,8.529999999999999361e+00,1.200000000000000000e+01,-4.092036247253417969e+00,5.846805095672607422e+00,1.300453782081604004e+00,4.538297653198242188e-04,1.328849792480468750e-01,1.000000000000000000e+00
0.000000000000000000e+00,8.540000000000000000e+02,8.540000000000000924e+00,1.199375057220458984e+01,-4.100592136383056641e+00,5.840950489044189453e+00,1.300417423248291016e+00,4.174709320068359375e-04,1.328849792480468750e-01,0.000000000000000000e+00
0.000000000000000000e+00,8.550000000000000000e+02,8.550000000000000711e+00,1.200000000000000000e+01,-4.095270633697509766e+00,5.844591617584228516e+00,1.298993349075317383e+00,-1.006603240966796875e-03,1.328849792480468750e-01,1.000000000000000000e+00
0.000000000000000000e+00,8.560000000000000000e+02,8.560000000000000497e+00,1.200000000000000000e+01,-4.099275588989257812e+00,5.841851234436035156e+00,1.300099253654479980e+00,9.930133819580078125e-05,1.328849792480468750e-01,1.000000000000000000e+00
0.000000000000000000e+00,8.570000000000000000e+02,8.570000000000000284e+00,1.200000000000000000e+01,-4.100188255310058594e+00,5.841226577758789062e+00,1.299707174301147461e+00,-2.927780151367187500e-04,1.328849792480468750e-01,1.000000000000000000e+00
0.000000000000000000e+00,8.580000000000000000e+02,8.580000000000000071e+00,1.200000000000000000e+01,-4.091363430023193359e+00,5.847264766693115234e+00,1.299610972404479980e+00,-3.889799118041992188e-04,1.328849792480468750e-01,1.000000000000000000e+00
0.000000000000000000e+00,8.590000000000000000e+02,8.589999999999999858e+00,1.200000000000000000e+01,-4.091903209686279297e+00,5.846895694732666016e+00,1.300475597381591797e+00,4.756450653076171875e-04,1.328849792480468750e-01,1.000000000000000000e+00
0.000000000000000000e+00,8.600000000000000000e+02,8.599999999999999645e+00,1.199383354187011719e+01,-4.100403308868408203e+00,5.841079711914062500e+00,1.300412893295288086e+00,4.129409790039062500e-04,1.329398900270462036e-01,0.000000000000000000e+00
0.000000000000000000e+00,8.610000000000000000e+02,8.609999999999999432e+00,1.200000000000000000e+01,-4.095137596130371094e+00,5.844682693481445312e+00,1.299002766609191895e+00,-9.971857070922851562e-04,1.329398900270462036e-01,1.000000000000000000e+00
0.000000000000000000e+00,8.620000000000000000e+02,8.620000000000000995e+00,1.199958705902099609e+01,-4.099515914916992188e+00,5.841686725616455078e+00,1.300117731094360352e+00,1.177787780761718750e-04,1.329398900270462036e-01,0.000000000000000000e+00
0.000000000000000000e+00,8.630000000000000000e+02,8.630000000000000782e+00,1.200000000000000000e+01,-4.099768638610839844e+00,5.841514110565185547e+00,1.299653053283691406e+00,-3.468990325927734375e-04,1.329398900270462036e-01,1.000000000000000000e+00
0.000000000000000000e+00,8.640000000000000000e+02,8.640000000000000568e+00,1.200000000000000000e+01,-4.091376304626464844e+00,5.847256660461425781e+00,1.299650073051452637e+00,-3.498792648315429688e-04,1.329398900270462036e-01,1.000000000000000000e+00
0.000000000000000000e+00,8.650000000000000000e+02,8.650000000000000355e+00,1.200000000000000000e+01,-4.091954231262207031e+00,5.846861362457275391e+00,1.300480484962463379e+00,4.805326461791992188e-04,1.329398900270462036e-01,1.000000000000000000e+00
0.000000000000000000e+00,8.660000000000000000e+02,8.660000000000000142e+00,1.199373054504394531e+01,-4.100525856018066406e+00,5.840996265411376953e+00,1.300420641899108887e+00,4.206895828247070312e-04,1.329398900270462036e-01,0.000000000000000000e+00
0.000000000000000000e+00,8.670000000000000000e+02,8.669999999999999929e+00,1.200000000000000000e+01,-4.095185279846191406e+00,5.844650268554687500e+00,1.298993229866027832e+00,-1.006722450256347656e-03,1.329398900270462036e-01,1.000000000000000000e+00
0.000000000000000000e+00,8.680000000000000000e+02,8.679999999999999716e+00,1.199995422363281250e+01,-4.099303722381591797e+00,5.841832160949707031e+00,1.300105452537536621e+00,1.055002212524414062e-04,1.329398900270462036e-01,0.000000000000000000e+00
0.000000000000000000e+00,8.690000000000000000e+02,8.689999999999999503e+00,1.200000000000000000e+01,-4.100277423858642578e+00,5.841166019439697266e+00,1.299713492393493652e+00,-2.864599227905273438e-04,1.329398900270462036e-01,1.000000000000000000e+00
0.000000000000000000e+00,8.700000000000000000e+02,8.700000000000001066e+00,1.200000000000000000e+01,-4.091293334960937500e+00,5.847313404083251953e+00,1.299598097801208496e+00,-4.018545150756835938e-04,1.329398900270462036e-01,1.000000000000000000e+00
0.000000000000000000e+00,8.710000000000000000e+02,8.710000000000000853e+00,1.200000000000000000e+01,-4.091978073120117188e+00,5.846845149993896484e+00,1.300492286682128906e+00,4.923343658447265625e-04,1.329398900270462036e-01,1.000000000000000000e+00
0.000000000000000000e+00,8.720000000000000000e+02,8.720000000000000639e+00,1.199392986297607422e+01,-4.100409030914306641e+00,5.841076374053955078e+00,1.300408244132995605e+00,4.082918167114257812e-04,1.329398900270462036e-01,0.000000000000000000e+00
0.000000000000000000e+00,8.730000000000000000e+02,8.730000000000000426e+00,1.200000000000000000e+01,-4.095176219940185547e+00,5.844656944274902344e+00,1.299010515213012695e+00,-9.894371032714843750e-04,1.329398900270462036e-01,1.000000000000000000e+00
0.000000000000000000e+00,8.740000000000000000e+02,8.740000000000000213e+00,1.200000000000000000e+01,-4.099145889282226562e+00,5.841940879821777344e+00,1.300098896026611328e+00,9.894371032714843750e-05,1.329398900270462036e-01,1.000000000000000000e+00
0.000000000000000000e+00,8.750000000000000000e+02,8.750000000000000000e+00,1.200000000000000000e+01,-4.099991321563720703e+00,5.841362476348876953e+00,1.299703955650329590e+00,-2.959966659545898438e-04,1.329398900270462036e-01,1.000000000000000000e+00
0.000000000000000000e+00,8.760000000000000000e+02,8.759999999999999787e+00,1.200000000000000000e+01,-4.091435432434082031e+00,5.847216606140136719e+00,1.299637556076049805e+00,-3.623962402343750000e-04,1.329398900270462036e-01,1.000000000000000000e+00
0.000000000000000000e+00,8.770000000000000000e+02,8.769999999999999574e+00,1.200000000000000000e+01,-4.091979026794433594e+00,5.846844673156738281e+00,1.300478935241699219e+00,4.789829254150390625e-04,1.329398900270462036e-01,1.000000000000000000e+00
0.000000000000000000e+00,8.780000000000000000e+02,8.779999999999999361e+00,1.199382019042968750e+01,-4.100486755371093750e+00,5.841023445129394531e+00,1.300416350364685059e+00,4.163980484008789062e-04,1.329398900270462036e-01,0.000000000000000000e+00
0.000000000000000000e+00,8.790000000000000000e+02,8.790000000000000924e+00,1.200000000000000000e+01,-4.095225334167480469e+00,5.844623565673828125e+00,1.299007654190063477e+00,-9.922981262207031250e-04,1.329398900270462036e-01,1.000000000000000000e+00
0.000000000000000000e+00,8.800000000000000000e+02,8.800000000000000711e+00,1.199997329711914062e+01,-4.099330425262451172e+00,5.841814517974853516e+00,1.300105690956115723e+00,1.057386398315429688e-04,1.328526288270950317e-01,0.000000000000000000e+00
0.000000000000000000e+00,8.810000000000000000e+02,8.810000000000000497e+00,1.200000000000000000e+01,-4.100217819213867188e+00,5.841207504272460938e+00,1.299708127975463867e+00,-2.918243408203125000e-04,1.328526288270950317e-01,1.000000000000000000e+00
0.000000000000000000e+00,8.820000000000000000e+02,8.820000000000000284e+00,1.200000000000000000e+01,-4.091331005096435547e+00,5.847288131713867188e+00,1.299608707427978516e+00,-3.912448883056640625e-04,1.328526288270950317e-01,1.000000000000000000e+00
0.000000000000000000e+00,8.830000000000000000e+02,8.830000000000000071e+00,1.200000000000000000e+01,-4.091907978057861328e+00,5.846893310546875000e+00,1.300483107566833496e+00,4.831552505493164062e-04,1.328526288270950317e-01,1.000000000000000000e+00
0.000000000000000000e+00,8.840000000000000000e+02,8.839999999999999858e+00,1.199368381500244141e+01,-4.100513935089111328e+00,5.841004371643066406e+00,1.300426483154296875e+00,4.265308380126953125e-04,1.328526288270950317e-01,0.000000000000000000e+00
0.000000000000000000e+00,8.850000000000000000e+02,8.849999999999999645e+00,1.200000000000000000e+01,-4.095026016235351562e+00,5.844758987426757812e+00,1.298975348472595215e+00,-1.024603843688964844e-03,1.328526288270950317e-01,1.000000000000000000e+00
0.000000000000000000e+00,8.860000000000000000e+02,8.859999999999999432e+00,1.199955844879150391e+01,-4.099427700042724609e+00,5.841747283935546875e+00,1.300120711326599121e+00,1.207590103149414062e-04,1.328526288270950317e-01,0.000000000000000000e+00
0.000000000000000000e+00,8.870000000000000000e+02,8.870000000000000995e+00,1.200000000000000000e+01,-4.099705696105957031e+00,5.841557025909423828e+00,1.299658298492431641e+00,-3.416538238525390625e-04,1.328526288270950317e-01,1.000000000000000000e+00
0.000000000000000000e+00,8.880000000000000000e+02,8.880000000000000782e+00,1.200000000000000000e+01,-4.091303348541259766e+00,5.847306251525878906e+00,1.299652338027954102e+00,-3.476142883300781250e-04,1.328526288270950317e-01,1.000000000000000000e+00
0.000000000000000000e+00,8.890000000000000000e+02,8.890000000000000568e+00,1.200000000000000000e+01,-4.091979026794433594e+00,5.846844196319580078e+00,1.300494194030761719e+00,4.942417144775390625e-04,1.328526288270950317e-01,1.000000000000000000e+00
0.000000000000000000e+00,8.900000000000000000e+02,8.900000000000000355e+00,1.199392986297607422e+01,-4.100410938262939453e+00,5.841074943542480469e+00,1.300410866737365723e+00,4.109144210815429688e-04,1.328526288270950317e-01,0.000000000000000000e+00
0.000000000000000000e+00,8.910000000000000000e+02,8.910000000000000142e+00,1.200000000000000000e+01,-4.095198631286621094e+00,5.844641685485839844e+00,1.299017429351806641e+00,-9.825229644775390625e-04,1.328526288270950317e-01,1.000000000000000000e+00
0.000000000000000000e+00,8.920000000000000000e+02,8.919999999999999929e+00,1.199987030029296875e+01,-4.099377155303955078e+00,5.841782569885253906e+00,1.300110101699829102e+00,1.101493835449218750e-04,1.328526288270950317e-01,0.000000000000000000e+00
0.000000000000000000e+00,8.930000000000000000e+02,8.929999999999999716e+00,1.200000000000000000e+01,-4.099992752075195312e+00,5.841361522674560547e+00,1.299687623977661133e+00,-3.123283386230468750e-04,1.328526288270950317e-01,1.000000000000000000e+00
0.000000000000000000e+00,8.940000000000000000e+02,8.939999999999999503e+00,1.200000000000000000e+01,-4.091403007507324219e+00,5.847239017486572266e+00,1.299636960029602051e+00,-3.629922866821289062e-04,1.328526288270950317e-01,1.000000000000000000e+00
0.000000000000000000e+00,8.950000000000000000e+02,8.950000000000001066e+00,1.200000000000000000e+01,-4.091944694519042969e+00,5.846868515014648438e+00,1.300481438636779785e+00,4.814863204956054688e-04,1.328526288270950317e-01,1.000000000000000000e+00
0.000000000000000000e+00,8.960000000000000000e+02,8.960000000000000853e+00,1.199377536773681641e+01,-4.100486278533935547e+00,5.841023921966552734e+00,1.300422072410583496e+00,4.221200942993164062e-04,1.328526288270950317e-01,0.000000000000000000e+00
0.000000000000000000e+00,8.970000000000000000e+02,8.970000000000000639e+00,1.200000000000000000e+01,-4.095142364501953125e+00,5.844680309295654297e+00,1.298999428749084473e+00,-1.000523567199707031e-03,1.328526288270950317e-01,1.000000000000000000e+00
0.000000000000000000e+00,8.980000000000000000e+02,8.980000000000000426e+00,1.199990749359130859e+01,-4.099295139312744141e+00,5.841838836669921875e+00,1.300109267234802246e+00,1.093149185180664062e-04,1.328526288270950317e-01,0.000000000000000000e+00
0.000000000000000000e+00,8.990000000000000000e+02,8.990000000000000213e+00,1.200000000000000000e+01,-4.100081443786621094e+00,5.841300964355468750e+00,1.299702167510986328e+00,-2.977848052978515625e-04,1.328526288270950317e-01,1.000000000000000000e+00
0.000000000000000000e+00,9.000000000000000000e+02,9.000000000000000000e+00,1.200000000000000000e+01,-4.091260910034179688e+00,5.847335815429687500e+00,1.299617171287536621e+00,-3.827810287475585938e-04,1.328562051057815552e-01,1.000000000000000000e+00
0.000000000000000000e+00,9.010000000000000000e+02,9.009999999999999787e+00,1.200000000000000000e+01,-4.091879844665527344e+00,5.846912384033203125e+00,1.300490140914916992e+00,4.901885986328125000e-04,1.328562051057815552e-01,1.000000000000000000e+00
0.000000000000000000e+00,9.020000000000000000e+02,9.019999999999999574e+00,1.199373054504394531e+01,-4.100453853607177734e+00,5.841045379638671875e+00,1.300426006317138672e+00,4.260540008544921875e-04,1.328562051057815552e-01,0.000000000000000000e+00
0.000000000000000000e+00,9.030000000000000000e+02,9.029999999999999361e+00,1.200000000000000000e+01,-4.095106601715087891e+00,5.844704151153564453e+00,1.299000144004821777e+00,-9.998083114624023438e-04,1.328562051057815552e-01,1.000000000000000000e+00
0.000000000000000000e+00,9.040000000000000000e+02,9.040000000000000924e+00,1.199999427795410156e+01,-4.099198818206787109e+00,5.841904163360595703e+00,1.300106763839721680e+00,1.068115234375000000e-04,1.328562051057815552e-01,0.000000000000000000e+00
0.000000000000000000e+00,9.050000000000000000e+02,9.050000000000000711e+00,1.200000000000000000e+01,-4.100085735321044922e+00,5.841297149658203125e+00,1.299710869789123535e+00,-2.890825271606445312e-04,1.328562051057815552e-01,1.000000000000000000e+00
0.000000000000000000e+00,9.060000000000000000e+02,9.060000000000000497e+00,1.200000000000000000e+01,-4.091379642486572266e+00,5.847254276275634766e+00,1.299628257751464844e+00,-3.716945648193359375e-04,1.328562051057815552e-01,1.000000000000000000e+00
0.000000000000000000e+00,9.070000000000000000e+02,9.070000000000000284e+00,1.200000000000000000e+01,-4.091843605041503906e+00,5.846937179565429688e+00,1.300475358963012695e+00,4.754066467285156250e-04,1.328562051057815552e-01,1.000000000000000000e+00
0.000000000000000000e+00,9.080000000000000000e+02,9.080000000000000071e+00,1.199376106262207031e+01,-4.100396633148193359e+00,5.841084480285644531e+00,1.300424814224243164e+00,4.248619079589843750e-04,1.328562051057815552e-01,0.000000000000000000e+00
0.000000000000000000e+00,9.090000000000000000e+02,9.089999999999999858e+00,1.200000000000000000e+01,-4.095049858093261719e+00,5.844742774963378906e+00,1.299001455307006836e+00,-9.984970092773437500e-04,1.328562051057815552e-01,1.000000000000000000e+00
0.000000000000000000e+00,9.100000000000000000e+02,9.099999999999999645e+00,1.199948120117187500e+01,-4.099505424499511719e+00,5.841694355010986328e+00,1.300125360488891602e+00,1.254081726074218750e-04,1.328562051057815552e-01,0.000000000000000000e+00
0.000000000000000000e+00,9.110000000000000000e+02,9.109999999999999432e+00,1.200000000000000000e+01,-4.099386215209960938e+00,5.841775894165039062e+00,1.299626588821411133e+00,-3.733634948730468750e-04,1.328562051057815552e-01,1.000000000000000000e+00
0.000000000000000000e+00,9.120000000000000000e+02,9.120000000000000995e+00,1.200000000000000000e+01,-4.091478824615478516e+00,5.847186088562011719e+00,1.299696564674377441e+00,-3.033876419067382812e-04,1.328562051057815552e-01,1.000000000000000000e+00
0.000000000000000000e+00,9.130000000000000000e+02,9.130000000000000782e+00,1.200000000000000000e+01,-4.091948032379150391e+00,5.846865177154541016e+00,1.300476908683776855e+00,4.769563674926757812e-04,1.328562051057815552e-01,1.000000000000000000e+00
0.000000000000000000e+00,9.140000000000000000e+02,9.140000000000000568e+00,1.199389362335205078e+01,-4.100406169891357422e+00,5.841077804565429688e+00,1.300416707992553711e+00,4.167556762695312500e-04,1.328562051057815552e-01,0.000000000000000000e+00
0.000000000000000000e+00,9.150000000000000000e+02,9.150000000000000355e+00,1.200000000000000000e+01,-4.095180988311767578e+00,5.844652652740478516e+00,1.299020767211914062e+00,-9.791851043701171875e-04,1.328562051057815552e-01,1.000000000000000000e+00
0.000000000000000000e+00,9.160000000000000000e+02,9.160000000000000142e+00,1.200000000000000000e+01,-4.099095821380615234e+00,5.841974258422851562e+00,1.300099253654479980e+00,9.930133819580078125e-05,1.328562051057815552e-01,1.000000000000000000e+00
0.000000000000000000e+00,9.170000000000000000e+02,9.169999999999999929e+00,1.200000000000000000e+01,-4.100131034851074219e+00,5.841266155242919922e+00,1.299723744392395020e+00,-2.762079238891601562e-04,1.328562051057815552e-01,1.000000000000000000e+00
0.000000000000000000e+00,9.180000000000000000e+02,9.179999999999999716e+00,1.200000000000000000e+01,-4.091470718383789062e+00,5.847191810607910156e+00,1.299633979797363281e+00,-3.659725189208984375e-04,1.328562051057815552e-01,1.000000000000000000e+00
0.000000000000000000e+00,9.190000000000000000e+02,9.189999999999999503e+00,1.200000000000000000e+01,-4.091848850250244141e+00,5.846933364868164062e+00,1.300468564033508301e+00,4.686117172241210938e-04,1.328562051057815552e-01,1.000000000000000000e+00
0.000000000000000000e+00,9.200000000000000000e+02,9.200000000000001066e+00,1.199368381500244141e+01,-4.100455760955810547e+00,5.841043949127197266e+00,1.300431728363037109e+00,4.317760467529296875e-04,1.329118013381958008e-01,0.000000000000000000e+00
0.000000000000000000e+00,9.210000000000000000e+02,9.210000000000000853e+00,1.200000000000000000e+01,-4.095072269439697266e+00,5.844727516174316406e+00,1.298998713493347168e+00,-1.001238822937011719e-03,1.329118013381958008e-01,1.000000000000000000e+00
0.000000000000000000e+00,9.220000000000000000e+02,9.220000000000000639e+00,1.199968338012695312e+01,-4.099384307861328125e+00,5.841776847839355469e+00,1.300118923187255859e+00,1.189708709716796875e-04,1.329118013381958008e-01,0.000000000000000000e+00
0.000000000000000000e+00,9.230000000000000000e+02,9.230000000000000426e+00,1.200000000000000000e+01,-4.099754810333251953e+00,5.841523170471191406e+00,1.299670815467834473e+00,-3.291368484497070312e-04,1.329118013381958008e-01,1.000000000000000000e+00
0.000000000000000000e+00,9.240000000000000000e+02,9.240000000000000213e+00,1.200000000000000000e+01,-4.091375827789306641e+00,5.847256660461425781e+00,1.299659013748168945e+00,-3.409385681152343750e-04,1.329118013381958008e-01,1.000000000000000000e+00
0.000000000000000000e+00,9.250000000000000000e+02,9.250000000000000000e+00,1.200000000000000000e+01,-4.091863632202148438e+00,5.846923351287841797e+00,1.300480484962463379e+00,4.805326461791992188e-04,1.329118013381958008e-01,1.000000000000000000e+00
0.000000000000000000e+00,9.260000000000000000e+02,9.259999999999999787e+00,1.199368572235107422e+01,-4.100469112396240234e+00,5.841034889221191406e+00,1.300432443618774414e+00,4.324913024902343750e-04,1.329118013381958008e-01,0.000000000000000000e+00
0.000000000000000000e+00,9.270000000000000000e+02,9.269999999999999574e+00,1.200000000000000000e+01,-4.095076084136962891e+00,5.844724655151367188e+00,1.298998594284057617e+00,-1.001358032226562500e-03,1.329118013381958008e-01,1.000000000000000000e+00
0.000000000000000000e+00,9.280000000000000000e+02,9.279999999999999361e+00,1.199991607666015625e+01,-4.099224090576171875e+00,5.841886520385742188e+00,1.300111174583435059e+00,1.112222671508789062e-04,1.329118013381958008e-01,0.000000000000000000e+00
0.000000000000000000e+00,9.290000000000000000e+02,9.290000000000000924e+00,1.200000000000000000e+01,-4.100100040435791016e+00,5.841287136077880859e+00,1.299712777137756348e+00,-2.871751785278320312e-04,1.329118013381958008e-01,1.000000000000000000e+00
0.000000000000000000e+00,9.300000000000000000e+02,9.300000000000000711e+00,1.200000000000000000e+01,-4.091241836547851562e+00,5.847348213195800781e+00,1.299617767333984375e+00,-3.821849822998046875e-04,1.329118013381958008e-01,1.000000000000000000e+00
0.000000000000000000e+00,9.310000000000000000e+02,9.310000000000000497e+00,1.200000000000000000e+01,-4.091795444488525391e+00,5.846969604492187500e+00,1.300487995147705078e+00,4.880428314208984375e-04,1.329118013381958008e-01,1.000000000000000000e+00
0.000000000000000000e+00,9.320000000000000000e+02,9.320000000000000284e+00,1.199362087249755859e+01,-4.100448131561279297e+00,5.841048717498779297e+00,1.300437808036804199e+00,4.378557205200195312e-04,1.329118013381958008e-01,0.000000000000000000e+00
0.000000000000000000e+00,9.330000000000000000e+02,9.330000000000000071e+00,1.200000000000000000e+01,-4.094879627227783203e+00,5.844858646392822266e+00,1.298973798751831055e+00,-1.026153564453125000e-03,1.329118013381958008e-01,1.000000000000000000e+00
0.000000000000000000e+00,9.340000000000000000e+02,9.339999999999999858e+00,1.199961185455322266e+01,-4.099246501922607422e+00,5.841870784759521484e+00,1.300122499465942383e+00,1.225471496582031250e-04,1.329118013381958008e-01,0.000000000000000000e+00
0.000000000000000000e+00,9.350000000000000000e+02,9.349999999999999645e+00,1.200000000000000000e+01,-4.099661350250244141e+00,5.841587066650390625e+00,1.299675822257995605e+00,-3.241300582885742188e-04,1.329118013381958008e-01,1.000000000000000000e+00
0.000000000000000000e+00,9.360000000000000000e+02,9.359999999999999432e+00,1.200000000000000000e+01,-4.091241836547851562e+00,5.847348213195800781e+00,1.299656987190246582e+00,-3.429651260375976562e-04,1.329118013381958008e-01,1.000000000000000000e+00
0.000000000000000000e+00,9.370000000000000000e+02,9.370000000000000995e+00,1.200000000000000000e+01,-4.091786861419677734e+00,5.846975326538085938e+00,1.300487995147705078e+00,4.880428314208984375e-04,1.329118013381958008e-01,1.000000000000000000e+00
0.000000000000000000e+00,9.380000000000000000e+02,9.380000000000000782e+00,1.199370861053466797e+01,-4.100378036499023438e+00,5.841096878051757812e+00,1.300432682037353516e+00,4.327297210693359375e-04,1.329118013381958008e-01,0.000000000000000000e+00
0.000000000000000000e+00,9.390000000000000000e+02,9.390000000000000568e+00,1.200000000000000000e+01,-4.095005512237548828e+00,5.844772815704345703e+00,1.299004077911376953e+00,-9.958744049072265625e-04,1.329118013381958008e-01,1.000000000000000000e+00
0.000000000000000000e+00,9.400000000000000000e+02,9.400000000000000355e+00,1.199966239929199219e+01,-4.099334716796875000e+00,5.841810703277587891e+00,1.300121068954467773e+00,1.211166381835937500e-04,1.328511685132980347e-01,0.000000000000000000e+00
0.000000000000000000e+00,9.410000000000000000e+02,9.410000000000000142e+00,1.200000000000000000e+01,-4.099592685699462891e+00,5.841634273529052734e+00,1.299663424491882324e+00,-3.365278244018554688e-04,1.328511685132980347e-01,1.000000000000000000e+00
0.000000000000000000e+00,9.420000000000000000e+02,9.419999999999999929e+00,1.200000000000000000e+01,-4.091274261474609375e+00,5.847325801849365234e+00,1.299666285514831543e+00,-3.336668014526367188e-04,1.328511685132980347e-01,1.000000000000000000e+00
0.000000000000000000e+00,9.430000000000000000e+02,9.429999999999999716e+00,1.200000000000000000e+01,-4.091951370239257812e+00,5.846862792968750000e+00,1.300502538681030273e+00,5.025863647460937500e-04,1.328511685132980347e-01,1.000000000000000000e+00
0.000000000000000000e+00,9.440000000000000000e+02,9.439999999999999503e+00,1.199397277832031250e+01,-4.100353240966796875e+00,5.841114044189453125e+00,1.300415515899658203e+00,4.155635833740234375e-04,1.328511685132980347e-01,0.000000000000000000e+00
0.000000000000000000e+00,9.450000000000000000e+02,9.450000000000001066e+00,1.200000000000000000e+01,-4.095183372497558594e+00,5.844651699066162109e+00,1.299035072326660156e+00,-9.648799896240234375e-04,1.328511685132980347e-01,1.000000000000000000e+00
0.000000000000000000e+00,9.460000000000000000e+02,9.460000000000000853e+00,1.200000000000000000e+01,-4.099115848541259766e+00,5.841960906982421875e+00,1.300102114677429199e+00,1.021623611450195312e-04,1.328511685132980347e-01,1.000000000000000000e+00
0.000000000000000000e+00,9.470000000000000000e+02,9.470000000000000639e+00,1.200000000000000000e+01,-4.100116729736328125e+00,5.841276168823242188e+00,1.299724459648132324e+00,-2.754926681518554688e-04,1.328511685132980347e-01,1.000000000000000000e+00
0.000000000000000000e+00,9.480000000000000000e+02,9.480000000000000426e+00,1.200000000000000000e+01,-4.091147899627685547e+00,5.847413063049316406e+00,1.299610018730163574e+00,-3.899335861206054688e-04,1.328511685132980347e-01,1.000000000000000000e+00
0.000000000000000000e+00,9.490000000000000000e+02,9.490000000000000213e+00,1.200000000000000000e+01,-4.091821670532226562e+00,5.846952438354492188e+00,1.300502896308898926e+00,5.029439926147460938e-04,1.328511685132980347e-01,1.000000000000000000e+00
0.000000000000000000e+00,9.500000000000000000e+02,9.500000000000000000e+00,1.199375247955322266e+01,-4.100381374359130859e+00,5.841095447540283203e+00,1.300431251525878906e+00,4.312992095947265625e-04,1.328511685132980347e-01,0.000000000000000000e+00
0.000000000000000000e+00,9.510000000000000000e+02,9.509999999999999787e+00,1.200000000000000000e+01,-4.095050334930419922e+00,5.844743251800537109e+00,1.299012660980224609e+00,-9.872913360595703125e-04,1.328511685132980347e-01,1.000000000000000000e+00
0.000000000000000000e+00,9.520000000000000000e+02,9.519999999999999574e+00,1.199953460693359375e+01,-4.099468231201171875e+00,5.841720581054687500e+00,1.300126552581787109e+00,1.266002655029296875e-04,1.328511685132980347e-01,0.000000000000000000e+00
0.000000000000000000e+00,9.530000000000000000e+02,9.529999999999999361e+00,1.200000000000000000e+01,-4.099476337432861328e+00,5.841714859008789062e+00,1.299643278121948242e+00,-3.566741943359375000e-04,1.328511685132980347e-01,1.000000000000000000e+00
0.000000000000000000e+00,9.540000000000000000e+02,9.540000000000000924e+00,1.200000000000000000e+01,-4.091322898864746094e+00,5.847293853759765625e+00,1.299681425094604492e+00,-3.185272216796875000e-04,1.328511685132980347e-01,1.000000000000000000e+00
0.000000000000000000e+00,9.550000000000000000e+02,9.550000000000000711e+00,1.200000000000000000e+01,-4.091826915740966797e+00,5.846949100494384766e+00,1.300486445426940918e+00,4.864931106567382812e-04,1.328511685132980347e-01,1.000000000000000000e+00
0.000000000000000000e+00,9.560000000000000000e+02,9.560000000000000497e+00,1.199356842041015625e+01,-4.100516319274902344e+00,5.841003417968750000e+00,1.300444722175598145e+00,4.447698593139648438e-04,1.328511685132980347e-01,0.000000000000000000e+00
0.000000000000000000e+00,9.570000000000000000e+02,9.570000000000000284e+00,1.200000000000000000e+01,-4.094821929931640625e+00,5.844899654388427734e+00,1.298960089683532715e+00,-1.039862632751464844e-03,1.328511685132980347e-01,1.000000000000000000e+00
0.000000000000000000e+00,9.580000000000000000e+02,9.580000000000000071e+00,1.199951457977294922e+01,-4.099258422851562500e+00,5.841864109039306641e+00,1.300127863883972168e+00,1.279115676879882812e-04,1.328511685132980347e-01,0.000000000000000000e+00
0.000000000000000000e+00,9.590000000000000000e+02,9.589999999999999858e+00,1.200000000000000000e+01,-4.099685668945312500e+00,5.841571807861328125e+00,1.299679636955261230e+00,-3.203153610229492188e-04,1.328511685132980347e-01,1.000000000000000000e+00
0.000000000000000000e+00,9.600000000000000000e+02,9.599999999999999645e+00,1.200000000000000000e+01,-4.091499328613281250e+00,5.847173213958740234e+00,1.299679636955261230e+00,-3.203153610229492188e-04,1.329060345888137817e-01,1.000000000000000000e+00
0.000000000000000000e+00,9.610000000000000000e+02,9.609999999999999432e+00,1.200000000000000000e+01,-4.091871738433837891e+00,5.846918582916259766e+00,1.300474166870117188e+00,4.742145538330078125e-04,1.329060345888137817e-01,1.000000000000000000e+00
0.000000000000000000e+00,9.620000000000000000e+02,9.620000000000000995e+00,1.199383831024169922e+01,-4.100369930267333984e+00,5.841103553771972656e+00,1.300427079200744629e+00,4.271268844604492188e-04,1.329060345888137817e-01,0.000000000000000000e+00
0.000000000000000000e+00,9.630000000000000000e+02,9.630000000000000782e+00,1.200000000000000000e+01,-4.095148563385009766e+00,5.844676017761230469e+00,1.299031257629394531e+00,-9.686946868896484375e-04,1.329060345888137817e-01,1.000000000000000000e+00
0.000000000000000000e+00,9.640000000000000000e+02,9.640000000000000568e+00,1.200000000000000000e+01,-4.099116325378417969e+00,5.841961383819580078e+00,1.300104975700378418e+00,1.050233840942382812e-04,1.329060345888137817e-01,1.000000000000000000e+00
0.000000000000000000e+00,9.650000000000000000e+02,9.650000000000000355e+00,1.200000000000000000e+01,-4.100217342376708984e+00,5.841207981109619141e+00,1.299734115600585938e+00,-2.658367156982421875e-04,1.329060345888137817e-01,1.000000000000000000e+00
0.000000000000000000e+00,9.660000000000000000e+02,9.660000000000000142e+00,1.200000000000000000e+01,-4.091190814971923828e+00,5.847384452819824219e+00,1.299607157707214355e+00,-3.927946090698242188e-04,1.329060345888137817e-01,1.000000000000000000e+00
0.000000000000000000e+00,9.670000000000000000e+02,9.669999999999999929e+00,1.200000000000000000e+01,-4.091771602630615234e+00,5.846987247467041016e+00,1.300495982170104980e+00,4.960298538208007812e-04,1.329060345888137817e-01,1.000000000000000000e+00
0.000000000000000000e+00,9.680000000000000000e+02,9.679999999999999716e+00,1.199364471435546875e+01,-4.100408077239990234e+00,5.841077804565429688e+00,1.300441145896911621e+00,4.411935806274414062e-04,1.329060345888137817e-01,0.000000000000000000e+00
0.000000000000000000e+00,9.690000000000000000e+02,9.689999999999999503e+00,1.200000000000000000e+01,-4.094934463500976562e+00,5.844822883605957031e+00,1.298995375633239746e+00,-1.004576683044433594e-03,1.329060345888137817e-01,1.000000000000000000e+00
0.000000000000000000e+00,9.700000000000000000e+02,9.700000000000001066e+00,1.199910259246826172e+01,-4.099658012390136719e+00,5.841590881347656250e+00,1.300144433975219727e+00,1.444816589355468750e-04,1.329060345888137817e-01,0.000000000000000000e+00
0.000000000000000000e+00,9.710000000000000000e+02,9.710000000000000853e+00,1.200000000000000000e+01,-4.098927021026611328e+00,5.842091083526611328e+00,1.299577713012695312e+00,-4.222393035888671875e-04,1.329060345888137817e-01,1.000000000000000000e+00
0.000000000000000000e+00,9.720000000000000000e+02,9.720000000000000639e+00,1.200000000000000000e+01,-4.091419219970703125e+00,5.847228527069091797e+00,1.299734234809875488e+00,-2.657175064086914062e-04,1.329060345888137817e-01,1.000000000000000000e+00
0.000000000000000000e+00,9.730000000000000000e+02,9.730000000000000426e+00,1.200000000000000000e+01,-4.091646194458007812e+00,5.847073078155517578e+00,1.300461173057556152e+00,4.612207412719726562e-04,1.329060345888137817e-01,1.000000000000000000e+00
0.000000000000000000e+00,9.740000000000000000e+02,9.740000000000000213e+00,1.199342060089111328e+01,-4.100443363189697266e+00,5.841053485870361328e+00,1.300457715988159180e+00,4.577636718750000000e-04,1.329060345888137817e-01,0.000000000000000000e+00
0.000000000000000000e+00,9.750000000000000000e+02,9.750000000000000000e+00,1.200000000000000000e+01,-4.094825267791748047e+00,5.844897747039794922e+00,1.298974990844726562e+00,-1.024961471557617188e-03,1.329060345888137817e-01,1.000000000000000000e+00
0.000000000000000000e+00,9.760000000000000000e+02,9.759999999999999787e+00,1.199904727935791016e+01,-4.099590301513671875e+00,5.841637134552001953e+00,1.300147175788879395e+00,1.472234725952148438e-04,1.329060345888137817e-01,0.000000000000000000e+00
0.000000000000000000e+00,9.770000000000000000e+02,9.769999999999999574e+00,1.200000000000000000e+01,-4.099115371704101562e+00,5.841962337493896484e+00,1.299602508544921875e+00,-3.974437713623046875e-04,1.329060345888137817e-01,1.000000000000000000e+00
0.000000000000000000e+00,9.780000000000000000e+02,9.779999999999999361e+00,1.200000000000000000e+01,-4.091506004333496094e+00,5.847168922424316406e+00,1.299727320671081543e+00,-2.726316452026367188e-04,1.329060345888137817e-01,1.000000000000000000e+00
0.000000000000000000e+00,9.790000000000000000e+02,9.790000000000000924e+00,1.200000000000000000e+01,-4.091856002807617188e+00,5.846929550170898438e+00,1.300474524497985840e+00,4.745721817016601562e-04,1.329060345888137817e-01,1.000000000000000000e+00
0.000000000000000000e+00,9.800000000000000000e+02,9.800000000000000711e+00,1.199385547637939453e+01,-4.100342273712158203e+00,5.841122627258300781e+00,1.300428390502929688e+00,4.284381866455078125e-04,1.329108029603958130e-01,0.000000000000000000e+00
0.000000000000000000e+00,9.810000000000000000e+02,9.810000000000000497e+00,1.200000000000000000e+01,-4.094988822937011719e+00,5.844785213470458984e+00,1.299015760421752930e+00,-9.841918945312500000e-04,1.329108029603958130e-01,1.000000000000000000e+00
0.000000000000000000e+00,9.820000000000000000e+02,9.820000000000000284e+00,1.199969005584716797e+01,-4.099297523498535156e+00,5.841836929321289062e+00,1.300123095512390137e+00,1.231431961059570312e-04,1.329108029603958130e-01,0.000000000000000000e+00
0.000000000000000000e+00,9.830000000000000000e+02,9.830000000000000071e+00,1.200000000000000000e+01,-4.099667072296142578e+00,5.841584205627441406e+00,1.299677848815917969e+00,-3.221035003662109375e-04,1.329108029603958130e-01,1.000000000000000000e+00
0.000000000000000000e+00,9.840000000000000000e+02,9.839999999999999858e+00,1.200000000000000000e+01,-4.091315269470214844e+00,5.847298622131347656e+00,1.299668550491333008e+00,-3.314018249511718750e-04,1.329108029603958130e-01,1.000000000000000000e+00
0.000000000000000000e+00,9.850000000000000000e+02,9.849999999999999645e+00,1.200000000000000000e+01,-4.091811180114746094e+00,5.846959590911865234e+00,1.300490021705627441e+00,4.900693893432617188e-04,1.329108029603958130e-01,1.000000000000000000e+00
0.000000000000000000e+00,9.860000000000000000e+02,9.859999999999999432e+00,1.199372386932373047e+01,-4.100390911102294922e+00,5.841089248657226562e+00,1.300438165664672852e+00,4.382133483886718750e-04,1.329108029603958130e-01,0.000000000000000000e+00
0.000000000000000000e+00,9.870000000000000000e+02,9.870000000000000995e+00,1.200000000000000000e+01,-4.094896793365478516e+00,5.844848632812500000e+00,1.298996210098266602e+00,-1.003742218017578125e-03,1.329108029603958130e-01,1.000000000000000000e+00
0.000000000000000000e+00,9.880000000000000000e+02,9.880000000000000782e+00,1.199943351745605469e+01,-4.099388599395751953e+00,5.841774940490722656e+00,1.300133109092712402e+00,1.331567764282226562e-04,1.329108029603958130e-01,0.000000000000000000e+00
0.000000000000000000e+00,9.890000000000000000e+02,9.890000000000000568e+00,1.200000000000000000e+01,-4.099316120147705078e+00,5.841824531555175781e+00,1.299640536308288574e+00,-3.594160079956054688e-04,1.329108029603958130e-01,1.000000000000000000e+00
0.000000000000000000e+00,9.900000000000000000e+02,9.900000000000000355e+00,1.200000000000000000e+01,-4.091371536254882812e+00,5.847260475158691406e+00,1.299702525138854980e+00,-2.974271774291992188e-04,1.329108029603958130e-01,1.000000000000000000e+00
0.000000000000000000e+00,9.910000000000000000e+02,9.910000000000000142e+00,1.200000000000000000e+01,-4.091774940490722656e+00,5.846984863281250000e+00,1.300481438636779785e+00,4.814863204956054688e-04,1.329108029603958130e-01,1.000000000000000000e+00
0.000000000000000000e+00,9.920000000000000000e+02,9.919999999999999929e+00,1.199377822875976562e+01,-4.100317001342773438e+00,5.841139793395996094e+00,1.300435304641723633e+00,4.353523254394531250e-04,1.329108029603958130e-01,0.000000000000000000e+00
0.000000000000000000e+00,9.930000000000000000e+02,9.929999999999999716e+00,1.200000000000000000e+01,-4.094958305358886719e+00,5.844806671142578125e+00,1.299017190933227539e+00,-9.827613830566406250e-04,1.329108029603958130e-01,1.000000000000000000e+00
0.000000000000000000e+00,9.940000000000000000e+02,9.939999999999999503e+00,1.199972724914550781e+01,-4.099241733551025391e+00,5.841875553131103516e+00,1.300122618675231934e+00,1.226663589477539062e-04,1.329108029603958130e-01,0.000000000000000000e+00
0.000000000000000000e+00,9.950000000000000000e+02,9.950000000000001066e+00,1.200000000000000000e+01,-4.099825859069824219e+00,5.841475963592529297e+00,1.299696803092956543e+00,-3.031492233276367188e-04,1.329108029603958130e-01,1.000000000000000000e+00
0.000000000000000000e+00,9.960000000000000000e+02,9.960000000000000853e+00,1.200000000000000000e+01,-4.091215610504150391e+00,5.847367286682128906e+00,1.299647927284240723e+00,-3.520250320434570312e-04,1.329108029603958130e-01,1.000000000000000000e+00
0.000000000000000000e+00,9.970000000000000000e+02,9.970000000000000639e+00,1.200000000000000000e+01,-4.091685771942138672e+00,5.847045898437500000e+00,1.300488948822021484e+00,4.889965057373046875e-04,1.329108029603958130e-01,1.000000000000000000e+00
0.000000000000000000e+00,9.980000000000000000e+02,9.980000000000000426e+00,1.199363613128662109e+01,-4.100329875946044922e+00,5.841131210327148438e+00,1.300445914268493652e+00,4.459619522094726562e-04,1.329108029603958130e-01,0.000000000000000000e+00
0.000000000000000000e+00,9.990000000000000000e+02,9.990000000000000213e+00,1.200000000000000000e+01,-4.094873428344726562e+00,5.844864368438720703e+00,1.299003958702087402e+00,-9.959936141967773438e-04,1.329108029603958130e-01,1.000000000000000000e+00
0.000000000000000000e+00,1.000000000000000000e+03,1.000000000000000000e+01,1.199937152862548828e+01,-4.099408626556396484e+00,5.841761112213134766e+00,1.300136327743530273e+00,1.363754272460937500e-04,1.329291313886642456e-01,0.000000000000000000e+00
0.000000000000000000e+00,1.001000000000000000e+03,1.000999999999999979e+01,1.200000000000000000e+01,-4.099081516265869141e+00,5.841984748840332031e+00,1.299619197845458984e+00,-3.807544708251953125e-04,1.329291313886642456e-01,1.000000000000000000e+00
0.000000000000000000e+00,1.002000000000000000e+03,1.001999999999999957e+01,1.200000000000000000e+01,-4.091350078582763672e+00,5.847275257110595703e+00,1.299720406532287598e+00,-2.795457839965820312e-04,1.329291313886642456e-01,1.000000000000000000e+00
0.000000000000000000e+00,1.003000000000000000e+03,1.002999999999999936e+01,1.200000000000000000e+01,-4.091808319091796875e+00,5.846961975097656250e+00,1.300488710403442383e+00,4.887580871582031250e-04,1.329291313886642456e-01,1.000000000000000000e+00
0.000000000000000000e+00,1.004000000000000000e+03,1.004000000000000092e+01,1.199358749389648438e+01,-4.100483894348144531e+00,5.841025829315185547e+00,1.300449967384338379e+00,4.500150680541992188e-04,1.329291313886642456e-01,0.000000000000000000e+00
0.000000000000000000e+00,1.005000000000000000e+03,1.005000000000000071e+01,1.200000000000000000e+01,-4.094910621643066406e+00,5.844839096069335938e+00,1.298988103866577148e+00,-1.011848449707031250e-03,1.329291313886642456e-01,1.000000000000000000e+00
0.000000000000000000e+00,1.006000000000000000e+03,1.006000000000000050e+01,1.199965953826904297e+01,-4.099242687225341797e+00,5.841875076293945312e+00,1.300125956535339355e+00,1.260042190551757812e-04,1.329291313886642456e-01,0.000000000000000000e+00
0.000000000000000000e+00,1.007000000000000000e+03,1.007000000000000028e+01,1.200000000000000000e+01,-4.099741935729980469e+00,5.841533660888671875e+00,1.299691200256347656e+00,-3.087520599365234375e-04,1.329291313886642456e-01,1.000000000000000000e+00
0.000000000000000000e+00,1.008000000000000000e+03,1.008000000000000007e+01,1.200000000000000000e+01,-4.091105461120605469e+00,5.847443103790283203e+00,1.299646973609924316e+00,-3.529787063598632812e-04,1.329291313886642456e-01,1.000000000000000000e+00
0.000000000000000000e+00,1.009000000000000000e+03,1.008999999999999986e+01,1.200000000000000000e+01,-4.091737747192382812e+00,5.847011089324951172e+00,1.300507307052612305e+00,5.073547363281250000e-04,1.329291313886642456e-01,1.000000000000000000e+00
0.000000000000000000e+00,1.010000000000000000e+03,1.009999999999999964e+01,1.199366760253906250e+01,-4.100358963012695312e+00,5.841112136840820312e+00,1.300445318222045898e+00,4.453659057617187500e-04,1.329291313886642456e-01,0.000000000000000000e+00
0.000000000000000000e+00,1.011000000000000000e+03,1.010999999999999943e+01,1.200000000000000000e+01,-4.094969749450683594e+00,5.844799518585205078e+00,1.299016237258911133e+00,-9.837150573730468750e-04,1.329291313886642456e-01,1.000000000000000000e+00
0.000000000000000000e+00,1.012000000000000000e+03,1.012000000000000099e+01,1.199947166442871094e+01,-4.099432945251464844e+00,5.841745853424072266e+00,1.300133347511291504e+00,1.333951950073242188e-04,1.329291313886642456e-01,0.000000000000000000e+00
0.000000000000000000e+00,1.013000000000000000e+03,1.013000000000000078e+01,1.200000000000000000e+01,-4.099395275115966797e+00,5.841771602630615234e+00,1.299646496772766113e+00,-3.534555435180664062e-04,1.329291313886642456e-01,1.000000000000000000e+00
0.000000000000000000e+00,1.014000000000000000e+03,1.014000000000000057e+01,1.200000000000000000e+01,-4.091374874114990234e+00,5.847259521484375000e+00,1.299699068069458008e+00,-3.008842468261718750e-04,1.329291313886642456e-01,1.000000000000000000e+00
0.000000000000000000e+00,1.015000000000000000e+03,1.015000000000000036e+01,1.200000000000000000e+01,-4.091711521148681641e+00,5.847029209136962891e+00,1.300477981567382812e+00,4.780292510986328125e-04,1.329291313886642456e-01,1.000000000000000000e+00
0.000000000000000000e+00,1.016000000000000000e+03,1.016000000000000014e+01,1.199367332458496094e+01,-4.100328445434570312e+00,5.841133117675781250e+00,1.300445675849914551e+00,4.457235336303710938e-04,1.329291313886642456e-01,0.000000000000000000e+00
0.000000000000000000e+00,1.017000000000000000e+03,1.016999999999999993e+01,1.200000000000000000e+01,-4.094764232635498047e+00,5.844940185546875000e+00,1.298991680145263672e+00,-1.008272171020507812e-03,1.329291313886642456e-01,1.000000000000000000e+00
0.000000000000000000e+00,1.018000000000000000e+03,1.017999999999999972e+01,1.199906730651855469e+01,-4.099516868591308594e+00,5.841688156127929688e+00,1.300149679183959961e+00,1.497268676757812500e-04,1.329291313886642456e-01,0.000000000000000000e+00
0.000000000000000000e+00,1.019000000000000000e+03,1.018999999999999950e+01,1.200000000000000000e+01,-4.098916053771972656e+00,5.842099189758300781e+00,1.299596071243286133e+00,-4.038810729980468750e-04,1.329291313886642456e-01,1.000000000000000000e+00
0.000000000000000000e+00,1.020000000000000000e+03,1.020000000000000107e+01,1.200000000000000000e+01,-4.091624736785888672e+00,5.847087860107421875e+00,1.299755215644836426e+00,-2.447366714477539062e-04,1.329112052917480469e-01,1.000000000000000000e+00
0.000000000000000000e+00,1.021000000000000000e+03,1.021000000000000085e+01,1.200000000000000000e+01,-4.091883659362792969e+00,5.846910953521728516e+00,1.300471186637878418e+00,4.712343215942382812e-04,1.329112052917480469e-01,1.000000000000000000e+00
0.000000000000000000e+00,1.022000000000000000e+03,1.022000000000000064e+01,1.199401569366455078e+01,-4.100256443023681641e+00,5.841181755065917969e+00,1.300423026084899902e+00,4.230737686157226562e-04,1.329112052917480469e-01,0.000000000000000000e+00
0.000000000000000000e+00,1.023000000000000000e+03,1.023000000000000043e+01,1.200000000000000000e+01,-4.095074176788330078e+00,5.844727516174316406e+00,1.299048781394958496e+00,-9.511709213256835938e-04,1.329112052917480469e-01,1.000000000000000000e+00
0.000000000000000000e+00,1.024000000000000000e+03,1.024000000000000021e+01,1.199987220764160156e+01,-4.099253177642822266e+00,5.841867923736572266e+00,1.300119400024414062e+00,1.194477081298828125e-04,1.329112052917480469e-01,0.000000000000000000e+00
0.000000000000000000e+00,1.025000000000000000e+03,1.025000000000000000e+01,1.200000000000000000e+01,-4.099860668182373047e+00,5.841452121734619141e+00,1.299702048301696777e+00,-2.979040145874023438e-04,1.329112052917480469e-01,1.000000000000000000e+00
0.000000000000000000e+00,1.026000000000000000e+03,1.025999999999999979e+01,1.200000000000000000e+01,-4.091252326965332031e+00,5.847342014312744141e+00,1.299651622772216797e+00,-3.483295440673828125e-04,1.329112052917480469e-01,1.000000000000000000e+00
0.000000000000000000e+00,1.027000000000000000e+03,1.026999999999999957e+01,1.200000000000000000e+01,-4.091644763946533203e+00,5.847073554992675781e+00,1.300485134124755859e+00,4.851818084716796875e-04,1.329112052917480469e-01,1.000000000000000000e+00
0.000000000000000000e+00,1.028000000000000000e+03,1.027999999999999936e+01,1.199358081817626953e+01,-4.100328922271728516e+00,5.841131210327148438e+00,1.300453782081604004e+00,4.538297653198242188e-04,1.329112052917480469e-01,0.000000000000000000e+00
0.000000000000000000e+00,1.029000000000000000e+03,1.029000000000000092e+01,1.200000000000000000e+01,-4.094856739044189453e+00,5.844875335693359375e+00,1.299007415771484375e+00,-9.925365447998046875e-04,1.329112052917480469e-01,1.000000000000000000e+00
0.000000000000000000e+00,1.030000000000000000e+03,1.030000000000000071e+01,1.199915409088134766e+01,-4.099546432495117188e+00,5.841666698455810547e+00,1.300147056579589844e+00,1.471042633056640625e-04,1.329112052917480469e-01,0.000000000000000000e+00
0.000000000000000000e+00,1.031000000000000000e+03,1.031000000000000050e+01,1.200000000000000000e+01,-4.098850250244140625e+00,5.842143058776855469e+00,1.299588680267333984e+00,-4.112720489501953125e-04,1.329112052917480469e-01,1.000000000000000000e+00
0.000000000000000000e+00,1.032000000000000000e+03,1.032000000000000028e+01,1.200000000000000000e+01,-4.091476917266845703e+00,5.847187995910644531e+00,1.299750328063964844e+00,-2.496242523193359375e-04,1.329112052917480469e-01,1.000000000000000000e+00
0.000000000000000000e+00,1.033000000000000000e+03,1.033000000000000007e+01,1.200000000000000000e+01,-4.091626644134521484e+00,5.847085952758789062e+00,1.300461649894714355e+00,4.616975784301757812e-04,1.329112052917480469e-01,1.000000000000000000e+00
0.000000000000000000e+00,1.034000000000000000e+03,1.033999999999999986e+01,1.199340915679931641e+01,-4.100431919097900391e+00,5.841060638427734375e+00,1.300466656684875488e+00,4.667043685913085938e-04,1.329112052917480469e-01,0.000000000000000000e+00
0.000000000000000000e+00,1.035000000000000000e+03,1.034999999999999964e+01,1.200000000000000000e+01,-4.094717502593994141e+00,5.844970703125000000e+00,1.298972725868225098e+00,-1.027226448059082031e-03,1.329112052917480469e-01,1.000000000000000000e+00
0.000000000000000000e+00,1.036000000000000000e+03,1.035999999999999943e+01,1.199917316436767578e+01,-4.099396228790283203e+00,5.841769218444824219e+00,1.300146818161010742e+00,1.468658447265625000e-04,1.329112052917480469e-01,0.000000000000000000e+00
0.000000000000000000e+00,1.037000000000000000e+03,1.037000000000000099e+01,1.200000000000000000e+01,-4.099012374877929688e+00,5.842031955718994141e+00,1.299618244171142578e+00,-3.817081451416015625e-04,1.329112052917480469e-01,1.000000000000000000e+00
0.000000000000000000e+00,1.038000000000000000e+03,1.038000000000000078e+01,1.200000000000000000e+01,-4.091487884521484375e+00,5.847180843353271484e+00,1.299739837646484375e+00,-2.601146697998046875e-04,1.329112052917480469e-01,1.000000000000000000e+00
0.000000000000000000e+00,1.039000000000000000e+03,1.039000000000000057e+01,1.200000000000000000e+01,-4.091636180877685547e+00,5.847079277038574219e+00,1.300462365150451660e+00,4.624128341674804688e-04,1.329112052917480469e-01,1.000000000000000000e+00
0.000000000000000000e+00,1.040000000000000000e+03,1.040000000000000036e+01,1.199360179901123047e+01,-4.100305080413818359e+00,5.841147422790527344e+00,1.300453901290893555e+00,4.539489746093750000e-04,1.329885721206665039e-01,0.000000000000000000e+00
0.000000000000000000e+00,1.041000000000000000e+03,1.041000000000000014e+01,1.200000000000000000e+01,-4.094775676727294922e+00,5.844930648803710938e+00,1.299001455307006836e+00,-9.984970092773437500e-04,1.329885721206665039e-01,1.000000000000000000e+00
0.000000000000000000e+00,1.042000000000000000e+03,1.041999999999999993e+01,1.199898242950439453e+01,-4.099586963653564453e+00,5.841638565063476562e+00,1.300154924392700195e+00,1.549720764160156250e-04,1.329885721206665039e-01,0.000000000000000000e+00
0.000000000000000000e+00,1.043000000000000000e+03,1.042999999999999972e+01,1.200000000000000000e+01,-4.098784446716308594e+00,5.842187404632568359e+00,1.299580097198486328e+00,-4.198551177978515625e-04,1.329885721206665039e-01,1.000000000000000000e+00
0.000000000000000000e+00,1.044000000000000000e+03,1.043999999999999950e+01,1.200000000000000000e+01,-4.091382026672363281e+00,5.847252368927001953e+00,1.299749374389648438e+00,-2.505779266357421875e-04,1.329885721206665039e-01,1.000000000000000000e+00
0.000000000000000000e+00,1.045000000000000000e+03,1.045000000000000107e+01,1.200000000000000000e+01,-4.091723918914794922e+00,5.847018718719482422e+00,1.300482630729675293e+00,4.826784133911132812e-04,1.329885721206665039e-01,1.000000000000000000e+00
0.000000000000000000e+00,1.046000000000000000e+03,1.046000000000000085e+01,1.199370098114013672e+01,-4.100320816040039062e+00,5.841136455535888672e+00,1.300447702407836914e+00,4.477500915527343750e-04,1.329885721206665039e-01,0.000000000000000000e+00
0.000000000000000000e+00,1.047000000000000000e+03,1.047000000000000064e+01,1.200000000000000000e+01,-4.094840049743652344e+00,5.844886779785156250e+00,1.299009919166564941e+00,-9.900331497192382812e-04,1.329885721206665039e-01,1.000000000000000000e+00
0.000000000000000000e+00,1.048000000000000000e+03,1.048000000000000043e+01,1.199938011169433594e+01,-4.099370002746582031e+00,5.841787338256835938e+00,1.300139546394348145e+00,1.395940780639648438e-04,1.329885721206665039e-01,0.000000000000000000e+00
0.000000000000000000e+00,1.049000000000000000e+03,1.049000000000000021e+01,1.200000000000000000e+01,-4.099139690399169922e+00,5.841945171356201172e+00,1.299633622169494629e+00,-3.663301467895507812e-04,1.329885721206665039e-01,1.000000000000000000e+00
0.000000000000000000e+00,1.050000000000000000e+03,1.050000000000000000e+01,1.200000000000000000e+01,-4.091330528259277344e+00,5.847288131713867188e+00,1.299719452857971191e+00,-2.804994583129882812e-04,1.329885721206665039e-01,1.000000000000000000e+00
0.000000000000000000e+00,1.051000000000000000e+03,1.050999999999999979e+01,1.200000000000000000e+01,-4.091668605804443359e+00,5.847056865692138672e+00,1.300482988357543945e+00,4.830360412597656250e-04,1.329885721206665039e-01,1.000000000000000000e+00
0.000000000000000000e+00,1.052000000000000000e+03,1.051999999999999957e+01,1.199365139007568359e+01,-4.100301742553710938e+00,5.841149330139160156e+00,1.300451993942260742e+00,4.520416259765625000e-04,1.329885721206665039e-01,0.000000000000000000e+00
0.000000000000000000e+00,1.053000000000000000e+03,1.052999999999999936e+01,1.200000000000000000e+01,-4.094867229461669922e+00,5.844867706298828125e+00,1.299017667770385742e+00,-9.822845458984375000e-04,1.329885721206665039e-01,1.000000000000000000e+00
0.000000000000000000e+00,1.054000000000000000e+03,1.054000000000000092e+01,1.199938106536865234e+01,-4.099395751953125000e+00,5.841769218444824219e+00,1.300139904022216797e+00,1.399517059326171875e-04,1.329885721206665039e-01,0.000000000000000000e+00
0.000000000000000000e+00,1.055000000000000000e+03,1.055000000000000071e+01,1.200000000000000000e+01,-4.099089145660400391e+00,5.841979026794433594e+00,1.299627542495727539e+00,-3.724098205566406250e-04,1.329885721206665039e-01,1.000000000000000000e+00
0.000000000000000000e+00,1.056000000000000000e+03,1.056000000000000050e+01,1.200000000000000000e+01,-4.091415405273437500e+00,5.847229480743408203e+00,1.299730420112609863e+00,-2.695322036743164062e-04,1.329885721206665039e-01,1.000000000000000000e+00
0.000000000000000000e+00,1.057000000000000000e+03,1.057000000000000028e+01,1.200000000000000000e+01,-4.091701507568359375e+00,5.847033977508544922e+00,1.300478577613830566e+00,4.786252975463867188e-04,1.329885721206665039e-01,1.000000000000000000e+00
0.000000000000000000e+00,1.058000000000000000e+03,1.058000000000000007e+01,1.199357318878173828e+01,-4.100389480590820312e+00,5.841089248657226562e+00,1.300458192825317383e+00,4.582405090332031250e-04,1.329885721206665039e-01,0.000000000000000000e+00
0.000000000000000000e+00,1.059000000000000000e+03,1.058999999999999986e+01,1.200000000000000000e+01,-4.094837188720703125e+00,5.844888687133789062e+00,1.299001574516296387e+00,-9.983777999877929688e-04,1.329885721206665039e-01,1.000000000000000000e+00
0.000000000000000000e+00,1.060000000000000000e+03,1.059999999999999964e+01,1.199954509735107422e+01,-4.099251270294189453e+00,5.841868400573730469e+00,1.300134062767028809e+00,1.341104507446289062e-04,1.329611539840698242e-01,0.000000000000000000e+00
0.000000000000000000e+00,1.061000000000000000e+03,1.060999999999999943e+01,1.200000000000000000e+01,-4.099421977996826172e+00,5.841751575469970703e+00,1.299669742584228516e+00,-3.302097320556640625e-04,1.329611539840698242e-01,1.000000000000000000e+00
0.000000000000000000e+00,1.062000000000000000e+03,1.062000000000000099e+01,1.200000000000000000e+01,-4.091333389282226562e+00,5.847286224365234375e+00,1.299698710441589355e+00,-3.012418746948242188e-04,1.329611539840698242e-01,1.000000000000000000e+00
0.000000000000000000e+00,1.063000000000000000e+03,1.063000000000000078e+01,1.200000000000000000e+01,-4.091762065887451172e+00,5.846992969512939453e+00,1.300493836402893066e+00,4.938840866088867188e-04,1.329611539840698242e-01,1.000000000000000000e+00
0.000000000000000000e+00,1.064000000000000000e+03,1.064000000000000057e+01,1.199383735656738281e+01,-4.100262641906738281e+00,5.841176509857177734e+00,1.300440549850463867e+00,4.405975341796875000e-04,1.329611539840698242e-01,0.000000000000000000e+00
0.000000000000000000e+00,1.065000000000000000e+03,1.065000000000000036e+01,1.200000000000000000e+01,-4.094898700714111328e+00,5.844846725463867188e+00,1.299030303955078125e+00,-9.696483612060546875e-04,1.329611539840698242e-01,1.000000000000000000e+00
0.000000000000000000e+00,1.066000000000000000e+03,1.066000000000000014e+01,1.199980068206787109e+01,-4.099131107330322266e+00,5.841950893402099609e+00,1.300124883651733398e+00,1.249313354492187500e-04,1.329611539840698242e-01,0.000000000000000000e+00
0.000000000000000000e+00,1.067000000000000000e+03,1.066999999999999993e+01,1.200000000000000000e+01,-4.099822044372558594e+00,5.841478347778320312e+00,1.299712896347045898e+00,-2.870559692382812500e-04,1.329611539840698242e-01,1.000000000000000000e+00
0.000000000000000000e+00,1.068000000000000000e+03,1.067999999999999972e+01,1.200000000000000000e+01,-4.091163635253906250e+00,5.847403049468994141e+00,1.299651980400085449e+00,-3.479719161987304688e-04,1.329611539840698242e-01,1.000000000000000000e+00
0.000000000000000000e+00,1.069000000000000000e+03,1.068999999999999950e+01,1.200000000000000000e+01,-4.091578960418701172e+00,5.847119331359863281e+00,1.300493001937866211e+00,4.930496215820312500e-04,1.329611539840698242e-01,1.000000000000000000e+00
0.000000000000000000e+00,1.070000000000000000e+03,1.070000000000000107e+01,1.199343013763427734e+01,-4.100369930267333984e+00,5.841104030609130859e+00,1.300469875335693359e+00,4.699230194091796875e-04,1.329611539840698242e-01,0.000000000000000000e+00
0.000000000000000000e+00,1.071000000000000000e+03,1.071000000000000085e+01,1.200000000000000000e+01,-4.094567775726318359e+00,5.845074176788330078e+00,1.298966526985168457e+00,-1.033425331115722656e-03,1.329611539840698242e-01,1.000000000000000000e+00
0.000000000000000000e+00,1.072000000000000000e+03,1.072000000000000064e+01,1.199838447570800781e+01,-4.099805355072021484e+00,5.841490268707275391e+00,1.300182819366455078e+00,1.828670501708984375e-04,1.329611539840698242e-01,0.000000000000000000e+00
0.000000000000000000e+00,1.073000000000000000e+03,1.073000000000000043e+01,1.200000000000000000e+01,-4.098031997680664062e+00,5.842703342437744141e+00,1.299486279487609863e+00,-5.136728286743164062e-04,1.329611539840698242e-01,1.000000000000000000e+00
0.000000000000000000e+00,1.074000000000000000e+03,1.074000000000000021e+01,1.200000000000000000e+01,-4.091516494750976562e+00,5.847161769866943359e+00,1.299812316894531250e+00,-1.876354217529296875e-04,1.329611539840698242e-01,1.000000000000000000e+00
0.000000000000000000e+00,1.075000000000000000e+03,1.075000000000000000e+01,1.200000000000000000e+01,-4.091661453247070312e+00,5.847062587738037109e+00,1.300466775894165039e+00,4.668235778808593750e-04,1.329611539840698242e-01,1.000000000000000000e+00
0.000000000000000000e+00,1.076000000000000000e+03,1.075999999999999979e+01,1.199356269836425781e+01,-4.100357532501220703e+00,5.841112136840820312e+00,1.300461292266845703e+00,4.613399505615234375e-04,1.329611539840698242e-01,0.000000000000000000e+00
0.000000000000000000e+00,1.077000000000000000e+03,1.076999999999999957e+01,1.200000000000000000e+01,-4.094700336456298828e+00,5.844983100891113281e+00,1.298989534378051758e+00,-1.010417938232421875e-03,1.329611539840698242e-01,1.000000000000000000e+00
0.000000000000000000e+00,1.078000000000000000e+03,1.077999999999999936e+01,1.199928188323974609e+01,-4.099302768707275391e+00,5.841834068298339844e+00,1.300145626068115234e+00,1.456737518310546875e-04,1.329611539840698242e-01,0.000000000000000000e+00
0.000000000000000000e+00,1.079000000000000000e+03,1.079000000000000092e+01,1.200000000000000000e+01,-4.099017620086669922e+00,5.842029094696044922e+00,1.299632072448730469e+00,-3.678798675537109375e-04,1.329611539840698242e-01,1.000000000000000000e+00
0.000000000000000000e+00,1.080000000000000000e+03,1.080000000000000071e+01,1.200000000000000000e+01,-4.091387748718261719e+00,5.847249507904052734e+00,1.299736022949218750e+00,-2.639293670654296875e-04,1.328561753034591675e-01,1.000000000000000000e+00
0.000000000000000000e+00,1.081000000000000000e+03,1.081000000000000050e+01,1.200000000000000000e+01,-4.091648578643798828e+00,5.847071170806884766e+00,1.300479054450988770e+00,4.791021347045898438e-04,1.328561753034591675e-01,1.000000000000000000e+00
0.000000000000000000e+00,1.082000000000000000e+03,1.082000000000000028e+01,1.199357795715332031e+01,-4.100335121154785156e+00,5.841127395629882812e+00,1.300461053848266602e+00,4.611015319824218750e-04,1.328561753034591675e-01,0.000000000000000000e+00
0.000000000000000000e+00,1.083000000000000000e+03,1.083000000000000007e+01,1.200000000000000000e+01,-4.094749450683593750e+00,5.844949245452880859e+00,1.299001097679138184e+00,-9.988546371459960938e-04,1.328561753034591675e-01,1.000000000000000000e+00
0.000000000000000000e+00,1.084000000000000000e+03,1.083999999999999986e+01,1.199907207489013672e+01,-4.099499225616455078e+00,5.841699123382568359e+00,1.300154447555541992e+00,1.544952392578125000e-04,1.328561753034591675e-01,0.000000000000000000e+00
0.000000000000000000e+00,1.085000000000000000e+03,1.084999999999999964e+01,1.200000000000000000e+01,-4.098763942718505859e+00,5.842202186584472656e+00,1.299591541290283203e+00,-4.084110260009765625e-04,1.328561753034591675e-01,1.000000000000000000e+00
0.000000000000000000e+00,1.086000000000000000e+03,1.085999999999999943e+01,1.200000000000000000e+01,-4.091280937194824219e+00,5.847322463989257812e+00,1.299747347831726074e+00,-2.526044845581054688e-04,1.328561753034591675e-01,1.000000000000000000e+00
0.000000000000000000e+00,1.087000000000000000e+03,1.087000000000000099e+01,1.200000000000000000e+01,-4.091779232025146484e+00,5.846981525421142578e+00,1.300504207611083984e+00,5.042552947998046875e-04,1.328561753034591675e-01,1.000000000000000000e+00
0.000000000000000000e+00,1.088000000000000000e+03,1.088000000000000078e+01,1.199390411376953125e+01,-4.100233078002929688e+00,5.841197013854980469e+00,1.300439000129699707e+00,4.390478134155273438e-04,1.328561753034591675e-01,0.000000000000000000e+00
0.000000000000000000e+00,1.089000000000000000e+03,1.089000000000000057e+01,1.200000000000000000e+01,-4.094887733459472656e+00,5.844854354858398438e+00,1.299037456512451172e+00,-9.624958038330078125e-04,1.328561753034591675e-01,1.000000000000000000e+00
0.000000000000000000e+00,1.090000000000000000e+03,1.090000000000000036e+01,1.199946212768554688e+01,-4.099359989166259766e+00,5.841794490814208984e+00,1.300139307975769043e+00,1.393556594848632812e-04,1.328561753034591675e-01,0.000000000000000000e+00
0.000000000000000000e+00,1.091000000000000000e+03,1.091000000000000014e+01,1.200000000000000000e+01,-4.099130630493164062e+00,5.841951370239257812e+00,1.299638509750366211e+00,-3.614425659179687500e-04,1.328561753034591675e-01,1.000000000000000000e+00
0.000000000000000000e+00,1.092000000000000000e+03,1.091999999999999993e+01,1.200000000000000000e+01,-4.091201782226562500e+00,5.847376346588134766e+00,1.299714207649230957e+00,-2.857446670532226562e-04,1.328561753034591675e-01,1.000000000000000000e+00
0.000000000000000000e+00,1.093000000000000000e+03,1.092999999999999972e+01,1.200000000000000000e+01,-4.091693878173828125e+00,5.847039699554443359e+00,1.300504207611083984e+00,5.042552947998046875e-04,1.328561753034591675e-01,1.000000000000000000e+00
0.000000000000000000e+00,1.094000000000000000e+03,1.093999999999999950e+01,1.199366092681884766e+01,-4.100320816040039062e+00,5.841136455535888672e+00,1.300456643104553223e+00,4.566907882690429688e-04,1.328561753034591675e-01,0.000000000000000000e+00
0.000000000000000000e+00,1.095000000000000000e+03,1.095000000000000107e+01,1.200000000000000000e+01,-4.094704627990722656e+00,5.844979286193847656e+00,1.298998832702636719e+00,-1.001119613647460938e-03,1.328561753034591675e-01,1.000000000000000000e+00
0.000000000000000000e+00,1.096000000000000000e+03,1.096000000000000085e+01,1.199919986724853516e+01,-4.099365234375000000e+00,5.841790199279785156e+00,1.300150156021118164e+00,1.502037048339843750e-04,1.328561753034591675e-01,0.000000000000000000e+00
0.000000000000000000e+00,1.097000000000000000e+03,1.097000000000000064e+01,1.200000000000000000e+01,-4.098852634429931641e+00,5.842141151428222656e+00,1.299613475799560547e+00,-3.864765167236328125e-04,1.328561753034591675e-01,1.000000000000000000e+00
0.000000000000000000e+00,1.098000000000000000e+03,1.098000000000000043e+01,1.200000000000000000e+01,-4.091353893280029297e+00,5.847271919250488281e+00,1.299747347831726074e+00,-2.526044845581054688e-04,1.328561753034591675e-01,1.000000000000000000e+00
0.000000000000000000e+00,1.099000000000000000e+03,1.099000000000000021e+01,1.200000000000000000e+01,-4.091658115386962891e+00,5.847064018249511719e+00,1.300485730171203613e+00,4.857778549194335938e-04,1.328561753034591675e-01,1.000000000000000000e+00
0.000000000000000000e+00,1.100000000000000000e+03,1.100000000000000000e+01,1.199359035491943359e+01,-4.100335597991943359e+00,5.841126441955566406e+00,1.300462365150451660e+00,4.624128341674804688e-04,1.329093426465988159e-01,0.000000000000000000e+00
0.000000000000000000e+00,1.101000000000000000e+03,1.100999999999999979e+01,1.200000000000000000e+01,-4.094750404357910156e+00,5.844948291778564453e+00,1.299004435539245605e+00,-9.955167770385742188e-04,1.329093426465988159e-01,1.000000000000000000e+00
0.000000000000000000e+00,1.102000000000000000e+03,1.101999999999999957e+01,1.199904251098632812e+01,-4.099521160125732422e+00,5.841684341430664062e+00,1.300156950950622559e+00,1.569986343383789062e-04,1.329093426465988159e-01,0.000000000000000000e+00
0.000000000000000000e+00,1.103000000000000000e+03,1.102999999999999936e+01,1.200000000000000000e+01,-4.098748683929443359e+00,5.842213153839111328e+00,1.299590110778808594e+00,-4.098415374755859375e-04,1.329093426465988159e-01,1.000000000000000000e+00
0.000000000000000000e+00,1.104000000000000000e+03,1.104000000000000092e+01,1.200000000000000000e+01,-4.091303348541259766e+00,5.847307682037353516e+00,1.299751758575439453e+00,-2.481937408447265625e-04,1.329093426465988159e-01,1.000000000000000000e+00
0.000000000000000000e+00,1.105000000000000000e+03,1.105000000000000071e+01,1.200000000000000000e+01,-4.091753005981445312e+00,5.847000122070312500e+00,1.300501465797424316e+00,5.015134811401367188e-04,1.329093426465988159e-01,1.000000000000000000e+00
0.000000000000000000e+00,1.106000000000000000e+03,1.106000000000000050e+01,1.199402618408203125e+01,-4.100121021270751953e+00,5.841274261474609375e+00,1.300432801246643066e+00,4.328489303588867188e-04,1.329093426465988159e-01,0.000000000000000000e+00
0.000000000000000000e+00,1.107000000000000000e+03,1.107000000000000028e+01,1.200000000000000000e+01,-4.094856262207031250e+00,5.844876289367675781e+00,1.299052238464355469e+00,-9.477138519287109375e-04,1.329093426465988159e-01,1.000000000000000000e+00
0.000000000000000000e+00,1.108000000000000000e+03,1.108000000000000007e+01,1.199938678741455078e+01,-4.099381923675537109e+00,5.841779708862304688e+00,1.300143480300903320e+00,1.435279846191406250e-04,1.329093426465988159e-01,0.000000000000000000e+00
0.000000000000000000e+00,1.109000000000000000e+03,1.108999999999999986e+01,1.200000000000000000e+01,-4.099097251892089844e+00,5.841974258422851562e+00,1.299635529518127441e+00,-3.644227981567382812e-04,1.329093426465988159e-01,1.000000000000000000e+00
0.000000000000000000e+00,1.110000000000000000e+03,1.109999999999999964e+01,1.200000000000000000e+01,-4.091186046600341797e+00,5.847387313842773438e+00,1.299717307090759277e+00,-2.826452255249023438e-04,1.329093426465988159e-01,1.000000000000000000e+00
0.000000000000000000e+00,1.111000000000000000e+03,1.110999999999999943e+01,1.200000000000000000e+01,-4.091593265533447266e+00,5.847108840942382812e+00,1.300497651100158691e+00,4.976987838745117188e-04,1.329093426465988159e-01,1.000000000000000000e+00
0.000000000000000000e+00,1.112000000000000000e+03,1.112000000000000099e+01,1.199360275268554688e+01,-4.100262641906738281e+00,5.841176509857177734e+00,1.300462961196899414e+00,4.630088806152343750e-04,1.329093426465988159e-01,0.000000000000000000e+00
0.000000000000000000e+00,1.113000000000000000e+03,1.113000000000000078e+01,1.200000000000000000e+01,-4.094717979431152344e+00,5.844970226287841797e+00,1.299012422561645508e+00,-9.875297546386718750e-04,1.329093426465988159e-01,1.000000000000000000e+00
0.000000000000000000e+00,1.114000000000000000e+03,1.114000000000000057e+01,1.199911499023437500e+01,-4.099437713623046875e+00,5.841741085052490234e+00,1.300154805183410645e+00,1.548528671264648438e-04,1.329093426465988159e-01,0.000000000000000000e+00
0.000000000000000000e+00,1.115000000000000000e+03,1.115000000000000036e+01,1.200000000000000000e+01,-4.098891258239746094e+00,5.842114925384521484e+00,1.299612402915954590e+00,-3.875494003295898438e-04,1.329093426465988159e-01,1.000000000000000000e+00
0.000000000000000000e+00,1.116000000000000000e+03,1.116000000000000014e+01,1.200000000000000000e+01,-4.091315746307373047e+00,5.847298622131347656e+00,1.299743294715881348e+00,-2.566576004028320312e-04,1.329093426465988159e-01,1.000000000000000000e+00
0.000000000000000000e+00,1.117000000000000000e+03,1.116999999999999993e+01,1.200000000000000000e+01,-4.091613769531250000e+00,5.847095012664794922e+00,1.300487279891967773e+00,4.873275756835937500e-04,1.329093426465988159e-01,1.000000000000000000e+00
0.000000000000000000e+00,1.118000000000000000e+03,1.117999999999999972e+01,1.199368095397949219e+01,-4.100227832794189453e+00,5.841200828552246094e+00,1.300458192825317383e+00,4.582405090332031250e-04,1.329093426465988159e-01,0.000000000000000000e+00
0.000000000000000000e+00,1.119000000000000000e+03,1.118999999999999950e+01,1.200000000000000000e+01,-4.094713211059570312e+00,5.844974040985107422e+00,1.299017906188964844e+00,-9.820461273193359375e-04,1.329093426465988159e-01,1.000000000000000000e+00
0.000000000000000000e+00,1.120000000000000000e+03,1.120000000000000107e+01,1.199901771545410156e+01,-4.099501132965087891e+00,5.841698169708251953e+00,1.300159215927124023e+00,1.592636108398437500e-04,1.329481601715087891e-01,0.000000000000000000e+00
0.000000000000000000e+00,1.121000000000000000e+03,1.121000000000000085e+01,1.200000000000000000e+01,-4.098777294158935547e+00,5.842193603515625000e+00,1.299596667289733887e+00,-4.032850265502929688e-04,1.329481601715087891e-01,1.000000000000000000e+00
0.000000000000000000e+00,1.122000000000000000e+03,1.122000000000000064e+01,1.200000000000000000e+01,-4.091375350952148438e+00,5.847258090972900391e+00,1.299756526947021484e+00,-2.434253692626953125e-04,1.329481601715087891e-01,1.000000000000000000e+00
0.000000000000000000e+00,1.123000000000000000e+03,1.123000000000000043e+01,1.200000000000000000e+01,-4.091600894927978516e+00,5.847104072570800781e+00,1.300480723381042480e+00,4.807710647583007812e-04,1.329481601715087891e-01,1.000000000000000000e+00
0.000000000000000000e+00,1.124000000000000000e+03,1.124000000000000021e+01,1.199370479583740234e+01,-4.100198268890380859e+00,5.841221332550048828e+00,1.300457239151000977e+00,4.572868347167968750e-04,1.329481601715087891e-01,0.000000000000000000e+00
0.000000000000000000e+00,1.125000000000000000e+03,1.125000000000000000e+01,1.200000000000000000e+01,-4.094715595245361328e+00,5.844972610473632812e+00,1.299023628234863281e+00,-9.763240814208984375e-04,1.329481601715087891e-01,1.000000000000000000e+00
0.000000000000000000e+00,1.126000000000000000e+03,1.125999999999999979e+01,1.199925041198730469e+01,-4.099339485168457031e+00,5.841808795928955078e+00,1.300150156021118164e+00,1.502037048339843750e-04,1.329481601715087891e-01,0.000000000000000000e+00
0.000000000000000000e+00,1.127000000000000000e+03,1.126999999999999957e+01,1.200000000000000000e+01,-4.098977088928222656e+00,5.842056751251220703e+00,1.299630403518676758e+00,-3.695487976074218750e-04,1.329481601715087891e-01,1.000000000000000000e+00
0.000000000000000000e+00,1.128000000000000000e+03,1.127999999999999936e+01,1.200000000000000000e+01,-4.091349124908447266e+00,5.847276210784912109e+00,1.299740552902221680e+00,-2.593994140625000000e-04,1.329481601715087891e-01,1.000000000000000000e+00
0.000000000000000000e+00,1.129000000000000000e+03,1.129000000000000092e+01,1.200000000000000000e+01,-4.091589927673339844e+00,5.847111701965332031e+00,1.300482988357543945e+00,4.830360412597656250e-04,1.329481601715087891e-01,1.000000000000000000e+00
0.000000000000000000e+00,1.130000000000000000e+03,1.130000000000000071e+01,1.199372005462646484e+01,-4.100176811218261719e+00,5.841236114501953125e+00,1.300456881523132324e+00,4.569292068481445312e-04,1.329481601715087891e-01,0.000000000000000000e+00
0.000000000000000000e+00,1.131000000000000000e+03,1.131000000000000050e+01,1.200000000000000000e+01,-4.094701290130615234e+00,5.844982624053955078e+00,1.299025654792785645e+00,-9.742975234985351562e-04,1.329481601715087891e-01,1.000000000000000000e+00
0.000000000000000000e+00,1.132000000000000000e+03,1.132000000000000028e+01,1.199923706054687500e+01,-4.099335193634033203e+00,5.841812133789062500e+00,1.300151109695434570e+00,1.511573791503906250e-04,1.329481601715087891e-01,0.000000000000000000e+00
0.000000000000000000e+00,1.133000000000000000e+03,1.133000000000000007e+01,1.200000000000000000e+01,-4.098999500274658203e+00,5.842041969299316406e+00,1.299633383750915527e+00,-3.665685653686523438e-04,1.329481601715087891e-01,1.000000000000000000e+00
0.000000000000000000e+00,1.134000000000000000e+03,1.133999999999999986e+01,1.200000000000000000e+01,-4.091481685638427734e+00,5.847186088562011719e+00,1.299749255180358887e+00,-2.506971359252929688e-04,1.329481601715087891e-01,1.000000000000000000e+00
0.000000000000000000e+00,1.135000000000000000e+03,1.134999999999999964e+01,1.200000000000000000e+01,-4.091606140136718750e+00,5.847101211547851562e+00,1.300472021102905273e+00,4.720687866210937500e-04,1.329481601715087891e-01,1.000000000000000000e+00
0.000000000000000000e+00,1.136000000000000000e+03,1.135999999999999943e+01,1.199382781982421875e+01,-4.100117206573486328e+00,5.841277599334716797e+00,1.300450086593627930e+00,4.501342773437500000e-04,1.329481601715087891e-01,0.000000000000000000e+00
0.000000000000000000e+00,1.137000000000000000e+03,1.137000000000000099e+01,1.200000000000000000e+01,-4.094646453857421875e+00,5.845020771026611328e+00,1.299027442932128906e+00,-9.725093841552734375e-04,1.329481601715087891e-01,1.000000000000000000e+00
0.000000000000000000e+00,1.138000000000000000e+03,1.138000000000000078e+01,1.199909591674804688e+01,-4.099380970001220703e+00,5.841781139373779297e+00,1.300157308578491211e+00,1.573562622070312500e-04,1.329481601715087891e-01,0.000000000000000000e+00
0.000000000000000000e+00,1.139000000000000000e+03,1.139000000000000057e+01,1.200000000000000000e+01,-4.098706722259521484e+00,5.842242240905761719e+00,1.299603223800659180e+00,-3.967285156250000000e-04,1.329481601715087891e-01,1.000000000000000000e+00
0.000000000000000000e+00,1.140000000000000000e+03,1.140000000000000036e+01,1.200000000000000000e+01,-4.091375827789306641e+00,5.847258567810058594e+00,1.299763083457946777e+00,-2.368688583374023438e-04,1.328822821378707886e-01,1.000000000000000000e+00
0.000000000000000000e+00,1.141000000000000000e+03,1.141000000000000014e+01,1.200000000000000000e+01,-4.091553688049316406e+00,5.847136974334716797e+00,1.300477981567382812e+00,4.780292510986328125e-04,1.328822821378707886e-01,1.000000000000000000e+00
0.000000000000000000e+00,1.142000000000000000e+03,1.141999999999999993e+01,1.199356555938720703e+01,-4.100250720977783203e+00,5.841185569763183594e+00,1.300469279289245605e+00,4.693269729614257812e-04,1.328822821378707886e-01,0.000000000000000000e+00
0.000000000000000000e+00,1.143000000000000000e+03,1.142999999999999972e+01,1.200000000000000000e+01,-4.094688892364501953e+00,5.844991207122802734e+00,1.299015045166015625e+00,-9.849071502685546875e-04,1.328822821378707886e-01,1.000000000000000000e+00
0.000000000000000000e+00,1.144000000000000000e+03,1.143999999999999950e+01,1.199927520751953125e+01,-4.099296569824218750e+00,5.841838359832763672e+00,1.300150394439697266e+00,1.504421234130859375e-04,1.328822821378707886e-01,0.000000000000000000e+00
0.000000000000000000e+00,1.145000000000000000e+03,1.145000000000000107e+01,1.200000000000000000e+01,-4.099112033843994141e+00,5.841964721679687500e+00,1.299647927284240723e+00,-3.520250320434570312e-04,1.328822821378707886e-01,1.000000000000000000e+00
0.000000000000000000e+00,1.146000000000000000e+03,1.146000000000000085e+01,1.200000000000000000e+01,-4.091270446777343750e+00,5.847330570220947266e+00,1.299726009368896484e+00,-2.739429473876953125e-04,1.328822821378707886e-01,1.000000000000000000e+00
0.000000000000000000e+00,1.147000000000000000e+03,1.147000000000000064e+01,1.200000000000000000e+01,-4.091574192047119141e+00,5.847123146057128906e+00,1.300491452217102051e+00,4.914999008178710938e-04,1.328822821378707886e-01,1.000000000000000000e+00
0.000000000000000000e+00,1.148000000000000000e+03,1.148000000000000043e+01,1.199349784851074219e+01,-4.100318431854248047e+00,5.841139793395996094e+00,1.300474762916564941e+00,4.748106002807617188e-04,1.328822821378707886e-01,0.000000000000000000e+00
0.000000000000000000e+00,1.149000000000000000e+03,1.149000000000000021e+01,1.200000000000000000e+01,-4.094579696655273438e+00,5.845066070556640625e+00,1.298990130424499512e+00,-1.009821891784667969e-03,1.328822821378707886e-01,1.000000000000000000e+00
0.000000000000000000e+00,1.150000000000000000e+03,1.150000000000000000e+01,1.199892520904541016e+01,-4.099436759948730469e+00,5.841742992401123047e+00,1.300165295600891113e+00,1.653432846069335938e-04,1.328822821378707886e-01,0.000000000000000000e+00
0.000000000000000000e+00,1.151000000000000000e+03,1.150999999999999979e+01,1.200000000000000000e+01,-4.098541259765625000e+00,5.842355728149414062e+00,1.299583673477172852e+00,-4.162788391113281250e-04,1.328822821378707886e-01,1.000000000000000000e+00
0.000000000000000000e+00,1.152000000000000000e+03,1.151999999999999957e+01,1.200000000000000000e+01,-4.091366291046142578e+00,5.847265243530273438e+00,1.299775004386901855e+00,-2.249479293823242188e-04,1.328822821378707886e-01,1.000000000000000000e+00
0.000000000000000000e+00,1.153000000000000000e+03,1.152999999999999936e+01,1.200000000000000000e+01,-4.091552257537841797e+00,5.847138404846191406e+00,1.300480246543884277e+00,4.802942276000976562e-04,1.328822821378707886e-01,1.000000000000000000e+00
0.000000000000000000e+00,1.154000000000000000e+03,1.154000000000000092e+01,1.199353504180908203e+01,-4.100270748138427734e+00,5.841172695159912109e+00,1.300472855567932129e+00,4.729032516479492188e-04,1.328822821378707886e-01,0.000000000000000000e+00
0.000000000000000000e+00,1.155000000000000000e+03,1.155000000000000071e+01,1.200000000000000000e+01,-4.094624996185302734e+00,5.845035552978515625e+00,1.299004793167114258e+00,-9.951591491699218750e-04,1.328822821378707886e-01,1.000000000000000000e+00
0.000000000000000000e+00,1.156000000000000000e+03,1.156000000000000050e+01,1.199902248382568359e+01,-4.099411964416503906e+00,5.841760158538818359e+00,1.300161600112915039e+00,1.616477966308593750e-04,1.328822821378707886e-01,0.000000000000000000e+00
0.000000000000000000e+00,1.157000000000000000e+03,1.157000000000000028e+01,1.200000000000000000e+01,-4.098661899566650391e+00,5.842273235321044922e+00,1.299598097801208496e+00,-4.018545150756835938e-04,1.328822821378707886e-01,1.000000000000000000e+00
0.000000000000000000e+00,1.158000000000000000e+03,1.158000000000000007e+01,1.200000000000000000e+01,-4.091320037841796875e+00,5.847296714782714844e+00,1.299763798713684082e+00,-2.361536026000976562e-04,1.328822821378707886e-01,1.000000000000000000e+00
0.000000000000000000e+00,1.159000000000000000e+03,1.158999999999999986e+01,1.200000000000000000e+01,-4.091571807861328125e+00,5.847124576568603516e+00,1.300487637519836426e+00,4.876852035522460938e-04,1.328822821378707886e-01,1.000000000000000000e+00
0.000000000000000000e+00,1.160000000000000000e+03,1.159999999999999964e+01,1.199364662170410156e+01,-4.100210666656494141e+00,5.841213226318359375e+00,1.300465583801269531e+00,4.656314849853515625e-04,1.329339742660522461e-01,0.000000000000000000e+00
0.000000000000000000e+00,1.161000000000000000e+03,1.160999999999999943e+01,1.200000000000000000e+01,-4.094506263732910156e+00,5.845116615295410156e+00,1.298997282981872559e+00,-1.002669334411621094e-03,1.329339742660522461e-01,1.000000000000000000e+00
0.000000000000000000e+00,1.162000000000000000e+03,1.162000000000000099e+01,1.199877834320068359e+01,-4.099467754364013672e+00,5.841721534729003906e+00,1.300172448158264160e+00,1.724958419799804688e-04,1.329339742660522461e-01,0.000000000000000000e+00
0.000000000000000000e+00,1.163000000000000000e+03,1.163000000000000078e+01,1.200000000000000000e+01,-4.098407745361328125e+00,5.842446804046630859e+00,1.299569249153137207e+00,-4.307031631469726562e-04,1.329339742660522461e-01,1.000000000000000000e+00
0.000000000000000000e+00,1.164000000000000000e+03,1.164000000000000057e+01,1.200000000000000000e+01,-4.091444492340087891e+00,5.847211360931396484e+00,1.299790382385253906e+00,-2.095699310302734375e-04,1.329339742660522461e-01,1.000000000000000000e+00
0.000000000000000000e+00,1.165000000000000000e+03,1.165000000000000036e+01,1.200000000000000000e+01,-4.091486454010009766e+00,5.847182750701904297e+00,1.300467252731323242e+00,4.673004150390625000e-04,1.329339742660522461e-01,1.000000000000000000e+00
0.000000000000000000e+00,1.166000000000000000e+03,1.166000000000000014e+01,1.199371242523193359e+01,-4.100080966949462891e+00,5.841301918029785156e+00,1.300461769104003906e+00,4.618167877197265625e-04,1.329339742660522461e-01,0.000000000000000000e+00
0.000000000000000000e+00,1.167000000000000000e+03,1.166999999999999993e+01,1.200000000000000000e+01,-4.094540119171142578e+00,5.845093250274658203e+00,1.299022197723388672e+00,-9.777545928955078125e-04,1.329339742660522461e-01,1.000000000000000000e+00
0.000000000000000000e+00,1.168000000000000000e+03,1.167999999999999972e+01,1.199870491027832031e+01,-4.099552631378173828e+00,5.841663837432861328e+00,1.300176024436950684e+00,1.760721206665039062e-04,1.329339742660522461e-01,0.000000000000000000e+00
0.000000000000000000e+00,1.169000000000000000e+03,1.168999999999999950e+01,1.200000000000000000e+01,-4.098364830017089844e+00,5.842476367950439453e+00,1.299557566642761230e+00,-4.423856735229492188e-04,1.329339742660522461e-01,1.000000000000000000e+00
0.000000000000000000e+00,1.170000000000000000e+03,1.170000000000000107e+01,1.200000000000000000e+01,-4.091435432434082031e+00,5.847217559814453125e+00,1.299793124198913574e+00,-2.068281173706054688e-04,1.329339742660522461e-01,1.000000000000000000e+00
0.000000000000000000e+00,1.171000000000000000e+03,1.171000000000000085e+01,1.200000000000000000e+01,-4.091538906097412109e+00,5.847146987915039062e+00,1.300474166870117188e+00,4.742145538330078125e-04,1.329339742660522461e-01,1.000000000000000000e+00
0.000000000000000000e+00,1.172000000000000000e+03,1.172000000000000064e+01,1.199374580383300781e+01,-4.100108623504638672e+00,5.841282844543457031e+00,1.300460100173950195e+00,4.601478576660156250e-04,1.329339742660522461e-01,0.000000000000000000e+00
0.000000000000000000e+00,1.173000000000000000e+03,1.173000000000000043e+01,1.200000000000000000e+01,-4.094544410705566406e+00,5.845089912414550781e+00,1.299019932746887207e+00,-9.800195693969726562e-04,1.329339742660522461e-01,1.000000000000000000e+00
0.000000000000000000e+00,1.174000000000000000e+03,1.174000000000000021e+01,1.199876785278320312e+01,-4.099512577056884766e+00,5.841690540313720703e+00,1.300173759460449219e+00,1.738071441650390625e-04,1.329339742660522461e-01,0.000000000000000000e+00
0.000000000000000000e+00,1.175000000000000000e+03,1.175000000000000000e+01,1.200000000000000000e+01,-4.098283767700195312e+00,5.842531204223632812e+00,1.299554228782653809e+00,-4.457235336303710938e-04,1.329339742660522461e-01,1.000000000000000000e+00
0.000000000000000000e+00,1.176000000000000000e+03,1.175999999999999979e+01,1.200000000000000000e+01,-4.091571331024169922e+00,5.847124099731445312e+00,1.299807786941528320e+00,-1.921653747558593750e-04,1.329339742660522461e-01,1.000000000000000000e+00
0.000000000000000000e+00,1.177000000000000000e+03,1.176999999999999957e+01,1.200000000000000000e+01,-4.091539382934570312e+00,5.847146511077880859e+00,1.300461411476135254e+00,4.614591598510742188e-04,1.329339742660522461e-01,1.000000000000000000e+00
0.000000000000000000e+00,1.178000000000000000e+03,1.177999999999999936e+01,1.199376106262207031e+01,-4.100098609924316406e+00,5.841289997100830078e+00,1.300459742546081543e+00,4.597902297973632812e-04,1.329339742660522461e-01,0.000000000000000000e+00
0.000000000000000000e+00,1.179000000000000000e+03,1.179000000000000092e+01,1.200000000000000000e+01,-4.094593524932861328e+00,5.845056533813476562e+00,1.299029588699340820e+00,-9.703636169433593750e-04,1.329339742660522461e-01,1.000000000000000000e+00
0.000000000000000000e+00,1.180000000000000000e+03,1.180000000000000071e+01,1.199925518035888672e+01,-4.099217891693115234e+00,5.841892719268798828e+00,1.300153732299804688e+00,1.537799835205078125e-04,1.328853815793991089e-01,0.000000000000000000e+00
0.000000000000000000e+00,1.181000000000000000e+03,1.181000000000000050e+01,1.200000000000000000e+01,-4.098895549774169922e+00,5.842113494873046875e+00,1.299639463424682617e+00,-3.604888916015625000e-04,1.328853815793991089e-01,1.000000000000000000e+00
0.000000000000000000e+00,1.182000000000000000e+03,1.182000000000000028e+01,1.200000000000000000e+01,-4.091233730316162109e+00,5.847355842590332031e+00,1.299742698669433594e+00,-2.572536468505859375e-04,1.328853815793991089e-01,1.000000000000000000e+00
0.000000000000000000e+00,1.183000000000000000e+03,1.183000000000000007e+01,1.200000000000000000e+01,-4.091489315032958984e+00,5.847181320190429688e+00,1.300490856170654297e+00,4.909038543701171875e-04,1.328853815793991089e-01,1.000000000000000000e+00
0.000000000000000000e+00,1.184000000000000000e+03,1.183999999999999986e+01,1.199376678466796875e+01,-4.100046157836914062e+00,5.841326236724853516e+00,1.300460100173950195e+00,4.601478576660156250e-04,1.328853815793991089e-01,0.000000000000000000e+00
0.000000000000000000e+00,1.185000000000000000e+03,1.184999999999999964e+01,1.200000000000000000e+01,-4.094681739807128906e+00,5.844996452331542969e+00,1.299050688743591309e+00,-9.492635726928710938e-04,1.328853815793991089e-01,1.000000000000000000e+00
0.000000000000000000e+00,1.186000000000000000e+03,1.185999999999999943e+01,1.199921607971191406e+01,-4.099331378936767578e+00,5.841814994812011719e+00,1.300155639648437500e+00,1.556873321533203125e-04,1.328853815793991089e-01,0.000000000000000000e+00
0.000000000000000000e+00,1.187000000000000000e+03,1.187000000000000099e+01,1.200000000000000000e+01,-4.098899364471435547e+00,5.842110633850097656e+00,1.299630403518676758e+00,-3.695487976074218750e-04,1.328853815793991089e-01,1.000000000000000000e+00
0.000000000000000000e+00,1.188000000000000000e+03,1.188000000000000078e+01,1.200000000000000000e+01,-4.091216564178466797e+00,5.847367286682128906e+00,1.299741625785827637e+00,-2.583265304565429688e-04,1.328853815793991089e-01,1.000000000000000000e+00
0.000000000000000000e+00,1.189000000000000000e+03,1.189000000000000057e+01,1.200000000000000000e+01,-4.091486454010009766e+00,5.847182750701904297e+00,1.300493001937866211e+00,4.930496215820312500e-04,1.328853815793991089e-01,1.000000000000000000e+00
0.000000000000000000e+00,1.190000000000000000e+03,1.190000000000000036e+01,1.199375152587890625e+01,-4.100053787231445312e+00,5.841320514678955078e+00,1.300461769104003906e+00,4.618167877197265625e-04,1.328853815793991089e-01,0.000000000000000000e+00
0.000000000000000000e+00,1.191000000000000000e+03,1.191000000000000014e+01,1.200000000000000000e+01,-4.094549655914306641e+00,5.845086574554443359e+00,1.299031496047973633e+00,-9.684562683105468750e-04,1.328853815793991089e-01,1.000000000000000000e+00
0.000000000000000000e+00,1.192000000000000000e+03,1.191999999999999993e+01,1.199871635437011719e+01,-4.099554061889648438e+00,5.841662406921386719e+00,1.300177216529846191e+00,1.772642135620117188e-04,1.328853815793991089e-01,0.000000000000000000e+00
0.000000000000000000e+00,1.193000000000000000e+03,1.192999999999999972e+01,1.200000000000000000e+01,-4.098240852355957031e+00,5.842560768127441406e+00,1.299547910690307617e+00,-4.520416259765625000e-04,1.328853815793991089e-01,1.000000000000000000e+00
0.000000000000000000e+00,1.194000000000000000e+03,1.193999999999999950e+01,1.200000000000000000e+01,-4.091455936431884766e+00,5.847203254699707031e+00,1.299804329872131348e+00,-1.956224441528320312e-04,1.328853815793991089e-01,1.000000000000000000e+00
0.000000000000000000e+00,1.195000000000000000e+03,1.195000000000000107e+01,1.200000000000000000e+01,-4.091501235961914062e+00,5.847172260284423828e+00,1.300471067428588867e+00,4.711151123046875000e-04,1.328853815793991089e-01,1.000000000000000000e+00
0.000000000000000000e+00,1.196000000000000000e+03,1.196000000000000085e+01,1.199359798431396484e+01,-4.100176334381103516e+00,5.841236114501953125e+00,1.300473332405090332e+00,4.733800888061523438e-04,1.328853815793991089e-01,0.000000000000000000e+00
0.000000000000000000e+00,1.197000000000000000e+03,1.197000000000000064e+01,1.200000000000000000e+01,-4.094515800476074219e+00,5.845109462738037109e+00,1.299009680747985840e+00,-9.902715682983398438e-04,1.328853815793991089e-01,1.000000000000000000e+00
0.000000000000000000e+00,1.198000000000000000e+03,1.198000000000000043e+01,1.199886512756347656e+01,-4.099416255950927734e+00,5.841756343841552734e+00,1.300171256065368652e+00,1.713037490844726562e-04,1.328853815793991089e-01,0.000000000000000000e+00
0.000000000000000000e+00,1.199000000000000000e+03,1.199000000000000021e+01,1.200000000000000000e+01,-4.098399162292480469e+00,5.842452049255371094e+00,1.299577355384826660e+00,-4.225969314575195312e-04,1.328853815793991089e-01,1.000000000000000000e+00
0.000000000000000000e+00,1.200000000000000000e+03,1.200000000000000000e+01,1.200000000000000000e+01,-4.091273784637451172e+00,5.847327709197998047e+00,1.299782156944274902e+00,-2.177953720092773438e-04,1.329071521759033203e-01,1.000000000000000000e+00
0.000000000000000000e+00,1.201000000000000000e+03,1.200999999999999979e+01,1.200000000000000000e+01,-4.091638565063476562e+00,5.847078323364257812e+00,1.300504326820373535e+00,5.043745040893554688e-04,1.329071521759033203e-01,1.000000000000000000e+00
0.000000000000000000e+00,1.202000000000000000e+03,1.201999999999999957e+01,1.199386978149414062e+01,-4.100119590759277344e+00,5.841275215148925781e+00,1.300454735755920410e+00,4.547834396362304688e-04,1.329071521759033203e-01,0.000000000000000000e+00
0.000000000000000000e+00,1.203000000000000000e+03,1.203000000000000114e+01,1.200000000000000000e+01,-4.094654560089111328e+00,5.845014572143554688e+00,1.299039363861083984e+00,-9.605884552001953125e-04,1.329071521759033203e-01,1.000000000000000000e+00
0.000000000000000000e+00,1.204000000000000000e+03,1.204000000000000092e+01,1.199904918670654297e+01,-4.099421977996826172e+00,5.841752529144287109e+00,1.300163745880126953e+00,1.637935638427734375e-04,1.329071521759033203e-01,0.000000000000000000e+00
0.000000000000000000e+00,1.205000000000000000e+03,1.205000000000000071e+01,1.200000000000000000e+01,-4.098814487457275391e+00,5.842168331146240234e+00,1.299616336822509766e+00,-3.836154937744140625e-04,1.329071521759033203e-01,1.000000000000000000e+00
0.000000000000000000e+00,1.206000000000000000e+03,1.206000000000000050e+01,1.200000000000000000e+01,-4.091047286987304688e+00,5.847482681274414062e+00,1.299736738204956055e+00,-2.632141113281250000e-04,1.329071521759033203e-01,1.000000000000000000e+00
0.000000000000000000e+00,1.207000000000000000e+03,1.207000000000000028e+01,1.200000000000000000e+01,-4.091502189636230469e+00,5.847171306610107422e+00,1.300514221191406250e+00,5.142688751220703125e-04,1.329071521759033203e-01,1.000000000000000000e+00
0.000000000000000000e+00,1.208000000000000000e+03,1.208000000000000007e+01,1.199357795715332031e+01,-4.100191116333007812e+00,5.841225624084472656e+00,1.300476074218750000e+00,4.761219024658203125e-04,1.329071521759033203e-01,0.000000000000000000e+00
0.000000000000000000e+00,1.209000000000000000e+03,1.208999999999999986e+01,1.200000000000000000e+01,-4.094537734985351562e+00,5.845094203948974609e+00,1.299012660980224609e+00,-9.872913360595703125e-04,1.329071521759033203e-01,1.000000000000000000e+00
0.000000000000000000e+00,1.210000000000000000e+03,1.209999999999999964e+01,1.199887466430664062e+01,-4.099431037902832031e+00,5.841746330261230469e+00,1.300171613693237305e+00,1.716613769531250000e-04,1.329071521759033203e-01,0.000000000000000000e+00
0.000000000000000000e+00,1.211000000000000000e+03,1.210999999999999943e+01,1.200000000000000000e+01,-4.098548889160156250e+00,5.842349529266357422e+00,1.299591422080993652e+00,-4.085302352905273438e-04,1.329071521759033203e-01,1.000000000000000000e+00
0.000000000000000000e+00,1.212000000000000000e+03,1.212000000000000099e+01,1.200000000000000000e+01,-4.091171741485595703e+00,5.847397327423095703e+00,1.299765586853027344e+00,-2.343654632568359375e-04,1.329071521759033203e-01,1.000000000000000000e+00
0.000000000000000000e+00,1.213000000000000000e+03,1.213000000000000078e+01,1.200000000000000000e+01,-4.091469764709472656e+00,5.847193717956542969e+00,1.300498604774475098e+00,4.986524581909179688e-04,1.329071521759033203e-01,1.000000000000000000e+00
0.000000000000000000e+00,1.214000000000000000e+03,1.214000000000000057e+01,1.199364471435546875e+01,-4.100112438201904297e+00,5.841279983520507812e+00,1.300472021102905273e+00,4.720687866210937500e-04,1.329071521759033203e-01,0.000000000000000000e+00
0.000000000000000000e+00,1.215000000000000000e+03,1.215000000000000036e+01,1.200000000000000000e+01,-4.094518184661865234e+00,5.845108032226562500e+00,1.299022197723388672e+00,-9.777545928955078125e-04,1.329071521759033203e-01,1.000000000000000000e+00
0.000000000000000000e+00,1.216000000000000000e+03,1.216000000000000014e+01,1.199873828887939453e+01,-4.099507808685302734e+00,5.841693878173828125e+00,1.300177931785583496e+00,1.779794692993164062e-04,1.329071521759033203e-01,0.000000000000000000e+00
0.000000000000000000e+00,1.217000000000000000e+03,1.216999999999999993e+01,1.200000000000000000e+01,-4.098365783691406250e+00,5.842475414276123047e+00,1.299567222595214844e+00,-4.327297210693359375e-04,1.329071521759033203e-01,1.000000000000000000e+00
0.000000000000000000e+00,1.218000000000000000e+03,1.217999999999999972e+01,1.200000000000000000e+01,-4.091322422027587891e+00,5.847294807434082031e+00,1.299789071083068848e+00,-2.108812332153320312e-04,1.329071521759033203e-01,1.000000000000000000e+00
0.000000000000000000e+00,1.219000000000000000e+03,1.218999999999999950e+01,1.200000000000000000e+01,-4.091465950012207031e+00,5.847196578979492188e+00,1.300483584403991699e+00,4.836320877075195312e-04,1.329071521759033203e-01,1.000000000000000000e+00
0.000000000000000000e+00,1.220000000000000000e+03,1.220000000000000107e+01,1.199371623992919922e+01,-4.100057601928710938e+00,5.841317653656005859e+00,1.300467610359191895e+00,4.676580429077148438e-04,1.329696178436279297e-01,0.000000000000000000e+00
0.000000000000000000e+00,1.221000000000000000e+03,1.221000000000000085e+01,1.200000000000000000e+01,-4.094585418701171875e+00,5.845061779022216797e+00,1.299040913581848145e+00,-9.590387344360351562e-04,1.329696178436279297e-01,1.000000000000000000e+00
0.000000000000000000e+00,1.222000000000000000e+03,1.222000000000000064e+01,1.199905204772949219e+01,-4.099351882934570312e+00,5.841800689697265625e+00,1.300164818763732910e+00,1.648664474487304688e-04,1.329696178436279297e-01,0.000000000000000000e+00
0.000000000000000000e+00,1.223000000000000000e+03,1.223000000000000043e+01,1.200000000000000000e+01,-4.098704338073730469e+00,5.842243671417236328e+00,1.299614429473876953e+00,-3.855228424072265625e-04,1.329696178436279297e-01,1.000000000000000000e+00
0.000000000000000000e+00,1.224000000000000000e+03,1.224000000000000021e+01,1.200000000000000000e+01,-4.091263771057128906e+00,5.847334861755371094e+00,1.299762129783630371e+00,-2.378225326538085938e-04,1.329696178436279297e-01,1.000000000000000000e+00
0.000000000000000000e+00,1.225000000000000000e+03,1.225000000000000000e+01,1.200000000000000000e+01,-4.091417789459228516e+00,5.847229957580566406e+00,1.300485253334045410e+00,4.853010177612304688e-04,1.329696178436279297e-01,1.000000000000000000e+00
0.000000000000000000e+00,1.226000000000000000e+03,1.225999999999999979e+01,1.199370384216308594e+01,-4.100019454956054688e+00,5.841344356536865234e+00,1.300469160079956055e+00,4.692077636718750000e-04,1.329696178436279297e-01,0.000000000000000000e+00
0.000000000000000000e+00,1.227000000000000000e+03,1.226999999999999957e+01,1.200000000000000000e+01,-4.094565391540527344e+00,5.845076084136962891e+00,1.299044370651245117e+00,-9.555816650390625000e-04,1.329696178436279297e-01,1.000000000000000000e+00
0.000000000000000000e+00,1.228000000000000000e+03,1.228000000000000114e+01,1.199868488311767578e+01,-4.099590778350830078e+00,5.841637611389160156e+00,1.300181031227111816e+00,1.810789108276367188e-04,1.329696178436279297e-01,0.000000000000000000e+00
0.000000000000000000e+00,1.229000000000000000e+03,1.229000000000000092e+01,1.200000000000000000e+01,-4.098411560058593750e+00,5.842444419860839844e+00,1.299564957618713379e+00,-4.349946975708007812e-04,1.329696178436279297e-01,1.000000000000000000e+00
0.000000000000000000e+00,1.230000000000000000e+03,1.230000000000000071e+01,1.200000000000000000e+01,-4.091459274291992188e+00,5.847200870513916016e+00,1.299796104431152344e+00,-2.038478851318359375e-04,1.329696178436279297e-01,1.000000000000000000e+00
0.000000000000000000e+00,1.231000000000000000e+03,1.231000000000000050e+01,1.200000000000000000e+01,-4.091525077819824219e+00,5.847156047821044922e+00,1.300477147102355957e+00,4.771947860717773438e-04,1.329696178436279297e-01,1.000000000000000000e+00
0.000000000000000000e+00,1.232000000000000000e+03,1.232000000000000028e+01,1.199374389648437500e+01,-4.100096225738525391e+00,5.841291427612304688e+00,1.300466895103454590e+00,4.669427871704101562e-04,1.329696178436279297e-01,0.000000000000000000e+00
0.000000000000000000e+00,1.233000000000000000e+03,1.233000000000000007e+01,1.200000000000000000e+01,-4.094504833221435547e+00,5.845117092132568359e+00,1.299025654792785645e+00,-9.742975234985351562e-04,1.329696178436279297e-01,1.000000000000000000e+00
0.000000000000000000e+00,1.234000000000000000e+03,1.233999999999999986e+01,1.199885940551757812e+01,-4.099409103393554688e+00,5.841761589050292969e+00,1.300173878669738770e+00,1.739263534545898438e-04,1.329696178436279297e-01,0.000000000000000000e+00
0.000000000000000000e+00,1.235000000000000000e+03,1.234999999999999964e+01,1.200000000000000000e+01,-4.098306655883789062e+00,5.842515945434570312e+00,1.299572944641113281e+00,-4.270076751708984375e-04,1.329696178436279297e-01,1.000000000000000000e+00
0.000000000000000000e+00,1.236000000000000000e+03,1.235999999999999943e+01,1.200000000000000000e+01,-4.091590881347656250e+00,5.847111225128173828e+00,1.299811840057373047e+00,-1.881122589111328125e-04,1.329696178436279297e-01,1.000000000000000000e+00
0.000000000000000000e+00,1.237000000000000000e+03,1.237000000000000099e+01,1.200000000000000000e+01,-4.091424942016601562e+00,5.847224712371826172e+00,1.300454735755920410e+00,4.547834396362304688e-04,1.329696178436279297e-01,1.000000000000000000e+00
0.000000000000000000e+00,1.238000000000000000e+03,1.238000000000000078e+01,1.199383258819580078e+01,-4.099936008453369141e+00,5.841401100158691406e+00,1.300461411476135254e+00,4.614591598510742188e-04,1.329696178436279297e-01,0.000000000000000000e+00
0.000000000000000000e+00,1.239000000000000000e+03,1.239000000000000057e+01,1.200000000000000000e+01,-4.094616413116455078e+00,5.845040798187255859e+00,1.299065470695495605e+00,-9.344816207885742188e-04,1.329696178436279297e-01,1.000000000000000000e+00
0.000000000000000000e+00,1.240000000000000000e+03,1.240000000000000036e+01,1.199914169311523438e+01,-4.099318981170654297e+00,5.841823101043701172e+00,1.300162196159362793e+00,1.622438430786132812e-04,1.329587250947952271e-01,0.000000000000000000e+00
0.000000000000000000e+00,1.241000000000000000e+03,1.241000000000000014e+01,1.200000000000000000e+01,-4.098804473876953125e+00,5.842175006866455078e+00,1.299628257751464844e+00,-3.716945648193359375e-04,1.329587250947952271e-01,1.000000000000000000e+00
0.000000000000000000e+00,1.242000000000000000e+03,1.241999999999999993e+01,1.200000000000000000e+01,-4.091127395629882812e+00,5.847427845001220703e+00,1.299746394157409668e+00,-2.535581588745117188e-04,1.329587250947952271e-01,1.000000000000000000e+00
0.000000000000000000e+00,1.243000000000000000e+03,1.242999999999999972e+01,1.200000000000000000e+01,-4.091323852539062500e+00,5.847293376922607422e+00,1.300491452217102051e+00,4.914999008178710938e-04,1.329587250947952271e-01,1.000000000000000000e+00
0.000000000000000000e+00,1.244000000000000000e+03,1.243999999999999950e+01,1.199352455139160156e+01,-4.100054264068603516e+00,5.841319561004638672e+00,1.300484061241149902e+00,4.841089248657226562e-04,1.329587250947952271e-01,0.000000000000000000e+00
0.000000000000000000e+00,1.245000000000000000e+03,1.245000000000000107e+01,1.200000000000000000e+01,-4.094426631927490234e+00,5.845170021057128906e+00,1.299021840095520020e+00,-9.781122207641601562e-04,1.329587250947952271e-01,1.000000000000000000e+00
0.000000000000000000e+00,1.246000000000000000e+03,1.246000000000000085e+01,1.199874973297119141e+01,-4.099409580230712891e+00,5.841760635375976562e+00,1.300179481506347656e+00,1.795291900634765625e-04,1.329587250947952271e-01,0.000000000000000000e+00
0.000000000000000000e+00,1.247000000000000000e+03,1.247000000000000064e+01,1.200000000000000000e+01,-4.098309040069580078e+00,5.842513561248779297e+00,1.299574255943298340e+00,-4.256963729858398438e-04,1.329587250947952271e-01,1.000000000000000000e+00
0.000000000000000000e+00,1.248000000000000000e+03,1.248000000000000043e+01,1.200000000000000000e+01,-4.091625690460205078e+00,5.847086429595947266e+00,1.299814701080322266e+00,-1.852512359619140625e-04,1.329587250947952271e-01,1.000000000000000000e+00
0.000000000000000000e+00,1.249000000000000000e+03,1.249000000000000021e+01,1.200000000000000000e+01,-4.091529369354248047e+00,5.847152233123779297e+00,1.300462961196899414e+00,4.630088806152343750e-04,1.329587250947952271e-01,1.000000000000000000e+00
0.000000000000000000e+00,1.250000000000000000e+03,1.250000000000000000e+01,1.199381828308105469e+01,-4.100048065185546875e+00,5.841323375701904297e+00,1.300463557243347168e+00,4.636049270629882812e-04,1.329587250947952271e-01,0.000000000000000000e+00
0.000000000000000000e+00,1.251000000000000000e+03,1.250999999999999979e+01,1.200000000000000000e+01,-4.094665050506591797e+00,5.845006465911865234e+00,1.299058437347412109e+00,-9.415149688720703125e-04,1.329587250947952271e-01,1.000000000000000000e+00
0.000000000000000000e+00,1.252000000000000000e+03,1.251999999999999957e+01,1.199909114837646484e+01,-4.099402427673339844e+00,5.841764926910400391e+00,1.300165057182312012e+00,1.651048660278320312e-04,1.329587250947952271e-01,0.000000000000000000e+00
0.000000000000000000e+00,1.253000000000000000e+03,1.253000000000000114e+01,1.200000000000000000e+01,-4.098529338836669922e+00,5.842362403869628906e+00,1.299596667289733887e+00,-4.032850265502929688e-04,1.329587250947952271e-01,1.000000000000000000e+00
0.000000000000000000e+00,1.254000000000000000e+03,1.254000000000000092e+01,1.200000000000000000e+01,-4.091399669647216797e+00,5.847240924835205078e+00,1.299785971641540527e+00,-2.139806747436523438e-04,1.329587250947952271e-01,1.000000000000000000e+00
0.000000000000000000e+00,1.255000000000000000e+03,1.255000000000000071e+01,1.200000000000000000e+01,-4.091446399688720703e+00,5.847208976745605469e+00,1.300477743148803711e+00,4.777908325195312500e-04,1.329587250947952271e-01,1.000000000000000000e+00
0.000000000000000000e+00,1.256000000000000000e+03,1.256000000000000050e+01,1.199378967285156250e+01,-4.099987030029296875e+00,5.841364860534667969e+00,1.300466299057006836e+00,4.663467407226562500e-04,1.329587250947952271e-01,0.000000000000000000e+00
0.000000000000000000e+00,1.257000000000000000e+03,1.257000000000000028e+01,1.200000000000000000e+01,-4.094521045684814453e+00,5.845105171203613281e+00,1.299047231674194336e+00,-9.527206420898437500e-04,1.329587250947952271e-01,1.000000000000000000e+00
0.000000000000000000e+00,1.258000000000000000e+03,1.258000000000000007e+01,1.199878215789794922e+01,-4.099478721618652344e+00,5.841712951660156250e+00,1.300178766250610352e+00,1.788139343261718750e-04,1.329587250947952271e-01,0.000000000000000000e+00
0.000000000000000000e+00,1.259000000000000000e+03,1.258999999999999986e+01,1.200000000000000000e+01,-4.098235130310058594e+00,5.842563629150390625e+00,1.299561738967895508e+00,-4.382133483886718750e-04,1.329587250947952271e-01,1.000000000000000000e+00
0.000000000000000000e+00,1.260000000000000000e+03,1.259999999999999964e+01,1.200000000000000000e+01,-4.091545581817626953e+00,5.847140789031982422e+00,1.299815058708190918e+00,-1.848936080932617188e-04,1.329330652952194214e-01,1.000000000000000000e+00
0.000000000000000000e+00,1.261000000000000000e+03,1.260999999999999943e+01,1.200000000000000000e+01,-4.091483116149902344e+00,5.847183704376220703e+00,1.300467491149902344e+00,4.675388336181640625e-04,1.329330652952194214e-01,1.000000000000000000e+00
0.000000000000000000e+00,1.262000000000000000e+03,1.262000000000000099e+01,1.199363040924072266e+01,-4.100135326385498047e+00,5.841263771057128906e+00,1.300478219985961914e+00,4.782676696777343750e-04,1.329330652952194214e-01,0.000000000000000000e+00
0.000000000000000000e+00,1.263000000000000000e+03,1.263000000000000078e+01,1.200000000000000000e+01,-4.094491004943847656e+00,5.845125675201416016e+00,1.299022436141967773e+00,-9.775161743164062500e-04,1.329330652952194214e-01,1.000000000000000000e+00
0.000000000000000000e+00,1.264000000000000000e+03,1.264000000000000057e+01,1.199888515472412109e+01,-4.099377155303955078e+00,5.841782569885253906e+00,1.300174713134765625e+00,1.747608184814453125e-04,1.329330652952194214e-01,0.000000000000000000e+00
0.000000000000000000e+00,1.265000000000000000e+03,1.265000000000000036e+01,1.200000000000000000e+01,-4.098405838012695312e+00,5.842446804046630859e+00,1.299588441848754883e+00,-4.115104675292968750e-04,1.329330652952194214e-01,1.000000000000000000e+00
0.000000000000000000e+00,1.266000000000000000e+03,1.266000000000000014e+01,1.200000000000000000e+01,-4.091328620910644531e+00,5.847289562225341797e+00,1.299790263175964355e+00,-2.096891403198242188e-04,1.329330652952194214e-01,1.000000000000000000e+00
0.000000000000000000e+00,1.267000000000000000e+03,1.266999999999999993e+01,1.200000000000000000e+01,-4.091402053833007812e+00,5.847239494323730469e+00,1.300481677055358887e+00,4.817247390747070312e-04,1.329330652952194214e-01,1.000000000000000000e+00
0.000000000000000000e+00,1.268000000000000000e+03,1.267999999999999972e+01,1.199366092681884766e+01,-4.100034713745117188e+00,5.841332435607910156e+00,1.300476789474487305e+00,4.768371582031250000e-04,1.329330652952194214e-01,0.000000000000000000e+00
0.000000000000000000e+00,1.269000000000000000e+03,1.268999999999999950e+01,1.200000000000000000e+01,-4.094482898712158203e+00,5.845131397247314453e+00,1.299036622047424316e+00,-9.633302688598632812e-04,1.329330652952194214e-01,1.000000000000000000e+00
0.000000000000000000e+00,1.270000000000000000e+03,1.270000000000000107e+01,1.199887561798095703e+01,-4.099376678466796875e+00,5.841783046722412109e+00,1.300175547599792480e+00,1.755952835083007812e-04,1.329330652952194214e-01,0.000000000000000000e+00
0.000000000000000000e+00,1.271000000000000000e+03,1.271000000000000085e+01,1.200000000000000000e+01,-4.098414897918701172e+00,5.842441082000732422e+00,1.299589872360229492e+00,-4.100799560546875000e-04,1.329330652952194214e-01,1.000000000000000000e+00
0.000000000000000000e+00,1.272000000000000000e+03,1.272000000000000064e+01,1.200000000000000000e+01,-4.091222286224365234e+00,5.847362518310546875e+00,1.299782872200012207e+00,-2.170801162719726562e-04,1.329330652952194214e-01,1.000000000000000000e+00
0.000000000000000000e+00,1.273000000000000000e+03,1.273000000000000043e+01,1.200000000000000000e+01,-4.091371059417724609e+00,5.847260951995849609e+00,1.300489902496337891e+00,4.899501800537109375e-04,1.329330652952194214e-01,1.000000000000000000e+00
0.000000000000000000e+00,1.274000000000000000e+03,1.274000000000000021e+01,1.199357414245605469e+01,-4.100065708160400391e+00,5.841311454772949219e+00,1.300483703613281250e+00,4.837512969970703125e-04,1.329330652952194214e-01,0.000000000000000000e+00
0.000000000000000000e+00,1.275000000000000000e+03,1.275000000000000000e+01,1.200000000000000000e+01,-4.094386577606201172e+00,5.845197677612304688e+00,1.299018979072570801e+00,-9.809732437133789062e-04,1.329330652952194214e-01,1.000000000000000000e+00
0.000000000000000000e+00,1.276000000000000000e+03,1.275999999999999979e+01,1.199851226806640625e+01,-4.099537849426269531e+00,5.841672897338867188e+00,1.300192117691040039e+00,1.921653747558593750e-04,1.329330652952194214e-01,0.000000000000000000e+00
0.000000000000000000e+00,1.277000000000000000e+03,1.276999999999999957e+01,1.200000000000000000e+01,-4.098059177398681641e+00,5.842684268951416016e+00,1.299540281295776367e+00,-4.596710205078125000e-04,1.329330652952194214e-01,1.000000000000000000e+00
0.000000000000000000e+00,1.278000000000000000e+03,1.278000000000000114e+01,1.200000000000000000e+01,-4.091509819030761719e+00,5.847166061401367188e+00,1.299824833869934082e+00,-1.751184463500976562e-04,1.329330652952194214e-01,1.000000000000000000e+00
0.000000000000000000e+00,1.279000000000000000e+03,1.279000000000000092e+01,1.200000000000000000e+01,-4.091465473175048828e+00,5.847196578979492188e+00,1.300471186637878418e+00,4.712343215942382812e-04,1.329330652952194214e-01,1.000000000000000000e+00
0.000000000000000000e+00,1.280000000000000000e+03,1.280000000000000071e+01,1.199380683898925781e+01,-4.099993705749511719e+00,5.841361045837402344e+00,1.300467610359191895e+00,4.676580429077148438e-04,1.329670697450637817e-01,0.000000000000000000e+00
0.000000000000000000e+00,1.281000000000000000e+03,1.281000000000000050e+01,1.200000000000000000e+01,-4.094537734985351562e+00,5.845094203948974609e+00,1.299052357673645020e+00,-9.475946426391601562e-04,1.329670697450637817e-01,1.000000000000000000e+00
0.000000000000000000e+00,1.282000000000000000e+03,1.282000000000000028e+01,1.199898338317871094e+01,-4.099353790283203125e+00,5.841798782348632812e+00,1.300171613693237305e+00,1.716613769531250000e-04,1.329670697450637817e-01,0.000000000000000000e+00
0.000000000000000000e+00,1.283000000000000000e+03,1.283000000000000007e+01,1.200000000000000000e+01,-4.098452091217041016e+00,5.842415809631347656e+00,1.299596786499023438e+00,-4.031658172607421875e-04,1.329670697450637817e-01,1.000000000000000000e+00
0.000000000000000000e+00,1.284000000000000000e+03,1.283999999999999986e+01,1.200000000000000000e+01,-4.091295242309570312e+00,5.847312450408935547e+00,1.299786210060119629e+00,-2.137422561645507812e-04,1.329670697450637817e-01,1.000000000000000000e+00
0.000000000000000000e+00,1.285000000000000000e+03,1.284999999999999964e+01,1.200000000000000000e+01,-4.091414451599121094e+00,5.847230911254882812e+00,1.300488233566284180e+00,4.882812500000000000e-04,1.329670697450637817e-01,1.000000000000000000e+00
0.000000000000000000e+00,1.286000000000000000e+03,1.285999999999999943e+01,1.199377536773681641e+01,-4.099965572357177734e+00,5.841379642486572266e+00,1.300470471382141113e+00,4.705190658569335938e-04,1.329670697450637817e-01,0.000000000000000000e+00
0.000000000000000000e+00,1.287000000000000000e+03,1.287000000000000099e+01,1.200000000000000000e+01,-4.094499111175537109e+00,5.845119953155517578e+00,1.299051642417907715e+00,-9.483098983764648438e-04,1.329670697450637817e-01,1.000000000000000000e+00
0.000000000000000000e+00,1.288000000000000000e+03,1.288000000000000078e+01,1.199891185760498047e+01,-4.099366188049316406e+00,5.841789722442626953e+00,1.300175070762634277e+00,1.751184463500976562e-04,1.329670697450637817e-01,0.000000000000000000e+00
0.000000000000000000e+00,1.289000000000000000e+03,1.289000000000000057e+01,1.200000000000000000e+01,-4.098409175872802734e+00,5.842444419860839844e+00,1.299592137336730957e+00,-4.078149795532226562e-04,1.329670697450637817e-01,1.000000000000000000e+00
0.000000000000000000e+00,1.290000000000000000e+03,1.290000000000000036e+01,1.200000000000000000e+01,-4.091294765472412109e+00,5.847312450408935547e+00,1.299789428710937500e+00,-2.105236053466796875e-04,1.329670697450637817e-01,1.000000000000000000e+00
0.000000000000000000e+00,1.291000000000000000e+03,1.291000000000000014e+01,1.200000000000000000e+01,-4.091422080993652344e+00,5.847225666046142578e+00,1.300489664077758789e+00,4.897117614746093750e-04,1.329670697450637817e-01,1.000000000000000000e+00
0.000000000000000000e+00,1.292000000000000000e+03,1.291999999999999993e+01,1.199392795562744141e+01,-4.099866390228271484e+00,5.841447830200195312e+00,1.300460338592529297e+00,4.603862762451171875e-04,1.329670697450637817e-01,0.000000000000000000e+00
0.000000000000000000e+00,1.293000000000000000e+03,1.292999999999999972e+01,1.200000000000000000e+01,-4.094536781311035156e+00,5.845094680786132812e+00,1.299072027206420898e+00,-9.279251098632812500e-04,1.329670697450637817e-01,1.000000000000000000e+00
0.000000000000000000e+00,1.294000000000000000e+03,1.293999999999999950e+01,1.199907207489013672e+01,-4.099289894104003906e+00,5.841842174530029297e+00,1.300168514251708984e+00,1.685619354248046875e-04,1.329670697450637817e-01,0.000000000000000000e+00
0.000000000000000000e+00,1.295000000000000000e+03,1.295000000000000107e+01,1.200000000000000000e+01,-4.098568916320800781e+00,5.842335700988769531e+00,1.299614548683166504e+00,-3.854036331176757812e-04,1.329670697450637817e-01,1.000000000000000000e+00
0.000000000000000000e+00,1.296000000000000000e+03,1.296000000000000085e+01,1.200000000000000000e+01,-4.091219425201416016e+00,5.847364425659179688e+00,1.299773812294006348e+00,-2.261400222778320312e-04,1.329670697450637817e-01,1.000000000000000000e+00
0.000000000000000000e+00,1.297000000000000000e+03,1.297000000000000064e+01,1.200000000000000000e+01,-4.091345310211181641e+00,5.847278594970703125e+00,1.300490021705627441e+00,4.900693893432617188e-04,1.329670697450637817e-01,1.000000000000000000e+00
0.000000000000000000e+00,1.298000000000000000e+03,1.298000000000000043e+01,1.199363327026367188e+01,-4.099998474121093750e+00,5.841357707977294922e+00,1.300481915473937988e+00,4.819631576538085938e-04,1.329670697450637817e-01,0.000000000000000000e+00
0.000000000000000000e+00,1.299000000000000000e+03,1.299000000000000021e+01,1.200000000000000000e+01,-4.094479560852050781e+00,5.845133781433105469e+00,1.299045681953430176e+00,-9.542703628540039062e-04,1.329670697450637817e-01,1.000000000000000000e+00
0.000000000000000000e+00,1.300000000000000000e+03,1.300000000000000000e+01,1.199882793426513672e+01,-4.099406719207763672e+00,5.841762542724609375e+00,1.300179481506347656e+00,1.795291900634765625e-04,1.329206675291061401e-01,0.000000000000000000e+00
0.000000000000000000e+00,1.301000000000000000e+03,1.300999999999999979e+01,1.200000000000000000e+01,-4.098372936248779297e+00,5.842469692230224609e+00,1.299585938453674316e+00,-4.140138626098632812e-04,1.329206675291061401e-01,1.000000000000000000e+00
0.000000000000000000e+00,1.302000000000000000e+03,1.301999999999999957e+01,1.200000000000000000e+01,-4.091470241546630859e+00,5.847192764282226562e+00,1.299804210662841797e+00,-1.957416534423828125e-04,1.329206675291061401e-01,1.000000000000000000e+00
0.000000000000000000e+00,1.303000000000000000e+03,1.303000000000000114e+01,1.200000000000000000e+01,-4.091411113739013672e+00,5.847233772277832031e+00,1.300472021102905273e+00,4.720687866210937500e-04,1.329206675291061401e-01,1.000000000000000000e+00
0.000000000000000000e+00,1.304000000000000000e+03,1.304000000000000092e+01,1.199367618560791016e+01,-4.100033283233642578e+00,5.841333866119384766e+00,1.300479412078857422e+00,4.794597625732421875e-04,1.329206675291061401e-01,0.000000000000000000e+00
0.000000000000000000e+00,1.305000000000000000e+03,1.305000000000000071e+01,1.200000000000000000e+01,-4.094464778900146484e+00,5.845143795013427734e+00,1.299039483070373535e+00,-9.604692459106445312e-04,1.329206675291061401e-01,1.000000000000000000e+00
0.000000000000000000e+00,1.306000000000000000e+03,1.306000000000000050e+01,1.199898242950439453e+01,-4.099283695220947266e+00,5.841846466064453125e+00,1.300173163414001465e+00,1.732110977172851562e-04,1.329206675291061401e-01,0.000000000000000000e+00
0.000000000000000000e+00,1.307000000000000000e+03,1.307000000000000028e+01,1.200000000000000000e+01,-4.098467350006103516e+00,5.842404842376708984e+00,1.299606800079345703e+00,-3.931522369384765625e-04,1.329206675291061401e-01,1.000000000000000000e+00
0.000000000000000000e+00,1.308000000000000000e+03,1.308000000000000007e+01,1.200000000000000000e+01,-4.091289043426513672e+00,5.847316741943359375e+00,1.299786329269409180e+00,-2.136230468750000000e-04,1.329206675291061401e-01,1.000000000000000000e+00
0.000000000000000000e+00,1.309000000000000000e+03,1.308999999999999986e+01,1.200000000000000000e+01,-4.091381549835205078e+00,5.847253322601318359e+00,1.300487875938415527e+00,4.879236221313476562e-04,1.329206675291061401e-01,1.000000000000000000e+00
0.000000000000000000e+00,1.310000000000000000e+03,1.309999999999999964e+01,1.199361991882324219e+01,-4.100043773651123047e+00,5.841326236724853516e+00,1.300484061241149902e+00,4.841089248657226562e-04,1.329206675291061401e-01,0.000000000000000000e+00
0.000000000000000000e+00,1.311000000000000000e+03,1.310999999999999943e+01,1.200000000000000000e+01,-4.094397544860839844e+00,5.845189571380615234e+00,1.299028992652893066e+00,-9.709596633911132812e-04,1.329206675291061401e-01,1.000000000000000000e+00
0.000000000000000000e+00,1.312000000000000000e+03,1.312000000000000099e+01,1.199871921539306641e+01,-4.099402904510498047e+00,5.841764926910400391e+00,1.300185084342956543e+00,1.851320266723632812e-04,1.329206675291061401e-01,0.000000000000000000e+00
0.000000000000000000e+00,1.313000000000000000e+03,1.313000000000000078e+01,1.200000000000000000e+01,-4.098268032073974609e+00,5.842541217803955078e+00,1.299577355384826660e+00,-4.225969314575195312e-04,1.329206675291061401e-01,1.000000000000000000e+00
0.000000000000000000e+00,1.314000000000000000e+03,1.314000000000000057e+01,1.200000000000000000e+01,-4.091270923614501953e+00,5.847328662872314453e+00,1.299798727035522461e+00,-2.012252807617187500e-04,1.329206675291061401e-01,1.000000000000000000e+00
0.000000000000000000e+00,1.315000000000000000e+03,1.315000000000000036e+01,1.200000000000000000e+01,-4.091373920440673828e+00,5.847258567810058594e+00,1.300489544868469238e+00,4.895925521850585938e-04,1.329206675291061401e-01,1.000000000000000000e+00
0.000000000000000000e+00,1.316000000000000000e+03,1.316000000000000014e+01,1.199378013610839844e+01,-4.099923610687255859e+00,5.841408252716064453e+00,1.300473213195800781e+00,4.732608795166015625e-04,1.329206675291061401e-01,0.000000000000000000e+00
0.000000000000000000e+00,1.317000000000000000e+03,1.316999999999999993e+01,1.200000000000000000e+01,-4.094384193420410156e+00,5.845198631286621094e+00,1.299045324325561523e+00,-9.546279907226562500e-04,1.329206675291061401e-01,1.000000000000000000e+00
0.000000000000000000e+00,1.318000000000000000e+03,1.317999999999999972e+01,1.199859523773193359e+01,-4.099477291107177734e+00,5.841713905334472656e+00,1.300191044807434082e+00,1.910924911499023438e-04,1.329206675291061401e-01,0.000000000000000000e+00
0.000000000000000000e+00,1.319000000000000000e+03,1.318999999999999950e+01,1.200000000000000000e+01,-4.098168849945068359e+00,5.842609405517578125e+00,1.299561142921447754e+00,-4.388093948364257812e-04,1.329206675291061401e-01,1.000000000000000000e+00
0.000000000000000000e+00,1.320000000000000000e+03,1.320000000000000107e+01,1.200000000000000000e+01,-4.091166973114013672e+00,5.847400188446044922e+00,1.299798727035522461e+00,-2.012252807617187500e-04,1.329359263181686401e-01,1.000000000000000000e+00
0.000000000000000000e+00,1.321000000000000000e+03,1.321000000000000085e+01,1.200000000000000000e+01,-4.091274261474609375e+00,5.847326755523681641e+00,1.300490498542785645e+00,4.905462265014648438e-04,1.329359263181686401e-01,1.000000000000000000e+00
0.000000000000000000e+00,1.322000000000000000e+03,1.322000000000000064e+01,1.199341201782226562e+01,-4.100085258483886719e+00,5.841297626495361328e+00,1.300500512123107910e+00,5.005598068237304688e-04,1.329359263181686401e-01,0.000000000000000000e+00
0.000000000000000000e+00,1.323000000000000000e+03,1.323000000000000043e+01,1.200000000000000000e+01,-4.094249248504638672e+00,5.845290660858154297e+00,1.299002885818481445e+00,-9.970664978027343750e-04,1.329359263181686401e-01,1.000000000000000000e+00
0.000000000000000000e+00,1.324000000000000000e+03,1.324000000000000021e+01,1.199819183349609375e+01,-4.099629402160644531e+00,5.841609477996826172e+00,1.300210237503051758e+00,2.102851867675781250e-04,1.329359263181686401e-01,0.000000000000000000e+00
0.000000000000000000e+00,1.325000000000000000e+03,1.325000000000000000e+01,1.200000000000000000e+01,-4.097619056701660156e+00,5.842985153198242188e+00,1.299490571022033691e+00,-5.093812942504882812e-04,1.329359263181686401e-01,1.000000000000000000e+00
0.000000000000000000e+00,1.326000000000000000e+03,1.325999999999999979e+01,1.200000000000000000e+01,-4.091993808746337891e+00,5.846834182739257812e+00,1.299879312515258789e+00,-1.206398010253906250e-04,1.329359263181686401e-01,1.000000000000000000e+00
0.000000000000000000e+00,1.327000000000000000e+03,1.326999999999999957e+01,1.200000000000000000e+01,-4.091316699981689453e+00,5.847298145294189453e+00,1.300414562225341797e+00,4.146099090576171875e-04,1.329359263181686401e-01,1.000000000000000000e+00
0.000000000000000000e+00,1.328000000000000000e+03,1.328000000000000114e+01,1.199366760253906250e+01,-4.099946498870849609e+00,5.841392993927001953e+00,1.300482630729675293e+00,4.826784133911132812e-04,1.329359263181686401e-01,0.000000000000000000e+00
0.000000000000000000e+00,1.329000000000000000e+03,1.329000000000000092e+01,1.200000000000000000e+01,-4.094379901885986328e+00,5.845201492309570312e+00,1.299043178558349609e+00,-9.567737579345703125e-04,1.329359263181686401e-01,1.000000000000000000e+00
0.000000000000000000e+00,1.330000000000000000e+03,1.330000000000000071e+01,1.199877834320068359e+01,-4.099343776702880859e+00,5.841804981231689453e+00,1.300183653831481934e+00,1.837015151977539062e-04,1.329359263181686401e-01,0.000000000000000000e+00
0.000000000000000000e+00,1.331000000000000000e+03,1.331000000000000050e+01,1.200000000000000000e+01,-4.098262786865234375e+00,5.842544555664062500e+00,1.299584269523620605e+00,-4.156827926635742188e-04,1.329359263181686401e-01,1.000000000000000000e+00
0.000000000000000000e+00,1.332000000000000000e+03,1.332000000000000028e+01,1.200000000000000000e+01,-4.091460227966308594e+00,5.847198963165283203e+00,1.299812555313110352e+00,-1.873970031738281250e-04,1.329359263181686401e-01,1.000000000000000000e+00
0.000000000000000000e+00,1.333000000000000000e+03,1.333000000000000007e+01,1.200000000000000000e+01,-4.091263294219970703e+00,5.847333908081054688e+00,1.300461292266845703e+00,4.613399505615234375e-04,1.329359263181686401e-01,1.000000000000000000e+00
0.000000000000000000e+00,1.334000000000000000e+03,1.333999999999999986e+01,1.199361705780029297e+01,-4.099929809570312500e+00,5.841403961181640625e+00,1.300486922264099121e+00,4.869699478149414062e-04,1.329359263181686401e-01,0.000000000000000000e+00
0.000000000000000000e+00,1.335000000000000000e+03,1.334999999999999964e+01,1.200000000000000000e+01,-4.094287872314453125e+00,5.845264434814453125e+00,1.299033045768737793e+00,-9.669065475463867188e-04,1.329359263181686401e-01,1.000000000000000000e+00
0.000000000000000000e+00,1.336000000000000000e+03,1.335999999999999943e+01,1.199827957153320312e+01,-4.099605083465576172e+00,5.841626167297363281e+00,1.300206899642944336e+00,2.069473266601562500e-04,1.329359263181686401e-01,0.000000000000000000e+00
0.000000000000000000e+00,1.337000000000000000e+03,1.337000000000000099e+01,1.200000000000000000e+01,-4.097772121429443359e+00,5.842880249023437500e+00,1.299510359764099121e+00,-4.895925521850585938e-04,1.329359263181686401e-01,1.000000000000000000e+00
0.000000000000000000e+00,1.338000000000000000e+03,1.338000000000000078e+01,1.200000000000000000e+01,-4.091490268707275391e+00,5.847178459167480469e+00,1.299844264984130859e+00,-1.556873321533203125e-04,1.329359263181686401e-01,1.000000000000000000e+00
0.000000000000000000e+00,1.339000000000000000e+03,1.339000000000000057e+01,1.200000000000000000e+01,-4.091350078582763672e+00,5.847274780273437500e+00,1.300467610359191895e+00,4.676580429077148438e-04,1.329359263181686401e-01,1.000000000000000000e+00
0.000000000000000000e+00,1.340000000000000000e+03,1.340000000000000036e+01,1.199366569519042969e+01,-4.099979877471923828e+00,5.841369628906250000e+00,1.300483942031860352e+00,4.839897155761718750e-04,1.329929828643798828e-01,0.000000000000000000e+00
0.000000000000000000e+00,1.341000000000000000e+03,1.341000000000000014e+01,1.200000000000000000e+01,-4.094413280487060547e+00,5.845178604125976562e+00,1.299044966697692871e+00,-9.549856185913085938e-04,1.329929828643798828e-01,1.000000000000000000e+00
0.000000000000000000e+00,1.342000000000000000e+03,1.341999999999999993e+01,1.199885177612304688e+01,-4.099324703216552734e+00,5.841817855834960938e+00,1.300181150436401367e+00,1.811981201171875000e-04,1.329929828643798828e-01,0.000000000000000000e+00
0.000000000000000000e+00,1.343000000000000000e+03,1.342999999999999972e+01,1.200000000000000000e+01,-4.098355293273925781e+00,5.842481136322021484e+00,1.299595952033996582e+00,-4.040002822875976562e-04,1.329929828643798828e-01,1.000000000000000000e+00
0.000000000000000000e+00,1.344000000000000000e+03,1.343999999999999950e+01,1.200000000000000000e+01,-4.091431617736816406e+00,5.847218513488769531e+00,1.299805641174316406e+00,-1.943111419677734375e-04,1.329929828643798828e-01,1.000000000000000000e+00
0.000000000000000000e+00,1.345000000000000000e+03,1.345000000000000107e+01,1.200000000000000000e+01,-4.091452598571777344e+00,5.847204208374023438e+00,1.300484538078308105e+00,4.845857620239257812e-04,1.329929828643798828e-01,1.000000000000000000e+00
0.000000000000000000e+00,1.346000000000000000e+03,1.346000000000000085e+01,1.199384880065917969e+01,-4.099951267242431641e+00,5.841389179229736328e+00,1.300471305847167969e+00,4.713535308837890625e-04,1.329929828643798828e-01,0.000000000000000000e+00
0.000000000000000000e+00,1.347000000000000000e+03,1.347000000000000064e+01,1.200000000000000000e+01,-4.094370841979980469e+00,5.845207691192626953e+00,1.299044013023376465e+00,-9.559392929077148438e-04,1.329929828643798828e-01,1.000000000000000000e+00
0.000000000000000000e+00,1.348000000000000000e+03,1.348000000000000043e+01,1.199887084960937500e+01,-4.099269390106201172e+00,5.841856002807617188e+00,1.300180673599243164e+00,1.807212829589843750e-04,1.329929828643798828e-01,0.000000000000000000e+00
0.000000000000000000e+00,1.349000000000000000e+03,1.349000000000000021e+01,1.200000000000000000e+01,-4.098353385925292969e+00,5.842483043670654297e+00,1.299601435661315918e+00,-3.985166549682617188e-04,1.329929828643798828e-01,1.000000000000000000e+00
0.000000000000000000e+00,1.350000000000000000e+03,1.350000000000000000e+01,1.200000000000000000e+01,-4.091567516326904297e+00,5.847126007080078125e+00,1.299814820289611816e+00,-1.851320266723632812e-04,1.329929828643798828e-01,1.000000000000000000e+00
0.000000000000000000e+00,1.351000000000000000e+03,1.350999999999999979e+01,1.200000000000000000e+01,-4.091374397277832031e+00,5.847258567810058594e+00,1.300463557243347168e+00,4.636049270629882812e-04,1.329929828643798828e-01,1.000000000000000000e+00
0.000000000000000000e+00,1.352000000000000000e+03,1.351999999999999957e+01,1.199388027191162109e+01,-4.099853038787841797e+00,5.841457366943359375e+00,1.300469756126403809e+00,4.698038101196289062e-04,1.329929828643798828e-01,0.000000000000000000e+00
0.000000000000000000e+00,1.353000000000000000e+03,1.353000000000000114e+01,1.200000000000000000e+01,-4.094471454620361328e+00,5.845139503479003906e+00,1.299073100090026855e+00,-9.268522262573242188e-04,1.329929828643798828e-01,1.000000000000000000e+00
0.000000000000000000e+00,1.354000000000000000e+03,1.354000000000000092e+01,1.199906635284423828e+01,-4.099230289459228516e+00,5.841883182525634766e+00,1.300172448158264160e+00,1.724958419799804688e-04,1.329929828643798828e-01,0.000000000000000000e+00
0.000000000000000000e+00,1.355000000000000000e+03,1.355000000000000071e+01,1.200000000000000000e+01,-4.098524570465087891e+00,5.842365741729736328e+00,1.299621343612670898e+00,-3.786087036132812500e-04,1.329929828643798828e-01,1.000000000000000000e+00
0.000000000000000000e+00,1.356000000000000000e+03,1.356000000000000050e+01,1.200000000000000000e+01,-4.091211795806884766e+00,5.847369670867919922e+00,1.299780488014221191e+00,-2.194643020629882812e-04,1.329929828643798828e-01,1.000000000000000000e+00
0.000000000000000000e+00,1.357000000000000000e+03,1.357000000000000028e+01,1.200000000000000000e+01,-4.091327667236328125e+00,5.847290515899658203e+00,1.300495147705078125e+00,4.951953887939453125e-04,1.329929828643798828e-01,1.000000000000000000e+00
0.000000000000000000e+00,1.358000000000000000e+03,1.358000000000000007e+01,1.199372577667236328e+01,-4.099915504455566406e+00,5.841414451599121094e+00,1.300481319427490234e+00,4.813671112060546875e-04,1.329929828643798828e-01,0.000000000000000000e+00
0.000000000000000000e+00,1.359000000000000000e+03,1.358999999999999986e+01,1.200000000000000000e+01,-4.094359397888183594e+00,5.845215797424316406e+00,1.299048900604248047e+00,-9.510517120361328125e-04,1.329929828643798828e-01,1.000000000000000000e+00
0.000000000000000000e+00,1.360000000000000000e+03,1.359999999999999964e+01,1.199921035766601562e+01,-4.099020004272460938e+00,5.842027187347412109e+00,1.300166726112365723e+00,1.667737960815429688e-04,1.329368352890014648e-01,0.000000000000000000e+00
0.000000000000000000e+00,1.361000000000000000e+03,1.360999999999999943e+01,1.200000000000000000e+01,-4.098700046539306641e+00,5.842246055603027344e+00,1.299655795097351074e+00,-3.441572189331054688e-04,1.329368352890014648e-01,1.000000000000000000e+00
0.000000000000000000e+00,1.362000000000000000e+03,1.362000000000000099e+01,1.200000000000000000e+01,-4.091028690338134766e+00,5.847495079040527344e+00,1.299755573272705078e+00,-2.443790435791015625e-04,1.329368352890014648e-01,1.000000000000000000e+00
0.000000000000000000e+00,1.363000000000000000e+03,1.363000000000000078e+01,1.200000000000000000e+01,-4.091376304626464844e+00,5.847257614135742188e+00,1.300519704818725586e+00,5.197525024414062500e-04,1.329368352890014648e-01,1.000000000000000000e+00
0.000000000000000000e+00,1.364000000000000000e+03,1.364000000000000057e+01,1.199370288848876953e+01,-4.099979877471923828e+00,5.841370582580566406e+00,1.300483465194702148e+00,4.835128784179687500e-04,1.329368352890014648e-01,0.000000000000000000e+00
0.000000000000000000e+00,1.365000000000000000e+03,1.365000000000000036e+01,1.200000000000000000e+01,-4.094415187835693359e+00,5.845178127288818359e+00,1.299048423767089844e+00,-9.515285491943359375e-04,1.329368352890014648e-01,1.000000000000000000e+00
0.000000000000000000e+00,1.366000000000000000e+03,1.366000000000000014e+01,1.199880695343017578e+01,-4.099358081817626953e+00,5.841795921325683594e+00,1.300184488296508789e+00,1.845359802246093750e-04,1.329368352890014648e-01,0.000000000000000000e+00
0.000000000000000000e+00,1.367000000000000000e+03,1.366999999999999993e+01,1.200000000000000000e+01,-4.098220348358154297e+00,5.842574119567871094e+00,1.299582123756408691e+00,-4.178285598754882812e-04,1.329368352890014648e-01,1.000000000000000000e+00
0.000000000000000000e+00,1.368000000000000000e+03,1.367999999999999972e+01,1.200000000000000000e+01,-4.091546058654785156e+00,5.847140789031982422e+00,1.299822688102722168e+00,-1.772642135620117188e-04,1.329368352890014648e-01,1.000000000000000000e+00
0.000000000000000000e+00,1.369000000000000000e+03,1.368999999999999950e+01,1.200000000000000000e+01,-4.091376304626464844e+00,5.847257137298583984e+00,1.300467491149902344e+00,4.675388336181640625e-04,1.329368352890014648e-01,1.000000000000000000e+00
0.000000000000000000e+00,1.370000000000000000e+03,1.370000000000000107e+01,1.199370956420898438e+01,-4.099975109100341797e+00,5.841373443603515625e+00,1.300483584403991699e+00,4.836320877075195312e-04,1.329368352890014648e-01,0.000000000000000000e+00
0.000000000000000000e+00,1.371000000000000000e+03,1.371000000000000085e+01,1.200000000000000000e+01,-4.094395637512207031e+00,5.845191001892089844e+00,1.299047112464904785e+00,-9.528398513793945312e-04,1.329368352890014648e-01,1.000000000000000000e+00
0.000000000000000000e+00,1.372000000000000000e+03,1.372000000000000064e+01,1.199864292144775391e+01,-4.099454402923583984e+00,5.841729640960693359e+00,1.300192236900329590e+00,1.922845840454101562e-04,1.329368352890014648e-01,0.000000000000000000e+00
0.000000000000000000e+00,1.373000000000000000e+03,1.373000000000000043e+01,1.200000000000000000e+01,-4.098185539245605469e+00,5.842597961425781250e+00,1.299570083618164062e+00,-4.298686981201171875e-04,1.329368352890014648e-01,1.000000000000000000e+00
0.000000000000000000e+00,1.374000000000000000e+03,1.374000000000000021e+01,1.200000000000000000e+01,-4.091506004333496094e+00,5.847168445587158203e+00,1.299822688102722168e+00,-1.772642135620117188e-04,1.329368352890014648e-01,1.000000000000000000e+00
0.000000000000000000e+00,1.375000000000000000e+03,1.375000000000000000e+01,1.200000000000000000e+01,-4.091391563415527344e+00,5.847247123718261719e+00,1.300473570823669434e+00,4.736185073852539062e-04,1.329368352890014648e-01,1.000000000000000000e+00
0.000000000000000000e+00,1.376000000000000000e+03,1.375999999999999979e+01,1.199400234222412109e+01,-4.099784374237060547e+00,5.841504573822021484e+00,1.300463318824768066e+00,4.633665084838867188e-04,1.329368352890014648e-01,0.000000000000000000e+00
0.000000000000000000e+00,1.377000000000000000e+03,1.376999999999999957e+01,1.200000000000000000e+01,-4.094499588012695312e+00,5.845120429992675781e+00,1.299089789390563965e+00,-9.101629257202148438e-04,1.329368352890014648e-01,1.000000000000000000e+00
0.000000000000000000e+00,1.378000000000000000e+03,1.378000000000000114e+01,1.199911594390869141e+01,-4.099223136901855469e+00,5.841888427734375000e+00,1.300171613693237305e+00,1.716613769531250000e-04,1.329368352890014648e-01,0.000000000000000000e+00
0.000000000000000000e+00,1.379000000000000000e+03,1.379000000000000092e+01,1.200000000000000000e+01,-4.098698616027832031e+00,5.842247486114501953e+00,1.299639463424682617e+00,-3.604888916015625000e-04,1.329368352890014648e-01,1.000000000000000000e+00
0.000000000000000000e+00,1.380000000000000000e+03,1.380000000000000071e+01,1.200000000000000000e+01,-4.091086864471435547e+00,5.847455501556396484e+00,1.299761056900024414e+00,-2.388954162597656250e-04,1.328986138105392456e-01,1.000000000000000000e+00
0.000000000000000000e+00,1.381000000000000000e+03,1.381000000000000050e+01,1.200000000000000000e+01,-4.091246128082275391e+00,5.847346782684326172e+00,1.300501704216003418e+00,5.017518997192382812e-04,1.328986138105392456e-01,1.000000000000000000e+00
0.000000000000000000e+00,1.382000000000000000e+03,1.382000000000000028e+01,1.199364948272705078e+01,-4.099890708923339844e+00,5.841431617736816406e+00,1.300489187240600586e+00,4.892349243164062500e-04,1.328986138105392456e-01,0.000000000000000000e+00
0.000000000000000000e+00,1.383000000000000000e+03,1.383000000000000007e+01,1.200000000000000000e+01,-4.094292640686035156e+00,5.845262050628662109e+00,1.299045681953430176e+00,-9.542703628540039062e-04,1.328986138105392456e-01,1.000000000000000000e+00
0.000000000000000000e+00,1.384000000000000000e+03,1.383999999999999986e+01,1.199873352050781250e+01,-4.099290370941162109e+00,5.841842651367187500e+00,1.300188899040222168e+00,1.889467239379882812e-04,1.328986138105392456e-01,0.000000000000000000e+00
0.000000000000000000e+00,1.385000000000000000e+03,1.384999999999999964e+01,1.200000000000000000e+01,-4.098164081573486328e+00,5.842613220214843750e+00,1.299584627151489258e+00,-4.153251647949218750e-04,1.328986138105392456e-01,1.000000000000000000e+00
0.000000000000000000e+00,1.386000000000000000e+03,1.385999999999999943e+01,1.200000000000000000e+01,-4.091174125671386719e+00,5.847396373748779297e+00,1.299803614616394043e+00,-1.963376998901367188e-04,1.328986138105392456e-01,1.000000000000000000e+00
0.000000000000000000e+00,1.387000000000000000e+03,1.387000000000000099e+01,1.200000000000000000e+01,-4.091332912445068359e+00,5.847288131713867188e+00,1.300502300262451172e+00,5.023479461669921875e-04,1.328986138105392456e-01,1.000000000000000000e+00
0.000000000000000000e+00,1.388000000000000000e+03,1.388000000000000078e+01,1.199357032775878906e+01,-4.100031375885009766e+00,5.841336250305175781e+00,1.300495386123657227e+00,4.954338073730468750e-04,1.328986138105392456e-01,0.000000000000000000e+00
0.000000000000000000e+00,1.389000000000000000e+03,1.389000000000000057e+01,1.200000000000000000e+01,-4.094331264495849609e+00,5.845236301422119141e+00,1.299031853675842285e+00,-9.680986404418945312e-04,1.328986138105392456e-01,1.000000000000000000e+00
0.000000000000000000e+00,1.390000000000000000e+03,1.390000000000000036e+01,1.199876976013183594e+01,-4.099302768707275391e+00,5.841834545135498047e+00,1.300187587738037109e+00,1.876354217529296875e-04,1.328986138105392456e-01,0.000000000000000000e+00
0.000000000000000000e+00,1.391000000000000000e+03,1.391000000000000014e+01,1.200000000000000000e+01,-4.098297595977783203e+00,5.842522144317626953e+00,1.299596548080444336e+00,-4.034042358398437500e-04,1.328986138105392456e-01,1.000000000000000000e+00
0.000000000000000000e+00,1.392000000000000000e+03,1.391999999999999993e+01,1.200000000000000000e+01,-4.091443061828613281e+00,5.847212314605712891e+00,1.299812793731689453e+00,-1.871585845947265625e-04,1.328986138105392456e-01,1.000000000000000000e+00
0.000000000000000000e+00,1.393000000000000000e+03,1.392999999999999972e+01,1.200000000000000000e+01,-4.091285228729248047e+00,5.847320556640625000e+00,1.300470709800720215e+00,4.707574844360351562e-04,1.328986138105392456e-01,1.000000000000000000e+00
0.000000000000000000e+00,1.394000000000000000e+03,1.393999999999999950e+01,1.199353504180908203e+01,-4.100009441375732422e+00,5.841351032257080078e+00,1.300498604774475098e+00,4.986524581909179688e-04,1.328986138105392456e-01,0.000000000000000000e+00
0.000000000000000000e+00,1.395000000000000000e+03,1.395000000000000107e+01,1.200000000000000000e+01,-4.094268798828125000e+00,5.845278739929199219e+00,1.299026727676391602e+00,-9.732246398925781250e-04,1.328986138105392456e-01,1.000000000000000000e+00
0.000000000000000000e+00,1.396000000000000000e+03,1.396000000000000085e+01,1.199856376647949219e+01,-4.099386692047119141e+00,5.841776847839355469e+00,1.300197362899780273e+00,1.974105834960937500e-04,1.328986138105392456e-01,0.000000000000000000e+00
0.000000000000000000e+00,1.397000000000000000e+03,1.397000000000000064e+01,1.200000000000000000e+01,-4.098057270050048828e+00,5.842686653137207031e+00,1.299566149711608887e+00,-4.338026046752929688e-04,1.328986138105392456e-01,1.000000000000000000e+00
0.000000000000000000e+00,1.398000000000000000e+03,1.398000000000000043e+01,1.200000000000000000e+01,-4.091561317443847656e+00,5.847131252288818359e+00,1.299835085868835449e+00,-1.648664474487304688e-04,1.328986138105392456e-01,1.000000000000000000e+00
0.000000000000000000e+00,1.399000000000000000e+03,1.399000000000000021e+01,1.200000000000000000e+01,-4.091355800628662109e+00,5.847271919250488281e+00,1.300466656684875488e+00,4.667043685913085938e-04,1.328986138105392456e-01,1.000000000000000000e+00
0.000000000000000000e+00,1.400000000000000000e+03,1.400000000000000000e+01,1.199373722076416016e+01,-4.099935531616210938e+00,5.841401100158691406e+00,1.300484418869018555e+00,4.844665527343750000e-04,1.329524070024490356e-01,0.000000000000000000e+00
0.000000000000000000e+00,1.401000000000000000e+03,1.400999999999999979e+01,1.200000000000000000e+01,-4.094345569610595703e+00,5.845225811004638672e+00,1.299049496650695801e+00,-9.504556655883789062e-04,1.329524070024490356e-01,1.000000000000000000e+00
0.000000000000000000e+00,1.402000000000000000e+03,1.401999999999999957e+01,1.199883556365966797e+01,-4.099269390106201172e+00,5.841856479644775391e+00,1.300185322761535645e+00,1.853704452514648438e-04,1.329524070024490356e-01,0.000000000000000000e+00
0.000000000000000000e+00,1.403000000000000000e+03,1.403000000000000114e+01,1.200000000000000000e+01,-4.098152160644531250e+00,5.842620849609375000e+00,1.299587130546569824e+00,-4.128217697143554688e-04,1.329524070024490356e-01,1.000000000000000000e+00
0.000000000000000000e+00,1.404000000000000000e+03,1.404000000000000092e+01,1.200000000000000000e+01,-4.091333389282226562e+00,5.847286701202392578e+00,1.299815654754638672e+00,-1.842975616455078125e-04,1.329524070024490356e-01,1.000000000000000000e+00
0.000000000000000000e+00,1.405000000000000000e+03,1.405000000000000071e+01,1.200000000000000000e+01,-4.091390609741210938e+00,5.847247600555419922e+00,1.300493717193603516e+00,4.937648773193359375e-04,1.329524070024490356e-01,1.000000000000000000e+00
0.000000000000000000e+00,1.406000000000000000e+03,1.406000000000000050e+01,1.199402999877929688e+01,-4.099763393402099609e+00,5.841518402099609375e+00,1.300464034080505371e+00,4.640817642211914062e-04,1.329524070024490356e-01,0.000000000000000000e+00
0.000000000000000000e+00,1.407000000000000000e+03,1.407000000000000028e+01,1.200000000000000000e+01,-4.094499111175537109e+00,5.845120429992675781e+00,1.299096465110778809e+00,-9.034872055053710938e-04,1.329524070024490356e-01,1.000000000000000000e+00
0.000000000000000000e+00,1.408000000000000000e+03,1.408000000000000007e+01,1.199918460845947266e+01,-4.099174022674560547e+00,5.841921806335449219e+00,1.300170302391052246e+00,1.703500747680664062e-04,1.329524070024490356e-01,0.000000000000000000e+00
0.000000000000000000e+00,1.409000000000000000e+03,1.408999999999999986e+01,1.200000000000000000e+01,-4.098559379577636719e+00,5.842342376708984375e+00,1.299633860588073730e+00,-3.660917282104492188e-04,1.329524070024490356e-01,1.000000000000000000e+00
0.000000000000000000e+00,1.410000000000000000e+03,1.409999999999999964e+01,1.200000000000000000e+01,-4.091122627258300781e+00,5.847431182861328125e+00,1.299775242805480957e+00,-2.247095108032226562e-04,1.329524070024490356e-01,1.000000000000000000e+00
0.000000000000000000e+00,1.411000000000000000e+03,1.410999999999999943e+01,1.200000000000000000e+01,-4.091209888458251953e+00,5.847371578216552734e+00,1.300497055053710938e+00,4.971027374267578125e-04,1.329524070024490356e-01,1.000000000000000000e+00
0.000000000000000000e+00,1.412000000000000000e+03,1.412000000000000099e+01,1.199366092681884766e+01,-4.099846363067626953e+00,5.841462135314941406e+00,1.300491094589233398e+00,4.911422729492187500e-04,1.329524070024490356e-01,0.000000000000000000e+00
0.000000000000000000e+00,1.413000000000000000e+03,1.413000000000000078e+01,1.200000000000000000e+01,-4.094212532043457031e+00,5.845316886901855469e+00,1.299044370651245117e+00,-9.555816650390625000e-04,1.329524070024490356e-01,1.000000000000000000e+00
0.000000000000000000e+00,1.414000000000000000e+03,1.414000000000000057e+01,1.199850654602050781e+01,-4.099371433258056641e+00,5.841786861419677734e+00,1.300201058387756348e+00,2.011060714721679688e-04,1.329524070024490356e-01,0.000000000000000000e+00
0.000000000000000000e+00,1.415000000000000000e+03,1.415000000000000036e+01,1.200000000000000000e+01,-4.098042488098144531e+00,5.842696189880371094e+00,1.299567699432373047e+00,-4.322528839111328125e-04,1.329524070024490356e-01,1.000000000000000000e+00
0.000000000000000000e+00,1.416000000000000000e+03,1.416000000000000014e+01,1.200000000000000000e+01,-4.091325283050537109e+00,5.847292423248291016e+00,1.299822568893432617e+00,-1.773834228515625000e-04,1.329524070024490356e-01,1.000000000000000000e+00
0.000000000000000000e+00,1.417000000000000000e+03,1.416999999999999993e+01,1.200000000000000000e+01,-4.091249465942382812e+00,5.847344398498535156e+00,1.300481081008911133e+00,4.811286926269531250e-04,1.329524070024490356e-01,1.000000000000000000e+00
0.000000000000000000e+00,1.418000000000000000e+03,1.417999999999999972e+01,1.199368095397949219e+01,-4.099870681762695312e+00,5.841445446014404297e+00,1.300490140914916992e+00,4.901885986328125000e-04,1.329524070024490356e-01,0.000000000000000000e+00
0.000000000000000000e+00,1.419000000000000000e+03,1.418999999999999950e+01,1.200000000000000000e+01,-4.094219207763671875e+00,5.845312595367431641e+00,1.299042701721191406e+00,-9.572505950927734375e-04,1.329524070024490356e-01,1.000000000000000000e+00
0.000000000000000000e+00,1.420000000000000000e+03,1.420000000000000107e+01,1.199862289428710938e+01,-4.099296092987060547e+00,5.841838836669921875e+00,1.300196051597595215e+00,1.960992813110351562e-04,1.329453736543655396e-01,0.000000000000000000e+00
0.000000000000000000e+00,1.421000000000000000e+03,1.421000000000000085e+01,1.200000000000000000e+01,-4.098077297210693359e+00,5.842672824859619141e+00,1.299578785896301270e+00,-4.211664199829101562e-04,1.329453736543655396e-01,1.000000000000000000e+00
0.000000000000000000e+00,1.422000000000000000e+03,1.422000000000000064e+01,1.200000000000000000e+01,-4.091394901275634766e+00,5.847245216369628906e+00,1.299825072288513184e+00,-1.748800277709960938e-04,1.329453736543655396e-01,1.000000000000000000e+00
0.000000000000000000e+00,1.423000000000000000e+03,1.423000000000000043e+01,1.200000000000000000e+01,-4.091227054595947266e+00,5.847360134124755859e+00,1.300472378730773926e+00,4.724264144897460938e-04,1.329453736543655396e-01,1.000000000000000000e+00
0.000000000000000000e+00,1.424000000000000000e+03,1.424000000000000021e+01,1.199372196197509766e+01,-4.099820137023925781e+00,5.841480255126953125e+00,1.300487756729125977e+00,4.878044128417968750e-04,1.329453736543655396e-01,0.000000000000000000e+00
0.000000000000000000e+00,1.425000000000000000e+03,1.425000000000000000e+01,1.200000000000000000e+01,-4.094385623931884766e+00,5.845198631286621094e+00,1.299074411392211914e+00,-9.255409240722656250e-04,1.329453736543655396e-01,1.000000000000000000e+00
0.000000000000000000e+00,1.426000000000000000e+03,1.425999999999999979e+01,1.199884891510009766e+01,-4.099299907684326172e+00,5.841835975646972656e+00,1.300186038017272949e+00,1.860857009887695312e-04,1.329453736543655396e-01,0.000000000000000000e+00
0.000000000000000000e+00,1.427000000000000000e+03,1.426999999999999957e+01,1.200000000000000000e+01,-4.098210811614990234e+00,5.842580795288085938e+00,1.299591779708862305e+00,-4.081726074218750000e-04,1.329453736543655396e-01,1.000000000000000000e+00
0.000000000000000000e+00,1.428000000000000000e+03,1.428000000000000114e+01,1.200000000000000000e+01,-4.091368675231933594e+00,5.847262382507324219e+00,1.299815535545349121e+00,-1.844167709350585938e-04,1.329453736543655396e-01,1.000000000000000000e+00
0.000000000000000000e+00,1.429000000000000000e+03,1.429000000000000092e+01,1.200000000000000000e+01,-4.091396808624267578e+00,5.847243309020996094e+00,1.300492882728576660e+00,4.929304122924804688e-04,1.329453736543655396e-01,1.000000000000000000e+00
0.000000000000000000e+00,1.430000000000000000e+03,1.430000000000000071e+01,1.199381446838378906e+01,-4.099921226501464844e+00,5.841410636901855469e+00,1.300481438636779785e+00,4.814863204956054688e-04,1.329453736543655396e-01,0.000000000000000000e+00
0.000000000000000000e+00,1.431000000000000000e+03,1.431000000000000050e+01,1.200000000000000000e+01,-4.094381809234619141e+00,5.845201015472412109e+00,1.299060463905334473e+00,-9.394884109497070312e-04,1.329453736543655396e-01,1.000000000000000000e+00
0.000000000000000000e+00,1.432000000000000000e+03,1.432000000000000028e+01,1.199910259246826172e+01,-4.099117279052734375e+00,5.841960906982421875e+00,1.300175189971923828e+00,1.752376556396484375e-04,1.329453736543655396e-01,0.000000000000000000e+00
0.000000000000000000e+00,1.433000000000000000e+03,1.433000000000000007e+01,1.200000000000000000e+01,-4.098694801330566406e+00,5.842249870300292969e+00,1.299652457237243652e+00,-3.474950790405273438e-04,1.329453736543655396e-01,1.000000000000000000e+00
0.000000000000000000e+00,1.434000000000000000e+03,1.433999999999999986e+01,1.200000000000000000e+01,-4.091105461120605469e+00,5.847443103790283203e+00,1.299766063690185547e+00,-2.338886260986328125e-04,1.329453736543655396e-01,1.000000000000000000e+00
0.000000000000000000e+00,1.435000000000000000e+03,1.434999999999999964e+01,1.200000000000000000e+01,-4.091270446777343750e+00,5.847330570220947266e+00,1.300507307052612305e+00,5.073547363281250000e-04,1.329453736543655396e-01,1.000000000000000000e+00
0.000000000000000000e+00,1.436000000000000000e+03,1.435999999999999943e+01,1.199368476867675781e+01,-4.099888801574707031e+00,5.841433048248291016e+00,1.300491452217102051e+00,4.914999008178710938e-04,1.329453736543655396e-01,0.000000000000000000e+00
0.000000000000000000e+00,1.437000000000000000e+03,1.437000000000000099e+01,1.200000000000000000e+01,-4.094246864318847656e+00,5.845293521881103516e+00,1.299046277999877930e+00,-9.536743164062500000e-04,1.329453736543655396e-01,1.000000000000000000e+00
0.000000000000000000e+00,1.438000000000000000e+03,1.438000000000000078e+01,1.199846935272216797e+01,-4.099431514739990234e+00,5.841745853424072266e+00,1.300204157829284668e+00,2.042055130004882812e-04,1.329453736543655396e-01,0.000000000000000000e+00
0.000000000000000000e+00,1.439000000000000000e+03,1.439000000000000057e+01,1.200000000000000000e+01,-4.097788333892822266e+00,5.842870235443115234e+00,1.299538850784301758e+00,-4.611015319824218750e-04,1.329453736543655396e-01,1.000000000000000000e+00
0.000000000000000000e+00,1.440000000000000000e+03,1.440000000000000036e+01,1.200000000000000000e+01,-4.091514587402343750e+00,5.847162723541259766e+00,1.299849987030029297e+00,-1.499652862548828125e-04,1.328770667314529419e-01,1.000000000000000000e+00
0.000000000000000000e+00,1.441000000000000000e+03,1.441000000000000014e+01,1.200000000000000000e+01,-4.091166019439697266e+00,5.847401618957519531e+00,1.300455927848815918e+00,4.559755325317382812e-04,1.328770667314529419e-01,1.000000000000000000e+00
0.000000000000000000e+00,1.442000000000000000e+03,1.441999999999999993e+01,1.199372863769531250e+01,-4.099756240844726562e+00,5.841523647308349609e+00,1.300488948822021484e+00,4.889965057373046875e-04,1.328770667314529419e-01,0.000000000000000000e+00
0.000000000000000000e+00,1.443000000000000000e+03,1.442999999999999972e+01,1.200000000000000000e+01,-4.094203472137451172e+00,5.845323085784912109e+00,1.299059629440307617e+00,-9.403228759765625000e-04,1.328770667314529419e-01,1.000000000000000000e+00
0.000000000000000000e+00,1.444000000000000000e+03,1.443999999999999950e+01,1.199846458435058594e+01,-4.099392414093017578e+00,5.841772556304931641e+00,1.300204753875732422e+00,2.048015594482421875e-04,1.328770667314529419e-01,0.000000000000000000e+00
0.000000000000000000e+00,1.445000000000000000e+03,1.445000000000000107e+01,1.200000000000000000e+01,-4.097814083099365234e+00,5.842852592468261719e+00,1.299545764923095703e+00,-4.541873931884765625e-04,1.328770667314529419e-01,1.000000000000000000e+00
0.000000000000000000e+00,1.446000000000000000e+03,1.446000000000000085e+01,1.200000000000000000e+01,-4.091543197631835938e+00,5.847143650054931641e+00,1.299850463867187500e+00,-1.494884490966796875e-04,1.328770667314529419e-01,1.000000000000000000e+00
0.000000000000000000e+00,1.447000000000000000e+03,1.447000000000000064e+01,1.200000000000000000e+01,-4.091212749481201172e+00,5.847370147705078125e+00,1.300458312034606934e+00,4.583597183227539062e-04,1.328770667314529419e-01,1.000000000000000000e+00
0.000000000000000000e+00,1.448000000000000000e+03,1.448000000000000043e+01,1.199368000030517578e+01,-4.099836349487304688e+00,5.841469287872314453e+00,1.300493001937866211e+00,4.930496215820312500e-04,1.328770667314529419e-01,0.000000000000000000e+00
0.000000000000000000e+00,1.449000000000000000e+03,1.449000000000000021e+01,1.200000000000000000e+01,-4.094221591949462891e+00,5.845310688018798828e+00,1.299051642417907715e+00,-9.483098983764648438e-04,1.328770667314529419e-01,1.000000000000000000e+00
0.000000000000000000e+00,1.450000000000000000e+03,1.450000000000000000e+01,1.199844169616699219e+01,-4.099426269531250000e+00,5.841749191284179688e+00,1.300206184387207031e+00,2.062320709228515625e-04,1.328770667314529419e-01,0.000000000000000000e+00
0.000000000000000000e+00,1.451000000000000000e+03,1.450999999999999979e+01,1.200000000000000000e+01,-4.097790718078613281e+00,5.842868328094482422e+00,1.299540638923645020e+00,-4.593133926391601562e-04,1.328770667314529419e-01,1.000000000000000000e+00
0.000000000000000000e+00,1.452000000000000000e+03,1.451999999999999957e+01,1.200000000000000000e+01,-4.091510295867919922e+00,5.847165584564208984e+00,1.299850225448608398e+00,-1.497268676757812500e-04,1.328770667314529419e-01,1.000000000000000000e+00
0.000000000000000000e+00,1.453000000000000000e+03,1.453000000000000114e+01,1.200000000000000000e+01,-4.091211795806884766e+00,5.847370147705078125e+00,1.300462007522583008e+00,4.620552062988281250e-04,1.328770667314529419e-01,1.000000000000000000e+00
0.000000000000000000e+00,1.454000000000000000e+03,1.454000000000000092e+01,1.199373531341552734e+01,-4.099796295166015625e+00,5.841495990753173828e+00,1.300489544868469238e+00,4.895925521850585938e-04,1.328770667314529419e-01,0.000000000000000000e+00
0.000000000000000000e+00,1.455000000000000000e+03,1.455000000000000071e+01,1.200000000000000000e+01,-4.094272136688232422e+00,5.845275878906250000e+00,1.299065351486206055e+00,-9.346008300781250000e-04,1.328770667314529419e-01,1.000000000000000000e+00
0.000000000000000000e+00,1.456000000000000000e+03,1.456000000000000050e+01,1.199859714508056641e+01,-4.099366664886474609e+00,5.841790199279785156e+00,1.300199270248413086e+00,1.993179321289062500e-04,1.328770667314529419e-01,0.000000000000000000e+00
0.000000000000000000e+00,1.457000000000000000e+03,1.457000000000000028e+01,1.200000000000000000e+01,-4.097964763641357422e+00,5.842749118804931641e+00,1.299564242362976074e+00,-4.357099533081054688e-04,1.328770667314529419e-01,1.000000000000000000e+00
0.000000000000000000e+00,1.458000000000000000e+03,1.458000000000000007e+01,1.200000000000000000e+01,-4.091512203216552734e+00,5.847164154052734375e+00,1.299840688705444336e+00,-1.592636108398437500e-04,1.328770667314529419e-01,1.000000000000000000e+00
0.000000000000000000e+00,1.459000000000000000e+03,1.458999999999999986e+01,1.200000000000000000e+01,-4.091228961944580078e+00,5.847358226776123047e+00,1.300464034080505371e+00,4.640817642211914062e-04,1.328770667314529419e-01,1.000000000000000000e+00
0.000000000000000000e+00,1.460000000000000000e+03,1.459999999999999964e+01,1.199357032775878906e+01,-4.099928855895996094e+00,5.841405391693115234e+00,1.300502061843872070e+00,5.021095275878906250e-04,1.329353302717208862e-01,0.000000000000000000e+00
0.000000000000000000e+00,1.461000000000000000e+03,1.460999999999999943e+01,1.200000000000000000e+01,-4.094178199768066406e+00,5.845339775085449219e+00,1.299033641815185547e+00,-9.663105010986328125e-04,1.329353302717208862e-01,1.000000000000000000e+00
0.000000000000000000e+00,1.462000000000000000e+03,1.462000000000000099e+01,1.199854946136474609e+01,-4.099308013916015625e+00,5.841829776763916016e+00,1.300201892852783203e+00,2.019405364990234375e-04,1.329353302717208862e-01,0.000000000000000000e+00
0.000000000000000000e+00,1.463000000000000000e+03,1.463000000000000078e+01,1.200000000000000000e+01,-4.097915172576904297e+00,5.842782497406005859e+00,1.299565553665161133e+00,-4.343986511230468750e-04,1.329353302717208862e-01,1.000000000000000000e+00
0.000000000000000000e+00,1.464000000000000000e+03,1.464000000000000057e+01,1.200000000000000000e+01,-4.091427326202392578e+00,5.847221851348876953e+00,1.299838900566101074e+00,-1.610517501831054688e-04,1.329353302717208862e-01,1.000000000000000000e+00
0.000000000000000000e+00,1.465000000000000000e+03,1.465000000000000036e+01,1.200000000000000000e+01,-4.091244697570800781e+00,5.847347259521484375e+00,1.300474643707275391e+00,4.746913909912109375e-04,1.329353302717208862e-01,1.000000000000000000e+00
0.000000000000000000e+00,1.466000000000000000e+03,1.466000000000000014e+01,1.199359130859375000e+01,-4.099929809570312500e+00,5.841404438018798828e+00,1.300501108169555664e+00,5.011558532714843750e-04,1.329353302717208862e-01,0.000000000000000000e+00
0.000000000000000000e+00,1.467000000000000000e+03,1.466999999999999993e+01,1.200000000000000000e+01,-4.094217777252197266e+00,5.845313072204589844e+00,1.299039959907531738e+00,-9.599924087524414062e-04,1.329353302717208862e-01,1.000000000000000000e+00
0.000000000000000000e+00,1.468000000000000000e+03,1.467999999999999972e+01,1.199868011474609375e+01,-4.099254608154296875e+00,5.841866493225097656e+00,1.300196170806884766e+00,1.962184906005859375e-04,1.329353302717208862e-01,0.000000000000000000e+00
0.000000000000000000e+00,1.469000000000000000e+03,1.468999999999999950e+01,1.200000000000000000e+01,-4.097982406616210938e+00,5.842737197875976562e+00,1.299577713012695312e+00,-4.222393035888671875e-04,1.329353302717208862e-01,1.000000000000000000e+00
0.000000000000000000e+00,1.470000000000000000e+03,1.470000000000000107e+01,1.200000000000000000e+01,-4.091358661651611328e+00,5.847269535064697266e+00,1.299831151962280273e+00,-1.688003540039062500e-04,1.329353302717208862e-01,1.000000000000000000e+00
0.000000000000000000e+00,1.471000000000000000e+03,1.471000000000000085e+01,1.200000000000000000e+01,-4.091212749481201172e+00,5.847369670867919922e+00,1.300478816032409668e+00,4.788637161254882812e-04,1.329353302717208862e-01,1.000000000000000000e+00
0.000000000000000000e+00,1.472000000000000000e+03,1.472000000000000064e+01,1.199370956420898438e+01,-4.099814891815185547e+00,5.841483592987060547e+00,1.300493001937866211e+00,4.930496215820312500e-04,1.329353302717208862e-01,0.000000000000000000e+00
0.000000000000000000e+00,1.473000000000000000e+03,1.473000000000000043e+01,1.200000000000000000e+01,-4.094241619110107422e+00,5.845296859741210938e+00,1.299060583114624023e+00,-9.393692016601562500e-04,1.329353302717208862e-01,1.000000000000000000e+00
0.000000000000000000e+00,1.474000000000000000e+03,1.474000000000000021e+01,1.199879169464111328e+01,-4.099199771881103516e+00,5.841904640197753906e+00,1.300191402435302734e+00,1.914501190185546875e-04,1.329353302717208862e-01,0.000000000000000000e+00
0.000000000000000000e+00,1.475000000000000000e+03,1.475000000000000000e+01,1.200000000000000000e+01,-4.098170280456542969e+00,5.842608928680419922e+00,1.299601078033447266e+00,-3.988742828369140625e-04,1.329353302717208862e-01,1.000000000000000000e+00
0.000000000000000000e+00,1.476000000000000000e+03,1.475999999999999979e+01,1.200000000000000000e+01,-4.091041088104248047e+00,5.847486972808837891e+00,1.299799680709838867e+00,-2.002716064453125000e-04,1.329353302717208862e-01,1.000000000000000000e+00
0.000000000000000000e+00,1.477000000000000000e+03,1.476999999999999957e+01,1.200000000000000000e+01,-4.091242790222167969e+00,5.847349166870117188e+00,1.300514936447143555e+00,5.149841308593750000e-04,1.329353302717208862e-01,1.000000000000000000e+00
0.000000000000000000e+00,1.478000000000000000e+03,1.478000000000000114e+01,1.199368762969970703e+01,-4.099859714508056641e+00,5.841453075408935547e+00,1.300495028495788574e+00,4.950761795043945312e-04,1.329353302717208862e-01,0.000000000000000000e+00
0.000000000000000000e+00,1.479000000000000000e+03,1.479000000000000092e+01,1.200000000000000000e+01,-4.094220638275146484e+00,5.845311641693115234e+00,1.299051880836486816e+00,-9.480714797973632812e-04,1.329353302717208862e-01,1.000000000000000000e+00
0.000000000000000000e+00,1.480000000000000000e+03,1.480000000000000071e+01,1.199862384796142578e+01,-4.099296569824218750e+00,5.841838359832763672e+00,1.300199389457702637e+00,1.994371414184570312e-04,1.329657286405563354e-01,0.000000000000000000e+00
0.000000000000000000e+00,1.481000000000000000e+03,1.481000000000000050e+01,1.200000000000000000e+01,-4.098055839538574219e+00,5.842687129974365234e+00,1.299581646919250488e+00,-4.183053970336914062e-04,1.329657286405563354e-01,1.000000000000000000e+00
0.000000000000000000e+00,1.482000000000000000e+03,1.482000000000000028e+01,1.200000000000000000e+01,-4.091246604919433594e+00,5.847346305847167969e+00,1.299820423126220703e+00,-1.795291900634765625e-04,1.329657286405563354e-01,1.000000000000000000e+00
0.000000000000000000e+00,1.483000000000000000e+03,1.483000000000000007e+01,1.200000000000000000e+01,-4.091253757476806641e+00,5.847341537475585938e+00,1.300495386123657227e+00,4.954338073730468750e-04,1.329657286405563354e-01,1.000000000000000000e+00
0.000000000000000000e+00,1.484000000000000000e+03,1.483999999999999986e+01,1.199376201629638672e+01,-4.099817752838134766e+00,5.841481208801269531e+00,1.300490140914916992e+00,4.901885986328125000e-04,1.329657286405563354e-01,0.000000000000000000e+00
0.000000000000000000e+00,1.485000000000000000e+03,1.484999999999999964e+01,1.200000000000000000e+01,-4.094235897064208984e+00,5.845300674438476562e+00,1.299060821533203125e+00,-9.391307830810546875e-04,1.329657286405563354e-01,1.000000000000000000e+00
0.000000000000000000e+00,1.486000000000000000e+03,1.485999999999999943e+01,1.199854850769042969e+01,-4.099364757537841797e+00,5.841791152954101562e+00,1.300203204154968262e+00,2.032518386840820312e-04,1.329657286405563354e-01,0.000000000000000000e+00
0.000000000000000000e+00,1.487000000000000000e+03,1.487000000000000099e+01,1.200000000000000000e+01,-4.097914695739746094e+00,5.842783451080322266e+00,1.299561977386474609e+00,-4.379749298095703125e-04,1.329657286405563354e-01,1.000000000000000000e+00
0.000000000000000000e+00,1.488000000000000000e+03,1.488000000000000078e+01,1.200000000000000000e+01,-4.091370582580566406e+00,5.847261428833007812e+00,1.299836754798889160e+00,-1.631975173950195312e-04,1.329657286405563354e-01,1.000000000000000000e+00
0.000000000000000000e+00,1.489000000000000000e+03,1.489000000000000057e+01,1.200000000000000000e+01,-4.091197013854980469e+00,5.847380638122558594e+00,1.300477504730224609e+00,4.775524139404296875e-04,1.329657286405563354e-01,1.000000000000000000e+00
0.000000000000000000e+00,1.490000000000000000e+03,1.490000000000000036e+01,1.199358844757080078e+01,-4.099884510040283203e+00,5.841435909271240234e+00,1.300503373146057129e+00,5.034208297729492188e-04,1.329657286405563354e-01,0.000000000000000000e+00
0.000000000000000000e+00,1.491000000000000000e+03,1.491000000000000014e+01,1.200000000000000000e+01,-4.094180107116699219e+00,5.845338821411132812e+00,1.299043893814086914e+00,-9.560585021972656250e-04,1.329657286405563354e-01,1.000000000000000000e+00
0.000000000000000000e+00,1.492000000000000000e+03,1.491999999999999993e+01,1.199871826171875000e+01,-4.099190235137939453e+00,5.841910839080810547e+00,1.300195693969726562e+00,1.957416534423828125e-04,1.329657286405563354e-01,0.000000000000000000e+00
0.000000000000000000e+00,1.493000000000000000e+03,1.492999999999999972e+01,1.200000000000000000e+01,-4.097995281219482422e+00,5.842728614807128906e+00,1.299586892127990723e+00,-4.130601882934570312e-04,1.329657286405563354e-01,1.000000000000000000e+00
0.000000000000000000e+00,1.494000000000000000e+03,1.493999999999999950e+01,1.200000000000000000e+01,-4.091501712799072266e+00,5.847171783447265625e+00,1.299840092658996582e+00,-1.598596572875976562e-04,1.329657286405563354e-01,1.000000000000000000e+00
0.000000000000000000e+00,1.495000000000000000e+03,1.495000000000000107e+01,1.200000000000000000e+01,-4.091307163238525391e+00,5.847304821014404297e+00,1.300476074218750000e+00,4.761219024658203125e-04,1.329657286405563354e-01,1.000000000000000000e+00
0.000000000000000000e+00,1.496000000000000000e+03,1.496000000000000085e+01,1.199380016326904297e+01,-4.099843502044677734e+00,5.841464042663574219e+00,1.300488352775573730e+00,4.884004592895507812e-04,1.329657286405563354e-01,0.000000000000000000e+00
0.000000000000000000e+00,1.497000000000000000e+03,1.497000000000000064e+01,1.200000000000000000e+01,-4.094236850738525391e+00,5.845300197601318359e+00,1.299058794975280762e+00,-9.411573410034179688e-04,1.329657286405563354e-01,1.000000000000000000e+00
0.000000000000000000e+00,1.498000000000000000e+03,1.498000000000000043e+01,1.199857521057128906e+01,-4.099346637725830078e+00,5.841804027557373047e+00,1.300202608108520508e+00,2.026557922363281250e-04,1.329657286405563354e-01,0.000000000000000000e+00
0.000000000000000000e+00,1.499000000000000000e+03,1.499000000000000021e+01,1.200000000000000000e+01,-4.097852230072021484e+00,5.842826366424560547e+00,1.299558639526367188e+00,-4.413127899169921875e-04,1.329657286405563354e-01,1.000000000000000000e+00
0.000000000000000000e+00,1.500000000000000000e+03,1.500000000000000000e+01,1.200000000000000000e+01,-4.091768264770507812e+00,5.846989154815673828e+00,1.299863457679748535e+00,-1.364946365356445312e-04,1.329575330018997192e-01,1.000000000000000000e+00
0.000000000000000000e+00,1.501000000000000000e+03,1.500999999999999979e+01,1.200000000000000000e+01,-4.091241836547851562e+00,5.847349643707275391e+00,1.300443768501281738e+00,4.438161849975585938e-04,1.329575330018997192e-01,1.000000000000000000e+00
0.000000000000000000e+00,1.502000000000000000e+03,1.501999999999999957e+01,1.199370956420898438e+01,-4.099843025207519531e+00,5.841464042663574219e+00,1.300495505332946777e+00,4.955530166625976562e-04,1.329575330018997192e-01,0.000000000000000000e+00
0.000000000000000000e+00,1.503000000000000000e+03,1.503000000000000114e+01,1.200000000000000000e+01,-4.094215393066406250e+00,5.845314979553222656e+00,1.299056410789489746e+00,-9.435415267944335938e-04,1.329575330018997192e-01,1.000000000000000000e+00
0.000000000000000000e+00,1.504000000000000000e+03,1.504000000000000092e+01,1.199860382080078125e+01,-4.099306106567382812e+00,5.841831684112548828e+00,1.300201654434204102e+00,2.017021179199218750e-04,1.329575330018997192e-01,0.000000000000000000e+00
0.000000000000000000e+00,1.505000000000000000e+03,1.505000000000000071e+01,1.200000000000000000e+01,-4.097965717315673828e+00,5.842748641967773438e+00,1.299574017524719238e+00,-4.259347915649414062e-04,1.329575330018997192e-01,1.000000000000000000e+00
0.000000000000000000e+00,1.506000000000000000e+03,1.506000000000000050e+01,1.200000000000000000e+01,-4.091490745544433594e+00,5.847178936004638672e+00,1.299841761589050293e+00,-1.581907272338867188e-04,1.329575330018997192e-01,1.000000000000000000e+00
0.000000000000000000e+00,1.507000000000000000e+03,1.507000000000000028e+01,1.200000000000000000e+01,-4.091215610504150391e+00,5.847367286682128906e+00,1.300468921661376953e+00,4.689693450927734375e-04,1.329575330018997192e-01,1.000000000000000000e+00
0.000000000000000000e+00,1.508000000000000000e+03,1.508000000000000007e+01,1.199380779266357422e+01,-4.099748611450195312e+00,5.841528415679931641e+00,1.300488948822021484e+00,4.889965057373046875e-04,1.329575330018997192e-01,0.000000000000000000e+00
0.000000000000000000e+00,1.509000000000000000e+03,1.508999999999999986e+01,1.200000000000000000e+01,-4.094192028045654297e+00,5.845330238342285156e+00,1.299067258834838867e+00,-9.326934814453125000e-04,1.329575330018997192e-01,1.000000000000000000e+00
0.000000000000000000e+00,1.510000000000000000e+03,1.509999999999999964e+01,1.199869823455810547e+01,-4.099216461181640625e+00,5.841892242431640625e+00,1.300197601318359375e+00,1.976490020751953125e-04,1.329575330018997192e-01,0.000000000000000000e+00
0.000000000000000000e+00,1.511000000000000000e+03,1.510999999999999943e+01,1.200000000000000000e+01,-4.098049640655517578e+00,5.842690944671630859e+00,1.299590945243835449e+00,-4.090070724487304688e-04,1.329575330018997192e-01,1.000000000000000000e+00
0.000000000000000000e+00,1.512000000000000000e+03,1.512000000000000099e+01,1.200000000000000000e+01,-4.091311931610107422e+00,5.847301006317138672e+00,1.299826383590698242e+00,-1.735687255859375000e-04,1.329575330018997192e-01,1.000000000000000000e+00
0.000000000000000000e+00,1.513000000000000000e+03,1.513000000000000078e+01,1.200000000000000000e+01,-4.091276168823242188e+00,5.847325801849365234e+00,1.300493597984313965e+00,4.936456680297851562e-04,1.329575330018997192e-01,1.000000000000000000e+00
0.000000000000000000e+00,1.514000000000000000e+03,1.514000000000000057e+01,1.199376296997070312e+01,-4.099839687347412109e+00,5.841465950012207031e+00,1.300492644309997559e+00,4.926919937133789062e-04,1.329575330018997192e-01,0.000000000000000000e+00
0.000000000000000000e+00,1.515000000000000000e+03,1.515000000000000036e+01,1.200000000000000000e+01,-4.094266414642333984e+00,5.845279693603515625e+00,1.299065589904785156e+00,-9.343624114990234375e-04,1.329575330018997192e-01,1.000000000000000000e+00
0.000000000000000000e+00,1.516000000000000000e+03,1.516000000000000014e+01,1.199863719940185547e+01,-4.099332332611083984e+00,5.841813564300537109e+00,1.300200700759887695e+00,2.007484436035156250e-04,1.329575330018997192e-01,0.000000000000000000e+00
0.000000000000000000e+00,1.517000000000000000e+03,1.516999999999999993e+01,1.200000000000000000e+01,-4.097828865051269531e+00,5.842842102050781250e+00,1.299559235572814941e+00,-4.407167434692382812e-04,1.329575330018997192e-01,1.000000000000000000e+00
0.000000000000000000e+00,1.518000000000000000e+03,1.517999999999999972e+01,1.200000000000000000e+01,-4.091350078582763672e+00,5.847275257110595703e+00,1.299842000007629395e+00,-1.579523086547851562e-04,1.329575330018997192e-01,1.000000000000000000e+00
0.000000000000000000e+00,1.519000000000000000e+03,1.518999999999999950e+01,1.200000000000000000e+01,-4.091261863708496094e+00,5.847335815429687500e+00,1.300488710403442383e+00,4.887580871582031250e-04,1.329575330018997192e-01,1.000000000000000000e+00
0.000000000000000000e+00,1.520000000000000000e+03,1.520000000000000107e+01,1.199407672882080078e+01,-4.099604606628417969e+00,5.841627597808837891e+00,1.300470590591430664e+00,4.706382751464843750e-04,1.329827755689620972e-01,0.000000000000000000e+00
0.000000000000000000e+00,1.521000000000000000e+03,1.521000000000000085e+01,1.200000000000000000e+01,-4.094347953796386719e+00,5.845224380493164062e+00,1.299110770225524902e+00,-8.891820907592773438e-04,1.329827755689620972e-01,1.000000000000000000e+00
0.000000000000000000e+00,1.522000000000000000e+03,1.522000000000000064e+01,1.199882411956787109e+01,-4.099280357360839844e+00,5.841849327087402344e+00,1.300192356109619141e+00,1.924037933349609375e-04,1.329827755689620972e-01,0.000000000000000000e+00
0.000000000000000000e+00,1.523000000000000000e+03,1.523000000000000043e+01,1.200000000000000000e+01,-4.098121166229248047e+00,5.842642307281494141e+00,1.299592733383178711e+00,-4.072189331054687500e-04,1.329827755689620972e-01,1.000000000000000000e+00
0.000000000000000000e+00,1.524000000000000000e+03,1.524000000000000021e+01,1.200000000000000000e+01,-4.091371536254882812e+00,5.847260475158691406e+00,1.299826264381408691e+00,-1.736879348754882812e-04,1.329827755689620972e-01,1.000000000000000000e+00
0.000000000000000000e+00,1.525000000000000000e+03,1.525000000000000000e+01,1.200000000000000000e+01,-4.091207504272460938e+00,5.847373008728027344e+00,1.300481438636779785e+00,4.814863204956054688e-04,1.329827755689620972e-01,1.000000000000000000e+00
0.000000000000000000e+00,1.526000000000000000e+03,1.525999999999999979e+01,1.199380588531494141e+01,-4.099741458892822266e+00,5.841533660888671875e+00,1.300490498542785645e+00,4.905462265014648438e-04,1.329827755689620972e-01,0.000000000000000000e+00
0.000000000000000000e+00,1.527000000000000000e+03,1.526999999999999957e+01,1.200000000000000000e+01,-4.094192028045654297e+00,5.845330715179443359e+00,1.299070239067077637e+00,-9.297132492065429688e-04,1.329827755689620972e-01,1.000000000000000000e+00
0.000000000000000000e+00,1.528000000000000000e+03,1.528000000000000114e+01,1.199859714508056641e+01,-4.099287509918212891e+00,5.841844081878662109e+00,1.300203204154968262e+00,2.032518386840820312e-04,1.329827755689620972e-01,0.000000000000000000e+00
0.000000000000000000e+00,1.529000000000000000e+03,1.529000000000000092e+01,1.200000000000000000e+01,-4.097868919372558594e+00,5.842814922332763672e+00,1.299568295478820801e+00,-4.316568374633789062e-04,1.329827755689620972e-01,1.000000000000000000e+00
0.000000000000000000e+00,1.530000000000000000e+03,1.530000000000000071e+01,1.200000000000000000e+01,-4.091355800628662109e+00,5.847271442413330078e+00,1.299840569496154785e+00,-1.593828201293945312e-04,1.329827755689620972e-01,1.000000000000000000e+00
0.000000000000000000e+00,1.531000000000000000e+03,1.531000000000000050e+01,1.200000000000000000e+01,-4.091156482696533203e+00,5.847407817840576172e+00,1.300478339195251465e+00,4.783868789672851562e-04,1.329827755689620972e-01,1.000000000000000000e+00
0.000000000000000000e+00,1.532000000000000000e+03,1.532000000000000028e+01,1.199378585815429688e+01,-4.099706172943115234e+00,5.841557502746582031e+00,1.300492525100708008e+00,4.925727844238281250e-04,1.329827755689620972e-01,0.000000000000000000e+00
0.000000000000000000e+00,1.533000000000000000e+03,1.533000000000000007e+01,1.200000000000000000e+01,-4.094232082366943359e+00,5.845303058624267578e+00,1.299081444740295410e+00,-9.185075759887695312e-04,1.329827755689620972e-01,1.000000000000000000e+00
0.000000000000000000e+00,1.534000000000000000e+03,1.533999999999999986e+01,1.199864101409912109e+01,-4.099295139312744141e+00,5.841838836669921875e+00,1.300201416015625000e+00,2.014636993408203125e-04,1.329827755689620972e-01,0.000000000000000000e+00
0.000000000000000000e+00,1.535000000000000000e+03,1.534999999999999964e+01,1.200000000000000000e+01,-4.097999572753906250e+00,5.842725276947021484e+00,1.299580574035644531e+00,-4.193782806396484375e-04,1.329827755689620972e-01,1.000000000000000000e+00
0.000000000000000000e+00,1.536000000000000000e+03,1.535999999999999943e+01,1.200000000000000000e+01,-4.091435909271240234e+00,5.847216606140136719e+00,1.299837946891784668e+00,-1.620054244995117188e-04,1.329827755689620972e-01,1.000000000000000000e+00
0.000000000000000000e+00,1.537000000000000000e+03,1.537000000000000099e+01,1.200000000000000000e+01,-4.091149806976318359e+00,5.847412586212158203e+00,1.300470113754272461e+00,4.701614379882812500e-04,1.329827755689620972e-01,1.000000000000000000e+00
0.000000000000000000e+00,1.538000000000000000e+03,1.538000000000000078e+01,1.199358558654785156e+01,-4.099840641021728516e+00,5.841465950012207031e+00,1.300507664680480957e+00,5.077123641967773438e-04,1.329827755689620972e-01,0.000000000000000000e+00
0.000000000000000000e+00,1.539000000000000000e+03,1.539000000000000057e+01,1.200000000000000000e+01,-4.094062805175781250e+00,5.845419406890869141e+00,1.299038767814636230e+00,-9.611845016479492188e-04,1.329827755689620972e-01,1.000000000000000000e+00
0.000000000000000000e+00,1.540000000000000000e+03,1.540000000000000036e+01,1.199860477447509766e+01,-4.099155902862548828e+00,5.841934680938720703e+00,1.300203561782836914e+00,2.036094665527343750e-04,1.328942775726318359e-01,0.000000000000000000e+00
0.000000000000000000e+00,1.541000000000000000e+03,1.541000000000000014e+01,1.200000000000000000e+01,-4.097995281219482422e+00,5.842729091644287109e+00,1.299593567848205566e+00,-4.063844680786132812e-04,1.328942775726318359e-01,1.000000000000000000e+00
0.000000000000000000e+00,1.542000000000000000e+03,1.541999999999999993e+01,1.200000000000000000e+01,-4.091439247131347656e+00,5.847214698791503906e+00,1.299838662147521973e+00,-1.612901687622070312e-04,1.328942775726318359e-01,1.000000000000000000e+00
0.000000000000000000e+00,1.543000000000000000e+03,1.542999999999999972e+01,1.200000000000000000e+01,-4.091104984283447266e+00,5.847443580627441406e+00,1.300465703010559082e+00,4.657506942749023438e-04,1.328942775726318359e-01,1.000000000000000000e+00
0.000000000000000000e+00,1.544000000000000000e+03,1.543999999999999950e+01,1.199365139007568359e+01,-4.099750995635986328e+00,5.841527462005615234e+00,1.300503373146057129e+00,5.034208297729492188e-04,1.328942775726318359e-01,0.000000000000000000e+00
0.000000000000000000e+00,1.545000000000000000e+03,1.545000000000000107e+01,1.200000000000000000e+01,-4.094119548797607422e+00,5.845380306243896484e+00,1.299060344696044922e+00,-9.396076202392578125e-04,1.328942775726318359e-01,1.000000000000000000e+00
0.000000000000000000e+00,1.546000000000000000e+03,1.546000000000000085e+01,1.199821472167968750e+01,-4.099486827850341797e+00,5.841707706451416016e+00,1.300222516059875488e+00,2.225637435913085938e-04,1.328942775726318359e-01,0.000000000000000000e+00
0.000000000000000000e+00,1.547000000000000000e+03,1.547000000000000064e+01,1.200000000000000000e+01,-4.097359657287597656e+00,5.843163013458251953e+00,1.299498438835144043e+00,-5.015134811401367188e-04,1.328942775726318359e-01,1.000000000000000000e+00
0.000000000000000000e+00,1.548000000000000000e+03,1.548000000000000043e+01,1.200000000000000000e+01,-4.091900348663330078e+00,5.846898555755615234e+00,1.299896836280822754e+00,-1.031160354614257812e-04,1.328942775726318359e-01,1.000000000000000000e+00
0.000000000000000000e+00,1.549000000000000000e+03,1.549000000000000021e+01,1.200000000000000000e+01,-4.091009616851806641e+00,5.847508430480957031e+00,1.300412535667419434e+00,4.125833511352539062e-04,1.328942775726318359e-01,1.000000000000000000e+00
0.000000000000000000e+00,1.550000000000000000e+03,1.550000000000000000e+01,1.199343585968017578e+01,-4.099809646606445312e+00,5.841486930847167969e+00,1.300520062446594238e+00,5.201101303100585938e-04,1.328942775726318359e-01,0.000000000000000000e+00
0.000000000000000000e+00,1.551000000000000000e+03,1.550999999999999979e+01,1.200000000000000000e+01,-4.094012737274169922e+00,5.845453262329101562e+00,1.299037218093872070e+00,-9.627342224121093750e-04,1.328942775726318359e-01,1.000000000000000000e+00
0.000000000000000000e+00,1.552000000000000000e+03,1.551999999999999957e+01,1.199835681915283203e+01,-4.099282264709472656e+00,5.841847896575927734e+00,1.300216078758239746e+00,2.161264419555664062e-04,1.328942775726318359e-01,0.000000000000000000e+00
0.000000000000000000e+00,1.553000000000000000e+03,1.553000000000000114e+01,1.200000000000000000e+01,-4.097569465637207031e+00,5.843019962310791016e+00,1.299541115760803223e+00,-4.588365554809570312e-04,1.328942775726318359e-01,1.000000000000000000e+00
0.000000000000000000e+00,1.554000000000000000e+03,1.554000000000000092e+01,1.200000000000000000e+01,-4.091558456420898438e+00,5.847133159637451172e+00,1.299869537353515625e+00,-1.304149627685546875e-04,1.328942775726318359e-01,1.000000000000000000e+00
0.000000000000000000e+00,1.555000000000000000e+03,1.555000000000000071e+01,1.200000000000000000e+01,-4.091102123260498047e+00,5.847445487976074219e+00,1.300454735755920410e+00,4.547834396362304688e-04,1.328942775726318359e-01,1.000000000000000000e+00
0.000000000000000000e+00,1.556000000000000000e+03,1.556000000000000050e+01,1.199351978302001953e+01,-4.099841117858886719e+00,5.841465950012207031e+00,1.300514221191406250e+00,5.142688751220703125e-04,1.328942775726318359e-01,0.000000000000000000e+00
0.000000000000000000e+00,1.557000000000000000e+03,1.557000000000000028e+01,1.200000000000000000e+01,-4.094020843505859375e+00,5.845448493957519531e+00,1.299034714698791504e+00,-9.652376174926757812e-04,1.328942775726318359e-01,1.000000000000000000e+00
0.000000000000000000e+00,1.558000000000000000e+03,1.558000000000000007e+01,1.199820899963378906e+01,-4.099393844604492188e+00,5.841772079467773438e+00,1.300223588943481445e+00,2.236366271972656250e-04,1.328942775726318359e-01,0.000000000000000000e+00
0.000000000000000000e+00,1.559000000000000000e+03,1.558999999999999986e+01,1.200000000000000000e+01,-4.097602367401123047e+00,5.842998027801513672e+00,1.299533724784851074e+00,-4.662275314331054688e-04,1.328942775726318359e-01,1.000000000000000000e+00
0.000000000000000000e+00,1.560000000000000000e+03,1.559999999999999964e+01,1.200000000000000000e+01,-4.091287136077880859e+00,5.847319126129150391e+00,1.299853205680847168e+00,-1.467466354370117188e-04,1.329369097948074341e-01,1.000000000000000000e+00
0.000000000000000000e+00,1.561000000000000000e+03,1.561000000000000121e+01,1.200000000000000000e+01,-4.091140747070312500e+00,5.847419261932373047e+00,1.300486207008361816e+00,4.862546920776367188e-04,1.329369097948074341e-01,1.000000000000000000e+00
0.000000000000000000e+00,1.562000000000000000e+03,1.562000000000000099e+01,1.199369907379150391e+01,-4.099751949310302734e+00,5.841526985168457031e+00,1.300501465797424316e+00,5.015134811401367188e-04,1.329369097948074341e-01,0.000000000000000000e+00
0.000000000000000000e+00,1.563000000000000000e+03,1.563000000000000078e+01,1.200000000000000000e+01,-4.094208717346191406e+00,5.845319747924804688e+00,1.299075126647949219e+00,-9.248256683349609375e-04,1.329369097948074341e-01,1.000000000000000000e+00
0.000000000000000000e+00,1.564000000000000000e+03,1.564000000000000057e+01,1.199885845184326172e+01,-4.099119663238525391e+00,5.841959476470947266e+00,1.300193071365356445e+00,1.931190490722656250e-04,1.329369097948074341e-01,0.000000000000000000e+00
0.000000000000000000e+00,1.565000000000000000e+03,1.565000000000000036e+01,1.200000000000000000e+01,-4.098168849945068359e+00,5.842609882354736328e+00,1.299615025520324707e+00,-3.849267959594726562e-04,1.329369097948074341e-01,1.000000000000000000e+00
0.000000000000000000e+00,1.566000000000000000e+03,1.566000000000000014e+01,1.200000000000000000e+01,-4.090997695922851562e+00,5.847516536712646484e+00,1.299801707267761230e+00,-1.982450485229492188e-04,1.329369097948074341e-01,1.000000000000000000e+00
0.000000000000000000e+00,1.567000000000000000e+03,1.566999999999999993e+01,1.200000000000000000e+01,-4.091141700744628906e+00,5.847418308258056641e+00,1.300516486167907715e+00,5.165338516235351562e-04,1.329369097948074341e-01,1.000000000000000000e+00
0.000000000000000000e+00,1.568000000000000000e+03,1.567999999999999972e+01,1.199366569519042969e+01,-4.099776268005371094e+00,5.841509819030761719e+00,1.300504326820373535e+00,5.043745040893554688e-04,1.329369097948074341e-01,0.000000000000000000e+00
0.000000000000000000e+00,1.569000000000000000e+03,1.568999999999999950e+01,1.200000000000000000e+01,-4.094113826751708984e+00,5.845384120941162109e+00,1.299058794975280762e+00,-9.411573410034179688e-04,1.329369097948074341e-01,1.000000000000000000e+00
0.000000000000000000e+00,1.570000000000000000e+03,1.570000000000000107e+01,1.199868679046630859e+01,-4.099147796630859375e+00,5.841939449310302734e+00,1.300201296806335449e+00,2.013444900512695312e-04,1.329369097948074341e-01,0.000000000000000000e+00
0.000000000000000000e+00,1.571000000000000000e+03,1.571000000000000085e+01,1.200000000000000000e+01,-4.098034858703613281e+00,5.842700958251953125e+00,1.299600362777709961e+00,-3.995895385742187500e-04,1.329369097948074341e-01,1.000000000000000000e+00
0.000000000000000000e+00,1.572000000000000000e+03,1.572000000000000064e+01,1.200000000000000000e+01,-4.091176509857177734e+00,5.847393512725830078e+00,1.299821853637695312e+00,-1.780986785888671875e-04,1.329369097948074341e-01,1.000000000000000000e+00
0.000000000000000000e+00,1.573000000000000000e+03,1.573000000000000043e+01,1.200000000000000000e+01,-4.091089248657226562e+00,5.847453594207763672e+00,1.300493001937866211e+00,4.930496215820312500e-04,1.329369097948074341e-01,1.000000000000000000e+00
0.000000000000000000e+00,1.574000000000000000e+03,1.574000000000000021e+01,1.199363040924072266e+01,-4.099750041961669922e+00,5.841527462005615234e+00,1.300507426261901855e+00,5.074739456176757812e-04,1.329369097948074341e-01,0.000000000000000000e+00
0.000000000000000000e+00,1.575000000000000000e+03,1.575000000000000000e+01,1.200000000000000000e+01,-4.093948364257812500e+00,5.845497131347656250e+00,1.299039363861083984e+00,-9.605884552001953125e-04,1.329369097948074341e-01,1.000000000000000000e+00
0.000000000000000000e+00,1.576000000000000000e+03,1.575999999999999979e+01,1.199800777435302734e+01,-4.099464893341064453e+00,5.841722488403320312e+00,1.300234556198120117e+00,2.346038818359375000e-04,1.329369097948074341e-01,0.000000000000000000e+00
0.000000000000000000e+00,1.577000000000000000e+03,1.576999999999999957e+01,1.200000000000000000e+01,-4.097333908081054688e+00,5.843180656433105469e+00,1.299500346183776855e+00,-4.996061325073242188e-04,1.329369097948074341e-01,1.000000000000000000e+00
0.000000000000000000e+00,1.578000000000000000e+03,1.578000000000000114e+01,1.200000000000000000e+01,-4.091706752777099609e+00,5.847030639648437500e+00,1.299889922142028809e+00,-1.100301742553710938e-04,1.329369097948074341e-01,1.000000000000000000e+00
0.000000000000000000e+00,1.579000000000000000e+03,1.579000000000000092e+01,1.200000000000000000e+01,-4.091128349304199219e+00,5.847426414489746094e+00,1.300444722175598145e+00,4.447698593139648438e-04,1.329369097948074341e-01,1.000000000000000000e+00
0.000000000000000000e+00,1.580000000000000000e+03,1.580000000000000071e+01,1.199377918243408203e+01,-4.099683761596679688e+00,5.841572284698486328e+00,1.300497055053710938e+00,4.971027374267578125e-04,1.328904628753662109e-01,0.000000000000000000e+00
0.000000000000000000e+00,1.581000000000000000e+03,1.581000000000000050e+01,1.200000000000000000e+01,-4.094145774841308594e+00,5.845361709594726562e+00,1.299077749252319336e+00,-9.222030639648437500e-04,1.328904628753662109e-01,1.000000000000000000e+00
0.000000000000000000e+00,1.582000000000000000e+03,1.582000000000000028e+01,1.199858283996582031e+01,-4.099252700805664062e+00,5.841867446899414062e+00,1.300206780433654785e+00,2.068281173706054688e-04,1.328904628753662109e-01,0.000000000000000000e+00
0.000000000000000000e+00,1.583000000000000000e+03,1.583000000000000007e+01,1.200000000000000000e+01,-4.097804546356201172e+00,5.842858314514160156e+00,1.299569487571716309e+00,-4.304647445678710938e-04,1.328904628753662109e-01,1.000000000000000000e+00
0.000000000000000000e+00,1.584000000000000000e+03,1.583999999999999986e+01,1.200000000000000000e+01,-4.091350078582763672e+00,5.847274780273437500e+00,1.299846410751342773e+00,-1.535415649414062500e-04,1.328904628753662109e-01,1.000000000000000000e+00
0.000000000000000000e+00,1.585000000000000000e+03,1.584999999999999964e+01,1.200000000000000000e+01,-4.091163158416748047e+00,5.847403049468994141e+00,1.300483942031860352e+00,4.839897155761718750e-04,1.328904628753662109e-01,1.000000000000000000e+00
0.000000000000000000e+00,1.586000000000000000e+03,1.586000000000000121e+01,1.199380302429199219e+01,-4.099701404571533203e+00,5.841560840606689453e+00,1.300495743751525879e+00,4.957914352416992188e-04,1.328904628753662109e-01,0.000000000000000000e+00
0.000000000000000000e+00,1.587000000000000000e+03,1.587000000000000099e+01,1.200000000000000000e+01,-4.094203948974609375e+00,5.845322132110595703e+00,1.299084186553955078e+00,-9.157657623291015625e-04,1.328904628753662109e-01,1.000000000000000000e+00
0.000000000000000000e+00,1.588000000000000000e+03,1.588000000000000078e+01,1.199877548217773438e+01,-4.099174022674560547e+00,5.841921329498291016e+00,1.300198078155517578e+00,1.981258392333984375e-04,1.328904628753662109e-01,0.000000000000000000e+00
0.000000000000000000e+00,1.589000000000000000e+03,1.589000000000000057e+01,1.200000000000000000e+01,-4.098019599914550781e+00,5.842711448669433594e+00,1.299597859382629395e+00,-4.020929336547851562e-04,1.328904628753662109e-01,1.000000000000000000e+00
0.000000000000000000e+00,1.590000000000000000e+03,1.590000000000000036e+01,1.200000000000000000e+01,-4.091219425201416016e+00,5.847364425659179688e+00,1.299826264381408691e+00,-1.736879348754882812e-04,1.328904628753662109e-01,1.000000000000000000e+00
0.000000000000000000e+00,1.591000000000000000e+03,1.591000000000000014e+01,1.200000000000000000e+01,-4.091089248657226562e+00,5.847453594207763672e+00,1.300490021705627441e+00,4.900693893432617188e-04,1.328904628753662109e-01,1.000000000000000000e+00
0.000000000000000000e+00,1.592000000000000000e+03,1.591999999999999993e+01,1.199365043640136719e+01,-4.099736213684082031e+00,5.841536998748779297e+00,1.300507426261901855e+00,5.074739456176757812e-04,1.328904628753662109e-01,0.000000000000000000e+00
0.000000000000000000e+00,1.593000000000000000e+03,1.592999999999999972e+01,1.200000000000000000e+01,-4.094064235687255859e+00,5.845417976379394531e+00,1.299059867858886719e+00,-9.400844573974609375e-04,1.328904628753662109e-01,1.000000000000000000e+00
0.000000000000000000e+00,1.594000000000000000e+03,1.593999999999999950e+01,1.199857616424560547e+01,-4.099177837371826172e+00,5.841919422149658203e+00,1.300207734107971191e+00,2.077817916870117188e-04,1.328904628753662109e-01,0.000000000000000000e+00
0.000000000000000000e+00,1.595000000000000000e+03,1.595000000000000107e+01,1.200000000000000000e+01,-4.097891330718994141e+00,5.842799663543701172e+00,1.299585700035095215e+00,-4.142522811889648438e-04,1.328904628753662109e-01,1.000000000000000000e+00
0.000000000000000000e+00,1.596000000000000000e+03,1.596000000000000085e+01,1.200000000000000000e+01,-4.091298580169677734e+00,5.847311019897460938e+00,1.299838900566101074e+00,-1.610517501831054688e-04,1.328904628753662109e-01,1.000000000000000000e+00
0.000000000000000000e+00,1.597000000000000000e+03,1.597000000000000064e+01,1.200000000000000000e+01,-4.091174602508544922e+00,5.847395896911621094e+00,1.300491213798522949e+00,4.912614822387695312e-04,1.328904628753662109e-01,1.000000000000000000e+00
0.000000000000000000e+00,1.598000000000000000e+03,1.598000000000000043e+01,1.199383068084716797e+01,-4.099692344665527344e+00,5.841567516326904297e+00,1.300494551658630371e+00,4.945993423461914062e-04,1.328904628753662109e-01,0.000000000000000000e+00
0.000000000000000000e+00,1.599000000000000000e+03,1.599000000000000021e+01,1.200000000000000000e+01,-4.094162940979003906e+00,5.845351219177246094e+00,1.299080848693847656e+00,-9.191036224365234375e-04,1.328904628753662109e-01,1.000000000000000000e+00
0.000000000000000000e+00,1.600000000000000000e+03,1.600000000000000000e+01,1.199867439270019531e+01,-4.099204540252685547e+00,5.841901302337646484e+00,1.300203323364257812e+00,2.033710479736328125e-04,1.329261511564254761e-01,0.000000000000000000e+00
0.000000000000000000e+00,1.601000000000000000e+03,1.601000000000000156e+01,1.200000000000000000e+01,-4.098063468933105469e+00,5.842681884765625000e+00,1.299599885940551758e+00,-4.000663757324218750e-04,1.329261511564254761e-01,1.000000000000000000e+00
0.000000000000000000e+00,1.602000000000000000e+03,1.601999999999999957e+01,1.200000000000000000e+01,-4.091098785400390625e+00,5.847447395324707031e+00,1.299816608428955078e+00,-1.833438873291015625e-04,1.329261511564254761e-01,1.000000000000000000e+00
0.000000000000000000e+00,1.603000000000000000e+03,1.603000000000000114e+01,1.200000000000000000e+01,-4.091164112091064453e+00,5.847403049468994141e+00,1.300511121749877930e+00,5.111694335937500000e-04,1.329261511564254761e-01,1.000000000000000000e+00
0.000000000000000000e+00,1.604000000000000000e+03,1.603999999999999915e+01,1.199385452270507812e+01,-4.099665164947509766e+00,5.841586112976074219e+00,1.300493240356445312e+00,4.932880401611328125e-04,1.329261511564254761e-01,0.000000000000000000e+00
0.000000000000000000e+00,1.605000000000000000e+03,1.605000000000000071e+01,1.200000000000000000e+01,-4.094108581542968750e+00,5.845388412475585938e+00,1.299077630043029785e+00,-9.223222732543945312e-04,1.329261511564254761e-01,1.000000000000000000e+00
0.000000000000000000e+00,1.606000000000000000e+03,1.605999999999999872e+01,1.199852180480957031e+01,-4.099258899688720703e+00,5.841864109039306641e+00,1.300210833549499512e+00,2.108812332153320312e-04,1.329261511564254761e-01,0.000000000000000000e+00
0.000000000000000000e+00,1.607000000000000000e+03,1.607000000000000028e+01,1.200000000000000000e+01,-4.097741127014160156e+00,5.842902660369873047e+00,1.299564361572265625e+00,-4.355907440185546875e-04,1.329261511564254761e-01,1.000000000000000000e+00
0.000000000000000000e+00,1.608000000000000000e+03,1.608000000000000185e+01,1.200000000000000000e+01,-4.091567993164062500e+00,5.847126483917236328e+00,1.299863100051879883e+00,-1.368522644042968750e-04,1.329261511564254761e-01,1.000000000000000000e+00
0.000000000000000000e+00,1.609000000000000000e+03,1.608999999999999986e+01,1.200000000000000000e+01,-4.091187477111816406e+00,5.847387313842773438e+00,1.300466299057006836e+00,4.663467407226562500e-04,1.329261511564254761e-01,1.000000000000000000e+00
0.000000000000000000e+00,1.610000000000000000e+03,1.610000000000000142e+01,1.199384784698486328e+01,-4.099693298339843750e+00,5.841567516326904297e+00,1.300494194030761719e+00,4.942417144775390625e-04,1.329261511564254761e-01,0.000000000000000000e+00
0.000000000000000000e+00,1.611000000000000000e+03,1.610999999999999943e+01,1.200000000000000000e+01,-4.094182968139648438e+00,5.845337867736816406e+00,1.299084782600402832e+00,-9.151697158813476562e-04,1.329261511564254761e-01,1.000000000000000000e+00
0.000000000000000000e+00,1.612000000000000000e+03,1.612000000000000099e+01,1.199853515625000000e+01,-4.099322795867919922e+00,5.841820716857910156e+00,1.300210475921630859e+00,2.105236053466796875e-04,1.329261511564254761e-01,0.000000000000000000e+00
0.000000000000000000e+00,1.613000000000000000e+03,1.612999999999999901e+01,1.200000000000000000e+01,-4.097927093505859375e+00,5.842775821685791016e+00,1.299576640129089355e+00,-4.233121871948242188e-04,1.329261511564254761e-01,1.000000000000000000e+00
0.000000000000000000e+00,1.614000000000000000e+03,1.614000000000000057e+01,1.200000000000000000e+01,-4.091393947601318359e+00,5.847245693206787109e+00,1.299843192100524902e+00,-1.567602157592773438e-04,1.329261511564254761e-01,1.000000000000000000e+00
0.000000000000000000e+00,1.615000000000000000e+03,1.614999999999999858e+01,1.200000000000000000e+01,-4.091016769409179688e+00,5.847503662109375000e+00,1.300466895103454590e+00,4.669427871704101562e-04,1.329261511564254761e-01,1.000000000000000000e+00
0.000000000000000000e+00,1.616000000000000000e+03,1.616000000000000014e+01,1.199351501464843750e+01,-4.099760532379150391e+00,5.841520786285400391e+00,1.300519347190856934e+00,5.193948745727539062e-04,1.329261511564254761e-01,0.000000000000000000e+00
0.000000000000000000e+00,1.617000000000000000e+03,1.617000000000000171e+01,1.200000000000000000e+01,-4.093902587890625000e+00,5.845529079437255859e+00,1.299035549163818359e+00,-9.644031524658203125e-04,1.329261511564254761e-01,1.000000000000000000e+00
0.000000000000000000e+00,1.618000000000000000e+03,1.617999999999999972e+01,1.199800682067871094e+01,-4.099420070648193359e+00,5.841753482818603516e+00,1.300236821174621582e+00,2.368688583374023438e-04,1.329261511564254761e-01,0.000000000000000000e+00
0.000000000000000000e+00,1.619000000000000000e+03,1.619000000000000128e+01,1.200000000000000000e+01,-4.097339630126953125e+00,5.843177318572998047e+00,1.299508690834045410e+00,-4.912614822387695312e-04,1.329261511564254761e-01,1.000000000000000000e+00
0.000000000000000000e+00,1.620000000000000000e+03,1.619999999999999929e+01,1.200000000000000000e+01,-4.091958999633789062e+00,5.846858978271484375e+00,1.299903035163879395e+00,-9.691715240478515625e-05,1.329187899827957153e-01,1.000000000000000000e+00
0.000000000000000000e+00,1.621000000000000000e+03,1.621000000000000085e+01,1.200000000000000000e+01,-4.091181278228759766e+00,5.847391128540039062e+00,1.300428628921508789e+00,4.286766052246093750e-04,1.329187899827957153e-01,1.000000000000000000e+00
0.000000000000000000e+00,1.622000000000000000e+03,1.621999999999999886e+01,1.199369525909423828e+01,-4.099794387817382812e+00,5.841497421264648438e+00,1.300506353378295898e+00,5.064010620117187500e-04,1.329187899827957153e-01,0.000000000000000000e+00
0.000000000000000000e+00,1.623000000000000000e+03,1.623000000000000043e+01,1.200000000000000000e+01,-4.094077587127685547e+00,5.845408916473388672e+00,1.299056887626647949e+00,-9.430646896362304688e-04,1.329187899827957153e-01,1.000000000000000000e+00
0.000000000000000000e+00,1.624000000000000000e+03,1.624000000000000199e+01,1.199869918823242188e+01,-4.099103927612304688e+00,5.841969490051269531e+00,1.300203442573547363e+00,2.034902572631835938e-04,1.329187899827957153e-01,0.000000000000000000e+00
0.000000000000000000e+00,1.625000000000000000e+03,1.625000000000000000e+01,1.200000000000000000e+01,-4.097821235656738281e+00,5.842847347259521484e+00,1.299588203430175781e+00,-4.117488861083984375e-04,1.329187899827957153e-01,1.000000000000000000e+00
0.000000000000000000e+00,1.626000000000000000e+03,1.626000000000000156e+01,1.200000000000000000e+01,-4.091410636901855469e+00,5.847233772277832031e+00,1.299850702285766602e+00,-1.492500305175781250e-04,1.329187899827957153e-01,1.000000000000000000e+00
0.000000000000000000e+00,1.627000000000000000e+03,1.626999999999999957e+01,1.200000000000000000e+01,-4.091147422790527344e+00,5.847414016723632812e+00,1.300479412078857422e+00,4.794597625732421875e-04,1.329187899827957153e-01,1.000000000000000000e+00
0.000000000000000000e+00,1.628000000000000000e+03,1.628000000000000114e+01,1.199373245239257812e+01,-4.099734783172607422e+00,5.841537952423095703e+00,1.300504088401794434e+00,5.041360855102539062e-04,1.329187899827957153e-01,0.000000000000000000e+00
0.000000000000000000e+00,1.629000000000000000e+03,1.628999999999999915e+01,1.200000000000000000e+01,-4.094070911407470703e+00,5.845413208007812500e+00,1.299064993858337402e+00,-9.349584579467773438e-04,1.329187899827957153e-01,1.000000000000000000e+00
0.000000000000000000e+00,1.630000000000000000e+03,1.630000000000000071e+01,1.199852371215820312e+01,-4.099221229553222656e+00,5.841889381408691406e+00,1.300212025642395020e+00,2.120733261108398438e-04,1.329187899827957153e-01,0.000000000000000000e+00
0.000000000000000000e+00,1.631000000000000000e+03,1.630999999999999872e+01,1.200000000000000000e+01,-4.097700119018554688e+00,5.842930316925048828e+00,1.299565792083740234e+00,-4.341602325439453125e-04,1.329187899827957153e-01,1.000000000000000000e+00
0.000000000000000000e+00,1.632000000000000000e+03,1.632000000000000028e+01,1.200000000000000000e+01,-4.091341018676757812e+00,5.847281455993652344e+00,1.299853801727294922e+00,-1.461505889892578125e-04,1.329187899827957153e-01,1.000000000000000000e+00
0.000000000000000000e+00,1.633000000000000000e+03,1.633000000000000185e+01,1.200000000000000000e+01,-4.091110706329345703e+00,5.847439289093017578e+00,1.300483107566833496e+00,4.831552505493164062e-04,1.329187899827957153e-01,1.000000000000000000e+00
0.000000000000000000e+00,1.634000000000000000e+03,1.633999999999999986e+01,1.199368953704833984e+01,-4.099730014801025391e+00,5.841541767120361328e+00,1.300507783889770508e+00,5.078315734863281250e-04,1.329187899827957153e-01,0.000000000000000000e+00
0.000000000000000000e+00,1.635000000000000000e+03,1.635000000000000142e+01,1.200000000000000000e+01,-4.094124794006347656e+00,5.845376968383789062e+00,1.299073815345764160e+00,-9.261369705200195312e-04,1.329187899827957153e-01,1.000000000000000000e+00
0.000000000000000000e+00,1.636000000000000000e+03,1.635999999999999943e+01,1.199831390380859375e+01,-4.099421501159667969e+00,5.841752529144287109e+00,1.300222396850585938e+00,2.224445343017578125e-04,1.329187899827957153e-01,0.000000000000000000e+00
0.000000000000000000e+00,1.637000000000000000e+03,1.637000000000000099e+01,1.200000000000000000e+01,-4.097503185272216797e+00,5.843064785003662109e+00,1.299526929855346680e+00,-4.730224609375000000e-04,1.329187899827957153e-01,1.000000000000000000e+00
0.000000000000000000e+00,1.638000000000000000e+03,1.637999999999999901e+01,1.200000000000000000e+01,-4.091612815856933594e+00,5.847095012664794922e+00,1.299879074096679688e+00,-1.208782196044921875e-04,1.329187899827957153e-01,1.000000000000000000e+00
0.000000000000000000e+00,1.639000000000000000e+03,1.639000000000000057e+01,1.200000000000000000e+01,-4.091125488281250000e+00,5.847428798675537109e+00,1.300457954406738281e+00,4.580020904541015625e-04,1.329187899827957153e-01,1.000000000000000000e+00
0.000000000000000000e+00,1.640000000000000000e+03,1.639999999999999858e+01,1.199387454986572266e+01,-4.099614143371582031e+00,5.841620445251464844e+00,1.300494670867919922e+00,4.947185516357421875e-04,1.328763216733932495e-01,0.000000000000000000e+00
0.000000000000000000e+00,1.641000000000000000e+03,1.641000000000000014e+01,1.200000000000000000e+01,-4.094121932983398438e+00,5.845378875732421875e+00,1.299090385437011719e+00,-9.095668792724609375e-04,1.328763216733932495e-01,1.000000000000000000e+00
0.000000000000000000e+00,1.642000000000000000e+03,1.642000000000000171e+01,1.199832820892333984e+01,-4.099409103393554688e+00,5.841761112213134766e+00,1.300222039222717285e+00,2.220869064331054688e-04,1.328763216733932495e-01,0.000000000000000000e+00
0.000000000000000000e+00,1.643000000000000000e+03,1.642999999999999972e+01,1.200000000000000000e+01,-4.097524166107177734e+00,5.843050956726074219e+00,1.299530744552612305e+00,-4.692077636718750000e-04,1.328763216733932495e-01,1.000000000000000000e+00
0.000000000000000000e+00,1.644000000000000000e+03,1.644000000000000128e+01,1.200000000000000000e+01,-4.091599464416503906e+00,5.847105026245117188e+00,1.299877524375915527e+00,-1.224279403686523438e-04,1.328763216733932495e-01,1.000000000000000000e+00
0.000000000000000000e+00,1.645000000000000000e+03,1.644999999999999929e+01,1.200000000000000000e+01,-4.091132164001464844e+00,5.847425460815429688e+00,1.300460338592529297e+00,4.603862762451171875e-04,1.328763216733932495e-01,1.000000000000000000e+00
0.000000000000000000e+00,1.646000000000000000e+03,1.646000000000000085e+01,1.199371337890625000e+01,-4.099734306335449219e+00,5.841539382934570312e+00,1.300506949424743652e+00,5.069971084594726562e-04,1.328763216733932495e-01,0.000000000000000000e+00
0.000000000000000000e+00,1.647000000000000000e+03,1.646999999999999886e+01,1.200000000000000000e+01,-4.093977451324462891e+00,5.845478534698486328e+00,1.299053549766540527e+00,-9.464025497436523438e-04,1.328763216733932495e-01,1.000000000000000000e+00
0.000000000000000000e+00,1.648000000000000000e+03,1.648000000000000043e+01,1.199810314178466797e+01,-4.099426746368408203e+00,5.841750144958496094e+00,1.300233602523803711e+00,2.336502075195312500e-04,1.328763216733932495e-01,0.000000000000000000e+00
0.000000000000000000e+00,1.649000000000000000e+03,1.649000000000000199e+01,1.200000000000000000e+01,-4.097270965576171875e+00,5.843225002288818359e+00,1.299503326416015625e+00,-4.966259002685546875e-04,1.328763216733932495e-01,1.000000000000000000e+00
0.000000000000000000e+00,1.650000000000000000e+03,1.650000000000000000e+01,1.200000000000000000e+01,-4.091889858245849609e+00,5.846907138824462891e+00,1.299903988838195801e+00,-9.596347808837890625e-05,1.328763216733932495e-01,1.000000000000000000e+00
0.000000000000000000e+00,1.651000000000000000e+03,1.651000000000000156e+01,1.200000000000000000e+01,-4.091042041778564453e+00,5.847487449645996094e+00,1.300423979759216309e+00,4.240274429321289062e-04,1.328763216733932495e-01,1.000000000000000000e+00
0.000000000000000000e+00,1.652000000000000000e+03,1.651999999999999957e+01,1.199358463287353516e+01,-4.099736213684082031e+00,5.841538429260253906e+00,1.300517082214355469e+00,5.171298980712890625e-04,1.328763216733932495e-01,0.000000000000000000e+00
0.000000000000000000e+00,1.653000000000000000e+03,1.653000000000000114e+01,1.200000000000000000e+01,-4.093935489654541016e+00,5.845507621765136719e+00,1.299047827720642090e+00,-9.521245956420898438e-04,1.328763216733932495e-01,1.000000000000000000e+00
0.000000000000000000e+00,1.654000000000000000e+03,1.653999999999999915e+01,1.199817276000976562e+01,-4.099336147308349609e+00,5.841812133789062500e+00,1.300230503082275391e+00,2.305507659912109375e-04,1.328763216733932495e-01,0.000000000000000000e+00
0.000000000000000000e+00,1.655000000000000000e+03,1.655000000000000071e+01,1.200000000000000000e+01,-4.097466468811035156e+00,5.843091487884521484e+00,1.299533009529113770e+00,-4.669427871704101562e-04,1.328763216733932495e-01,1.000000000000000000e+00
0.000000000000000000e+00,1.656000000000000000e+03,1.655999999999999872e+01,1.200000000000000000e+01,-4.091692924499511719e+00,5.847042083740234375e+00,1.299885630607604980e+00,-1.143217086791992188e-04,1.328763216733932495e-01,1.000000000000000000e+00
0.000000000000000000e+00,1.657000000000000000e+03,1.657000000000000028e+01,1.200000000000000000e+01,-4.091161727905273438e+00,5.847405433654785156e+00,1.300455093383789062e+00,4.551410675048828125e-04,1.328763216733932495e-01,1.000000000000000000e+00
0.000000000000000000e+00,1.658000000000000000e+03,1.658000000000000185e+01,1.199398136138916016e+01,-4.099574089050292969e+00,5.841649055480957031e+00,1.300488352775573730e+00,4.884004592895507812e-04,1.328763216733932495e-01,0.000000000000000000e+00
0.000000000000000000e+00,1.659000000000000000e+03,1.658999999999999986e+01,1.200000000000000000e+01,-4.094194889068603516e+00,5.845329761505126953e+00,1.299108266830444336e+00,-8.916854858398437500e-04,1.328763216733932495e-01,1.000000000000000000e+00
0.000000000000000000e+00,1.660000000000000000e+03,1.660000000000000142e+01,1.199874114990234375e+01,-4.099189281463623047e+00,5.841912269592285156e+00,1.300203204154968262e+00,2.032518386840820312e-04,1.329337805509567261e-01,0.000000000000000000e+00
0.000000000000000000e+00,1.661000000000000000e+03,1.660999999999999943e+01,1.200000000000000000e+01,-4.098027229309082031e+00,5.842707633972167969e+00,1.299602150917053223e+00,-3.978013992309570312e-04,1.329337805509567261e-01,1.000000000000000000e+00
0.000000000000000000e+00,1.662000000000000000e+03,1.662000000000000099e+01,1.200000000000000000e+01,-4.091117382049560547e+00,5.847435951232910156e+00,1.299822807312011719e+00,-1.771450042724609375e-04,1.329337805509567261e-01,1.000000000000000000e+00
0.000000000000000000e+00,1.663000000000000000e+03,1.662999999999999901e+01,1.200000000000000000e+01,-4.091065883636474609e+00,5.847471714019775391e+00,1.300503611564636230e+00,5.036592483520507812e-04,1.329337805509567261e-01,1.000000000000000000e+00
0.000000000000000000e+00,1.664000000000000000e+03,1.664000000000000057e+01,1.199370002746582031e+01,-4.099677562713623047e+00,5.841578960418701172e+00,1.300509333610534668e+00,5.093812942504882812e-04,1.329337805509567261e-01,0.000000000000000000e+00
0.000000000000000000e+00,1.665000000000000000e+03,1.664999999999999858e+01,1.200000000000000000e+01,-4.094024181365966797e+00,5.845447063446044922e+00,1.299070119857788086e+00,-9.298324584960937500e-04,1.329337805509567261e-01,1.000000000000000000e+00
0.000000000000000000e+00,1.666000000000000000e+03,1.666000000000000014e+01,1.199851417541503906e+01,-4.099181652069091797e+00,5.841917991638183594e+00,1.300214290618896484e+00,2.143383026123046875e-04,1.329337805509567261e-01,0.000000000000000000e+00
0.000000000000000000e+00,1.667000000000000000e+03,1.667000000000000171e+01,1.200000000000000000e+01,-4.097660541534423828e+00,5.842958927154541016e+00,1.299568295478820801e+00,-4.316568374633789062e-04,1.329337805509567261e-01,1.000000000000000000e+00
0.000000000000000000e+00,1.668000000000000000e+03,1.667999999999999972e+01,1.200000000000000000e+01,-4.091352462768554688e+00,5.847275257110595703e+00,1.299858093261718750e+00,-1.418590545654296875e-04,1.329337805509567261e-01,1.000000000000000000e+00
0.000000000000000000e+00,1.669000000000000000e+03,1.669000000000000128e+01,1.200000000000000000e+01,-4.091135978698730469e+00,5.847423553466796875e+00,1.300487279891967773e+00,4.873275756835937500e-04,1.329337805509567261e-01,1.000000000000000000e+00
0.000000000000000000e+00,1.670000000000000000e+03,1.669999999999999929e+01,1.199368095397949219e+01,-4.099760055541992188e+00,5.841522693634033203e+00,1.300511121749877930e+00,5.111694335937500000e-04,1.329337805509567261e-01,0.000000000000000000e+00
0.000000000000000000e+00,1.671000000000000000e+03,1.671000000000000085e+01,1.200000000000000000e+01,-4.094010353088378906e+00,5.845456600189208984e+00,1.299057126045227051e+00,-9.428262710571289062e-04,1.329337805509567261e-01,1.000000000000000000e+00
0.000000000000000000e+00,1.672000000000000000e+03,1.671999999999999886e+01,1.199861526489257812e+01,-4.099096775054931641e+00,5.841976165771484375e+00,1.300209760665893555e+00,2.098083496093750000e-04,1.329337805509567261e-01,0.000000000000000000e+00
0.000000000000000000e+00,1.673000000000000000e+03,1.673000000000000043e+01,1.200000000000000000e+01,-4.097782611846923828e+00,5.842875480651855469e+00,1.299588441848754883e+00,-4.115104675292968750e-04,1.329337805509567261e-01,1.000000000000000000e+00
0.000000000000000000e+00,1.674000000000000000e+03,1.674000000000000199e+01,1.200000000000000000e+01,-4.091362476348876953e+00,5.847268581390380859e+00,1.299852132797241211e+00,-1.478195190429687500e-04,1.329337805509567261e-01,1.000000000000000000e+00
0.000000000000000000e+00,1.675000000000000000e+03,1.675000000000000000e+01,1.200000000000000000e+01,-4.090952873229980469e+00,5.847548961639404297e+00,1.300468087196350098e+00,4.681348800659179688e-04,1.329337805509567261e-01,1.000000000000000000e+00
0.000000000000000000e+00,1.676000000000000000e+03,1.676000000000000156e+01,1.199333953857421875e+01,-4.099821090698242188e+00,5.841480731964111328e+00,1.300537347793579102e+00,5.373954772949218750e-04,1.329337805509567261e-01,0.000000000000000000e+00
0.000000000000000000e+00,1.677000000000000000e+03,1.676999999999999957e+01,1.200000000000000000e+01,-4.093857288360595703e+00,5.845561504364013672e+00,1.299026489257812500e+00,-9.734630584716796875e-04,1.329337805509567261e-01,1.000000000000000000e+00
0.000000000000000000e+00,1.678000000000000000e+03,1.678000000000000114e+01,1.199815177917480469e+01,-4.099274158477783203e+00,5.841855049133300781e+00,1.300232768058776855e+00,2.328157424926757812e-04,1.329337805509567261e-01,0.000000000000000000e+00
0.000000000000000000e+00,1.679000000000000000e+03,1.678999999999999915e+01,1.200000000000000000e+01,-4.097350597381591797e+00,5.843171119689941406e+00,1.299529194831848145e+00,-4.707574844360351562e-04,1.329337805509567261e-01,1.000000000000000000e+00
0.000000000000000000e+00,1.680000000000000000e+03,1.680000000000000071e+01,1.200000000000000000e+01,-4.091419696807861328e+00,5.847229003906250000e+00,1.299878478050231934e+00,-1.214742660522460938e-04,1.328905373811721802e-01,1.000000000000000000e+00
0.000000000000000000e+00,1.681000000000000000e+03,1.680999999999999872e+01,1.200000000000000000e+01,-4.091025352478027344e+00,5.847498893737792969e+00,1.300470113754272461e+00,4.701614379882812500e-04,1.328905373811721802e-01,1.000000000000000000e+00
0.000000000000000000e+00,1.682000000000000000e+03,1.682000000000000028e+01,1.199358654022216797e+01,-4.099719047546386719e+00,5.841549873352050781e+00,1.300519227981567383e+00,5.192756652832031250e-04,1.328905373811721802e-01,0.000000000000000000e+00
0.000000000000000000e+00,1.683000000000000000e+03,1.683000000000000185e+01,1.200000000000000000e+01,-4.093883514404296875e+00,5.845542907714843750e+00,1.299045801162719727e+00,-9.541511535644531250e-04,1.328905373811721802e-01,1.000000000000000000e+00
0.000000000000000000e+00,1.684000000000000000e+03,1.683999999999999986e+01,1.199837493896484375e+01,-4.099143028259277344e+00,5.841944217681884766e+00,1.300222039222717285e+00,2.220869064331054688e-04,1.328905373811721802e-01,0.000000000000000000e+00
0.000000000000000000e+00,1.685000000000000000e+03,1.685000000000000142e+01,1.200000000000000000e+01,-4.097588539123535156e+00,5.843007564544677734e+00,1.299566149711608887e+00,-4.338026046752929688e-04,1.328905373811721802e-01,1.000000000000000000e+00
0.000000000000000000e+00,1.686000000000000000e+03,1.685999999999999943e+01,1.200000000000000000e+01,-4.091631889343261719e+00,5.847083091735839844e+00,1.299877524375915527e+00,-1.224279403686523438e-04,1.328905373811721802e-01,1.000000000000000000e+00
0.000000000000000000e+00,1.687000000000000000e+03,1.687000000000000099e+01,1.200000000000000000e+01,-4.091106891632080078e+00,5.847442626953125000e+00,1.300457715988159180e+00,4.577636718750000000e-04,1.328905373811721802e-01,1.000000000000000000e+00
0.000000000000000000e+00,1.688000000000000000e+03,1.687999999999999901e+01,1.199367618560791016e+01,-4.099735260009765625e+00,5.841538429260253906e+00,1.300512909889221191e+00,5.129575729370117188e-04,1.328905373811721802e-01,0.000000000000000000e+00
0.000000000000000000e+00,1.689000000000000000e+03,1.689000000000000057e+01,1.200000000000000000e+01,-4.093980789184570312e+00,5.845475673675537109e+00,1.299058198928833008e+00,-9.417533874511718750e-04,1.328905373811721802e-01,1.000000000000000000e+00
0.000000000000000000e+00,1.690000000000000000e+03,1.689999999999999858e+01,1.199825859069824219e+01,-4.099319934844970703e+00,5.841822147369384766e+00,1.300227999687194824e+00,2.280473709106445312e-04,1.328905373811721802e-01,0.000000000000000000e+00
0.000000000000000000e+00,1.691000000000000000e+03,1.691000000000000014e+01,1.200000000000000000e+01,-4.097488403320312500e+00,5.843075275421142578e+00,1.299539446830749512e+00,-4.605054855346679688e-04,1.328905373811721802e-01,1.000000000000000000e+00
0.000000000000000000e+00,1.692000000000000000e+03,1.692000000000000171e+01,1.200000000000000000e+01,-4.091619968414306641e+00,5.847090721130371094e+00,1.299882173538208008e+00,-1.177787780761718750e-04,1.328905373811721802e-01,1.000000000000000000e+00
0.000000000000000000e+00,1.693000000000000000e+03,1.692999999999999972e+01,1.200000000000000000e+01,-4.091081142425537109e+00,5.847459793090820312e+00,1.300456762313842773e+00,4.568099975585937500e-04,1.328905373811721802e-01,1.000000000000000000e+00
0.000000000000000000e+00,1.694000000000000000e+03,1.694000000000000128e+01,1.199373912811279297e+01,-4.099665641784667969e+00,5.841585636138916016e+00,1.300508737564086914e+00,5.087852478027343750e-04,1.328905373811721802e-01,0.000000000000000000e+00
0.000000000000000000e+00,1.695000000000000000e+03,1.694999999999999929e+01,1.200000000000000000e+01,-4.094033718109130859e+00,5.845438957214355469e+00,1.299076199531555176e+00,-9.237527847290039062e-04,1.328905373811721802e-01,1.000000000000000000e+00
0.000000000000000000e+00,1.696000000000000000e+03,1.696000000000000085e+01,1.199846839904785156e+01,-4.099224090576171875e+00,5.841887474060058594e+00,1.300217986106872559e+00,2.180337905883789062e-04,1.328905373811721802e-01,0.000000000000000000e+00
0.000000000000000000e+00,1.697000000000000000e+03,1.696999999999999886e+01,1.200000000000000000e+01,-4.097645759582519531e+00,5.842967510223388672e+00,1.299564838409423828e+00,-4.351139068603515625e-04,1.328905373811721802e-01,1.000000000000000000e+00
0.000000000000000000e+00,1.698000000000000000e+03,1.698000000000000043e+01,1.200000000000000000e+01,-4.091292858123779297e+00,5.847314357757568359e+00,1.299856781959533691e+00,-1.431703567504882812e-04,1.328905373811721802e-01,1.000000000000000000e+00
0.000000000000000000e+00,1.699000000000000000e+03,1.699000000000000199e+01,1.200000000000000000e+01,-4.091130256652832031e+00,5.847425937652587891e+00,1.300494909286499023e+00,4.949569702148437500e-04,1.328905373811721802e-01,1.000000000000000000e+00
0.000000000000000000e+00,1.700000000000000000e+03,1.700000000000000000e+01,1.199397182464599609e+01,-4.099549770355224609e+00,5.841664791107177734e+00,1.300492048263549805e+00,4.920959472656250000e-04,1.329109221696853638e-01,0.000000000000000000e+00
0.000000000000000000e+00,1.701000000000000000e+03,1.701000000000000156e+01,1.200000000000000000e+01,-4.094089508056640625e+00,5.845400810241699219e+00,1.299100995063781738e+00,-8.989572525024414062e-04,1.329109221696853638e-01,1.000000000000000000e+00
0.000000000000000000e+00,1.702000000000000000e+03,1.701999999999999957e+01,1.199892807006835938e+01,-4.098954677581787109e+00,5.842072010040283203e+00,1.300196528434753418e+00,1.965761184692382812e-04,1.329109221696853638e-01,0.000000000000000000e+00
0.000000000000000000e+00,1.703000000000000000e+03,1.703000000000000114e+01,1.200000000000000000e+01,-4.098176956176757812e+00,5.842604160308837891e+00,1.299639463424682617e+00,-3.604888916015625000e-04,1.329109221696853638e-01,1.000000000000000000e+00
0.000000000000000000e+00,1.704000000000000000e+03,1.703999999999999915e+01,1.200000000000000000e+01,-4.090952873229980469e+00,5.847547531127929688e+00,1.299804806709289551e+00,-1.951456069946289062e-04,1.329109221696853638e-01,1.000000000000000000e+00
0.000000000000000000e+00,1.705000000000000000e+03,1.705000000000000071e+01,1.200000000000000000e+01,-4.091202259063720703e+00,5.847376823425292969e+00,1.300538420677185059e+00,5.384683609008789062e-04,1.329109221696853638e-01,1.000000000000000000e+00
0.000000000000000000e+00,1.706000000000000000e+03,1.705999999999999872e+01,1.199384593963623047e+01,-4.099708557128906250e+00,5.841556072235107422e+00,1.300501465797424316e+00,5.015134811401367188e-04,1.329109221696853638e-01,0.000000000000000000e+00
0.000000000000000000e+00,1.707000000000000000e+03,1.707000000000000028e+01,1.200000000000000000e+01,-4.094099998474121094e+00,5.845393657684326172e+00,1.299080729484558105e+00,-9.192228317260742188e-04,1.329109221696853638e-01,1.000000000000000000e+00
0.000000000000000000e+00,1.708000000000000000e+03,1.708000000000000185e+01,1.199869441986083984e+01,-4.099129199981689453e+00,5.841952323913574219e+00,1.300207614898681641e+00,2.076625823974609375e-04,1.329109221696853638e-01,0.000000000000000000e+00
0.000000000000000000e+00,1.709000000000000000e+03,1.708999999999999986e+01,1.200000000000000000e+01,-4.097813606262207031e+00,5.842852592468261719e+00,1.299590706825256348e+00,-4.092454910278320312e-04,1.329109221696853638e-01,1.000000000000000000e+00
0.000000000000000000e+00,1.710000000000000000e+03,1.710000000000000142e+01,1.200000000000000000e+01,-4.091438770294189453e+00,5.847214698791503906e+00,1.299856066703796387e+00,-1.438856124877929688e-04,1.329109221696853638e-01,1.000000000000000000e+00
0.000000000000000000e+00,1.711000000000000000e+03,1.710999999999999943e+01,1.200000000000000000e+01,-4.091002941131591797e+00,5.847513198852539062e+00,1.300467967987060547e+00,4.680156707763671875e-04,1.329109221696853638e-01,1.000000000000000000e+00
0.000000000000000000e+00,1.712000000000000000e+03,1.712000000000000099e+01,1.199365234375000000e+01,-4.099649906158447266e+00,5.841596603393554688e+00,1.300516366958618164e+00,5.164146423339843750e-04,1.329109221696853638e-01,0.000000000000000000e+00
0.000000000000000000e+00,1.713000000000000000e+03,1.712999999999999901e+01,1.200000000000000000e+01,-4.093936443328857422e+00,5.845506191253662109e+00,1.299066066741943359e+00,-9.338855743408203125e-04,1.329109221696853638e-01,1.000000000000000000e+00
0.000000000000000000e+00,1.714000000000000000e+03,1.714000000000000057e+01,1.199809646606445312e+01,-4.099390506744384766e+00,5.841774463653564453e+00,1.300237178802490234e+00,2.372264862060546875e-04,1.329109221696853638e-01,0.000000000000000000e+00
0.000000000000000000e+00,1.715000000000000000e+03,1.715000000000000213e+01,1.200000000000000000e+01,-4.097427845001220703e+00,5.843117237091064453e+00,1.299527764320373535e+00,-4.721879959106445312e-04,1.329109221696853638e-01,1.000000000000000000e+00
0.000000000000000000e+00,1.716000000000000000e+03,1.716000000000000014e+01,1.200000000000000000e+01,-4.091715335845947266e+00,5.847025871276855469e+00,1.299890637397766113e+00,-1.093149185180664062e-04,1.329109221696853638e-01,1.000000000000000000e+00
0.000000000000000000e+00,1.717000000000000000e+03,1.717000000000000171e+01,1.200000000000000000e+01,-4.090994358062744141e+00,5.847519397735595703e+00,1.300440430641174316e+00,4.404783248901367188e-04,1.329109221696853638e-01,1.000000000000000000e+00
0.000000000000000000e+00,1.718000000000000000e+03,1.717999999999999972e+01,1.199364662170410156e+01,-4.099646091461181641e+00,5.841599464416503906e+00,1.300517320632934570e+00,5.173683166503906250e-04,1.329109221696853638e-01,0.000000000000000000e+00
0.000000000000000000e+00,1.719000000000000000e+03,1.719000000000000128e+01,1.200000000000000000e+01,-4.093877792358398438e+00,5.845546245574951172e+00,1.299058914184570312e+00,-9.410381317138671875e-04,1.329109221696853638e-01,1.000000000000000000e+00
0.000000000000000000e+00,1.720000000000000000e+03,1.719999999999999929e+01,1.199817276000976562e+01,-4.099278926849365234e+00,5.841850280761718750e+00,1.300233721733093262e+00,2.337694168090820312e-04,1.329860240221023560e-01,0.000000000000000000e+00
0.000000000000000000e+00,1.721000000000000000e+03,1.721000000000000085e+01,1.200000000000000000e+01,-4.097313404083251953e+00,5.843194961547851562e+00,1.299527883529663086e+00,-4.720687866210937500e-04,1.329860240221023560e-01,1.000000000000000000e+00
0.000000000000000000e+00,1.722000000000000000e+03,1.721999999999999886e+01,1.200000000000000000e+01,-4.091522216796875000e+00,5.847157478332519531e+00,1.299886941909790039e+00,-1.130104064941406250e-04,1.329860240221023560e-01,1.000000000000000000e+00
0.000000000000000000e+00,1.723000000000000000e+03,1.723000000000000043e+01,1.200000000000000000e+01,-4.091073036193847656e+00,5.847465038299560547e+00,1.300467610359191895e+00,4.676580429077148438e-04,1.329860240221023560e-01,1.000000000000000000e+00
0.000000000000000000e+00,1.724000000000000000e+03,1.724000000000000199e+01,1.199390792846679688e+01,-4.099538326263427734e+00,5.841672897338867188e+00,1.300498366355895996e+00,4.984140396118164062e-04,1.329860240221023560e-01,0.000000000000000000e+00
0.000000000000000000e+00,1.725000000000000000e+03,1.725000000000000000e+01,1.200000000000000000e+01,-4.094071388244628906e+00,5.845413684844970703e+00,1.299102187156677246e+00,-8.977651596069335938e-04,1.329860240221023560e-01,1.000000000000000000e+00
0.000000000000000000e+00,1.726000000000000000e+03,1.726000000000000156e+01,1.199879550933837891e+01,-4.099029064178466797e+00,5.842021465301513672e+00,1.300203680992126465e+00,2.037286758422851562e-04,1.329860240221023560e-01,0.000000000000000000e+00
0.000000000000000000e+00,1.727000000000000000e+03,1.726999999999999957e+01,1.200000000000000000e+01,-4.098007678985595703e+00,5.842720508575439453e+00,1.299619078636169434e+00,-3.808736801147460938e-04,1.329860240221023560e-01,1.000000000000000000e+00
0.000000000000000000e+00,1.728000000000000000e+03,1.728000000000000114e+01,1.200000000000000000e+01,-4.091043472290039062e+00,5.847486019134521484e+00,1.299822211265563965e+00,-1.777410507202148438e-04,1.329860240221023560e-01,1.000000000000000000e+00
0.000000000000000000e+00,1.729000000000000000e+03,1.728999999999999915e+01,1.200000000000000000e+01,-4.091013908386230469e+00,5.847506523132324219e+00,1.300510525703430176e+00,5.105733871459960938e-04,1.329860240221023560e-01,1.000000000000000000e+00
0.000000000000000000e+00,1.730000000000000000e+03,1.730000000000000071e+01,1.199362277984619141e+01,-4.099680900573730469e+00,5.841576099395751953e+00,1.300519824028015137e+00,5.198717117309570312e-04,1.329860240221023560e-01,0.000000000000000000e+00
0.000000000000000000e+00,1.731000000000000000e+03,1.730999999999999872e+01,1.200000000000000000e+01,-4.093864917755126953e+00,5.845555782318115234e+00,1.299053192138671875e+00,-9.467601776123046875e-04,1.329860240221023560e-01,1.000000000000000000e+00
0.000000000000000000e+00,1.732000000000000000e+03,1.732000000000000028e+01,1.199808406829833984e+01,-4.099328994750976562e+00,5.841817378997802734e+00,1.300238728523254395e+00,2.387762069702148438e-04,1.329860240221023560e-01,0.000000000000000000e+00
0.000000000000000000e+00,1.733000000000000000e+03,1.733000000000000185e+01,1.200000000000000000e+01,-4.097268104553222656e+00,5.843227386474609375e+00,1.299518942832946777e+00,-4.810094833374023438e-04,1.329860240221023560e-01,1.000000000000000000e+00
0.000000000000000000e+00,1.734000000000000000e+03,1.733999999999999986e+01,1.200000000000000000e+01,-4.091916084289550781e+00,5.846889495849609375e+00,1.299907922744750977e+00,-9.202957153320312500e-05,1.329860240221023560e-01,1.000000000000000000e+00
0.000000000000000000e+00,1.735000000000000000e+03,1.735000000000000142e+01,1.200000000000000000e+01,-4.090948581695556641e+00,5.847551822662353516e+00,1.300418138504028320e+00,4.181861877441406250e-04,1.329860240221023560e-01,1.000000000000000000e+00
0.000000000000000000e+00,1.736000000000000000e+03,1.735999999999999943e+01,1.199353218078613281e+01,-4.099681377410888672e+00,5.841576099395751953e+00,1.300527215003967285e+00,5.272626876831054688e-04,1.329860240221023560e-01,0.000000000000000000e+00
0.000000000000000000e+00,1.737000000000000000e+03,1.737000000000000099e+01,1.200000000000000000e+01,-4.093946456909179688e+00,5.845499992370605469e+00,1.299065351486206055e+00,-9.346008300781250000e-04,1.329860240221023560e-01,1.000000000000000000e+00
0.000000000000000000e+00,1.738000000000000000e+03,1.737999999999999901e+01,1.199828910827636719e+01,-4.099264144897460938e+00,5.841861724853515625e+00,1.300228714942932129e+00,2.287626266479492188e-04,1.329860240221023560e-01,0.000000000000000000e+00
0.000000000000000000e+00,1.739000000000000000e+03,1.739000000000000057e+01,1.200000000000000000e+01,-4.097530841827392578e+00,5.843047618865966797e+00,1.299552321434020996e+00,-4.476308822631835938e-04,1.329860240221023560e-01,1.000000000000000000e+00
0.000000000000000000e+00,1.740000000000000000e+03,1.740000000000000213e+01,1.200000000000000000e+01,-4.091359615325927734e+00,5.847270488739013672e+00,1.299868106842041016e+00,-1.318454742431640625e-04,1.328803747892379761e-01,1.000000000000000000e+00
0.000000000000000000e+00,1.741000000000000000e+03,1.741000000000000014e+01,1.200000000000000000e+01,-4.090983390808105469e+00,5.847527980804443359e+00,1.300475955009460449e+00,4.760026931762695312e-04,1.328803747892379761e-01,1.000000000000000000e+00
0.000000000000000000e+00,1.742000000000000000e+03,1.742000000000000171e+01,1.199368095397949219e+01,-4.099611282348632812e+00,5.841624259948730469e+00,1.300516486167907715e+00,5.165338516235351562e-04,1.328803747892379761e-01,0.000000000000000000e+00
0.000000000000000000e+00,1.743000000000000000e+03,1.742999999999999972e+01,1.200000000000000000e+01,-4.093882560729980469e+00,5.845543861389160156e+00,1.299066781997680664e+00,-9.331703186035156250e-04,1.328803747892379761e-01,1.000000000000000000e+00
0.000000000000000000e+00,1.744000000000000000e+03,1.744000000000000128e+01,1.199821758270263672e+01,-4.099253177642822266e+00,5.841868877410888672e+00,1.300232648849487305e+00,2.326965332031250000e-04,1.328803747892379761e-01,0.000000000000000000e+00
0.000000000000000000e+00,1.745000000000000000e+03,1.744999999999999929e+01,1.200000000000000000e+01,-4.097362041473388672e+00,5.843162536621093750e+00,1.299536943435668945e+00,-4.630088806152343750e-04,1.328803747892379761e-01,1.000000000000000000e+00
0.000000000000000000e+00,1.746000000000000000e+03,1.746000000000000085e+01,1.200000000000000000e+01,-4.091674804687500000e+00,5.847054004669189453e+00,1.299892783164978027e+00,-1.071691513061523438e-04,1.328803747892379761e-01,1.000000000000000000e+00
0.000000000000000000e+00,1.747000000000000000e+03,1.746999999999999886e+01,1.200000000000000000e+01,-4.090960502624511719e+00,5.847542762756347656e+00,1.300443053245544434e+00,4.431009292602539062e-04,1.328803747892379761e-01,1.000000000000000000e+00
0.000000000000000000e+00,1.748000000000000000e+03,1.748000000000000043e+01,1.199354839324951172e+01,-4.099682331085205078e+00,5.841575145721435547e+00,1.300526857376098633e+00,5.269050598144531250e-04,1.328803747892379761e-01,0.000000000000000000e+00
0.000000000000000000e+00,1.749000000000000000e+03,1.749000000000000199e+01,1.200000000000000000e+01,-4.093858718872070312e+00,5.845560073852539062e+00,1.299053788185119629e+00,-9.461641311645507812e-04,1.328803747892379761e-01,1.000000000000000000e+00
0.000000000000000000e+00,1.750000000000000000e+03,1.750000000000000000e+01,1.199791145324707031e+01,-4.099444866180419922e+00,5.841737747192382812e+00,1.300248503684997559e+00,2.485513687133789062e-04,1.328803747892379761e-01,0.000000000000000000e+00
0.000000000000000000e+00,1.751000000000000000e+03,1.751000000000000156e+01,1.200000000000000000e+01,-4.097008228302001953e+00,5.843404769897460938e+00,1.299481153488159180e+00,-5.187988281250000000e-04,1.328803747892379761e-01,1.000000000000000000e+00
0.000000000000000000e+00,1.752000000000000000e+03,1.751999999999999957e+01,1.200000000000000000e+01,-4.092033386230468750e+00,5.846808910369873047e+00,1.299924373626708984e+00,-7.557868957519531250e-05,1.328803747892379761e-01,1.000000000000000000e+00
0.000000000000000000e+00,1.753000000000000000e+03,1.753000000000000114e+01,1.200000000000000000e+01,-4.091025829315185547e+00,5.847498416900634766e+00,1.300415635108947754e+00,4.156827926635742188e-04,1.328803747892379761e-01,1.000000000000000000e+00
0.000000000000000000e+00,1.754000000000000000e+03,1.753999999999999915e+01,1.199368095397949219e+01,-4.099653244018554688e+00,5.841595172882080078e+00,1.300517439842224121e+00,5.174875259399414062e-04,1.328803747892379761e-01,0.000000000000000000e+00
0.000000000000000000e+00,1.755000000000000000e+03,1.755000000000000071e+01,1.200000000000000000e+01,-4.093946933746337891e+00,5.845499515533447266e+00,1.299071311950683594e+00,-9.286403656005859375e-04,1.328803747892379761e-01,1.000000000000000000e+00
0.000000000000000000e+00,1.756000000000000000e+03,1.755999999999999872e+01,1.199830818176269531e+01,-4.099251747131347656e+00,5.841869831085205078e+00,1.300228714942932129e+00,2.287626266479492188e-04,1.328803747892379761e-01,0.000000000000000000e+00
0.000000000000000000e+00,1.757000000000000000e+03,1.757000000000000028e+01,1.200000000000000000e+01,-4.097486495971679688e+00,5.843077659606933594e+00,1.299550414085388184e+00,-4.495382308959960938e-04,1.328803747892379761e-01,1.000000000000000000e+00
0.000000000000000000e+00,1.758000000000000000e+03,1.758000000000000185e+01,1.200000000000000000e+01,-4.091379165649414062e+00,5.847256660461425781e+00,1.299872159957885742e+00,-1.277923583984375000e-04,1.328803747892379761e-01,1.000000000000000000e+00
0.000000000000000000e+00,1.759000000000000000e+03,1.758999999999999986e+01,1.200000000000000000e+01,-4.091085433959960938e+00,5.847457885742187500e+00,1.300485730171203613e+00,4.857778549194335938e-04,1.328803747892379761e-01,1.000000000000000000e+00
0.000000000000000000e+00,1.760000000000000000e+03,1.760000000000000142e+01,1.199389171600341797e+01,-4.099562644958496094e+00,5.841657161712646484e+00,1.300502181053161621e+00,5.022287368774414062e-04,1.329194754362106323e-01,0.000000000000000000e+00
0.000000000000000000e+00,1.761000000000000000e+03,1.760999999999999943e+01,1.200000000000000000e+01,-4.094074249267578125e+00,5.845412254333496094e+00,1.299102663993835449e+00,-8.972883224487304688e-04,1.329194754362106323e-01,1.000000000000000000e+00
0.000000000000000000e+00,1.762000000000000000e+03,1.762000000000000099e+01,1.199909305572509766e+01,-4.098823547363281250e+00,5.842162609100341797e+00,1.300191640853881836e+00,1.916885375976562500e-04,1.329194754362106323e-01,0.000000000000000000e+00
0.000000000000000000e+00,1.763000000000000000e+03,1.762999999999999901e+01,1.200000000000000000e+01,-4.098173141479492188e+00,5.842607975006103516e+00,1.299654126167297363e+00,-3.458261489868164062e-04,1.329194754362106323e-01,1.000000000000000000e+00
0.000000000000000000e+00,1.764000000000000000e+03,1.764000000000000057e+01,1.200000000000000000e+01,-4.090713500976562500e+00,5.847712039947509766e+00,1.299791932106018066e+00,-2.080202102661132812e-04,1.329194754362106323e-01,1.000000000000000000e+00
0.000000000000000000e+00,1.765000000000000000e+03,1.765000000000000213e+01,1.200000000000000000e+01,-4.090925693511962891e+00,5.847567081451416016e+00,1.300538420677185059e+00,5.384683609008789062e-04,1.329194754362106323e-01,1.000000000000000000e+00
0.000000000000000000e+00,1.766000000000000000e+03,1.766000000000000014e+01,1.199373722076416016e+01,-4.099514484405517578e+00,5.841690063476562500e+00,1.300513982772827148e+00,5.140304565429687500e-04,1.329194754362106323e-01,0.000000000000000000e+00
0.000000000000000000e+00,1.767000000000000000e+03,1.767000000000000171e+01,1.200000000000000000e+01,-4.093905925750732422e+00,5.845527172088623047e+00,1.299085974693298340e+00,-9.139776229858398438e-04,1.329194754362106323e-01,1.000000000000000000e+00
0.000000000000000000e+00,1.768000000000000000e+03,1.767999999999999972e+01,1.199829387664794922e+01,-4.099221706390380859e+00,5.841889858245849609e+00,1.300229907035827637e+00,2.299547195434570312e-04,1.329194754362106323e-01,0.000000000000000000e+00
0.000000000000000000e+00,1.769000000000000000e+03,1.769000000000000128e+01,1.200000000000000000e+01,-4.097414970397949219e+00,5.843125820159912109e+00,1.299546957015991211e+00,-4.529953002929687500e-04,1.329194754362106323e-01,1.000000000000000000e+00
0.000000000000000000e+00,1.770000000000000000e+03,1.769999999999999929e+01,1.200000000000000000e+01,-4.091569900512695312e+00,5.847125530242919922e+00,1.299885869026184082e+00,-1.140832901000976562e-04,1.329194754362106323e-01,1.000000000000000000e+00
0.000000000000000000e+00,1.771000000000000000e+03,1.771000000000000085e+01,1.200000000000000000e+01,-4.091000556945800781e+00,5.847515106201171875e+00,1.300458788871765137e+00,4.588365554809570312e-04,1.329194754362106323e-01,1.000000000000000000e+00
0.000000000000000000e+00,1.772000000000000000e+03,1.771999999999999886e+01,1.199363613128662109e+01,-4.099658966064453125e+00,5.841590404510498047e+00,1.300521850585937500e+00,5.218982696533203125e-04,1.329194754362106323e-01,0.000000000000000000e+00
0.000000000000000000e+00,1.773000000000000000e+03,1.773000000000000043e+01,1.200000000000000000e+01,-4.093926429748535156e+00,5.845512866973876953e+00,1.299069046974182129e+00,-9.309053421020507812e-04,1.329194754362106323e-01,1.000000000000000000e+00
0.000000000000000000e+00,1.774000000000000000e+03,1.774000000000000199e+01,1.199813938140869141e+01,-4.099349975585937500e+00,5.841801643371582031e+00,1.300237894058227539e+00,2.379417419433593750e-04,1.329194754362106323e-01,0.000000000000000000e+00
0.000000000000000000e+00,1.775000000000000000e+03,1.775000000000000000e+01,1.200000000000000000e+01,-4.097448348999023438e+00,5.843102931976318359e+00,1.299537897109985352e+00,-4.620552062988281250e-04,1.329194754362106323e-01,1.000000000000000000e+00
0.000000000000000000e+00,1.776000000000000000e+03,1.776000000000000156e+01,1.200000000000000000e+01,-4.091494083404541016e+00,5.847177028656005859e+00,1.299880623817443848e+00,-1.193284988403320312e-04,1.329194754362106323e-01,1.000000000000000000e+00
0.000000000000000000e+00,1.777000000000000000e+03,1.776999999999999957e+01,1.200000000000000000e+01,-4.091139316558837891e+00,5.847419738769531250e+00,1.300480723381042480e+00,4.807710647583007812e-04,1.329194754362106323e-01,1.000000000000000000e+00
0.000000000000000000e+00,1.778000000000000000e+03,1.778000000000000114e+01,1.199386501312255859e+01,-4.099633693695068359e+00,5.841607093811035156e+00,1.300505161285400391e+00,5.052089691162109375e-04,1.329194754362106323e-01,0.000000000000000000e+00
0.000000000000000000e+00,1.779000000000000000e+03,1.778999999999999915e+01,1.200000000000000000e+01,-4.093949794769287109e+00,5.845496177673339844e+00,1.299076795578002930e+00,-9.231567382812500000e-04,1.329194754362106323e-01,1.000000000000000000e+00
0.000000000000000000e+00,1.780000000000000000e+03,1.780000000000000071e+01,1.199831390380859375e+01,-4.099250316619873047e+00,5.841869354248046875e+00,1.300229430198669434e+00,2.294778823852539062e-04,1.329137086868286133e-01,0.000000000000000000e+00
0.000000000000000000e+00,1.781000000000000000e+03,1.780999999999999872e+01,1.200000000000000000e+01,-4.097350120544433594e+00,5.843169212341308594e+00,1.299538493156433105e+00,-4.614591598510742188e-04,1.329137086868286133e-01,1.000000000000000000e+00
0.000000000000000000e+00,1.782000000000000000e+03,1.782000000000000028e+01,1.200000000000000000e+01,-4.091582298278808594e+00,5.847115516662597656e+00,1.299890041351318359e+00,-1.099109649658203125e-04,1.329137086868286133e-01,1.000000000000000000e+00
0.000000000000000000e+00,1.783000000000000000e+03,1.783000000000000185e+01,1.200000000000000000e+01,-4.091099262237548828e+00,5.847446441650390625e+00,1.300468206405639648e+00,4.682540893554687500e-04,1.329137086868286133e-01,1.000000000000000000e+00
0.000000000000000000e+00,1.784000000000000000e+03,1.783999999999999986e+01,1.199380397796630859e+01,-4.099637985229492188e+00,5.841603755950927734e+00,1.300510168075561523e+00,5.102157592773437500e-04,1.329137086868286133e-01,0.000000000000000000e+00
0.000000000000000000e+00,1.785000000000000000e+03,1.785000000000000142e+01,1.200000000000000000e+01,-4.094067096710205078e+00,5.845415592193603516e+00,1.299093127250671387e+00,-9.068250656127929688e-04,1.329137086868286133e-01,1.000000000000000000e+00
0.000000000000000000e+00,1.786000000000000000e+03,1.785999999999999943e+01,1.199871540069580078e+01,-4.099081993103027344e+00,5.841984272003173828e+00,1.300210118293762207e+00,2.101659774780273438e-04,1.329137086868286133e-01,0.000000000000000000e+00
0.000000000000000000e+00,1.787000000000000000e+03,1.787000000000000099e+01,1.200000000000000000e+01,-4.097852706909179688e+00,5.842825412750244141e+00,1.299603581428527832e+00,-3.963708877563476562e-04,1.329137086868286133e-01,1.000000000000000000e+00
0.000000000000000000e+00,1.788000000000000000e+03,1.787999999999999901e+01,1.200000000000000000e+01,-4.091680049896240234e+00,5.847049236297607422e+00,1.299869894981384277e+00,-1.300573348999023438e-04,1.329137086868286133e-01,1.000000000000000000e+00
0.000000000000000000e+00,1.789000000000000000e+03,1.789000000000000057e+01,1.200000000000000000e+01,-4.090922832489013672e+00,5.847567558288574219e+00,1.300441503524780273e+00,4.415512084960937500e-04,1.329137086868286133e-01,1.000000000000000000e+00
0.000000000000000000e+00,1.790000000000000000e+03,1.790000000000000213e+01,1.199378490447998047e+01,-4.099478244781494141e+00,5.841713428497314453e+00,1.300512075424194336e+00,5.121231079101562500e-04,1.329137086868286133e-01,0.000000000000000000e+00
0.000000000000000000e+00,1.791000000000000000e+03,1.791000000000000014e+01,1.200000000000000000e+01,-4.093990325927734375e+00,5.845468521118164062e+00,1.299104928970336914e+00,-8.950233459472656250e-04,1.329137086868286133e-01,1.000000000000000000e+00
0.000000000000000000e+00,1.792000000000000000e+03,1.792000000000000171e+01,1.199855041503906250e+01,-4.099123954772949219e+00,5.841956138610839844e+00,1.300218343734741211e+00,2.183914184570312500e-04,1.329137086868286133e-01,0.000000000000000000e+00
0.000000000000000000e+00,1.793000000000000000e+03,1.792999999999999972e+01,1.200000000000000000e+01,-4.097678661346435547e+00,5.842945098876953125e+00,1.299583554267883301e+00,-4.163980484008789062e-04,1.329137086868286133e-01,1.000000000000000000e+00
0.000000000000000000e+00,1.794000000000000000e+03,1.794000000000000128e+01,1.200000000000000000e+01,-4.091334342956542969e+00,5.847286224365234375e+00,1.299860715866088867e+00,-1.392364501953125000e-04,1.329137086868286133e-01,1.000000000000000000e+00
0.000000000000000000e+00,1.795000000000000000e+03,1.794999999999999929e+01,1.200000000000000000e+01,-4.091077804565429688e+00,5.847462177276611328e+00,1.300491690635681152e+00,4.917383193969726562e-04,1.329137086868286133e-01,1.000000000000000000e+00
0.000000000000000000e+00,1.796000000000000000e+03,1.796000000000000085e+01,1.199386024475097656e+01,-4.099576950073242188e+00,5.841646671295166016e+00,1.300506711006164551e+00,5.067586898803710938e-04,1.329137086868286133e-01,0.000000000000000000e+00
0.000000000000000000e+00,1.797000000000000000e+03,1.796999999999999886e+01,1.200000000000000000e+01,-4.094048023223876953e+00,5.845429897308349609e+00,1.299099922180175781e+00,-9.000301361083984375e-04,1.329137086868286133e-01,1.000000000000000000e+00
0.000000000000000000e+00,1.798000000000000000e+03,1.798000000000000043e+01,1.199886512756347656e+01,-4.098958492279052734e+00,5.842070102691650391e+00,1.300203561782836914e+00,2.036094665527343750e-04,1.329137086868286133e-01,0.000000000000000000e+00
0.000000000000000000e+00,1.799000000000000000e+03,1.799000000000000199e+01,1.200000000000000000e+01,-4.098002910614013672e+00,5.842723846435546875e+00,1.299629092216491699e+00,-3.708600997924804688e-04,1.329137086868286133e-01,1.000000000000000000e+00
0.000000000000000000e+00,1.800000000000000000e+03,1.800000000000000000e+01,1.200000000000000000e+01,-4.091136932373046875e+00,5.847422122955322266e+00,1.299831032752990723e+00,-1.689195632934570312e-04,1.329154223203659058e-01,1.000000000000000000e+00
0.000000000000000000e+00,1.801000000000000000e+03,1.801000000000000156e+01,1.200000000000000000e+01,-4.091000080108642578e+00,5.847516059875488281e+00,1.300504207611083984e+00,5.042552947998046875e-04,1.329154223203659058e-01,1.000000000000000000e+00
0.000000000000000000e+00,1.802000000000000000e+03,1.801999999999999957e+01,1.199383163452148438e+01,-4.099521160125732422e+00,5.841685295104980469e+00,1.300509214401245117e+00,5.092620849609375000e-04,1.329154223203659058e-01,0.000000000000000000e+00
0.000000000000000000e+00,1.803000000000000000e+03,1.803000000000000114e+01,1.200000000000000000e+01,-4.094054222106933594e+00,5.845425605773925781e+00,1.299108862876892090e+00,-8.910894393920898438e-04,1.329154223203659058e-01,1.000000000000000000e+00
0.000000000000000000e+00,1.804000000000000000e+03,1.803999999999999915e+01,1.199852848052978516e+01,-4.099201202392578125e+00,5.841903686523437500e+00,1.300219774246215820e+00,2.198219299316406250e-04,1.329154223203659058e-01,0.000000000000000000e+00
0.000000000000000000e+00,1.805000000000000000e+03,1.805000000000000071e+01,1.200000000000000000e+01,-4.097524166107177734e+00,5.843050956726074219e+00,1.299561977386474609e+00,-4.379749298095703125e-04,1.329154223203659058e-01,1.000000000000000000e+00
0.000000000000000000e+00,1.806000000000000000e+03,1.805999999999999872e+01,1.200000000000000000e+01,-4.091491222381591797e+00,5.847178936004638672e+00,1.299877524375915527e+00,-1.224279403686523438e-04,1.329154223203659058e-01,1.000000000000000000e+00
0.000000000000000000e+00,1.807000000000000000e+03,1.807000000000000028e+01,1.200000000000000000e+01,-4.091033458709716797e+00,5.847492218017578125e+00,1.300472021102905273e+00,4.720687866210937500e-04,1.329154223203659058e-01,1.000000000000000000e+00
0.000000000000000000e+00,1.808000000000000000e+03,1.808000000000000185e+01,1.199376678466796875e+01,-4.099599361419677734e+00,5.841630935668945312e+00,1.300514340400695801e+00,5.143880844116210938e-04,1.329154223203659058e-01,0.000000000000000000e+00
0.000000000000000000e+00,1.809000000000000000e+03,1.808999999999999986e+01,1.200000000000000000e+01,-4.093995571136474609e+00,5.845465183258056641e+00,1.299090266227722168e+00,-9.096860885620117188e-04,1.329154223203659058e-01,1.000000000000000000e+00
0.000000000000000000e+00,1.810000000000000000e+03,1.810000000000000142e+01,1.199856376647949219e+01,-4.099119186401367188e+00,5.841959476470947266e+00,1.300218343734741211e+00,2.183914184570312500e-04,1.329154223203659058e-01,0.000000000000000000e+00
0.000000000000000000e+00,1.811000000000000000e+03,1.810999999999999943e+01,1.200000000000000000e+01,-4.097733497619628906e+00,5.842907905578613281e+00,1.299590110778808594e+00,-4.098415374755859375e-04,1.329154223203659058e-01,1.000000000000000000e+00
0.000000000000000000e+00,1.812000000000000000e+03,1.812000000000000099e+01,1.200000000000000000e+01,-4.091216087341308594e+00,5.847367286682128906e+00,1.299851655960083008e+00,-1.482963562011718750e-04,1.329154223203659058e-01,1.000000000000000000e+00
0.000000000000000000e+00,1.813000000000000000e+03,1.812999999999999901e+01,1.200000000000000000e+01,-4.090964794158935547e+00,5.847539424896240234e+00,1.300493121147155762e+00,4.931688308715820312e-04,1.329154223203659058e-01,1.000000000000000000e+00
0.000000000000000000e+00,1.814000000000000000e+03,1.814000000000000057e+01,1.199357128143310547e+01,-4.099669933319091797e+00,5.841582775115966797e+00,1.300529360771179199e+00,5.294084548950195312e-04,1.329154223203659058e-01,0.000000000000000000e+00
0.000000000000000000e+00,1.815000000000000000e+03,1.815000000000000213e+01,1.200000000000000000e+01,-4.093806266784667969e+00,5.845594882965087891e+00,1.299053788185119629e+00,-9.461641311645507812e-04,1.329154223203659058e-01,1.000000000000000000e+00
0.000000000000000000e+00,1.816000000000000000e+03,1.816000000000000014e+01,1.199825668334960938e+01,-4.099150180816650391e+00,5.841938495635986328e+00,1.300233840942382812e+00,2.338886260986328125e-04,1.329154223203659058e-01,0.000000000000000000e+00
0.000000000000000000e+00,1.817000000000000000e+03,1.817000000000000171e+01,1.200000000000000000e+01,-4.097333431243896484e+00,5.843181610107421875e+00,1.299548625946044922e+00,-4.513263702392578125e-04,1.329154223203659058e-01,1.000000000000000000e+00
0.000000000000000000e+00,1.818000000000000000e+03,1.817999999999999972e+01,1.200000000000000000e+01,-4.091656684875488281e+00,5.847065925598144531e+00,1.299895405769348145e+00,-1.045465469360351562e-04,1.329154223203659058e-01,1.000000000000000000e+00
0.000000000000000000e+00,1.819000000000000000e+03,1.819000000000000128e+01,1.200000000000000000e+01,-4.091092586517333984e+00,5.847452163696289062e+00,1.300462245941162109e+00,4.622936248779296875e-04,1.329154223203659058e-01,1.000000000000000000e+00
0.000000000000000000e+00,1.820000000000000000e+03,1.819999999999999929e+01,1.199382591247558594e+01,-4.099615097045898438e+00,5.841620445251464844e+00,1.300510644912719727e+00,5.106925964355468750e-04,1.329510957002639771e-01,0.000000000000000000e+00
0.000000000000000000e+00,1.821000000000000000e+03,1.821000000000000085e+01,1.200000000000000000e+01,-4.094053268432617188e+00,5.845426082611083984e+00,1.299097299575805664e+00,-9.026527404785156250e-04,1.329510957002639771e-01,1.000000000000000000e+00
0.000000000000000000e+00,1.822000000000000000e+03,1.821999999999999886e+01,1.199848747253417969e+01,-4.099229335784912109e+00,5.841884613037109375e+00,1.300222516059875488e+00,2.225637435913085938e-04,1.329510957002639771e-01,0.000000000000000000e+00
0.000000000000000000e+00,1.823000000000000000e+03,1.823000000000000043e+01,1.200000000000000000e+01,-4.097578525543212891e+00,5.843014240264892578e+00,1.299565553665161133e+00,-4.343986511230468750e-04,1.329510957002639771e-01,1.000000000000000000e+00
0.000000000000000000e+00,1.824000000000000000e+03,1.824000000000000199e+01,1.200000000000000000e+01,-4.091406345367431641e+00,5.847237586975097656e+00,1.299870848655700684e+00,-1.291036605834960938e-04,1.329510957002639771e-01,1.000000000000000000e+00
0.000000000000000000e+00,1.825000000000000000e+03,1.825000000000000000e+01,1.200000000000000000e+01,-4.091031551361083984e+00,5.847494125366210938e+00,1.300481438636779785e+00,4.814863204956054688e-04,1.329510957002639771e-01,1.000000000000000000e+00
0.000000000000000000e+00,1.826000000000000000e+03,1.826000000000000156e+01,1.199375629425048828e+01,-4.099604606628417969e+00,5.841627597808837891e+00,1.300516247749328613e+00,5.162954330444335938e-04,1.329510957002639771e-01,0.000000000000000000e+00
0.000000000000000000e+00,1.827000000000000000e+03,1.826999999999999957e+01,1.200000000000000000e+01,-4.093914508819580078e+00,5.845520973205566406e+00,1.299079656600952148e+00,-9.202957153320312500e-04,1.329510957002639771e-01,1.000000000000000000e+00
0.000000000000000000e+00,1.828000000000000000e+03,1.828000000000000114e+01,1.199824428558349609e+01,-4.099265098571777344e+00,5.841860294342041016e+00,1.300234913825988770e+00,2.349615097045898438e-04,1.329510957002639771e-01,0.000000000000000000e+00
0.000000000000000000e+00,1.829000000000000000e+03,1.828999999999999915e+01,1.200000000000000000e+01,-4.097461223602294922e+00,5.843094348907470703e+00,1.299550771713256836e+00,-4.491806030273437500e-04,1.329510957002639771e-01,1.000000000000000000e+00
0.000000000000000000e+00,1.830000000000000000e+03,1.830000000000000071e+01,1.200000000000000000e+01,-4.091691493988037109e+00,5.847042560577392578e+00,1.299891352653503418e+00,-1.085996627807617188e-04,1.329510957002639771e-01,1.000000000000000000e+00
0.000000000000000000e+00,1.831000000000000000e+03,1.830999999999999872e+01,1.200000000000000000e+01,-4.090952396392822266e+00,5.847548484802246094e+00,1.300445675849914551e+00,4.457235336303710938e-04,1.329510957002639771e-01,1.000000000000000000e+00
0.000000000000000000e+00,1.832000000000000000e+03,1.832000000000000028e+01,1.199352741241455078e+01,-4.099688529968261719e+00,5.841570854187011719e+00,1.300533890724182129e+00,5.339384078979492188e-04,1.329510957002639771e-01,0.000000000000000000e+00
0.000000000000000000e+00,1.833000000000000000e+03,1.833000000000000185e+01,1.200000000000000000e+01,-4.093759059906005859e+00,5.845628261566162109e+00,1.299045920372009277e+00,-9.540319442749023438e-04,1.329510957002639771e-01,1.000000000000000000e+00
0.000000000000000000e+00,1.834000000000000000e+03,1.833999999999999986e+01,1.199804019927978516e+01,-4.099256038665771484e+00,5.841866970062255859e+00,1.300245642662048340e+00,2.456903457641601562e-04,1.329510957002639771e-01,0.000000000000000000e+00
0.000000000000000000e+00,1.835000000000000000e+03,1.835000000000000142e+01,1.200000000000000000e+01,-4.097255229949951172e+00,5.843235969543457031e+00,1.299531340599060059e+00,-4.686117172241210938e-04,1.329510957002639771e-01,1.000000000000000000e+00
0.000000000000000000e+00,1.836000000000000000e+03,1.835999999999999943e+01,1.200000000000000000e+01,-4.091861248016357422e+00,5.846926689147949219e+00,1.299908876419067383e+00,-9.107589721679687500e-05,1.329510957002639771e-01,1.000000000000000000e+00
0.000000000000000000e+00,1.837000000000000000e+03,1.837000000000000099e+01,1.200000000000000000e+01,-4.091069698333740234e+00,5.847468376159667969e+00,1.300441145896911621e+00,4.411935806274414062e-04,1.329510957002639771e-01,1.000000000000000000e+00
0.000000000000000000e+00,1.838000000000000000e+03,1.837999999999999901e+01,1.199392509460449219e+01,-4.099523067474365234e+00,5.841683864593505859e+00,1.300504565238952637e+00,5.046129226684570312e-04,1.329510957002639771e-01,0.000000000000000000e+00
0.000000000000000000e+00,1.839000000000000000e+03,1.839000000000000057e+01,1.200000000000000000e+01,-4.094058990478515625e+00,5.845422744750976562e+00,1.299112439155578613e+00,-8.875131607055664062e-04,1.329510957002639771e-01,1.000000000000000000e+00
0.000000000000000000e+00,1.840000000000000000e+03,1.840000000000000213e+01,1.199884700775146484e+01,-4.098982334136962891e+00,5.842053890228271484e+00,1.300206065177917480e+00,2.061128616333007812e-04,1.328707486391067505e-01,0.000000000000000000e+00
0.000000000000000000e+00,1.841000000000000000e+03,1.841000000000000014e+01,1.200000000000000000e+01,-4.097922325134277344e+00,5.842779159545898438e+00,1.299621939659118652e+00,-3.780126571655273438e-04,1.328707486391067505e-01,1.000000000000000000e+00
0.000000000000000000e+00,1.842000000000000000e+03,1.842000000000000171e+01,1.200000000000000000e+01,-4.091082096099853516e+00,5.847459316253662109e+00,1.299834012985229492e+00,-1.659393310546875000e-04,1.328707486391067505e-01,1.000000000000000000e+00
0.000000000000000000e+00,1.843000000000000000e+03,1.842999999999999972e+01,1.200000000000000000e+01,-4.090939521789550781e+00,5.847557067871093750e+00,1.300506114959716797e+00,5.061626434326171875e-04,1.328707486391067505e-01,1.000000000000000000e+00
0.000000000000000000e+00,1.844000000000000000e+03,1.844000000000000128e+01,1.199347400665283203e+01,-4.099714756011962891e+00,5.841552734375000000e+00,1.300538778305053711e+00,5.388259887695312500e-04,1.328707486391067505e-01,0.000000000000000000e+00
0.000000000000000000e+00,1.845000000000000000e+03,1.844999999999999929e+01,1.200000000000000000e+01,-4.093773841857910156e+00,5.845617771148681641e+00,1.299045205116271973e+00,-9.547472000122070312e-04,1.328707486391067505e-01,1.000000000000000000e+00
0.000000000000000000e+00,1.846000000000000000e+03,1.846000000000000085e+01,1.199804592132568359e+01,-4.099267482757568359e+00,5.841858863830566406e+00,1.300245881080627441e+00,2.459287643432617188e-04,1.328707486391067505e-01,0.000000000000000000e+00
0.000000000000000000e+00,1.847000000000000000e+03,1.846999999999999886e+01,1.200000000000000000e+01,-4.097191333770751953e+00,5.843279361724853516e+00,1.299524426460266113e+00,-4.755258560180664062e-04,1.328707486391067505e-01,1.000000000000000000e+00
0.000000000000000000e+00,1.848000000000000000e+03,1.848000000000000043e+01,1.200000000000000000e+01,-4.091995239257812500e+00,5.846834659576416016e+00,1.299917697906494141e+00,-8.225440979003906250e-05,1.328707486391067505e-01,1.000000000000000000e+00
0.000000000000000000e+00,1.849000000000000000e+03,1.849000000000000199e+01,1.200000000000000000e+01,-4.090968132019042969e+00,5.847537517547607422e+00,1.300419211387634277e+00,4.192590713500976562e-04,1.328707486391067505e-01,1.000000000000000000e+00
0.000000000000000000e+00,1.850000000000000000e+03,1.850000000000000000e+01,1.199363231658935547e+01,-4.099630832672119141e+00,5.841609954833984375e+00,1.300527215003967285e+00,5.272626876831054688e-04,1.328707486391067505e-01,0.000000000000000000e+00
0.000000000000000000e+00,1.851000000000000000e+03,1.851000000000000156e+01,1.200000000000000000e+01,-4.093802452087402344e+00,5.845597743988037109e+00,1.299062013626098633e+00,-9.379386901855468750e-04,1.328707486391067505e-01,1.000000000000000000e+00
0.000000000000000000e+00,1.852000000000000000e+03,1.851999999999999957e+01,1.199816131591796875e+01,-4.099214076995849609e+00,5.841894626617431641e+00,1.300240278244018555e+00,2.403259277343750000e-04,1.328707486391067505e-01,0.000000000000000000e+00
0.000000000000000000e+00,1.853000000000000000e+03,1.853000000000000114e+01,1.200000000000000000e+01,-4.097248077392578125e+00,5.843239784240722656e+00,1.299535989761352539e+00,-4.639625549316406250e-04,1.328707486391067505e-01,1.000000000000000000e+00
0.000000000000000000e+00,1.854000000000000000e+03,1.853999999999999915e+01,1.200000000000000000e+01,-4.091651916503906250e+00,5.847068786621093750e+00,1.299900174140930176e+00,-9.977817535400390625e-05,1.328707486391067505e-01,1.000000000000000000e+00
0.000000000000000000e+00,1.855000000000000000e+03,1.855000000000000071e+01,1.200000000000000000e+01,-4.091065883636474609e+00,5.847469806671142578e+00,1.300462245941162109e+00,4.622936248779296875e-04,1.328707486391067505e-01,1.000000000000000000e+00
0.000000000000000000e+00,1.856000000000000000e+03,1.855999999999999872e+01,1.199382019042968750e+01,-4.099594116210937500e+00,5.841634273529052734e+00,1.300513505935668945e+00,5.135536193847656250e-04,1.328707486391067505e-01,0.000000000000000000e+00
0.000000000000000000e+00,1.857000000000000000e+03,1.857000000000000028e+01,1.200000000000000000e+01,-4.093990325927734375e+00,5.845468521118164062e+00,1.299094438552856445e+00,-9.055137634277343750e-04,1.328707486391067505e-01,1.000000000000000000e+00
0.000000000000000000e+00,1.858000000000000000e+03,1.858000000000000185e+01,1.199860572814941406e+01,-4.099084854125976562e+00,5.841982841491699219e+00,1.300218343734741211e+00,2.183914184570312500e-04,1.328707486391067505e-01,0.000000000000000000e+00
0.000000000000000000e+00,1.859000000000000000e+03,1.858999999999999986e+01,1.200000000000000000e+01,-4.097785949707031250e+00,5.842871665954589844e+00,1.299600958824157715e+00,-3.989934921264648438e-04,1.328707486391067505e-01,1.000000000000000000e+00
0.000000000000000000e+00,1.860000000000000000e+03,1.860000000000000142e+01,1.200000000000000000e+01,-4.091150760650634766e+00,5.847411632537841797e+00,1.299846649169921875e+00,-1.533031463623046875e-04,1.329161673784255981e-01,1.000000000000000000e+00
0.000000000000000000e+00,1.861000000000000000e+03,1.860999999999999943e+01,1.200000000000000000e+01,-4.090989112854003906e+00,5.847522258758544922e+00,1.300505399703979492e+00,5.054473876953125000e-04,1.329161673784255981e-01,1.000000000000000000e+00
0.000000000000000000e+00,1.862000000000000000e+03,1.862000000000000099e+01,1.199380683898925781e+01,-4.099527359008789062e+00,5.841679573059082031e+00,1.300514817237854004e+00,5.148649215698242188e-04,1.329161673784255981e-01,0.000000000000000000e+00
0.000000000000000000e+00,1.863000000000000000e+03,1.862999999999999901e+01,1.200000000000000000e+01,-4.093822956085205078e+00,5.845582962036132812e+00,1.299080610275268555e+00,-9.193420410156250000e-04,1.329161673784255981e-01,1.000000000000000000e+00
0.000000000000000000e+00,1.864000000000000000e+03,1.864000000000000057e+01,1.199842262268066406e+01,-4.099050045013427734e+00,5.842006683349609375e+00,1.300227642059326172e+00,2.276897430419921875e-04,1.329161673784255981e-01,0.000000000000000000e+00
0.000000000000000000e+00,1.865000000000000000e+03,1.865000000000000213e+01,1.200000000000000000e+01,-4.097485542297363281e+00,5.843077182769775391e+00,1.299576044082641602e+00,-4.239082336425781250e-04,1.329161673784255981e-01,1.000000000000000000e+00
0.000000000000000000e+00,1.866000000000000000e+03,1.866000000000000014e+01,1.200000000000000000e+01,-4.091503620147705078e+00,5.847170352935791016e+00,1.299881935119628906e+00,-1.180171966552734375e-04,1.329161673784255981e-01,1.000000000000000000e+00
0.000000000000000000e+00,1.867000000000000000e+03,1.867000000000000171e+01,1.200000000000000000e+01,-4.090993404388427734e+00,5.847519874572753906e+00,1.300470352172851562e+00,4.703998565673828125e-04,1.329161673784255981e-01,1.000000000000000000e+00
0.000000000000000000e+00,1.868000000000000000e+03,1.867999999999999972e+01,1.199356365203857422e+01,-4.099703311920166016e+00,5.841560363769531250e+00,1.300533413887023926e+00,5.334615707397460938e-04,1.329161673784255981e-01,0.000000000000000000e+00
0.000000000000000000e+00,1.869000000000000000e+03,1.869000000000000128e+01,1.200000000000000000e+01,-4.093872070312500000e+00,5.845550537109375000e+00,1.299063086509704590e+00,-9.368658065795898438e-04,1.329161673784255981e-01,1.000000000000000000e+00
0.000000000000000000e+00,1.870000000000000000e+03,1.869999999999999929e+01,1.199855327606201172e+01,-4.099006175994873047e+00,5.842037677764892578e+00,1.300221443176269531e+00,2.214908599853515625e-04,1.329161673784255981e-01,0.000000000000000000e+00
0.000000000000000000e+00,1.871000000000000000e+03,1.871000000000000085e+01,1.200000000000000000e+01,-4.097718715667724609e+00,5.842918872833251953e+00,1.299602508544921875e+00,-3.974437713623046875e-04,1.329161673784255981e-01,1.000000000000000000e+00
0.000000000000000000e+00,1.872000000000000000e+03,1.871999999999999886e+01,1.200000000000000000e+01,-4.091376304626464844e+00,5.847258567810058594e+00,1.299863338470458984e+00,-1.366138458251953125e-04,1.329161673784255981e-01,1.000000000000000000e+00
0.000000000000000000e+00,1.873000000000000000e+03,1.873000000000000043e+01,1.200000000000000000e+01,-4.091000556945800781e+00,5.847516059875488281e+00,1.300484180450439453e+00,4.842281341552734375e-04,1.329161673784255981e-01,1.000000000000000000e+00
0.000000000000000000e+00,1.874000000000000000e+03,1.874000000000000199e+01,1.199379920959472656e+01,-4.099544525146484375e+00,5.841669559478759766e+00,1.300516128540039062e+00,5.161762237548828125e-04,1.329161673784255981e-01,0.000000000000000000e+00
0.000000000000000000e+00,1.875000000000000000e+03,1.875000000000000000e+01,1.200000000000000000e+01,-4.093912124633789062e+00,5.845523357391357422e+00,1.299091696739196777e+00,-9.082555770874023438e-04,1.329161673784255981e-01,1.000000000000000000e+00
0.000000000000000000e+00,1.876000000000000000e+03,1.876000000000000156e+01,1.199848556518554688e+01,-4.099092483520507812e+00,5.841979026794433594e+00,1.300224900245666504e+00,2.249479293823242188e-04,1.329161673784255981e-01,0.000000000000000000e+00
0.000000000000000000e+00,1.877000000000000000e+03,1.876999999999999957e+01,1.200000000000000000e+01,-4.097625732421875000e+00,5.842982292175292969e+00,1.299586057662963867e+00,-4.138946533203125000e-04,1.329161673784255981e-01,1.000000000000000000e+00
0.000000000000000000e+00,1.878000000000000000e+03,1.878000000000000114e+01,1.200000000000000000e+01,-4.091392040252685547e+00,5.847247600555419922e+00,1.299869298934936523e+00,-1.306533813476562500e-04,1.329161673784255981e-01,1.000000000000000000e+00
0.000000000000000000e+00,1.879000000000000000e+03,1.878999999999999915e+01,1.200000000000000000e+01,-4.090855121612548828e+00,5.847615242004394531e+00,1.300468206405639648e+00,4.682540893554687500e-04,1.329161673784255981e-01,1.000000000000000000e+00
0.000000000000000000e+00,1.880000000000000000e+03,1.880000000000000071e+01,1.199352645874023438e+01,-4.099594593048095703e+00,5.841635227203369141e+00,1.300537109375000000e+00,5.371570587158203125e-04,1.328925341367721558e-01,0.000000000000000000e+00
0.000000000000000000e+00,1.881000000000000000e+03,1.880999999999999872e+01,1.200000000000000000e+01,-4.093706607818603516e+00,5.845664024353027344e+00,1.299055695533752441e+00,-9.442567825317382812e-04,1.328925341367721558e-01,1.000000000000000000e+00
0.000000000000000000e+00,1.882000000000000000e+03,1.882000000000000028e+01,1.199773406982421875e+01,-4.099421024322509766e+00,5.841753959655761719e+00,1.300263762474060059e+00,2.638101577758789062e-04,1.328925341367721558e-01,0.000000000000000000e+00
0.000000000000000000e+00,1.883000000000000000e+03,1.883000000000000185e+01,1.200000000000000000e+01,-4.096934795379638672e+00,5.843455314636230469e+00,1.299484014511108398e+00,-5.159378051757812500e-04,1.328925341367721558e-01,1.000000000000000000e+00
0.000000000000000000e+00,1.884000000000000000e+03,1.883999999999999986e+01,1.200000000000000000e+01,-4.092347145080566406e+00,5.846593856811523438e+00,1.299942016601562500e+00,-5.793571472167968750e-05,1.328925341367721558e-01,1.000000000000000000e+00
0.000000000000000000e+00,1.885000000000000000e+03,1.885000000000000142e+01,1.200000000000000000e+01,-4.090923786163330078e+00,5.847568035125732422e+00,1.300384640693664551e+00,3.846883773803710938e-04,1.328925341367721558e-01,1.000000000000000000e+00
0.000000000000000000e+00,1.886000000000000000e+03,1.885999999999999943e+01,1.199375534057617188e+01,-4.099500656127929688e+00,5.841699123382568359e+00,1.300520300865173340e+00,5.203485488891601562e-04,1.328925341367721558e-01,0.000000000000000000e+00
0.000000000000000000e+00,1.887000000000000000e+03,1.887000000000000099e+01,1.200000000000000000e+01,-4.093952655792236328e+00,5.845495223999023438e+00,1.299104452133178711e+00,-8.955001831054687500e-04,1.328925341367721558e-01,1.000000000000000000e+00
0.000000000000000000e+00,1.888000000000000000e+03,1.887999999999999901e+01,1.199838829040527344e+01,-4.099201202392578125e+00,5.841904163360595703e+00,1.300230264663696289e+00,2.303123474121093750e-04,1.328925341367721558e-01,0.000000000000000000e+00
0.000000000000000000e+00,1.889000000000000000e+03,1.889000000000000057e+01,1.200000000000000000e+01,-4.097334384918212891e+00,5.843181610107421875e+00,1.299548149108886719e+00,-4.518032073974609375e-04,1.328925341367721558e-01,1.000000000000000000e+00
0.000000000000000000e+00,1.890000000000000000e+03,1.890000000000000213e+01,1.200000000000000000e+01,-4.091713428497314453e+00,5.847027778625488281e+00,1.299900054931640625e+00,-9.989738464355468750e-05,1.328925341367721558e-01,1.000000000000000000e+00
0.000000000000000000e+00,1.891000000000000000e+03,1.891000000000000014e+01,1.200000000000000000e+01,-4.090851783752441406e+00,5.847617626190185547e+00,1.300437211990356445e+00,4.372596740722656250e-04,1.328925341367721558e-01,1.000000000000000000e+00
0.000000000000000000e+00,1.892000000000000000e+03,1.892000000000000171e+01,1.199355697631835938e+01,-4.099569797515869141e+00,5.841652393341064453e+00,1.300535678863525391e+00,5.357265472412109375e-04,1.328925341367721558e-01,0.000000000000000000e+00
0.000000000000000000e+00,1.893000000000000000e+03,1.892999999999999972e+01,1.200000000000000000e+01,-4.093712806701660156e+00,5.845659732818603516e+00,1.299061298370361328e+00,-9.386539459228515625e-04,1.328925341367721558e-01,1.000000000000000000e+00
0.000000000000000000e+00,1.894000000000000000e+03,1.894000000000000128e+01,1.199783802032470703e+01,-4.099354267120361328e+00,5.841799736022949219e+00,1.300258874893188477e+00,2.589225769042968750e-04,1.328925341367721558e-01,0.000000000000000000e+00
0.000000000000000000e+00,1.895000000000000000e+03,1.894999999999999929e+01,1.200000000000000000e+01,-4.097118377685546875e+00,5.843329429626464844e+00,1.299510955810546875e+00,-4.889965057373046875e-04,1.328925341367721558e-01,1.000000000000000000e+00
0.000000000000000000e+00,1.896000000000000000e+03,1.896000000000000085e+01,1.200000000000000000e+01,-4.091738700866699219e+00,5.847010135650634766e+00,1.299911022186279297e+00,-8.893013000488281250e-05,1.328925341367721558e-01,1.000000000000000000e+00
0.000000000000000000e+00,1.897000000000000000e+03,1.896999999999999886e+01,1.200000000000000000e+01,-4.091060638427734375e+00,5.847474098205566406e+00,1.300455689430236816e+00,4.557371139526367188e-04,1.328925341367721558e-01,1.000000000000000000e+00
0.000000000000000000e+00,1.898000000000000000e+03,1.898000000000000043e+01,1.199387454986572266e+01,-4.099550247192382812e+00,5.841664791107177734e+00,1.300512075424194336e+00,5.121231079101562500e-04,1.328925341367721558e-01,0.000000000000000000e+00
0.000000000000000000e+00,1.899000000000000000e+03,1.899000000000000199e+01,1.200000000000000000e+01,-4.093955516815185547e+00,5.845492839813232422e+00,1.299099206924438477e+00,-9.007453918457031250e-04,1.328925341367721558e-01,1.000000000000000000e+00
0.000000000000000000e+00,1.900000000000000000e+03,1.900000000000000000e+01,1.199837875366210938e+01,-4.099209785461425781e+00,5.841897487640380859e+00,1.300231218338012695e+00,2.312660217285156250e-04,1.329159736633300781e-01,0.000000000000000000e+00
0.000000000000000000e+00,1.901000000000000000e+03,1.901000000000000156e+01,1.200000000000000000e+01,-4.097317218780517578e+00,5.843192100524902344e+00,1.299546360969543457e+00,-4.535913467407226562e-04,1.329159736633300781e-01,1.000000000000000000e+00
0.000000000000000000e+00,1.902000000000000000e+03,1.901999999999999957e+01,1.200000000000000000e+01,-4.091550350189208984e+00,5.847138404846191406e+00,1.299893498420715332e+00,-1.064538955688476562e-04,1.329159736633300781e-01,1.000000000000000000e+00
0.000000000000000000e+00,1.903000000000000000e+03,1.903000000000000114e+01,1.200000000000000000e+01,-4.091008186340332031e+00,5.847509860992431641e+00,1.300469398498535156e+00,4.694461822509765625e-04,1.329159736633300781e-01,1.000000000000000000e+00
0.000000000000000000e+00,1.904000000000000000e+03,1.903999999999999915e+01,1.199373531341552734e+01,-4.099596500396728516e+00,5.841633319854736328e+00,1.300522804260253906e+00,5.228519439697265625e-04,1.329159736633300781e-01,0.000000000000000000e+00
0.000000000000000000e+00,1.905000000000000000e+03,1.905000000000000071e+01,1.200000000000000000e+01,-4.093853950500488281e+00,5.845562458038330078e+00,1.299078822135925293e+00,-9.211301803588867188e-04,1.329159736633300781e-01,1.000000000000000000e+00
0.000000000000000000e+00,1.906000000000000000e+03,1.905999999999999872e+01,1.199802207946777344e+01,-4.099362373352050781e+00,5.841793537139892578e+00,1.300249695777893066e+00,2.497434616088867188e-04,1.329159736633300781e-01,0.000000000000000000e+00
0.000000000000000000e+00,1.907000000000000000e+03,1.907000000000000028e+01,1.200000000000000000e+01,-4.097136974334716797e+00,5.843316078186035156e+00,1.299512982368469238e+00,-4.869699478149414062e-04,1.329159736633300781e-01,1.000000000000000000e+00
0.000000000000000000e+00,1.908000000000000000e+03,1.908000000000000185e+01,1.200000000000000000e+01,-4.091794013977050781e+00,5.846971988677978516e+00,1.299912929534912109e+00,-8.702278137207031250e-05,1.329159736633300781e-01,1.000000000000000000e+00
0.000000000000000000e+00,1.909000000000000000e+03,1.908999999999999986e+01,1.200000000000000000e+01,-4.090977668762207031e+00,5.847530841827392578e+00,1.300442814826965332e+00,4.428625106811523438e-04,1.329159736633300781e-01,1.000000000000000000e+00
0.000000000000000000e+00,1.910000000000000000e+03,1.910000000000000142e+01,1.199388408660888672e+01,-4.099462509155273438e+00,5.841725349426269531e+00,1.300512194633483887e+00,5.122423171997070312e-04,1.329159736633300781e-01,0.000000000000000000e+00
0.000000000000000000e+00,1.911000000000000000e+03,1.910999999999999943e+01,1.200000000000000000e+01,-4.093872547149658203e+00,5.845550060272216797e+00,1.299100756645202637e+00,-8.991956710815429688e-04,1.329159736633300781e-01,1.000000000000000000e+00
0.000000000000000000e+00,1.912000000000000000e+03,1.912000000000000099e+01,1.199860095977783203e+01,-4.098972320556640625e+00,5.842060565948486328e+00,1.300220847129821777e+00,2.208948135375976562e-04,1.329159736633300781e-01,0.000000000000000000e+00
0.000000000000000000e+00,1.913000000000000000e+03,1.912999999999999901e+01,1.200000000000000000e+01,-4.097587585449218750e+00,5.843008041381835938e+00,1.299595832824707031e+00,-4.041194915771484375e-04,1.329159736633300781e-01,1.000000000000000000e+00
0.000000000000000000e+00,1.914000000000000000e+03,1.914000000000000057e+01,1.200000000000000000e+01,-4.091298580169677734e+00,5.847311496734619141e+00,1.299867510795593262e+00,-1.324415206909179688e-04,1.329159736633300781e-01,1.000000000000000000e+00
0.000000000000000000e+00,1.915000000000000000e+03,1.915000000000000213e+01,1.200000000000000000e+01,-4.090966701507568359e+00,5.847538948059082031e+00,1.300491213798522949e+00,4.912614822387695312e-04,1.329159736633300781e-01,1.000000000000000000e+00
0.000000000000000000e+00,1.916000000000000000e+03,1.916000000000000014e+01,1.199367713928222656e+01,-4.099596977233886719e+00,5.841633319854736328e+00,1.300527930259704590e+00,5.279779434204101562e-04,1.329159736633300781e-01,0.000000000000000000e+00
0.000000000000000000e+00,1.917000000000000000e+03,1.917000000000000171e+01,1.200000000000000000e+01,-4.093775749206542969e+00,5.845616340637207031e+00,1.299068570137023926e+00,-9.313821792602539062e-04,1.329159736633300781e-01,1.000000000000000000e+00
0.000000000000000000e+00,1.918000000000000000e+03,1.917999999999999972e+01,1.199801158905029297e+01,-4.099293231964111328e+00,5.841841220855712891e+00,1.300250768661499023e+00,2.508163452148437500e-04,1.329159736633300781e-01,0.000000000000000000e+00
0.000000000000000000e+00,1.919000000000000000e+03,1.919000000000000128e+01,1.200000000000000000e+01,-4.096998214721679688e+00,5.843411445617675781e+00,1.299506425857543945e+00,-4.935264587402343750e-04,1.329159736633300781e-01,1.000000000000000000e+00
0.000000000000000000e+00,1.920000000000000000e+03,1.919999999999999929e+01,1.200000000000000000e+01,-4.091798305511474609e+00,5.846969604492187500e+00,1.299919247627258301e+00,-8.070468902587890625e-05,1.328833848237991333e-01,1.000000000000000000e+00
0.000000000000000000e+00,1.921000000000000000e+03,1.921000000000000085e+01,1.200000000000000000e+01,-4.090890884399414062e+00,5.847590923309326172e+00,1.300434589385986328e+00,4.346370697021484375e-04,1.328833848237991333e-01,1.000000000000000000e+00
0.000000000000000000e+00,1.922000000000000000e+03,1.921999999999999886e+01,1.199367332458496094e+01,-4.099525928497314453e+00,5.841681957244873047e+00,1.300528764724731445e+00,5.288124084472656250e-04,1.328833848237991333e-01,0.000000000000000000e+00
0.000000000000000000e+00,1.923000000000000000e+03,1.923000000000000043e+01,1.200000000000000000e+01,-4.093810558319091797e+00,5.845592498779296875e+00,1.299083948135375977e+00,-9.160041809082031250e-04,1.328833848237991333e-01,1.000000000000000000e+00
0.000000000000000000e+00,1.924000000000000000e+03,1.924000000000000199e+01,1.199827575683593750e+01,-4.099141597747802734e+00,5.841944694519042969e+00,1.300237536430358887e+00,2.375841140747070312e-04,1.328833848237991333e-01,0.000000000000000000e+00
0.000000000000000000e+00,1.925000000000000000e+03,1.925000000000000000e+01,1.200000000000000000e+01,-4.097306251525878906e+00,5.843200683593750000e+00,1.299553155899047852e+00,-4.467964172363281250e-04,1.328833848237991333e-01,1.000000000000000000e+00
0.000000000000000000e+00,1.926000000000000000e+03,1.926000000000000156e+01,1.200000000000000000e+01,-4.091845512390136719e+00,5.846937656402587891e+00,1.299908280372619629e+00,-9.167194366455078125e-05,1.328833848237991333e-01,1.000000000000000000e+00
0.000000000000000000e+00,1.927000000000000000e+03,1.926999999999999957e+01,1.200000000000000000e+01,-4.090823650360107422e+00,5.847637176513671875e+00,1.300423979759216309e+00,4.240274429321289062e-04,1.328833848237991333e-01,1.000000000000000000e+00
0.000000000000000000e+00,1.928000000000000000e+03,1.928000000000000114e+01,1.199360179901123047e+01,-4.099510669708251953e+00,5.841692924499511719e+00,1.300534605979919434e+00,5.346536636352539062e-04,1.328833848237991333e-01,0.000000000000000000e+00
0.000000000000000000e+00,1.929000000000000000e+03,1.928999999999999915e+01,1.200000000000000000e+01,-4.093701362609863281e+00,5.845667839050292969e+00,1.299071073532104492e+00,-9.288787841796875000e-04,1.328833848237991333e-01,1.000000000000000000e+00
0.000000000000000000e+00,1.930000000000000000e+03,1.930000000000000071e+01,1.199799156188964844e+01,-4.099235057830810547e+00,5.841881752014160156e+00,1.300252437591552734e+00,2.524852752685546875e-04,1.328833848237991333e-01,0.000000000000000000e+00
0.000000000000000000e+00,1.931000000000000000e+03,1.930999999999999872e+01,1.200000000000000000e+01,-4.097115516662597656e+00,5.843331813812255859e+00,1.299525022506713867e+00,-4.749298095703125000e-04,1.328833848237991333e-01,1.000000000000000000e+00
0.000000000000000000e+00,1.932000000000000000e+03,1.932000000000000028e+01,1.200000000000000000e+01,-4.091744899749755859e+00,5.847006797790527344e+00,1.299912333488464355e+00,-8.761882781982421875e-05,1.328833848237991333e-01,1.000000000000000000e+00
0.000000000000000000e+00,1.933000000000000000e+03,1.933000000000000185e+01,1.200000000000000000e+01,-4.090939521789550781e+00,5.847558021545410156e+00,1.300445199012756348e+00,4.452466964721679688e-04,1.328833848237991333e-01,1.000000000000000000e+00
0.000000000000000000e+00,1.934000000000000000e+03,1.933999999999999986e+01,1.199354076385498047e+01,-4.099667072296142578e+00,5.841586112976074219e+00,1.300539493560791016e+00,5.395412445068359375e-04,1.328833848237991333e-01,0.000000000000000000e+00
0.000000000000000000e+00,1.935000000000000000e+03,1.935000000000000142e+01,1.200000000000000000e+01,-4.093746662139892578e+00,5.845636844635009766e+00,1.299055933952331543e+00,-9.440183639526367188e-04,1.328833848237991333e-01,1.000000000000000000e+00
0.000000000000000000e+00,1.936000000000000000e+03,1.935999999999999943e+01,1.199794101715087891e+01,-4.099314689636230469e+00,5.841826915740966797e+00,1.300255298614501953e+00,2.553462982177734375e-04,1.328833848237991333e-01,0.000000000000000000e+00
0.000000000000000000e+00,1.937000000000000000e+03,1.937000000000000099e+01,1.200000000000000000e+01,-4.097057819366455078e+00,5.843370914459228516e+00,1.299511432647705078e+00,-4.885196685791015625e-04,1.328833848237991333e-01,1.000000000000000000e+00
0.000000000000000000e+00,1.938000000000000000e+03,1.937999999999999901e+01,1.200000000000000000e+01,-4.091733455657958984e+00,5.847013950347900391e+00,1.299914479255676270e+00,-8.547306060791015625e-05,1.328833848237991333e-01,1.000000000000000000e+00
0.000000000000000000e+00,1.939000000000000000e+03,1.939000000000000057e+01,1.200000000000000000e+01,-4.090842723846435547e+00,5.847623825073242188e+00,1.300437211990356445e+00,4.372596740722656250e-04,1.328833848237991333e-01,1.000000000000000000e+00
0.000000000000000000e+00,1.940000000000000000e+03,1.940000000000000213e+01,1.199364089965820312e+01,-4.099501609802246094e+00,5.841698646545410156e+00,1.300532460212707520e+00,5.325078964233398438e-04,1.329196691513061523e-01,0.000000000000000000e+00
0.000000000000000000e+00,1.941000000000000000e+03,1.941000000000000014e+01,1.200000000000000000e+01,-4.093787670135498047e+00,5.845608234405517578e+00,1.299085617065429688e+00,-9.143352508544921875e-04,1.329196691513061523e-01,1.000000000000000000e+00
0.000000000000000000e+00,1.942000000000000000e+03,1.942000000000000171e+01,1.199811840057373047e+01,-4.099229812622070312e+00,5.841884613037109375e+00,1.300246357917785645e+00,2.464056015014648438e-04,1.329196691513061523e-01,0.000000000000000000e+00
0.000000000000000000e+00,1.943000000000000000e+03,1.942999999999999972e+01,1.200000000000000000e+01,-4.097224712371826172e+00,5.843256473541259766e+00,1.299537420272827148e+00,-4.625320434570312500e-04,1.329196691513061523e-01,1.000000000000000000e+00
0.000000000000000000e+00,1.944000000000000000e+03,1.944000000000000128e+01,1.200000000000000000e+01,-4.091908931732177734e+00,5.846893787384033203e+00,1.299915075302124023e+00,-8.487701416015625000e-05,1.329196691513061523e-01,1.000000000000000000e+00
0.000000000000000000e+00,1.945000000000000000e+03,1.944999999999999929e+01,1.200000000000000000e+01,-4.090943336486816406e+00,5.847554683685302734e+00,1.300430536270141602e+00,4.305839538574218750e-04,1.329196691513061523e-01,1.000000000000000000e+00
0.000000000000000000e+00,1.946000000000000000e+03,1.946000000000000085e+01,1.199364376068115234e+01,-4.099597454071044922e+00,5.841632843017578125e+00,1.300532460212707520e+00,5.325078964233398438e-04,1.329196691513061523e-01,0.000000000000000000e+00
0.000000000000000000e+00,1.947000000000000000e+03,1.946999999999999886e+01,1.200000000000000000e+01,-4.093764781951904297e+00,5.845623970031738281e+00,1.299069523811340332e+00,-9.304285049438476562e-04,1.329196691513061523e-01,1.000000000000000000e+00
0.000000000000000000e+00,1.948000000000000000e+03,1.948000000000000043e+01,1.199800109863281250e+01,-4.099289417266845703e+00,5.841843605041503906e+00,1.300252676010131836e+00,2.527236938476562500e-04,1.329196691513061523e-01,0.000000000000000000e+00
0.000000000000000000e+00,1.949000000000000000e+03,1.949000000000000199e+01,1.200000000000000000e+01,-4.097165107727050781e+00,5.843297004699707031e+00,1.299525737762451172e+00,-4.742145538330078125e-04,1.329196691513061523e-01,1.000000000000000000e+00
0.000000000000000000e+00,1.950000000000000000e+03,1.950000000000000000e+01,1.200000000000000000e+01,-4.091890811920166016e+00,5.846905708312988281e+00,1.299916982650756836e+00,-8.296966552734375000e-05,1.329196691513061523e-01,1.000000000000000000e+00
0.000000000000000000e+00,1.951000000000000000e+03,1.951000000000000156e+01,1.200000000000000000e+01,-4.090809822082519531e+00,5.847645759582519531e+00,1.300419807434082031e+00,4.198551177978515625e-04,1.329196691513061523e-01,1.000000000000000000e+00
0.000000000000000000e+00,1.952000000000000000e+03,1.951999999999999957e+01,1.199351596832275391e+01,-4.099556922912597656e+00,5.841660499572753906e+00,1.300542712211608887e+00,5.427598953247070312e-04,1.329196691513061523e-01,0.000000000000000000e+00
0.000000000000000000e+00,1.953000000000000000e+03,1.953000000000000114e+01,1.200000000000000000e+01,-4.093605995178222656e+00,5.845732688903808594e+00,1.299052953720092773e+00,-9.469985961914062500e-04,1.329196691513061523e-01,1.000000000000000000e+00
0.000000000000000000e+00,1.954000000000000000e+03,1.953999999999999915e+01,1.199779129028320312e+01,-4.099281787872314453e+00,5.841848850250244141e+00,1.300264120101928711e+00,2.641677856445312500e-04,1.329196691513061523e-01,0.000000000000000000e+00
0.000000000000000000e+00,1.955000000000000000e+03,1.955000000000000071e+01,1.200000000000000000e+01,-4.096865653991699219e+00,5.843502044677734375e+00,1.299495935440063477e+00,-5.040168762207031250e-04,1.329196691513061523e-01,1.000000000000000000e+00
0.000000000000000000e+00,1.956000000000000000e+03,1.955999999999999872e+01,1.200000000000000000e+01,-4.092217922210693359e+00,5.846682071685791016e+00,1.299941420555114746e+00,-5.853176116943359375e-05,1.329196691513061523e-01,1.000000000000000000e+00
0.000000000000000000e+00,1.957000000000000000e+03,1.957000000000000028e+01,1.200000000000000000e+01,-4.090963363647460938e+00,5.847540855407714844e+00,1.300404191017150879e+00,4.042387008666992188e-04,1.329196691513061523e-01,1.000000000000000000e+00
0.000000000000000000e+00,1.958000000000000000e+03,1.958000000000000185e+01,1.199372959136962891e+01,-4.099556922912597656e+00,5.841660499572753906e+00,1.300526857376098633e+00,5.269050598144531250e-04,1.329196691513061523e-01,0.000000000000000000e+00
0.000000000000000000e+00,1.959000000000000000e+03,1.958999999999999986e+01,1.200000000000000000e+01,-4.093755245208740234e+00,5.845630168914794922e+00,1.299075126647949219e+00,-9.248256683349609375e-04,1.329196691513061523e-01,1.000000000000000000e+00
0.000000000000000000e+00,1.960000000000000000e+03,1.960000000000000142e+01,1.199786090850830078e+01,-4.099379539489746094e+00,5.841782093048095703e+00,1.300260663032531738e+00,2.607107162475585938e-04,1.329108029603958130e-01,0.000000000000000000e+00
0.000000000000000000e+00,1.961000000000000000e+03,1.960999999999999943e+01,1.200000000000000000e+01,-4.096733093261718750e+00,5.843593120574951172e+00,1.299472212791442871e+00,-5.277395248413085938e-04,1.329108029603958130e-01,1.000000000000000000e+00
0.000000000000000000e+00,1.962000000000000000e+03,1.962000000000000099e+01,1.200000000000000000e+01,-4.092547893524169922e+00,5.846457004547119141e+00,1.299956798553466797e+00,-4.315376281738281250e-05,1.329108029603958130e-01,1.000000000000000000e+00
0.000000000000000000e+00,1.963000000000000000e+03,1.962999999999999901e+01,1.200000000000000000e+01,-4.090760231018066406e+00,5.847680568695068359e+00,1.300356626510620117e+00,3.566741943359375000e-04,1.329108029603958130e-01,1.000000000000000000e+00
0.000000000000000000e+00,1.964000000000000000e+03,1.964000000000000057e+01,1.199360179901123047e+01,-4.099448680877685547e+00,5.841735363006591797e+00,1.300537228584289551e+00,5.372762680053710938e-04,1.329108029603958130e-01,0.000000000000000000e+00
0.000000000000000000e+00,1.965000000000000000e+03,1.965000000000000213e+01,1.200000000000000000e+01,-4.093628883361816406e+00,5.845717430114746094e+00,1.299072861671447754e+00,-9.270906448364257812e-04,1.329108029603958130e-01,1.000000000000000000e+00
0.000000000000000000e+00,1.966000000000000000e+03,1.966000000000000014e+01,1.199776363372802734e+01,-4.099324226379394531e+00,5.841820716857910156e+00,1.300266265869140625e+00,2.663135528564453125e-04,1.329108029603958130e-01,0.000000000000000000e+00
0.000000000000000000e+00,1.967000000000000000e+03,1.967000000000000171e+01,1.200000000000000000e+01,-4.096656799316406250e+00,5.843646049499511719e+00,1.299470305442810059e+00,-5.296468734741210938e-04,1.329108029603958130e-01,1.000000000000000000e+00
0.000000000000000000e+00,1.968000000000000000e+03,1.967999999999999972e+01,1.200000000000000000e+01,-4.092657566070556641e+00,5.846382617950439453e+00,1.299962401390075684e+00,-3.755092620849609375e-05,1.329108029603958130e-01,1.000000000000000000e+00
0.000000000000000000e+00,1.969000000000000000e+03,1.969000000000000128e+01,1.200000000000000000e+01,-4.090931415557861328e+00,5.847563743591308594e+00,1.300362586975097656e+00,3.626346588134765625e-04,1.329108029603958130e-01,1.000000000000000000e+00
0.000000000000000000e+00,1.970000000000000000e+03,1.969999999999999929e+01,1.199382972717285156e+01,-4.099455833435058594e+00,5.841731071472167969e+00,1.300520420074462891e+00,5.204677581787109375e-04,1.329108029603958130e-01,0.000000000000000000e+00
0.000000000000000000e+00,1.971000000000000000e+03,1.971000000000000085e+01,1.200000000000000000e+01,-4.093951702117919922e+00,5.845497131347656250e+00,1.299117922782897949e+00,-8.820295333862304688e-04,1.329108029603958130e-01,1.000000000000000000e+00
0.000000000000000000e+00,1.972000000000000000e+03,1.971999999999999886e+01,1.199839687347412109e+01,-4.099194049835205078e+00,5.841909885406494141e+00,1.300233602523803711e+00,2.336502075195312500e-04,1.329108029603958130e-01,0.000000000000000000e+00
0.000000000000000000e+00,1.973000000000000000e+03,1.973000000000000043e+01,1.200000000000000000e+01,-4.097335815429687500e+00,5.843181133270263672e+00,1.299554228782653809e+00,-4.457235336303710938e-04,1.329108029603958130e-01,1.000000000000000000e+00
0.000000000000000000e+00,1.974000000000000000e+03,1.974000000000000199e+01,1.200000000000000000e+01,-4.091595649719238281e+00,5.847108840942382812e+00,1.299896955490112305e+00,-1.029968261718750000e-04,1.329108029603958130e-01,1.000000000000000000e+00
0.000000000000000000e+00,1.975000000000000000e+03,1.975000000000000000e+01,1.200000000000000000e+01,-4.090918064117431641e+00,5.847572803497314453e+00,1.300460457801818848e+00,4.605054855346679688e-04,1.329108029603958130e-01,1.000000000000000000e+00
0.000000000000000000e+00,1.976000000000000000e+03,1.976000000000000156e+01,1.199377822875976562e+01,-4.099478721618652344e+00,5.841714859008789062e+00,1.300524592399597168e+00,5.246400833129882812e-04,1.329108029603958130e-01,0.000000000000000000e+00
0.000000000000000000e+00,1.977000000000000000e+03,1.976999999999999957e+01,1.200000000000000000e+01,-4.093829154968261719e+00,5.845580577850341797e+00,1.299098134040832520e+00,-9.018182754516601562e-04,1.329108029603958130e-01,1.000000000000000000e+00
0.000000000000000000e+00,1.978000000000000000e+03,1.978000000000000114e+01,1.199835014343261719e+01,-4.099106788635253906e+00,5.841969490051269531e+00,1.300236225128173828e+00,2.362728118896484375e-04,1.329108029603958130e-01,0.000000000000000000e+00
0.000000000000000000e+00,1.979000000000000000e+03,1.978999999999999915e+01,1.200000000000000000e+01,-4.097493171691894531e+00,5.843073368072509766e+00,1.299578070640563965e+00,-4.218816757202148438e-04,1.329108029603958130e-01,1.000000000000000000e+00
0.000000000000000000e+00,1.980000000000000000e+03,1.980000000000000071e+01,1.200000000000000000e+01,-4.091467380523681641e+00,5.847196578979492188e+00,1.299883246421813965e+00,-1.167058944702148438e-04,1.328591853380203247e-01,1.000000000000000000e+00
0.000000000000000000e+00,1.981000000000000000e+03,1.980999999999999872e+01,1.200000000000000000e+01,-4.090899467468261719e+00,5.847585678100585938e+00,1.300471544265747070e+00,4.715919494628906250e-04,1.328591853380203247e-01,1.000000000000000000e+00
0.000000000000000000e+00,1.982000000000000000e+03,1.982000000000000028e+01,1.199373054504394531e+01,-4.099494934082031250e+00,5.841704368591308594e+00,1.300528526306152344e+00,5.285739898681640625e-04,1.328591853380203247e-01,0.000000000000000000e+00
0.000000000000000000e+00,1.983000000000000000e+03,1.983000000000000185e+01,1.200000000000000000e+01,-4.093809127807617188e+00,5.845594882965087891e+00,1.299093365669250488e+00,-9.065866470336914062e-04,1.328591853380203247e-01,1.000000000000000000e+00
0.000000000000000000e+00,1.984000000000000000e+03,1.983999999999999986e+01,1.199852466583251953e+01,-4.098964691162109375e+00,5.842067241668701172e+00,1.300227761268615723e+00,2.278089523315429688e-04,1.328591853380203247e-01,0.000000000000000000e+00
0.000000000000000000e+00,1.985000000000000000e+03,1.985000000000000142e+01,1.200000000000000000e+01,-4.097711563110351562e+00,5.842924594879150391e+00,1.299612045288085938e+00,-3.879070281982421875e-04,1.328591853380203247e-01,1.000000000000000000e+00
0.000000000000000000e+00,1.986000000000000000e+03,1.985999999999999943e+01,1.200000000000000000e+01,-4.091215133666992188e+00,5.847369670867919922e+00,1.299858689308166504e+00,-1.412630081176757812e-04,1.328591853380203247e-01,1.000000000000000000e+00
0.000000000000000000e+00,1.987000000000000000e+03,1.987000000000000099e+01,1.200000000000000000e+01,-4.090848445892333984e+00,5.847620964050292969e+00,1.300492048263549805e+00,4.920959472656250000e-04,1.328591853380203247e-01,1.000000000000000000e+00
0.000000000000000000e+00,1.988000000000000000e+03,1.987999999999999901e+01,1.199372959136962891e+01,-4.099445343017578125e+00,5.841738700866699219e+00,1.300528883934020996e+00,5.289316177368164062e-04,1.328591853380203247e-01,0.000000000000000000e+00
0.000000000000000000e+00,1.989000000000000000e+03,1.989000000000000057e+01,1.200000000000000000e+01,-4.093757629394531250e+00,5.845630645751953125e+00,1.299093365669250488e+00,-9.065866470336914062e-04,1.328591853380203247e-01,1.000000000000000000e+00
0.000000000000000000e+00,1.990000000000000000e+03,1.990000000000000213e+01,1.199804019927978516e+01,-4.099255561828613281e+00,5.841868877410888672e+00,1.300252556800842285e+00,2.526044845581054688e-04,1.328591853380203247e-01,0.000000000000000000e+00
0.000000000000000000e+00,1.991000000000000000e+03,1.991000000000000014e+01,1.200000000000000000e+01,-4.097133159637451172e+00,5.843320846557617188e+00,1.299528479576110840e+00,-4.714727401733398438e-04,1.328591853380203247e-01,1.000000000000000000e+00
0.000000000000000000e+00,1.992000000000000000e+03,1.992000000000000171e+01,1.200000000000000000e+01,-4.091925144195556641e+00,5.846884250640869141e+00,1.299920797348022461e+00,-7.915496826171875000e-05,1.328591853380203247e-01,1.000000000000000000e+00
0.000000000000000000e+00,1.993000000000000000e+03,1.992999999999999972e+01,1.200000000000000000e+01,-4.090904235839843750e+00,5.847582817077636719e+00,1.300428032875061035e+00,4.280805587768554688e-04,1.328591853380203247e-01,1.000000000000000000e+00
0.000000000000000000e+00,1.994000000000000000e+03,1.994000000000000128e+01,1.199383354187011719e+01,-4.099426269531250000e+00,5.841751575469970703e+00,1.300521373748779297e+00,5.214214324951171875e-04,1.328591853380203247e-01,0.000000000000000000e+00
0.000000000000000000e+00,1.995000000000000000e+03,1.994999999999999929e+01,1.200000000000000000e+01,-4.093810081481933594e+00,5.845594406127929688e+00,1.299103975296020508e+00,-8.959770202636718750e-04,1.328591853380203247e-01,1.000000000000000000e+00
0.000000000000000000e+00,1.996000000000000000e+03,1.996000000000000085e+01,1.199832057952880859e+01,-4.099109172821044922e+00,5.841968536376953125e+00,1.300238370895385742e+00,2.384185791015625000e-04,1.328591853380203247e-01,0.000000000000000000e+00
0.000000000000000000e+00,1.997000000000000000e+03,1.996999999999999886e+01,1.200000000000000000e+01,-4.097349643707275391e+00,5.843172550201416016e+00,1.299564838409423828e+00,-4.351139068603515625e-04,1.328591853380203247e-01,1.000000000000000000e+00
0.000000000000000000e+00,1.998000000000000000e+03,1.998000000000000043e+01,1.200000000000000000e+01,-4.091206073760986328e+00,5.847375869750976562e+00,1.299877643585205078e+00,-1.223087310791015625e-04,1.328591853380203247e-01,1.000000000000000000e+00
0.000000000000000000e+00,1.999000000000000000e+03,1.999000000000000199e+01,1.200000000000000000e+01,-4.090824127197265625e+00,5.847637653350830078e+00,1.300491094589233398e+00,4.911422729492187500e-04,1.328591853380203247e-01,1.000000000000000000e+00
1.000000000000000000e+00,0.000000000000000000e+00,0.000000000000000000e+00,5.099999904632568359e+00,1.655970513820648193e-01,1.558658927679061890e-01,5.683708786964416504e-01,-4.316291213035583496e-01,9.857487678527832031e-02,2.000000000000000000e+00
1.000000000000000000e+00,1.000000000000000000e+00,1.000000000000000021e-02,5.199999809265136719e+00,3.304916620254516602e-01,3.101393282413482666e-01,6.001646518707275391e-01,-4.013353586196899414e-01,9.857487678527832031e-02,2.000000000000000000e+00
1.000000000000000000e+00,2.000000000000000000e+00,2.000000000000000042e-02,5.299999713897705078e+00,4.942089021205902100e-01,4.625163674354553223e-01,6.317908763885498047e-01,-3.712091445922851562e-01,9.857487678527832031e-02,2.000000000000000000e+00
1.000000000000000000e+00,3.000000000000000000e+00,2.999999999999999889e-02,5.399999618530273438e+00,6.562933921813964844e-01,6.127086877822875977e-01,6.631596684455871582e-01,-3.413403630256652832e-01,9.857487678527832031e-02,2.000000000000000000e+00
1.000000000000000000e+00,4.000000000000000000e+00,4.000000000000000083e-02,5.499999523162841797e+00,8.163068294525146484e-01,7.604429721832275391e-01,6.941954493522644043e-01,-3.118045926094055176e-01,9.857487678527832031e-02,2.000000000000000000e+00
1.000000000000000000e+00,5.000000000000000000e+00,5.000000000000000278e-02,5.599999427795410156e+00,9.737911224365234375e-01,9.054293036460876465e-01,7.248829603195190430e-01,-2.826170921325683594e-01,9.857487678527832031e-02,2.000000000000000000e+00
1.000000000000000000e+00,6.000000000000000000e+00,5.999999999999999778e-02,5.699999332427978516e+00,1.128297924995422363e+00,1.047384738922119141e+00,7.551178932189941406e-01,-2.538820505142211914e-01,9.857487678527832031e-02,2.000000000000000000e+00
1.000000000000000000e+00,7.000000000000000000e+00,7.000000000000000666e-02,5.799999237060546875e+00,1.279325842857360840e+00,1.185998439788818359e+00,7.849144339561462402e-01,-2.255855202674865723e-01,9.857487678527832031e-02,2.000000000000000000e+00
1.000000000000000000e+00,8.000000000000000000e+00,8.000000000000000167e-02,5.899999141693115234e+00,1.426345586776733398e+00,1.320948243141174316e+00,8.141819238662719727e-01,-1.978180408477783203e-01,9.857487678527832031e-02,2.000000000000000000e+00
1.000000000000000000e+00,9.000000000000000000e+00,8.999999999999999667e-02,5.999999046325683594e+00,1.568768262863159180e+00,1.451870322227478027e+00,8.428854942321777344e-01,-1.706144809722900391e-01,9.857487678527832031e-02,2.000000000000000000e+00
1.000000000000000000e+00,1.000000000000000000e+01,1.000000000000000056e-01,6.099998950958251953e+00,1.705934882164001465e+00,1.578339219093322754e+00,8.709257841110229492e-01,-1.440742015838623047e-01,9.857487678527832031e-02,2.000000000000000000e+00
1.000000000000000000e+00,1.100000000000000000e+01,1.100000000000000006e-01,6.199998855590820312e+00,1.837026834487915039e+00,1.699855804443359375e+00,8.982669115066528320e-01,-1.182330846786499023e-01,9.857487678527832031e-02,2.000000000000000000e+00
1.000000000000000000e+00,1.200000000000000000e+01,1.199999999999999956e-01,6.299998760223388672e+00,1.961024880409240723e+00,1.815764307975769043e+00,9.248042106628417969e-01,-9.319579601287841797e-02,9.857487678527832031e-02,2.000000000000000000e+00
1.000000000000000000e+00,1.300000000000000000e+01,1.300000000000000044e-01,6.399998664855957031e+00,2.076536655426025391e+00,1.925167560577392578e+00,9.504452347755432129e-01,-6.905478239059448242e-02,9.857487678527832031e-02,2.000000000000000000e+00
1.000000000000000000e+00,1.400000000000000000e+01,1.400000000000000133e-01,6.499998569488525391e+00,2.181454181671142578e+00,2.026696920394897461e+00,9.750509858131408691e-01,-4.594904184341430664e-02,9.857487678527832031e-02,2.000000000000000000e+00
1.000000000000000000e+00,1.500000000000000000e+01,1.499999999999999944e-01,6.599998474121093750e+00,2.271954298019409180e+00,2.117844820022583008e+00,9.983876347541809082e-01,-2.411240339279174805e-02,9.857487678527832031e-02,2.000000000000000000e+00
1.000000000000000000e+00,1.600000000000000000e+01,1.600000000000000033e-01,6.699998378753662109e+00,2.335726499557495117e+00,2.190448999404907227e+00,1.020092368125915527e+00,-3.907680511474609375e-03,9.857487678527832031e-02,2.000000000000000000e+00
1.000000000000000000e+00,1.700000000000000000e+01,1.700000000000000122e-01,6.799998283386230469e+00,2.340982437133789062e+00,2.223371028900146484e+00,1.038924336433410645e+00,1.342427730560302734e-02,9.857487678527832031e-02,2.000000000000000000e+00
1.000000000000000000e+00,1.800000000000000000e+01,1.799999999999999933e-01,6.899998188018798828e+00,2.324157714843750000e+00,2.240936040878295898e+00,1.051643848419189453e+00,2.464389801025390625e-02,9.857487678527832031e-02,2.000000000000000000e+00
1.000000000000000000e+00,1.900000000000000000e+01,1.900000000000000022e-01,6.999998092651367188e+00,2.290932893753051758e+00,2.246942520141601562e+00,1.062015056610107422e+00,3.351509571075439453e-02,9.857487678527832031e-02,2.000000000000000000e+00
1.000000000000000000e+00,2.000000000000000000e+01,2.000000000000000111e-01,7.099997997283935547e+00,2.249141693115234375e+00,2.305413961410522461e+00,1.070672273635864258e+00,4.067230224609375000e-02,2.458590716123580933e-01,2.000000000000000000e+00
1.000000000000000000e+00,2.100000000000000000e+01,2.099999999999999922e-01,7.199997901916503906e+00,2.192452669143676758e+00,2.352482557296752930e+00,1.081195712089538574e+00,4.969573020935058594e-02,2.458590716123580933e-01,2.000000000000000000e+00
1.000000000000000000e+00,2.200000000000000000e+01,2.200000000000000011e-01,7.299997806549072266e+00,2.122847080230712891e+00,2.389479637145996094e+00,1.090103149414062500e+00,5.710315704345703125e-02,2.458590716123580933e-01,2.000000000000000000e+00
1.000000000000000000e+00,2.300000000000000000e+01,2.300000000000000100e-01,7.399997711181640625e+00,2.041802167892456055e+00,2.417399168014526367e+00,1.097602367401123047e+00,6.310236454010009766e-02,2.458590716123580933e-01,2.000000000000000000e+00
1.000000000000000000e+00,2.400000000000000000e+01,2.399999999999999911e-01,7.499997615814208984e+00,1.950477242469787598e+00,2.437022924423217773e+00,1.103877544403076172e+00,6.787753105163574219e-02,2.458590716123580933e-01,2.000000000000000000e+00
1.000000000000000000e+00,2.500000000000000000e+01,2.500000000000000000e-01,7.588489532470703125e+00,1.849876046180725098e+00,2.449028491973876953e+00,1.109014868736267090e+00,7.151484489440917969e-02,2.458590716123580933e-01,0.000000000000000000e+00
1.000000000000000000e+00,2.600000000000000000e+01,2.600000000000000089e-01,7.661201000213623047e+00,1.741680979728698730e+00,2.454552650451660156e+00,1.111940264701843262e+00,7.294023036956787109e-02,2.458590716123580933e-01,0.000000000000000000e+00
1.000000000000000000e+00,2.700000000000000000e+01,2.700000000000000178e-01,7.721102237701416016e+00,1.627793073654174805e+00,2.454884290695190430e+00,1.112308859825134277e+00,7.180881500244140625e-02,2.458590716123580933e-01,0.000000000000000000e+00
1.000000000000000000e+00,2.800000000000000000e+01,2.800000000000000266e-01,7.770595550537109375e+00,1.509739518165588379e+00,2.451066255569458008e+00,1.110703110694885254e+00,6.870305538177490234e-02,2.458590716123580933e-01,0.000000000000000000e+00
1.000000000000000000e+00,2.900000000000000000e+01,2.899999999999999800e-01,7.811833381652832031e+00,1.388883233070373535e+00,2.444033384323120117e+00,1.107475996017456055e+00,6.397604942321777344e-02,2.458590716123580933e-01,0.000000000000000000e+00
1.000000000000000000e+00,3.000000000000000000e+01,2.999999999999999889e-01,7.846696853637695312e+00,1.266409397125244141e+00,2.434605121612548828e+00,1.103021264076232910e+00,5.802130699157714844e-02,2.458590716123580933e-01,0.000000000000000000e+00
1.000000000000000000e+00,3.100000000000000000e+01,3.099999999999999978e-01,7.876926898956298828e+00,1.143412709236145020e+00,2.423540830612182617e+00,1.097637653350830078e+00,5.113768577575683594e-02,2.458590716123580933e-01,0.000000000000000000e+00
1.000000000000000000e+00,3.200000000000000000e+01,3.200000000000000067e-01,7.904105663299560547e+00,1.020882487297058105e+00,2.411532163619995117e+00,1.091657876968383789e+00,4.365789890289306641e-02,2.458590716123580933e-01,0.000000000000000000e+00
1.000000000000000000e+00,3.300000000000000000e+01,3.300000000000000155e-01,7.929821014404296875e+00,8.998152613639831543e-01,2.399275064468383789e+00,1.085308790206909180e+00,3.580880165100097656e-02,2.458590716123580933e-01,0.000000000000000000e+00
1.000000000000000000e+00,3.400000000000000000e+01,3.400000000000000244e-01,7.955655097961425781e+00,7.812039256095886230e-01,2.387464523315429688e+00,1.078873872756958008e+00,2.787387371063232422e-02,2.458590716123580933e-01,0.000000000000000000e+00
1.000000000000000000e+00,3.500000000000000000e+01,3.500000000000000333e-01,7.983236312866210938e+00,6.660717725753784180e-01,2.376817941665649414e+00,1.072656512260437012e+00,2.015650272369384766e-02,2.458590716123580933e-01,0.000000000000000000e+00
1.000000000000000000e+00,3.600000000000000000e+01,3.599999999999999867e-01,8.014551162719726562e+00,5.556792616844177246e-01,2.368213415145874023e+00,1.066906213760375977e+00,1.290619373321533203e-02,2.458590716123580933e-01,0.000000000000000000e+00
1.000000000000000000e+00,3.700000000000000000e+01,3.699999999999999956e-01,8.052218437194824219e+00,4.517013132572174072e-01,2.362811565399169922e+00,1.062010407447814941e+00,6.510376930236816406e-03,2.458590716123580933e-01,0.000000000000000000e+00
1.000000000000000000e+00,3.800000000000000000e+01,3.800000000000000044e-01,8.102364540100097656e+00,3.581125140190124512e-01,2.363334894180297852e+00,1.058368802070617676e+00,1.368761062622070312e-03,2.458590716123580933e-01,0.000000000000000000e+00
1.000000000000000000e+00,3.900000000000000000e+01,3.900000000000000133e-01,8.182262420654296875e+00,2.861891686916351318e-01,2.377469062805175781e+00,1.057124018669128418e+00,-1.376032829284667969e-03,2.458590716123580933e-01,0.000000000000000000e+00
1.000000000000000000e+00,4.000000000000000000e+01,4.000000000000000222e-01,8.219710350036621094e+00,2.145054042339324951e-01,2.377545118331909180e+00,1.061255693435668945e+00,1.255750656127929688e-03,4.017525613307952881e-01,8.000000000000000000e+00
1.000000000000000000e+00,4.100000000000000000e+01,4.100000000000000311e-01,8.286152839660644531e+00,1.631210148334503174e-01,2.390756368637084961e+00,1.060159683227539062e+00,-1.340270042419433594e-03,4.017525613307952881e-01,0.000000000000000000e+00
1.000000000000000000e+00,4.200000000000000000e+01,4.199999999999999845e-01,8.322415351867675781e+00,9.325865656137466431e-02,2.390748977661132812e+00,1.064258337020874023e+00,1.258373260498046875e-03,4.017525613307952881e-01,0.000000000000000000e+00
1.000000000000000000e+00,4.300000000000000000e+01,4.299999999999999933e-01,8.387865066528320312e+00,4.379071295261383057e-02,2.403964996337890625e+00,1.063141584396362305e+00,-1.358389854431152344e-03,4.017525613307952881e-01,0.000000000000000000e+00
1.000000000000000000e+00,4.400000000000000000e+01,4.400000000000000022e-01,8.422821998596191406e+00,-2.439970336854457855e-02,2.403808832168579102e+00,1.067280173301696777e+00,1.280188560485839844e-03,4.017525613307952881e-01,0.000000000000000000e+00
1.000000000000000000e+00,4.500000000000000000e+01,4.500000000000000111e-01,8.487160682678222656e+00,-7.209690660238265991e-02,2.416964769363403320e+00,1.066143035888671875e+00,-1.356959342956542969e-03,4.017525613307952881e-01,0.000000000000000000e+00
1.000000000000000000e+00,4.600000000000000000e+01,4.600000000000000200e-01,8.521111488342285156e+00,-1.384877264499664307e-01,2.416781902313232422e+00,1.070268392562866211e+00,1.268386840820312500e-03,4.017525613307952881e-01,0.000000000000000000e+00
1.000000000000000000e+00,4.700000000000000000e+01,4.700000000000000289e-01,8.584520339965820312e+00,-1.843624860048294067e-01,2.429946422576904297e+00,1.069125175476074219e+00,-1.374840736389160156e-03,4.017525613307952881e-01,0.000000000000000000e+00
1.000000000000000000e+00,4.800000000000000000e+01,4.799999999999999822e-01,8.617356300354003906e+00,-2.490920573472976685e-01,2.429677486419677734e+00,1.073274254798889160e+00,1.274228096008300781e-03,4.017525613307952881e-01,0.000000000000000000e+00
1.000000000000000000e+00,4.900000000000000000e+01,4.899999999999999911e-01,8.679577827453613281e+00,-2.933778762817382812e-01,2.442724704742431641e+00,1.072144627571105957e+00,-1.355409622192382812e-03,4.017525613307952881e-01,0.000000000000000000e+00
1.000000000000000000e+00,5.000000000000000000e+01,5.000000000000000000e-01,8.711381912231445312e+00,-3.564573228359222412e-01,2.442395448684692383e+00,1.076273441314697266e+00,1.273393630981445312e-03,4.017525613307952881e-01,0.000000000000000000e+00
1.000000000000000000e+00,5.100000000000000000e+01,5.100000000000000089e-01,8.772716522216796875e+00,-3.990204632282257080e-01,2.455447912216186523e+00,1.075129032135009766e+00,-1.371026039123535156e-03,4.017525613307952881e-01,0.000000000000000000e+00
1.000000000000000000e+00,5.200000000000000000e+01,5.200000000000000178e-01,8.803668022155761719e+00,-4.603949785232543945e-01,2.455127954483032227e+00,1.079253792762756348e+00,1.253843307495117188e-03,4.017525613307952881e-01,0.000000000000000000e+00
1.000000000000000000e+00,5.300000000000000000e+01,5.300000000000000266e-01,8.863695144653320312e+00,-5.015722513198852539e-01,2.467987298965454102e+00,1.078171372413635254e+00,-1.328587532043457031e-03,4.017525613307952881e-01,0.000000000000000000e+00
1.000000000000000000e+00,5.400000000000000000e+01,5.400000000000000355e-01,8.893774986267089844e+00,-5.613161325454711914e-01,2.467657804489135742e+00,1.082240223884582520e+00,1.240253448486328125e-03,4.017525613307952881e-01,0.000000000000000000e+00
1.000000000000000000e+00,5.500000000000000000e+01,5.500000000000000444e-01,8.952870368957519531e+00,-6.009205579757690430e-01,2.480481386184692383e+00,1.081168889999389648e+00,-1.331090927124023438e-03,4.017525613307952881e-01,0.000000000000000000e+00
1.000000000000000000e+00,5.600000000000000000e+01,5.600000000000000533e-01,8.982108116149902344e+00,-6.590742468833923340e-01,2.480145692825317383e+00,1.085226535797119141e+00,1.226544380187988281e-03,4.017525613307952881e-01,0.000000000000000000e+00
1.000000000000000000e+00,5.700000000000000000e+01,5.700000000000000622e-01,9.040239334106445312e+00,-6.971859931945800781e-01,2.492908477783203125e+00,1.084174156188964844e+00,-1.325845718383789062e-03,4.017525613307952881e-01,0.000000000000000000e+00
1.000000000000000000e+00,5.800000000000000000e+01,5.799999999999999600e-01,9.068347930908203125e+00,-7.539964318275451660e-01,2.492427825927734375e+00,1.088251352310180664e+00,1.251339912414550781e-03,4.017525613307952881e-01,0.000000000000000000e+00
1.000000000000000000e+00,5.900000000000000000e+01,5.899999999999999689e-01,9.125827789306640625e+00,-7.904662489891052246e-01,2.505259513854980469e+00,1.087142705917358398e+00,-1.357316970825195312e-03,4.017525613307952881e-01,0.000000000000000000e+00
1.000000000000000000e+00,6.000000000000000000e+01,5.999999999999999778e-01,9.144555091857910156e+00,-8.429872393608093262e-01,2.519593000411987305e+00,1.091247677803039551e+00,1.247644424438476562e-03,4.973433017730712891e-01,8.000000000000000000e+00
1.000000000000000000e+00,6.100000000000000000e+01,6.099999999999999867e-01,9.192680358886718750e+00,-8.753818273544311523e-01,2.547005891799926758e+00,1.090159058570861816e+00,-1.340985298156738281e-03,4.973433017730712891e-01,0.000000000000000000e+00
1.000000000000000000e+00,6.200000000000000000e+01,6.199999999999999956e-01,9.210823059082031250e+00,-9.267426729202270508e-01,2.560932397842407227e+00,1.094248890876770020e+00,1.248836517333984375e-03,4.973433017730712891e-01,0.000000000000000000e+00
1.000000000000000000e+00,6.300000000000000000e+01,6.300000000000000044e-01,9.258403778076171875e+00,-9.579561948776245117e-01,2.587963581085205078e+00,1.093158245086669922e+00,-1.341700553894042969e-03,4.973433017730712891e-01,0.000000000000000000e+00
1.000000000000000000e+00,6.400000000000000000e+01,6.400000000000000133e-01,9.276016235351562500e+00,-1.008157730102539062e+00,2.601511001586914062e+00,1.097244858741760254e+00,1.244902610778808594e-03,4.973433017730712891e-01,0.000000000000000000e+00
1.000000000000000000e+00,6.500000000000000000e+01,6.500000000000000222e-01,9.323095321655273438e+00,-1.038197755813598633e+00,2.628183126449584961e+00,1.096153974533081055e+00,-1.345992088317871094e-03,4.973433017730712891e-01,0.000000000000000000e+00
1.000000000000000000e+00,6.600000000000000000e+01,6.600000000000000311e-01,9.340212821960449219e+00,-1.087253451347351074e+00,2.641370773315429688e+00,1.100238442420959473e+00,1.238465309143066406e-03,4.973433017730712891e-01,0.000000000000000000e+00
1.000000000000000000e+00,6.700000000000000000e+01,6.700000000000000400e-01,9.386660575866699219e+00,-1.116241335868835449e+00,2.667628765106201172e+00,1.099168062210083008e+00,-1.331925392150878906e-03,4.973433017730712891e-01,0.000000000000000000e+00
1.000000000000000000e+00,6.800000000000000000e+01,6.800000000000000488e-01,9.403248786926269531e+00,-1.164208650588989258e+00,2.680444717407226562e+00,1.103237748146057129e+00,1.237750053405761719e-03,4.973433017730712891e-01,0.000000000000000000e+00
1.000000000000000000e+00,6.900000000000000000e+01,6.900000000000000577e-01,9.449295043945312500e+00,-1.192027211189270020e+00,2.706395387649536133e+00,1.102154374122619629e+00,-1.345634460449218750e-03,4.973433017730712891e-01,0.000000000000000000e+00
1.000000000000000000e+00,7.000000000000000000e+01,7.000000000000000666e-01,9.465264320373535156e+00,-1.239000916481018066e+00,2.718801736831665039e+00,1.106249809265136719e+00,1.249790191650390625e-03,4.973433017730712891e-01,0.000000000000000000e+00
1.000000000000000000e+00,7.100000000000000000e+01,7.099999999999999645e-01,9.510829925537109375e+00,-1.265736341476440430e+00,2.744412422180175781e+00,1.105152606964111328e+00,-1.347422599792480469e-03,4.973433017730712891e-01,0.000000000000000000e+00
1.000000000000000000e+00,7.200000000000000000e+01,7.199999999999999734e-01,9.526492118835449219e+00,-1.311543345451354980e+00,2.756553173065185547e+00,1.109225034713745117e+00,1.224994659423828125e-03,4.973433017730712891e-01,0.000000000000000000e+00
1.000000000000000000e+00,7.300000000000000000e+01,7.299999999999999822e-01,9.571157455444335938e+00,-1.337505459785461426e+00,2.781639575958251953e+00,1.108205556869506836e+00,-1.294493675231933594e-03,4.973433017730712891e-01,0.000000000000000000e+00
1.000000000000000000e+00,7.400000000000000000e+01,7.399999999999999911e-01,9.586468696594238281e+00,-1.382208466529846191e+00,2.793497323989868164e+00,1.112207293510437012e+00,1.207351684570312500e-03,4.973433017730712891e-01,0.000000000000000000e+00
1.000000000000000000e+00,7.500000000000000000e+01,7.500000000000000000e-01,9.630922317504882812e+00,-1.406973958015441895e+00,2.818370819091796875e+00,1.111172914505004883e+00,-1.327037811279296875e-03,4.973433017730712891e-01,0.000000000000000000e+00
1.000000000000000000e+00,7.600000000000000000e+01,7.600000000000000089e-01,9.645462989807128906e+00,-1.450882315635681152e+00,2.829760551452636719e+00,1.115242123603820801e+00,1.242160797119140625e-03,4.973433017730712891e-01,0.000000000000000000e+00
1.000000000000000000e+00,7.700000000000000000e+01,7.700000000000000178e-01,9.689708709716796875e+00,-1.474479913711547852e+00,2.854426145553588867e+00,1.114140987396240234e+00,-1.358985900878906250e-03,4.973433017730712891e-01,0.000000000000000000e+00
1.000000000000000000e+00,7.800000000000000000e+01,7.800000000000000266e-01,9.703538894653320312e+00,-1.517584919929504395e+00,2.865377664566040039e+00,1.118271231651306152e+00,1.271247863769531250e-03,4.973433017730712891e-01,0.000000000000000000e+00
1.000000000000000000e+00,7.900000000000000000e+01,7.900000000000000355e-01,9.747473716735839844e+00,-1.540112733840942383e+00,2.889792442321777344e+00,1.117123603820800781e+00,-1.376390457153320312e-03,4.973433017730712891e-01,0.000000000000000000e+00
1.000000000000000000e+00,8.000000000000000000e+01,8.000000000000000444e-01,9.760435104370117188e+00,-1.547513008117675781e+00,2.850458860397338867e+00,1.121256351470947266e+00,1.256346702575683594e-03,5.307299494743347168e-01,8.000000000000000000e+00
1.000000000000000000e+00,8.100000000000000000e+01,8.100000000000000533e-01,9.803137779235839844e+00,-1.535006403923034668e+00,2.825009107589721680e+00,1.120159506797790527e+00,-1.340508460998535156e-03,5.307299494743347168e-01,0.000000000000000000e+00
1.000000000000000000e+00,8.200000000000000000e+01,8.200000000000000622e-01,9.815851211547851562e+00,-1.542205810546875000e+00,2.786604881286621094e+00,1.124232888221740723e+00,1.232862472534179688e-03,5.307299494743347168e-01,0.000000000000000000e+00
1.000000000000000000e+00,8.300000000000000000e+01,8.300000000000000711e-01,9.858040809631347656e+00,-1.529672384262084961e+00,2.761949777603149414e+00,1.123173832893371582e+00,-1.326203346252441406e-03,5.307299494743347168e-01,0.000000000000000000e+00
1.000000000000000000e+00,8.400000000000000000e+01,8.399999999999999689e-01,9.870413780212402344e+00,-1.536740064620971680e+00,2.724408864974975586e+00,1.127222180366516113e+00,1.222133636474609375e-03,5.307299494743347168e-01,0.000000000000000000e+00
1.000000000000000000e+00,8.500000000000000000e+01,8.499999999999999778e-01,9.912468910217285156e+00,-1.523936510086059570e+00,2.700695753097534180e+00,1.126141428947448730e+00,-1.358628273010253906e-03,5.307299494743347168e-01,0.000000000000000000e+00
1.000000000000000000e+00,8.600000000000000000e+01,8.599999999999999867e-01,9.923892021179199219e+00,-1.531285405158996582e+00,2.663721084594726562e+00,1.130287170410156250e+00,1.287221908569335938e-03,5.307299494743347168e-01,0.000000000000000000e+00
1.000000000000000000e+00,8.700000000000000000e+01,8.699999999999999956e-01,9.965811729431152344e+00,-1.518220782279968262e+00,2.640926361083984375e+00,1.129109978675842285e+00,-1.389980316162109375e-03,5.307299494743347168e-01,0.000000000000000000e+00
1.000000000000000000e+00,8.800000000000000000e+01,8.800000000000000044e-01,9.976926803588867188e+00,-1.525433182716369629e+00,2.604783058166503906e+00,1.133274674415588379e+00,1.274704933166503906e-03,5.307299494743347168e-01,0.000000000000000000e+00
1.000000000000000000e+00,8.900000000000000000e+01,8.900000000000000133e-01,1.001831626892089844e+01,-1.512377381324768066e+00,2.582706451416015625e+00,1.132130742073059082e+00,-1.369237899780273438e-03,5.307299494743347168e-01,0.000000000000000000e+00
1.000000000000000000e+00,9.000000000000000000e+01,9.000000000000000222e-01,1.002921772003173828e+01,-1.519397497177124023e+00,2.547414779663085938e+00,1.136251688003540039e+00,1.251697540283203125e-03,5.307299494743347168e-01,0.000000000000000000e+00
1.000000000000000000e+00,9.100000000000000000e+01,9.100000000000000311e-01,1.007005405426025391e+01,-1.506373643875122070e+00,2.526024580001831055e+00,1.135155439376831055e+00,-1.344561576843261719e-03,5.307299494743347168e-01,0.000000000000000000e+00
1.000000000000000000e+00,9.200000000000000000e+01,9.200000000000000400e-01,1.008057594299316406e+01,-1.513320088386535645e+00,2.491487741470336914e+00,1.139250397682189941e+00,1.250386238098144531e-03,5.307299494743347168e-01,0.000000000000000000e+00
1.000000000000000000e+00,9.300000000000000000e+01,9.300000000000000488e-01,1.012115001678466797e+01,-1.500142693519592285e+00,2.470893144607543945e+00,1.138144373893737793e+00,-1.355648040771484375e-03,5.307299494743347168e-01,0.000000000000000000e+00
1.000000000000000000e+00,9.400000000000000000e+01,9.400000000000000577e-01,1.013116359710693359e+01,-1.507108449935913086e+00,2.437031745910644531e+00,1.142265915870666504e+00,1.265883445739746094e-03,5.307299494743347168e-01,0.000000000000000000e+00
1.000000000000000000e+00,9.500000000000000000e+01,9.500000000000000666e-01,1.017154598236083984e+01,-1.493737816810607910e+00,2.417243480682373047e+00,1.141125440597534180e+00,-1.374602317810058594e-03,5.307299494743347168e-01,0.000000000000000000e+00
1.000000000000000000e+00,9.600000000000000000e+01,9.599999999999999645e-01,1.018116569519042969e+01,-1.500653862953186035e+00,2.384088516235351562e+00,1.145268440246582031e+00,1.268386840820312500e-03,5.307299494743347168e-01,0.000000000000000000e+00
1.000000000000000000e+00,9.700000000000000000e+01,9.699999999999999734e-01,1.022114562988281250e+01,-1.487236976623535156e+00,2.364991903305053711e+00,1.144134402275085449e+00,-1.365542411804199219e-03,5.307299494743347168e-01,0.000000000000000000e+00
1.000000000000000000e+00,9.800000000000000000e+01,9.799999999999999822e-01,1.023057937622070312e+01,-1.493972659111022949e+00,2.332615852355957031e+00,1.148246645927429199e+00,1.246690750122070312e-03,5.307299494743347168e-01,0.000000000000000000e+00
1.000000000000000000e+00,9.900000000000000000e+01,9.899999999999999911e-01,1.027018547058105469e+01,-1.480498433113098145e+00,2.314203739166259766e+00,1.147141098976135254e+00,-1.358866691589355469e-03,5.307299494743347168e-01,0.000000000000000000e+00
1.000000000000000000e+00,1.000000000000000000e+02,1.000000000000000000e+00,1.027478504180908203e+01,-1.524536967277526855e+00,2.347508192062377930e+00,1.151257991790771484e+00,1.258015632629394531e-03,5.065281391143798828e-01,8.000000000000000000e+00
1.000000000000000000e+00,1.010000000000000000e+02,1.010000000000000009e+00,1.030970764160156250e+01,-1.547846198081970215e+00,2.394050359725952148e+00,1.150145530700683594e+00,-1.354455947875976562e-03,5.065281391143798828e-01,0.000000000000000000e+00
1.000000000000000000e+00,1.020000000000000000e+02,1.020000000000000018e+00,1.031397438049316406e+01,-1.591002225875854492e+00,2.426462173461914062e+00,1.154269695281982422e+00,1.269698143005371094e-03,5.065281391143798828e-01,0.000000000000000000e+00
1.000000000000000000e+00,1.030000000000000000e+02,1.030000000000000027e+00,1.034889411926269531e+01,-1.613201141357421875e+00,2.472276210784912109e+00,1.153119206428527832e+00,-1.380801200866699219e-03,5.065281391143798828e-01,0.000000000000000000e+00
1.000000000000000000e+00,1.040000000000000000e+02,1.040000000000000036e+00,1.035295486450195312e+01,-1.655416488647460938e+00,2.503869533538818359e+00,1.157266497611999512e+00,1.266479492187500000e-03,5.065281391143798828e-01,0.000000000000000000e+00
1.000000000000000000e+00,1.050000000000000000e+02,1.050000000000000044e+00,1.038744354248046875e+01,-1.676815867424011230e+00,2.548780918121337891e+00,1.156147837638854980e+00,-1.352190971374511719e-03,5.065281391143798828e-01,0.000000000000000000e+00
1.000000000000000000e+00,1.060000000000000000e+02,1.060000000000000053e+00,1.039150619506835938e+01,-1.717976927757263184e+00,2.579666137695312500e+00,1.160238623619079590e+00,1.238584518432617188e-03,5.065281391143798828e-01,0.000000000000000000e+00
1.000000000000000000e+00,1.070000000000000000e+02,1.070000000000000062e+00,1.042588043212890625e+01,-1.738391399383544922e+00,2.623834371566772461e+00,1.159137129783630371e+00,-1.362919807434082031e-03,5.065281391143798828e-01,0.000000000000000000e+00
1.000000000000000000e+00,1.080000000000000000e+02,1.080000000000000071e+00,1.042947006225585938e+01,-1.778840065002441406e+00,2.653814315795898438e+00,1.163268804550170898e+00,1.268863677978515625e-03,5.065281391143798828e-01,0.000000000000000000e+00
1.000000000000000000e+00,1.090000000000000000e+02,1.090000000000000080e+00,1.046363162994384766e+01,-1.798359155654907227e+00,2.697212457656860352e+00,1.162139177322387695e+00,-1.360774040222167969e-03,5.065281391143798828e-01,0.000000000000000000e+00
1.000000000000000000e+00,1.100000000000000000e+02,1.100000000000000089e+00,1.046715354919433594e+01,-1.837849497795104980e+00,2.726485729217529297e+00,1.166250586509704590e+00,1.250624656677246094e-03,5.065281391143798828e-01,0.000000000000000000e+00
1.000000000000000000e+00,1.110000000000000000e+02,1.110000000000000098e+00,1.050116443634033203e+01,-1.856456160545349121e+00,2.769157409667968750e+00,1.165134310722351074e+00,-1.365661621093750000e-03,5.065281391143798828e-01,0.000000000000000000e+00
1.000000000000000000e+00,1.120000000000000000e+02,1.120000000000000107e+00,1.050448036193847656e+01,-1.895104050636291504e+00,2.797677040100097656e+00,1.169249653816223145e+00,1.249670982360839844e-03,5.065281391143798828e-01,0.000000000000000000e+00
1.000000000000000000e+00,1.130000000000000000e+02,1.130000000000000115e+00,1.053810691833496094e+01,-1.912977337837219238e+00,2.839534044265747070e+00,1.168159246444702148e+00,-1.340746879577636719e-03,5.065281391143798828e-01,0.000000000000000000e+00
1.000000000000000000e+00,1.140000000000000000e+02,1.140000000000000124e+00,1.054117488861083984e+01,-1.950833439826965332e+00,2.867297410964965820e+00,1.172254204750061035e+00,1.254200935363769531e-03,5.065281391143798828e-01,0.000000000000000000e+00
1.000000000000000000e+00,1.150000000000000000e+02,1.150000000000000133e+00,1.057480144500732422e+01,-1.967739224433898926e+00,2.908528327941894531e+00,1.171136498451232910e+00,-1.363515853881835938e-03,5.065281391143798828e-01,0.000000000000000000e+00
1.000000000000000000e+00,1.160000000000000000e+02,1.159999999999999920e+00,1.057774448394775391e+01,-2.004744529724121094e+00,2.935605287551879883e+00,1.175244569778442383e+00,1.244544982910156250e-03,5.065281391143798828e-01,0.000000000000000000e+00
1.000000000000000000e+00,1.170000000000000000e+02,1.169999999999999929e+00,1.061109733581542969e+01,-2.020888328552246094e+00,2.976102352142333984e+00,1.174148797988891602e+00,-1.351237297058105469e-03,5.065281391143798828e-01,0.000000000000000000e+00
1.000000000000000000e+00,1.180000000000000000e+02,1.179999999999999938e+00,1.061379909515380859e+01,-2.057142734527587891e+00,3.002455234527587891e+00,1.178249478340148926e+00,1.249432563781738281e-03,5.065281391143798828e-01,0.000000000000000000e+00
1.000000000000000000e+00,1.190000000000000000e+02,1.189999999999999947e+00,1.064694118499755859e+01,-2.072504758834838867e+00,3.042261600494384766e+00,1.177153706550598145e+00,-1.346349716186523438e-03,5.065281391143798828e-01,0.000000000000000000e+00
1.000000000000000000e+00,1.200000000000000000e+02,1.199999999999999956e+00,1.064780139923095703e+01,-2.094038248062133789e+00,3.050896644592285156e+00,1.181246519088745117e+00,1.246571540832519531e-03,4.327219426631927490e-01,8.000000000000000000e+00
1.000000000000000000e+00,1.210000000000000000e+02,1.209999999999999964e+00,1.067916393280029297e+01,-2.094783782958984375e+00,3.073215484619140625e+00,1.180148243904113770e+00,-1.351714134216308594e-03,4.327219426631927490e-01,0.000000000000000000e+00
1.000000000000000000e+00,1.220000000000000000e+02,1.219999999999999973e+00,1.067981719970703125e+01,-2.115890264511108398e+00,3.081539154052734375e+00,1.184250593185424805e+00,1.250624656677246094e-03,4.327219426631927490e-01,0.000000000000000000e+00
1.000000000000000000e+00,1.230000000000000000e+02,1.229999999999999982e+00,1.071104240417480469e+01,-2.116155385971069336e+00,3.103588581085205078e+00,1.183148145675659180e+00,-1.351833343505859375e-03,4.327219426631927490e-01,0.000000000000000000e+00
1.000000000000000000e+00,1.240000000000000000e+02,1.239999999999999991e+00,1.071147251129150391e+01,-2.136860847473144531e+00,3.111598730087280273e+00,1.187257170677185059e+00,1.257181167602539062e-03,4.327219426631927490e-01,0.000000000000000000e+00
1.000000000000000000e+00,1.250000000000000000e+02,1.250000000000000000e+00,1.074261474609375000e+01,-2.136623859405517578e+00,3.133408546447753906e+00,1.186141967773437500e+00,-1.358032226562500000e-03,4.327219426631927490e-01,0.000000000000000000e+00
1.000000000000000000e+00,1.260000000000000000e+02,1.260000000000000009e+00,1.074305343627929688e+01,-2.156785726547241211e+00,3.141216278076171875e+00,1.190236330032348633e+00,1.236319541931152344e-03,4.327219426631927490e-01,0.000000000000000000e+00
1.000000000000000000e+00,1.270000000000000000e+02,1.270000000000000018e+00,1.077393627166748047e+01,-2.156179666519165039e+00,3.162712097167968750e+00,1.189158439636230469e+00,-1.341581344604492188e-03,4.327219426631927490e-01,0.000000000000000000e+00
1.000000000000000000e+00,1.280000000000000000e+02,1.280000000000000027e+00,1.077431106567382812e+01,-2.175860881805419922e+00,3.170289516448974609e+00,1.193224787712097168e+00,1.224756240844726562e-03,4.327219426631927490e-01,0.000000000000000000e+00
1.000000000000000000e+00,1.290000000000000000e+02,1.290000000000000036e+00,1.080490970611572266e+01,-2.174915552139282227e+00,3.191465616226196289e+00,1.192178368568420410e+00,-1.321673393249511719e-03,4.327219426631927490e-01,0.000000000000000000e+00
1.000000000000000000e+00,1.300000000000000000e+02,1.300000000000000044e+00,1.080508899688720703e+01,-2.194219112396240234e+00,3.198758125305175781e+00,1.196229457855224609e+00,1.229405403137207031e-03,4.327219426631927490e-01,0.000000000000000000e+00
1.000000000000000000e+00,1.310000000000000000e+02,1.310000000000000053e+00,1.083568000793457031e+01,-2.192761659622192383e+00,3.219745397567749023e+00,1.195164322853088379e+00,-1.335620880126953125e-03,4.327219426631927490e-01,0.000000000000000000e+00
1.000000000000000000e+00,1.320000000000000000e+02,1.320000000000000062e+00,1.083548545837402344e+01,-2.211820363998413086e+00,3.226677417755126953e+00,1.199255585670471191e+00,1.255631446838378906e-03,4.327219426631927490e-01,0.000000000000000000e+00
1.000000000000000000e+00,1.330000000000000000e+02,1.330000000000000071e+00,1.086615562438964844e+01,-2.209805250167846680e+00,3.247519731521606445e+00,1.198140144348144531e+00,-1.359820365905761719e-03,4.327219426631927490e-01,0.000000000000000000e+00
1.000000000000000000e+00,1.340000000000000000e+02,1.340000000000000080e+00,1.086591339111328125e+01,-2.228411436080932617e+00,3.254244327545166016e+00,1.202243328094482422e+00,1.243352890014648438e-03,4.327219426631927490e-01,0.000000000000000000e+00
1.000000000000000000e+00,1.350000000000000000e+02,1.350000000000000089e+00,1.089643478393554688e+01,-2.226005077362060547e+00,3.274843931198120117e+00,1.201144814491271973e+00,-1.355171203613281250e-03,4.327219426631927490e-01,0.000000000000000000e+00
1.000000000000000000e+00,1.360000000000000000e+02,1.360000000000000098e+00,1.089577674865722656e+01,-2.244420766830444336e+00,3.281198263168334961e+00,1.205275654792785645e+00,1.275658607482910156e-03,4.327219426631927490e-01,0.000000000000000000e+00
1.000000000000000000e+00,1.370000000000000000e+02,1.370000000000000107e+00,1.092638778686523438e+01,-2.241474628448486328e+00,3.301667690277099609e+00,1.204120278358459473e+00,-1.379728317260742188e-03,4.327219426631927490e-01,0.000000000000000000e+00
1.000000000000000000e+00,1.380000000000000000e+02,1.380000000000000115e+00,1.092567443847656250e+01,-2.259467840194702148e+00,3.307820558547973633e+00,1.208265066146850586e+00,1.265048980712890625e-03,4.327219426631927490e-01,0.000000000000000000e+00
1.000000000000000000e+00,1.390000000000000000e+02,1.390000000000000124e+00,1.095607852935791016e+01,-2.256194114685058594e+00,3.328030109405517578e+00,1.207133293151855469e+00,-1.366734504699707031e-03,4.327219426631927490e-01,0.000000000000000000e+00
1.000000000000000000e+00,1.400000000000000000e+02,1.400000000000000133e+00,1.095613574981689453e+01,-2.276119709014892578e+00,3.335433483123779297e+00,1.211262226104736328e+00,1.262187957763671875e-03,3.214019238948822021e-01,0.000000000000000000e+00
1.000000000000000000e+00,1.410000000000000000e+02,1.409999999999999920e+00,1.098720932006835938e+01,-2.274755954742431641e+00,3.356828212738037109e+00,1.210144758224487305e+00,-1.355290412902832031e-03,3.214019238948822021e-01,0.000000000000000000e+00
1.000000000000000000e+00,1.420000000000000000e+02,1.419999999999999929e+00,1.098722839355468750e+01,-2.294110059738159180e+00,3.363985538482666016e+00,1.214244842529296875e+00,1.244783401489257812e-03,3.214019238948822021e-01,0.000000000000000000e+00
1.000000000000000000e+00,1.430000000000000000e+02,1.429999999999999938e+00,1.101814651489257812e+01,-2.292247772216796875e+00,3.385094404220581055e+00,1.213146090507507324e+00,-1.353859901428222656e-03,3.214019238948822021e-01,0.000000000000000000e+00
1.000000000000000000e+00,1.440000000000000000e+02,1.439999999999999947e+00,1.101782226562500000e+01,-2.311254739761352539e+00,3.391874313354492188e+00,1.217264175415039062e+00,1.264214515686035156e-03,3.214019238948822021e-01,0.000000000000000000e+00
1.000000000000000000e+00,1.450000000000000000e+02,1.449999999999999956e+00,1.104857444763183594e+01,-2.308919429779052734e+00,3.412698745727539062e+00,1.216149568557739258e+00,-1.350402832031250000e-03,3.214019238948822021e-01,0.000000000000000000e+00
1.000000000000000000e+00,1.460000000000000000e+02,1.459999999999999964e+00,1.104822349548339844e+01,-2.327382087707519531e+00,3.419251918792724609e+00,1.220246553421020508e+00,1.246571540832519531e-03,3.214019238948822021e-01,0.000000000000000000e+00
1.000000000000000000e+00,1.470000000000000000e+02,1.469999999999999973e+00,1.107900142669677734e+01,-2.324459791183471680e+00,3.439886569976806641e+00,1.219129920005798340e+00,-1.370072364807128906e-03,3.214019238948822021e-01,0.000000000000000000e+00
1.000000000000000000e+00,1.480000000000000000e+02,1.479999999999999982e+00,1.107829761505126953e+01,-2.342617034912109375e+00,3.446070909500122070e+00,1.223268389701843262e+00,1.268386840820312500e-03,3.214019238948822021e-01,0.000000000000000000e+00
1.000000000000000000e+00,1.490000000000000000e+02,1.489999999999999991e+00,1.110881614685058594e+01,-2.339318752288818359e+00,3.466392040252685547e+00,1.222146272659301758e+00,-1.353740692138671875e-03,3.214019238948822021e-01,0.000000000000000000e+00
1.000000000000000000e+00,1.500000000000000000e+02,1.500000000000000000e+00,1.110819244384765625e+01,-2.356892347335815430e+00,3.472411394119262695e+00,1.226239323616027832e+00,1.239299774169921875e-03,3.214019238948822021e-01,0.000000000000000000e+00
1.000000000000000000e+00,1.510000000000000000e+02,1.510000000000000009e+00,1.113840961456298828e+01,-2.353262186050415039e+00,3.492406129837036133e+00,1.225168228149414062e+00,-1.331806182861328125e-03,3.214019238948822021e-01,0.000000000000000000e+00
1.000000000000000000e+00,1.520000000000000000e+02,1.520000000000000018e+00,1.113774871826171875e+01,-2.370347976684570312e+00,3.498212814331054688e+00,1.229224920272827148e+00,1.224875450134277344e-03,3.214019238948822021e-01,0.000000000000000000e+00
1.000000000000000000e+00,1.530000000000000000e+02,1.530000000000000027e+00,1.116781425476074219e+01,-2.366300582885742188e+00,3.517955780029296875e+00,1.228172421455383301e+00,-1.327633857727050781e-03,3.214019238948822021e-01,0.000000000000000000e+00
1.000000000000000000e+00,1.540000000000000000e+02,1.540000000000000036e+00,1.116689777374267578e+01,-2.383062601089477539e+00,3.523456096649169922e+00,1.232236504554748535e+00,1.236557960510253906e-03,3.214019238948822021e-01,0.000000000000000000e+00
1.000000000000000000e+00,1.550000000000000000e+02,1.550000000000000044e+00,1.119692611694335938e+01,-2.378535032272338867e+00,3.543005704879760742e+00,1.231163024902343750e+00,-1.336932182312011719e-03,3.214019238948822021e-01,0.000000000000000000e+00
1.000000000000000000e+00,1.560000000000000000e+02,1.560000000000000053e+00,1.119581222534179688e+01,-2.394948720932006836e+00,3.548232078552246094e+00,1.235241889953613281e+00,1.241922378540039062e-03,3.214019238948822021e-01,0.000000000000000000e+00
1.000000000000000000e+00,1.570000000000000000e+02,1.570000000000000062e+00,1.122576141357421875e+01,-2.389984607696533203e+00,3.567574024200439453e+00,1.234159588813781738e+00,-1.340389251708984375e-03,3.214019238948822021e-01,0.000000000000000000e+00
1.000000000000000000e+00,1.580000000000000000e+02,1.580000000000000071e+00,1.122444438934326172e+01,-2.406068086624145508e+00,3.572529554367065430e+00,1.238248348236083984e+00,1.248359680175781250e-03,3.214019238948822021e-01,0.000000000000000000e+00
1.000000000000000000e+00,1.590000000000000000e+02,1.590000000000000080e+00,1.125430965423583984e+01,-2.400685071945190430e+00,3.591667890548706055e+00,1.237157225608825684e+00,-1.342773437500000000e-03,3.214019238948822021e-01,0.000000000000000000e+00
1.000000000000000000e+00,1.600000000000000000e+02,1.600000000000000089e+00,1.124660110473632812e+01,-2.424287319183349609e+00,3.622023820877075195e+00,1.241239666938781738e+00,1.239657402038574219e-03,1.923257857561111450e-01,0.000000000000000000e+00
1.000000000000000000e+00,1.610000000000000000e+02,1.610000000000000098e+00,1.127007675170898438e+01,-2.426290512084960938e+00,3.666014194488525391e+00,1.240165472030639648e+00,-1.334547996520996094e-03,1.923257857561111450e-01,0.000000000000000000e+00
1.000000000000000000e+00,1.620000000000000000e+02,1.620000000000000107e+00,1.126247119903564453e+01,-2.449139595031738281e+00,3.695129156112670898e+00,1.244234919548034668e+00,1.234889030456542969e-03,1.923257857561111450e-01,0.000000000000000000e+00
1.000000000000000000e+00,1.630000000000000000e+02,1.630000000000000115e+00,1.128608226776123047e+01,-2.450368642807006836e+00,3.737934112548828125e+00,1.243160963058471680e+00,-1.339077949523925781e-03,1.923257857561111450e-01,0.000000000000000000e+00
1.000000000000000000e+00,1.640000000000000000e+02,1.640000000000000124e+00,1.127850151062011719e+01,-2.472542762756347656e+00,3.765820980072021484e+00,1.247238874435424805e+00,1.238822937011718750e-03,1.923257857561111450e-01,0.000000000000000000e+00
1.000000000000000000e+00,1.650000000000000000e+02,1.650000000000000133e+00,1.130212402343750000e+01,-2.473107099533081055e+00,3.807430744171142578e+00,1.246171236038208008e+00,-1.328706741333007812e-03,1.923257857561111450e-01,0.000000000000000000e+00
1.000000000000000000e+00,1.660000000000000000e+02,1.660000000000000142e+00,1.129442787170410156e+01,-2.494726657867431641e+00,3.834072113037109375e+00,1.250258803367614746e+00,1.258850097656250000e-03,1.923257857561111450e-01,0.000000000000000000e+00
1.000000000000000000e+00,1.670000000000000000e+02,1.669999999999999929e+00,1.131852531433105469e+01,-2.494334936141967773e+00,3.874745845794677734e+00,1.249125003814697266e+00,-1.374959945678710938e-03,1.923257857561111450e-01,0.000000000000000000e+00
1.000000000000000000e+00,1.680000000000000000e+02,1.679999999999999938e+00,1.131083774566650391e+01,-2.515339374542236328e+00,3.900243759155273438e+00,1.253264188766479492e+00,1.264214515686035156e-03,1.923257857561111450e-01,0.000000000000000000e+00
1.000000000000000000e+00,1.690000000000000000e+02,1.689999999999999947e+00,1.133479404449462891e+01,-2.514434576034545898e+00,3.939742803573608398e+00,1.252153635025024414e+00,-1.346349716186523438e-03,1.923257857561111450e-01,0.000000000000000000e+00
1.000000000000000000e+00,1.700000000000000000e+02,1.699999999999999956e+00,1.132719135284423828e+01,-2.534794330596923828e+00,3.964175701141357422e+00,1.256260275840759277e+00,1.260280609130859375e-03,1.923257857561111450e-01,0.000000000000000000e+00
1.000000000000000000e+00,1.710000000000000000e+02,1.709999999999999964e+00,1.135132884979248047e+01,-2.533179283142089844e+00,4.002690792083740234e+00,1.255142688751220703e+00,-1.357316970825195312e-03,1.923257857561111450e-01,0.000000000000000000e+00
1.000000000000000000e+00,1.720000000000000000e+02,1.719999999999999973e+00,1.134379196166992188e+01,-2.552929639816284180e+00,4.026091575622558594e+00,1.259258389472961426e+00,1.258373260498046875e-03,1.923257857561111450e-01,0.000000000000000000e+00
1.000000000000000000e+00,1.730000000000000000e+02,1.729999999999999982e+00,1.136793994903564453e+01,-2.550742626190185547e+00,4.063584327697753906e+00,1.258152484893798828e+00,-1.347541809082031250e-03,1.923257857561111450e-01,0.000000000000000000e+00
1.000000000000000000e+00,1.740000000000000000e+02,1.739999999999999991e+00,1.136058044433593750e+01,-2.569827556610107422e+00,4.086044788360595703e+00,1.262243151664733887e+00,1.243114471435546875e-03,1.923257857561111450e-01,0.000000000000000000e+00
1.000000000000000000e+00,1.750000000000000000e+02,1.750000000000000000e+00,1.138471698760986328e+01,-2.567105054855346680e+00,4.122544288635253906e+00,1.261164665222167969e+00,-1.335382461547851562e-03,1.923257857561111450e-01,0.000000000000000000e+00
1.000000000000000000e+00,1.760000000000000000e+02,1.760000000000000009e+00,1.137740802764892578e+01,-2.585632324218750000e+00,4.144044399261474609e+00,1.265242576599121094e+00,1.242518424987792969e-03,1.923257857561111450e-01,0.000000000000000000e+00
1.000000000000000000e+00,1.770000000000000000e+02,1.770000000000000018e+00,1.140177536010742188e+01,-2.582227945327758789e+00,4.179700851440429688e+00,1.264147281646728516e+00,-1.352667808532714844e-03,1.923257857561111450e-01,0.000000000000000000e+00
1.000000000000000000e+00,1.780000000000000000e+02,1.780000000000000027e+00,1.139435195922851562e+01,-2.600329637527465820e+00,4.200201988220214844e+00,1.268260717391967773e+00,1.260757446289062500e-03,1.923257857561111450e-01,0.000000000000000000e+00
1.000000000000000000e+00,1.790000000000000000e+02,1.790000000000000036e+00,1.141872024536132812e+01,-2.596420526504516602e+00,4.234945297241210938e+00,1.267157673835754395e+00,-1.342296600341796875e-03,1.923257857561111450e-01,0.000000000000000000e+00
1.000000000000000000e+00,1.800000000000000000e+02,1.800000000000000044e+00,1.140692710876464844e+01,-2.587193727493286133e+00,4.224584102630615234e+00,1.271254777908325195e+00,1.254796981811523438e-03,1.115501746535301208e-01,0.000000000000000000e+00
1.000000000000000000e+00,1.810000000000000000e+02,1.810000000000000053e+00,1.142720603942871094e+01,-2.556393861770629883e+00,4.229171752929687500e+00,1.270136356353759766e+00,-1.363635063171386719e-03,1.115501746535301208e-01,0.000000000000000000e+00
1.000000000000000000e+00,1.820000000000000000e+02,1.820000000000000062e+00,1.141554641723632812e+01,-2.547839403152465820e+00,4.219091892242431641e+00,1.274267554283142090e+00,1.267552375793457031e-03,1.115501746535301208e-01,0.000000000000000000e+00
1.000000000000000000e+00,1.830000000000000000e+02,1.830000000000000071e+00,1.143599033355712891e+01,-2.517680168151855469e+00,4.223968029022216797e+00,1.273152351379394531e+00,-1.347661018371582031e-03,1.115501746535301208e-01,0.000000000000000000e+00
1.000000000000000000e+00,1.840000000000000000e+02,1.840000000000000080e+00,1.142471408843994141e+01,-2.509592771530151367e+00,4.214276313781738281e+00,1.277249813079833984e+00,1.249790191650390625e-03,1.115501746535301208e-01,0.000000000000000000e+00
1.000000000000000000e+00,1.850000000000000000e+02,1.850000000000000089e+00,1.144552230834960938e+01,-2.479904174804687500e+00,4.219524383544921875e+00,1.276143074035644531e+00,-1.356959342956542969e-03,1.115501746535301208e-01,0.000000000000000000e+00
1.000000000000000000e+00,1.860000000000000000e+02,1.860000000000000098e+00,1.143418312072753906e+01,-2.472558259963989258e+00,4.210003852844238281e+00,1.280282735824584961e+00,1.282691955566406250e-03,1.115501746535301208e-01,0.000000000000000000e+00
1.000000000000000000e+00,1.870000000000000000e+02,1.870000000000000107e+00,1.145533752441406250e+01,-2.443321466445922852e+00,4.215605735778808594e+00,1.279134750366210938e+00,-1.365303993225097656e-03,1.115501746535301208e-01,0.000000000000000000e+00
1.000000000000000000e+00,1.880000000000000000e+02,1.880000000000000115e+00,1.144437503814697266e+01,-2.436384916305541992e+00,4.206451416015625000e+00,1.283263206481933594e+00,1.263260841369628906e-03,1.115501746535301208e-01,0.000000000000000000e+00
1.000000000000000000e+00,1.890000000000000000e+02,1.890000000000000124e+00,1.146563529968261719e+01,-2.407733678817749023e+00,4.212287425994873047e+00,1.282154083251953125e+00,-1.345872879028320312e-03,1.115501746535301208e-01,0.000000000000000000e+00
1.000000000000000000e+00,1.900000000000000000e+02,1.900000000000000133e+00,1.145501422882080078e+01,-2.401201486587524414e+00,4.203473091125488281e+00,1.286247014999389648e+00,1.247048377990722656e-03,1.115501746535301208e-01,0.000000000000000000e+00
1.000000000000000000e+00,1.910000000000000000e+02,1.910000000000000142e+00,1.147650527954101562e+01,-2.373021125793457031e+00,4.209592819213867188e+00,1.285157442092895508e+00,-1.342535018920898438e-03,1.115501746535301208e-01,0.000000000000000000e+00
1.000000000000000000e+00,1.920000000000000000e+02,1.919999999999999929e+00,1.146608734130859375e+01,-2.366959810256958008e+00,4.201047420501708984e+00,1.289245605468750000e+00,1.245617866516113281e-03,1.115501746535301208e-01,0.000000000000000000e+00
1.000000000000000000e+00,1.930000000000000000e+02,1.929999999999999938e+00,1.148772048950195312e+01,-2.339283227920532227e+00,4.207402229309082031e+00,1.288170218467712402e+00,-1.329779624938964844e-03,1.115501746535301208e-01,0.000000000000000000e+00
1.000000000000000000e+00,1.940000000000000000e+02,1.939999999999999947e+00,1.147747135162353516e+01,-2.333689689636230469e+00,4.199100971221923828e+00,1.292247176170349121e+00,1.247167587280273438e-03,1.115501746535301208e-01,0.000000000000000000e+00
1.000000000000000000e+00,1.950000000000000000e+02,1.949999999999999956e+00,1.149938583374023438e+01,-2.306395053863525391e+00,4.205747604370117188e+00,1.291165471076965332e+00,-1.334547996520996094e-03,1.115501746535301208e-01,0.000000000000000000e+00
1.000000000000000000e+00,1.960000000000000000e+02,1.959999999999999964e+00,1.148935413360595703e+01,-2.301210641860961914e+00,4.197705745697021484e+00,1.295242190361022949e+00,1.242160797119140625e-03,1.115501746535301208e-01,0.000000000000000000e+00
1.000000000000000000e+00,1.970000000000000000e+02,1.969999999999999973e+00,1.151148319244384766e+01,-2.274317979812622070e+00,4.204606056213378906e+00,1.294167757034301758e+00,-1.332283020019531250e-03,1.115501746535301208e-01,0.000000000000000000e+00
1.000000000000000000e+00,1.980000000000000000e+02,1.979999999999999982e+00,1.150152111053466797e+01,-2.269619464874267578e+00,4.196747303009033203e+00,1.298253178596496582e+00,1.253128051757812500e-03,1.115501746535301208e-01,0.000000000000000000e+00
1.000000000000000000e+00,1.990000000000000000e+02,1.989999999999999991e+00,1.152395439147949219e+01,-2.243042707443237305e+00,4.203936576843261719e+00,1.297158360481262207e+00,-1.341581344604492188e-03,1.115501746535301208e-01,0.000000000000000000e+00
1.000000000000000000e+00,2.000000000000000000e+02,2.000000000000000000e+00,1.151093101501464844e+01,-2.269712448120117188e+00,4.249348640441894531e+00,1.301242947578430176e+00,1.242995262145996094e-03,1.952804327011108398e-01,0.000000000000000000e+00
1.000000000000000000e+00,2.010000000000000000e+02,2.010000000000000231e+00,1.153037357330322266e+01,-2.273862123489379883e+00,4.308799266815185547e+00,1.300151467323303223e+00,-1.348495483398437500e-03,1.952804327011108398e-01,0.000000000000000000e+00
1.000000000000000000e+00,2.020000000000000000e+02,2.020000000000000018e+00,1.151735591888427734e+01,-2.299865484237670898e+00,4.352272987365722656e+00,1.304269671440124512e+00,1.269698143005371094e-03,1.952804327011108398e-01,0.000000000000000000e+00
1.000000000000000000e+00,2.030000000000000000e+02,2.030000000000000249e+00,1.153709411621093750e+01,-2.303157567977905273e+00,4.409976482391357422e+00,1.303150057792663574e+00,-1.349925994873046875e-03,1.952804327011108398e-01,0.000000000000000000e+00
1.000000000000000000e+00,2.040000000000000000e+02,2.040000000000000036e+00,1.152427864074707031e+01,-2.328385591506958008e+00,4.451675415039062500e+00,1.307273149490356445e+00,1.273155212402343750e-03,1.952804327011108398e-01,0.000000000000000000e+00
1.000000000000000000e+00,2.050000000000000000e+02,2.049999999999999822e+00,1.154435443878173828e+01,-2.330816030502319336e+00,4.507721900939941406e+00,1.306142926216125488e+00,-1.357078552246093750e-03,1.952804327011108398e-01,0.000000000000000000e+00
1.000000000000000000e+00,2.060000000000000000e+02,2.060000000000000053e+00,1.153187847137451172e+01,-2.355197429656982422e+00,4.547780513763427734e+00,1.310259819030761719e+00,1.259803771972656250e-03,1.952804327011108398e-01,0.000000000000000000e+00
1.000000000000000000e+00,2.070000000000000000e+02,2.069999999999999840e+00,1.155207538604736328e+01,-2.356938362121582031e+00,4.602138519287109375e+00,1.309160470962524414e+00,-1.339554786682128906e-03,1.952804327011108398e-01,0.000000000000000000e+00
1.000000000000000000e+00,2.080000000000000000e+02,2.080000000000000071e+00,1.153993129730224609e+01,-2.380501985549926758e+00,4.640620708465576172e+00,1.313246607780456543e+00,1.246571540832519531e-03,1.952804327011108398e-01,0.000000000000000000e+00
1.000000000000000000e+00,2.090000000000000000e+02,2.089999999999999858e+00,1.156028556823730469e+01,-2.381550312042236328e+00,4.693372726440429688e+00,1.312172770500183105e+00,-1.327276229858398438e-03,1.952804327011108398e-01,0.000000000000000000e+00
1.000000000000000000e+00,2.100000000000000000e+02,2.100000000000000089e+00,1.154841613769531250e+01,-2.404357433319091797e+00,4.730317115783691406e+00,1.316239118576049805e+00,1.239061355590820312e-03,1.952804327011108398e-01,0.000000000000000000e+00
1.000000000000000000e+00,2.110000000000000000e+02,2.109999999999999876e+00,1.156895351409912109e+01,-2.404718160629272461e+00,4.781538963317871094e+00,1.315181136131286621e+00,-1.318812370300292969e-03,1.952804327011108398e-01,0.000000000000000000e+00
1.000000000000000000e+00,2.120000000000000000e+02,2.120000000000000107e+00,1.155721664428710938e+01,-2.426885843276977539e+00,4.816943168640136719e+00,1.319246411323547363e+00,1.246452331542968750e-03,1.952804327011108398e-01,0.000000000000000000e+00
1.000000000000000000e+00,2.130000000000000000e+02,2.129999999999999893e+00,1.157822132110595703e+01,-2.426385402679443359e+00,4.866827964782714844e+00,1.318155884742736816e+00,-1.344084739685058594e-03,1.952804327011108398e-01,0.000000000000000000e+00
1.000000000000000000e+00,2.140000000000000000e+02,2.140000000000000124e+00,1.156649971008300781e+01,-2.448015451431274414e+00,4.900696754455566406e+00,1.322266340255737305e+00,1.266360282897949219e-03,1.952804327011108398e-01,0.000000000000000000e+00
1.000000000000000000e+00,2.150000000000000000e+02,2.149999999999999911e+00,1.158770275115966797e+01,-2.446858406066894531e+00,4.949177742004394531e+00,1.321161270141601562e+00,-1.338720321655273438e-03,1.952804327011108398e-01,0.000000000000000000e+00
1.000000000000000000e+00,2.160000000000000000e+02,2.160000000000000142e+00,1.157634353637695312e+01,-2.467732191085815430e+00,4.981732368469238281e+00,1.325246334075927734e+00,1.246333122253417969e-03,1.952804327011108398e-01,0.000000000000000000e+00
1.000000000000000000e+00,2.170000000000000000e+02,2.169999999999999929e+00,1.159769821166992188e+01,-2.465969085693359375e+00,5.028844356536865234e+00,1.324171304702758789e+00,-1.328706741333007812e-03,1.952804327011108398e-01,0.000000000000000000e+00
1.000000000000000000e+00,2.180000000000000000e+02,2.180000000000000160e+00,1.158650398254394531e+01,-2.486240863800048828e+00,5.060048103332519531e+00,1.328247785568237305e+00,1.247763633728027344e-03,1.952804327011108398e-01,0.000000000000000000e+00
1.000000000000000000e+00,2.190000000000000000e+02,2.189999999999999947e+00,1.160830211639404297e+01,-2.483691453933715820e+00,5.105981826782226562e+00,1.327146887779235840e+00,-1.353144645690917969e-03,1.952804327011108398e-01,0.000000000000000000e+00
1.000000000000000000e+00,2.200000000000000000e+02,2.200000000000000178e+00,1.159522914886474609e+01,-2.480700731277465820e+00,5.106316089630126953e+00,1.331271767616271973e+00,1.271724700927734375e-03,3.257532417774200439e-01,0.000000000000000000e+00
1.000000000000000000e+00,2.210000000000000000e+02,2.209999999999999964e+00,1.161533069610595703e+01,-2.455182790756225586e+00,5.122069358825683594e+00,1.330145359039306641e+00,-1.354694366455078125e-03,3.257532417774200439e-01,0.000000000000000000e+00
1.000000000000000000e+00,2.220000000000000000e+02,2.220000000000000195e+00,1.160237503051757812e+01,-2.452468156814575195e+00,5.122263431549072266e+00,1.334252953529357910e+00,1.253008842468261719e-03,3.257532417774200439e-01,0.000000000000000000e+00
1.000000000000000000e+00,2.230000000000000000e+02,2.229999999999999982e+00,1.162265491485595703e+01,-2.427185297012329102e+00,5.137908458709716797e+00,1.333126902580261230e+00,-1.373052597045898438e-03,3.257532417774200439e-01,0.000000000000000000e+00
1.000000000000000000e+00,2.240000000000000000e+02,2.240000000000000213e+00,1.161004066467285156e+01,-2.424581527709960938e+00,5.138073921203613281e+00,1.337208986282348633e+00,1.209020614624023438e-03,3.257532417774200439e-01,0.000000000000000000e+00
1.000000000000000000e+00,2.250000000000000000e+02,2.250000000000000000e+00,1.163060569763183594e+01,-2.399449825286865234e+00,5.153667449951171875e+00,1.336095333099365234e+00,-1.404643058776855469e-03,3.257532417774200439e-01,0.000000000000000000e+00
1.000000000000000000e+00,2.260000000000000000e+02,2.260000000000000231e+00,1.161799049377441406e+01,-2.397181749343872070e+00,5.153649330139160156e+00,1.340202450752258301e+00,1.202464103698730469e-03,3.257532417774200439e-01,0.000000000000000000e+00
1.000000000000000000e+00,2.270000000000000000e+02,2.270000000000000018e+00,1.163896465301513672e+01,-2.372106552124023438e+00,5.169254779815673828e+00,1.339048147201538086e+00,-1.451849937438964844e-03,3.257532417774200439e-01,0.000000000000000000e+00
1.000000000000000000e+00,2.280000000000000000e+02,2.280000000000000249e+00,1.162665081024169922e+01,-2.369957208633422852e+00,5.169200420379638672e+00,1.343162775039672852e+00,1.162767410278320312e-03,3.257532417774200439e-01,0.000000000000000000e+00
1.000000000000000000e+00,2.290000000000000000e+02,2.290000000000000036e+00,1.164745521545410156e+01,-2.345323324203491211e+00,5.184552192687988281e+00,1.342069268226623535e+00,-1.430749893188476562e-03,3.257532417774200439e-01,0.000000000000000000e+00
1.000000000000000000e+00,2.300000000000000000e+02,2.300000000000000266e+00,1.163552761077880859e+01,-2.343225479125976562e+00,5.184505462646484375e+00,1.346114516258239746e+00,1.114487648010253906e-03,3.257532417774200439e-01,0.000000000000000000e+00
1.000000000000000000e+00,2.310000000000000000e+02,2.310000000000000053e+00,1.165661239624023438e+01,-2.318716049194335938e+00,5.199819564819335938e+00,1.345036268234252930e+00,-1.463770866394042969e-03,3.257532417774200439e-01,0.000000000000000000e+00
1.000000000000000000e+00,2.320000000000000000e+02,2.319999999999999840e+00,1.164483451843261719e+01,-2.316821575164794922e+00,5.199676036834716797e+00,1.349091053009033203e+00,1.091003417968750000e-03,3.257532417774200439e-01,0.000000000000000000e+00
1.000000000000000000e+00,2.330000000000000000e+02,2.330000000000000071e+00,1.166611957550048828e+01,-2.292481422424316406e+00,5.214920997619628906e+00,1.348011970520019531e+00,-1.487970352172851562e-03,3.257532417774200439e-01,0.000000000000000000e+00
1.000000000000000000e+00,2.340000000000000000e+02,2.339999999999999858e+00,1.165437698364257812e+01,-2.290859937667846680e+00,5.214631557464599609e+00,1.352079033851623535e+00,1.079082489013671875e-03,3.257532417774200439e-01,0.000000000000000000e+00
1.000000000000000000e+00,2.350000000000000000e+02,2.350000000000000089e+00,1.167580509185791016e+01,-2.266719579696655273e+00,5.229784488677978516e+00,1.350994110107421875e+00,-1.505851745605468750e-03,3.257532417774200439e-01,0.000000000000000000e+00
1.000000000000000000e+00,2.360000000000000000e+02,2.359999999999999876e+00,1.166448020935058594e+01,-2.265100955963134766e+00,5.229532718658447266e+00,1.355028271675109863e+00,1.028299331665039062e-03,3.257532417774200439e-01,0.000000000000000000e+00
1.000000000000000000e+00,2.370000000000000000e+02,2.370000000000000107e+00,1.168602275848388672e+01,-2.241170406341552734e+00,5.244585990905761719e+00,1.353979229927062988e+00,-1.520752906799316406e-03,3.257532417774200439e-01,0.000000000000000000e+00
1.000000000000000000e+00,2.380000000000000000e+02,2.379999999999999893e+00,1.167497920989990234e+01,-2.239639759063720703e+00,5.244312763214111328e+00,1.357991814613342285e+00,9.918212890625000000e-04,3.257532417774200439e-01,0.000000000000000000e+00
1.000000000000000000e+00,2.390000000000000000e+02,2.390000000000000124e+00,1.169661712646484375e+01,-2.215923309326171875e+00,5.259262561798095703e+00,1.356966137886047363e+00,-1.533865928649902344e-03,3.257532417774200439e-01,0.000000000000000000e+00
1.000000000000000000e+00,2.400000000000000000e+02,2.399999999999999911e+00,1.168655109405517578e+01,-2.215265750885009766e+00,5.258613586425781250e+00,1.360956430435180664e+00,9.564161300659179688e-04,4.368426799774169922e-01,8.000000000000000000e+00
1.000000000000000000e+00,2.410000000000000000e+02,2.410000000000000142e+00,1.170908069610595703e+01,-2.192445039749145508e+00,5.273170948028564453e+00,1.359939098358154297e+00,-1.560926437377929688e-03,4.368426799774169922e-01,0.000000000000000000e+00
1.000000000000000000e+00,2.420000000000000000e+02,2.419999999999999929e+00,1.169874572753906250e+01,-2.192164659500122070e+00,5.272290229797363281e+00,1.363968968391418457e+00,9.689331054687500000e-04,4.368426799774169922e-01,0.000000000000000000e+00
1.000000000000000000e+00,2.430000000000000000e+02,2.430000000000000160e+00,1.172167968750000000e+01,-2.169260025024414062e+00,5.286935329437255859e+00,1.362882137298583984e+00,-1.617908477783203125e-03,4.368426799774169922e-01,0.000000000000000000e+00
1.000000000000000000e+00,2.440000000000000000e+02,2.439999999999999947e+00,1.171179676055908203e+01,-2.168859958648681641e+00,5.286162853240966797e+00,1.366913199424743652e+00,9.131431579589843750e-04,4.368426799774169922e-01,0.000000000000000000e+00
1.000000000000000000e+00,2.450000000000000000e+02,2.450000000000000178e+00,1.173440551757812500e+01,-2.146365165710449219e+00,5.300556659698486328e+00,1.365914821624755859e+00,-1.585125923156738281e-03,4.368426799774169922e-01,0.000000000000000000e+00
1.000000000000000000e+00,2.460000000000000000e+02,2.459999999999999964e+00,1.172488117218017578e+01,-2.145904541015625000e+00,5.299850940704345703e+00,1.369867324829101562e+00,8.673667907714843750e-04,4.368426799774169922e-01,0.000000000000000000e+00
1.000000000000000000e+00,2.470000000000000000e+02,2.470000000000000195e+00,1.174761772155761719e+01,-2.123505115509033203e+00,5.314208507537841797e+00,1.368891596794128418e+00,-1.608371734619140625e-03,4.368426799774169922e-01,0.000000000000000000e+00
1.000000000000000000e+00,2.480000000000000000e+02,2.479999999999999982e+00,1.173791027069091797e+01,-2.123348712921142578e+00,5.313318729400634766e+00,1.372870802879333496e+00,8.708238601684570312e-04,4.368426799774169922e-01,0.000000000000000000e+00
1.000000000000000000e+00,2.490000000000000000e+02,2.490000000000000213e+00,1.176098155975341797e+01,-2.100898504257202148e+00,5.327739715576171875e+00,1.371842384338378906e+00,-1.657605171203613281e-03,4.368426799774169922e-01,0.000000000000000000e+00
1.000000000000000000e+00,2.500000000000000000e+02,2.500000000000000000e+00,1.175163173675537109e+01,-2.100672721862792969e+00,5.326921463012695312e+00,1.375826001167297363e+00,8.260011672973632812e-04,4.368426799774169922e-01,0.000000000000000000e+00
1.000000000000000000e+00,2.510000000000000000e+02,2.510000000000000231e+00,1.177441024780273438e+01,-2.078595399856567383e+00,5.341114521026611328e+00,1.374870657920837402e+00,-1.629352569580078125e-03,4.368426799774169922e-01,0.000000000000000000e+00
1.000000000000000000e+00,2.520000000000000000e+02,2.520000000000000018e+00,1.176554012298583984e+01,-2.078212738037109375e+00,5.340427875518798828e+00,1.378772020339965820e+00,7.719993591308593750e-04,4.368426799774169922e-01,0.000000000000000000e+00
1.000000000000000000e+00,2.530000000000000000e+02,2.530000000000000249e+00,1.178840923309326172e+01,-2.056241750717163086e+00,5.354575157165527344e+00,1.377851366996765137e+00,-1.648664474487304688e-03,4.368426799774169922e-01,0.000000000000000000e+00
1.000000000000000000e+00,2.540000000000000000e+02,2.540000000000000036e+00,1.177949810028076172e+01,-2.056053161621093750e+00,5.353777885437011719e+00,1.381762862205505371e+00,7.628202438354492188e-04,4.368426799774169922e-01,0.000000000000000000e+00
1.000000000000000000e+00,2.550000000000000000e+02,2.550000000000000266e+00,1.180236625671386719e+01,-2.034246444702148438e+00,5.367839336395263672e+00,1.380843043327331543e+00,-1.657009124755859375e-03,4.368426799774169922e-01,0.000000000000000000e+00
1.000000000000000000e+00,2.560000000000000000e+02,2.560000000000000053e+00,1.179386043548583984e+01,-2.033943414688110352e+00,5.367143154144287109e+00,1.384716868400573730e+00,7.169246673583984375e-04,4.368426799774169922e-01,0.000000000000000000e+00
1.000000000000000000e+00,2.570000000000000000e+02,2.569999999999999840e+00,1.181682491302490234e+01,-2.012230396270751953e+00,5.381166934967041016e+00,1.383822441101074219e+00,-1.677513122558593750e-03,4.368426799774169922e-01,0.000000000000000000e+00
1.000000000000000000e+00,2.580000000000000000e+02,2.580000000000000071e+00,1.180846405029296875e+01,-2.011986255645751953e+00,5.380452156066894531e+00,1.387692928314208984e+00,6.929636001586914062e-04,4.368426799774169922e-01,0.000000000000000000e+00
1.000000000000000000e+00,2.590000000000000000e+02,2.589999999999999858e+00,1.183139514923095703e+01,-1.990450859069824219e+00,5.394379615783691406e+00,1.386817812919616699e+00,-1.682162284851074219e-03,4.368426799774169922e-01,0.000000000000000000e+00
1.000000000000000000e+00,2.600000000000000000e+02,2.600000000000000089e+00,1.182352161407470703e+01,-1.990535736083984375e+00,5.393535614013671875e+00,1.390664577484130859e+00,6.645917892456054688e-04,5.107976794242858887e-01,8.000000000000000000e+00
1.000000000000000000e+00,2.610000000000000000e+02,2.609999999999999876e+00,1.184681510925292969e+01,-1.969398975372314453e+00,5.407287597656250000e+00,1.389798045158386230e+00,-1.701951026916503906e-03,5.107976794242858887e-01,0.000000000000000000e+00
1.000000000000000000e+00,2.620000000000000000e+02,2.620000000000000107e+00,1.183909797668457031e+01,-1.969502091407775879e+00,5.406448364257812500e+00,1.393639445304870605e+00,6.394386291503906250e-04,5.107976794242858887e-01,0.000000000000000000e+00
1.000000000000000000e+00,2.630000000000000000e+02,2.629999999999999893e+00,1.186220264434814453e+01,-1.948616027832031250e+00,5.420049190521240234e+00,1.392810583114624023e+00,-1.689434051513671875e-03,5.107976794242858887e-01,0.000000000000000000e+00
1.000000000000000000e+00,2.640000000000000000e+02,2.640000000000000124e+00,1.185515880584716797e+01,-1.948381662368774414e+00,5.419458866119384766e+00,1.396577000617980957e+00,5.769729614257812500e-04,5.107976794242858887e-01,0.000000000000000000e+00
1.000000000000000000e+00,2.650000000000000000e+02,2.649999999999999911e+00,1.187813186645507812e+01,-1.927704095840454102e+00,5.432937145233154297e+00,1.395815968513488770e+00,-1.684069633483886719e-03,5.107976794242858887e-01,0.000000000000000000e+00
1.000000000000000000e+00,2.660000000000000000e+02,2.660000000000000142e+00,1.187110614776611328e+01,-1.927577376365661621e+00,5.432289600372314453e+00,1.399563431739807129e+00,5.633831024169921875e-04,5.107976794242858887e-01,0.000000000000000000e+00
1.000000000000000000e+00,2.670000000000000000e+02,2.669999999999999929e+00,1.189411163330078125e+01,-1.906992554664611816e+00,5.445724487304687500e+00,1.398800849914550781e+00,-1.699209213256835938e-03,5.107976794242858887e-01,0.000000000000000000e+00
1.000000000000000000e+00,2.680000000000000000e+02,2.680000000000000160e+00,1.188739776611328125e+01,-1.906769633293151855e+00,5.445159435272216797e+00,1.402529478073120117e+00,5.295276641845703125e-04,5.107976794242858887e-01,0.000000000000000000e+00
1.000000000000000000e+00,2.690000000000000000e+02,2.689999999999999947e+00,1.191017818450927734e+01,-1.886451125144958496e+00,5.458431243896484375e+00,1.401817202568054199e+00,-1.682758331298828125e-03,5.107976794242858887e-01,0.000000000000000000e+00
1.000000000000000000e+00,2.700000000000000000e+02,2.700000000000000178e+00,1.190402984619140625e+01,-1.885955333709716797e+00,5.458069801330566406e+00,1.405480027198791504e+00,4.800558090209960938e-04,5.107976794242858887e-01,0.000000000000000000e+00
1.000000000000000000e+00,2.710000000000000000e+02,2.709999999999999964e+00,1.192647361755371094e+01,-1.865976929664611816e+00,5.471126556396484375e+00,1.404847025871276855e+00,-1.652956008911132812e-03,5.107976794242858887e-01,0.000000000000000000e+00
1.000000000000000000e+00,2.720000000000000000e+02,2.720000000000000195e+00,1.192074775695800781e+01,-1.865304112434387207e+00,5.470902442932128906e+00,1.408442020416259766e+00,4.420280456542968750e-04,5.107976794242858887e-01,0.000000000000000000e+00
1.000000000000000000e+00,2.730000000000000000e+02,2.729999999999999982e+00,1.194304084777832031e+01,-1.845535635948181152e+00,5.483834266662597656e+00,1.407853841781616211e+00,-1.646161079406738281e-03,5.107976794242858887e-01,0.000000000000000000e+00
1.000000000000000000e+00,2.740000000000000000e+02,2.740000000000000213e+00,1.193792629241943359e+01,-1.844553589820861816e+00,5.483838558197021484e+00,1.411394476890563965e+00,3.944635391235351562e-04,5.107976794242858887e-01,0.000000000000000000e+00
1.000000000000000000e+00,2.750000000000000000e+02,2.750000000000000000e+00,1.195966243743896484e+01,-1.825269818305969238e+00,5.496455669403076172e+00,1.410908699035644531e+00,-1.591324806213378906e-03,5.107976794242858887e-01,0.000000000000000000e+00
1.000000000000000000e+00,2.760000000000000000e+02,2.760000000000000231e+00,1.195491504669189453e+01,-1.824142694473266602e+00,5.496574878692626953e+00,1.414363265037536621e+00,3.632307052612304688e-04,5.107976794242858887e-01,0.000000000000000000e+00
1.000000000000000000e+00,2.770000000000000000e+02,2.770000000000000018e+00,1.197679519653320312e+01,-1.804861545562744141e+00,5.509208679199218750e+00,1.413880109786987305e+00,-1.619935035705566406e-03,5.107976794242858887e-01,0.000000000000000000e+00
1.000000000000000000e+00,2.780000000000000000e+02,2.780000000000000249e+00,1.197215270996093750e+01,-1.803766727447509766e+00,5.509320735931396484e+00,1.417347669601440430e+00,3.476142883300781250e-04,5.107976794242858887e-01,0.000000000000000000e+00
1.000000000000000000e+00,2.790000000000000000e+02,2.790000000000000036e+00,1.199376010894775391e+01,-1.784771084785461426e+00,5.521776199340820312e+00,1.416900515556335449e+00,-1.599431037902832031e-03,5.107976794242858887e-01,0.000000000000000000e+00
1.000000000000000000e+00,2.800000000000000000e+02,2.800000000000000266e+00,1.199000358581542969e+01,-1.783291816711425781e+00,5.522185802459716797e+00,1.420295238494873047e+00,2.952814102172851562e-04,5.358274579048156738e-01,8.000000000000000000e+00
1.000000000000000000e+00,2.810000000000000000e+02,2.810000000000000053e+00,1.200000000000000000e+01,-1.764799237251281738e+00,5.534330368041992188e+00,1.419945716857910156e+00,-1.554250717163085938e-03,5.358274579048156738e-01,1.000000000000000000e+00
1.000000000000000000e+00,2.820000000000000000e+02,2.819999999999999840e+00,1.200000000000000000e+01,-1.742981553077697754e+00,5.548778057098388672e+00,1.422283291816711426e+00,-7.166862487792968750e-04,5.358274579048156738e-01,1.000000000000000000e+00
1.000000000000000000e+00,2.830000000000000000e+02,2.830000000000000071e+00,1.200000000000000000e+01,-1.714454531669616699e+00,5.567863464355468750e+00,1.424038171768188477e+00,-4.618167877197265625e-04,5.358274579048156738e-01,1.000000000000000000e+00
1.000000000000000000e+00,2.840000000000000000e+02,2.839999999999999858e+00,1.200000000000000000e+01,-1.695825934410095215e+00,5.580132961273193359e+00,1.426363468170166016e+00,3.634691238403320312e-04,5.358274579048156738e-01,1.000000000000000000e+00
1.000000000000000000e+00,2.850000000000000000e+02,2.850000000000000089e+00,1.200000000000000000e+01,-1.686377644538879395e+00,5.586075305938720703e+00,1.427829027175903320e+00,3.290176391601562500e-04,5.358274579048156738e-01,1.000000000000000000e+00
1.000000000000000000e+00,2.860000000000000000e+02,2.859999999999999876e+00,1.200000000000000000e+01,-1.667646050453186035e+00,5.598433017730712891e+00,1.428521394729614258e+00,-4.786252975463867188e-04,5.358274579048156738e-01,1.000000000000000000e+00
1.000000000000000000e+00,2.870000000000000000e+02,2.870000000000000107e+00,1.200000000000000000e+01,-1.639313340187072754e+00,5.617428302764892578e+00,1.429988384246826172e+00,-5.116462707519531250e-04,5.358274579048156738e-01,1.000000000000000000e+00
1.000000000000000000e+00,2.880000000000000000e+02,2.879999999999999893e+00,1.200000000000000000e+01,-1.620315551757812500e+00,5.629990100860595703e+00,1.432276964187622070e+00,2.769231796264648438e-04,5.358274579048156738e-01,1.000000000000000000e+00
1.000000000000000000e+00,2.890000000000000000e+02,2.890000000000000124e+00,1.200000000000000000e+01,-1.610909819602966309e+00,5.635934352874755859e+00,1.433771729469299316e+00,2.716779708862304688e-04,5.358274579048156738e-01,1.000000000000000000e+00
1.000000000000000000e+00,2.900000000000000000e+02,2.899999999999999911e+00,1.200000000000000000e+01,-1.591943860054016113e+00,5.648490905761718750e+00,1.434423565864562988e+00,-5.763769149780273438e-04,5.358274579048156738e-01,1.000000000000000000e+00
1.000000000000000000e+00,2.910000000000000000e+02,2.910000000000000142e+00,1.200000000000000000e+01,-1.563652992248535156e+00,5.667500972747802734e+00,1.435921311378479004e+00,-5.786418914794921875e-04,5.358274579048156738e-01,1.000000000000000000e+00
1.000000000000000000e+00,2.920000000000000000e+02,2.919999999999999929e+00,1.200000000000000000e+01,-1.544399499893188477e+00,5.680276870727539062e+00,1.438209652900695801e+00,2.096891403198242188e-04,5.358274579048156738e-01,1.000000000000000000e+00
1.000000000000000000e+00,2.930000000000000000e+02,2.930000000000000160e+00,1.200000000000000000e+01,-1.534598946571350098e+00,5.686523914337158203e+00,1.439693808555603027e+00,1.938343048095703125e-04,5.358274579048156738e-01,1.000000000000000000e+00
1.000000000000000000e+00,2.940000000000000000e+02,2.939999999999999947e+00,1.200000000000000000e+01,-1.516196250915527344e+00,5.698727607727050781e+00,1.440402388572692871e+00,-5.975961685180664062e-04,5.358274579048156738e-01,1.000000000000000000e+00
1.000000000000000000e+00,2.950000000000000000e+02,2.950000000000000178e+00,1.200000000000000000e+01,-1.487477660179138184e+00,5.718077182769775391e+00,1.441800355911254883e+00,-6.996393203735351562e-04,5.358274579048156738e-01,1.000000000000000000e+00
1.000000000000000000e+00,2.960000000000000000e+02,2.959999999999999964e+00,1.200000000000000000e+01,-1.467098116874694824e+00,5.731668472290039062e+00,1.444110751152038574e+00,1.107454299926757812e-04,5.358274579048156738e-01,1.000000000000000000e+00
1.000000000000000000e+00,2.970000000000000000e+02,2.970000000000000195e+00,1.200000000000000000e+01,-1.457937479019165039e+00,5.737503051757812500e+00,1.445683240890502930e+00,1.832246780395507812e-04,5.358274579048156738e-01,1.000000000000000000e+00
1.000000000000000000e+00,2.980000000000000000e+02,2.979999999999999982e+00,1.200000000000000000e+01,-1.439415812492370605e+00,5.749824523925781250e+00,1.446308255195617676e+00,-6.917715072631835938e-04,5.358274579048156738e-01,1.000000000000000000e+00
1.000000000000000000e+00,2.990000000000000000e+02,2.990000000000000213e+00,1.200000000000000000e+01,-1.410788774490356445e+00,5.769151687622070312e+00,1.447730660438537598e+00,-7.693767547607421875e-04,5.358274579048156738e-01,1.000000000000000000e+00
1.000000000000000000e+00,3.000000000000000000e+02,3.000000000000000000e+00,1.200000000000000000e+01,-1.387015461921691895e+00,5.785111427307128906e+00,1.450003623962402344e+00,3.576278686523437500e-06,5.033146739006042480e-01,9.000000000000000000e+00
1.000000000000000000e+00,3.010000000000000000e+02,3.010000000000000231e+00,1.199099922180175781e+01,-1.393619775772094727e+00,5.780032634735107422e+00,1.451995253562927246e+00,1.995205879211425781e-03,5.033146739006042480e-01,0.000000000000000000e+00
1.000000000000000000e+00,3.020000000000000000e+02,3.020000000000000018e+00,1.198120212554931641e+01,-1.400758624076843262e+00,5.774590492248535156e+00,1.450663924217224121e+00,6.638765335083007812e-04,5.033146739006042480e-01,0.000000000000000000e+00
1.000000000000000000e+00,3.030000000000000000e+02,3.030000000000000249e+00,1.199539470672607422e+01,-1.391613602638244629e+00,5.780435085296630859e+00,1.449208855628967285e+00,-7.911920547485351562e-04,5.033146739006042480e-01,0.000000000000000000e+00
1.000000000000000000e+00,3.040000000000000000e+02,3.040000000000000036e+00,1.197973346710205078e+01,-1.402720212936401367e+00,5.772255420684814453e+00,1.451156854629516602e+00,1.156806945800781250e-03,5.033146739006042480e-01,0.000000000000000000e+00
1.000000000000000000e+00,3.050000000000000000e+02,3.050000000000000266e+00,1.199760246276855469e+01,-1.391068220138549805e+00,5.779847621917724609e+00,1.448887705802917480e+00,-1.112341880798339844e-03,5.033146739006042480e-01,0.000000000000000000e+00
1.000000000000000000e+00,3.060000000000000000e+02,3.060000000000000053e+00,1.197995758056640625e+01,-1.403510570526123047e+00,5.770753383636474609e+00,1.451353311538696289e+00,1.353263854980468750e-03,5.033146739006042480e-01,0.000000000000000000e+00
1.000000000000000000e+00,3.070000000000000000e+02,3.070000000000000284e+00,1.199868965148925781e+01,-1.391261219978332520e+00,5.778770446777343750e+00,1.448803305625915527e+00,-1.196742057800292969e-03,5.033146739006042480e-01,0.000000000000000000e+00
1.000000000000000000e+00,3.080000000000000000e+02,3.080000000000000071e+00,1.198073005676269531e+01,-1.403906345367431641e+00,5.769546985626220703e+00,1.451384663581848145e+00,1.384615898132324219e-03,5.033146739006042480e-01,0.000000000000000000e+00
1.000000000000000000e+00,3.090000000000000000e+02,3.089999999999999858e+00,1.199950790405273438e+01,-1.391614317893981934e+00,5.777604579925537109e+00,1.448797464370727539e+00,-1.202583312988281250e-03,5.033146739006042480e-01,0.000000000000000000e+00
1.000000000000000000e+00,3.100000000000000000e+02,3.100000000000000089e+00,1.198151206970214844e+01,-1.404273867607116699e+00,5.768382072448730469e+00,1.451387047767639160e+00,1.387000083923339844e-03,5.033146739006042480e-01,0.000000000000000000e+00
1.000000000000000000e+00,3.110000000000000000e+02,3.109999999999999876e+00,1.200000000000000000e+01,-1.391860842704772949e+00,5.776534557342529297e+00,1.448780179023742676e+00,-1.219868659973144531e-03,5.033146739006042480e-01,1.000000000000000000e+00
1.000000000000000000e+00,3.120000000000000000e+02,3.120000000000000107e+00,1.198225688934326172e+01,-1.404341936111450195e+00,5.767446994781494141e+00,1.451359510421752930e+00,1.359462738037109375e-03,5.033146739006042480e-01,0.000000000000000000e+00
1.000000000000000000e+00,3.130000000000000000e+02,3.129999999999999893e+00,1.200000000000000000e+01,-1.392089128494262695e+00,5.775499343872070312e+00,1.448803424835205078e+00,-1.196622848510742188e-03,5.033146739006042480e-01,1.000000000000000000e+00
1.000000000000000000e+00,3.140000000000000000e+02,3.140000000000000124e+00,1.198265457153320312e+01,-1.404297828674316406e+00,5.766611099243164062e+00,1.451317787170410156e+00,1.317739486694335938e-03,5.033146739006042480e-01,0.000000000000000000e+00
1.000000000000000000e+00,3.150000000000000000e+02,3.149999999999999911e+00,1.200000000000000000e+01,-1.392171621322631836e+00,5.774585723876953125e+00,1.448821306228637695e+00,-1.178741455078125000e-03,5.033146739006042480e-01,1.000000000000000000e+00
1.000000000000000000e+00,3.160000000000000000e+02,3.160000000000000142e+00,1.198292064666748047e+01,-1.404199123382568359e+00,5.765833377838134766e+00,1.451290130615234375e+00,1.290082931518554688e-03,5.033146739006042480e-01,0.000000000000000000e+00
1.000000000000000000e+00,3.170000000000000000e+02,3.169999999999999929e+00,1.200000000000000000e+01,-1.392016530036926270e+00,5.773857116699218750e+00,1.448812842369079590e+00,-1.187205314636230469e-03,5.033146739006042480e-01,1.000000000000000000e+00
1.000000000000000000e+00,3.180000000000000000e+02,3.180000000000000160e+00,1.198323345184326172e+01,-1.403833627700805664e+00,5.765260219573974609e+00,1.451258301734924316e+00,1.258254051208496094e-03,5.033146739006042480e-01,0.000000000000000000e+00
1.000000000000000000e+00,3.190000000000000000e+02,3.189999999999999947e+00,1.200000000000000000e+01,-1.391878366470336914e+00,5.773136615753173828e+00,1.448844671249389648e+00,-1.155376434326171875e-03,5.033146739006042480e-01,1.000000000000000000e+00
1.000000000000000000e+00,3.200000000000000000e+02,3.200000000000000178e+00,1.198354053497314453e+01,-1.403488755226135254e+00,5.764692783355712891e+00,1.451227426528930664e+00,1.227378845214843750e-03,5.033061504364013672e-01,8.000000000000000000e+00
1.000000000000000000e+00,3.210000000000000000e+02,3.209999999999999964e+00,1.200000000000000000e+01,-1.391663908958435059e+00,5.772488594055175781e+00,1.448862552642822266e+00,-1.137495040893554688e-03,5.033061504364013672e-01,1.000000000000000000e+00
1.000000000000000000e+00,3.220000000000000000e+02,3.220000000000000195e+00,1.198357295989990234e+01,-1.403255224227905273e+00,5.764068126678466797e+00,1.451223969459533691e+00,1.223921775817871094e-03,5.033061504364013672e-01,0.000000000000000000e+00
1.000000000000000000e+00,3.230000000000000000e+02,3.229999999999999982e+00,1.200000000000000000e+01,-1.391396164894104004e+00,5.771896839141845703e+00,1.448857069015502930e+00,-1.142978668212890625e-03,5.033061504364013672e-01,1.000000000000000000e+00
1.000000000000000000e+00,3.240000000000000000e+02,3.240000000000000213e+00,1.198373794555664062e+01,-1.402878522872924805e+00,5.763560771942138672e+00,1.451207518577575684e+00,1.207470893859863281e-03,5.033061504364013672e-01,0.000000000000000000e+00
1.000000000000000000e+00,3.250000000000000000e+02,3.250000000000000000e+00,1.200000000000000000e+01,-1.391108989715576172e+00,5.771337032318115234e+00,1.448868989944458008e+00,-1.131057739257812500e-03,5.033061504364013672e-01,1.000000000000000000e+00
1.000000000000000000e+00,3.260000000000000000e+02,3.260000000000000231e+00,1.198357772827148438e+01,-1.402703523635864258e+00,5.762932300567626953e+00,1.451223015785217285e+00,1.222968101501464844e-03,5.033061504364013672e-01,0.000000000000000000e+00
1.000000000000000000e+00,3.270000000000000000e+02,3.270000000000000018e+00,1.200000000000000000e+01,-1.390794157981872559e+00,5.770813941955566406e+00,1.448848605155944824e+00,-1.151442527770996094e-03,5.033061504364013672e-01,1.000000000000000000e+00
1.000000000000000000e+00,3.280000000000000000e+02,3.280000000000000249e+00,1.198369503021240234e+01,-1.402312994003295898e+00,5.762470722198486328e+00,1.451211333274841309e+00,1.211285591125488281e-03,5.033061504364013672e-01,0.000000000000000000e+00
1.000000000000000000e+00,3.290000000000000000e+02,3.290000000000000036e+00,1.200000000000000000e+01,-1.390435338020324707e+00,5.770339488983154297e+00,1.448852419853210449e+00,-1.147627830505371094e-03,5.033061504364013672e-01,1.000000000000000000e+00
1.000000000000000000e+00,3.300000000000000000e+02,3.300000000000000266e+00,1.198376941680908203e+01,-1.401908040046691895e+00,5.762036800384521484e+00,1.451203942298889160e+00,1.203894615173339844e-03,5.033061504364013672e-01,0.000000000000000000e+00
1.000000000000000000e+00,3.310000000000000000e+02,3.310000000000000053e+00,1.200000000000000000e+01,-1.390083432197570801e+00,5.769876956939697266e+00,1.448859214782714844e+00,-1.140832901000976562e-03,5.033061504364013672e-01,1.000000000000000000e+00
1.000000000000000000e+00,3.320000000000000000e+02,3.320000000000000284e+00,1.198353290557861328e+01,-1.401720404624938965e+00,5.761468887329101562e+00,1.451226949691772461e+00,1.226902008056640625e-03,5.033061504364013672e-01,0.000000000000000000e+00
1.000000000000000000e+00,3.330000000000000000e+02,3.330000000000000071e+00,1.200000000000000000e+01,-1.389712452888488770e+00,5.769444465637207031e+00,1.448832511901855469e+00,-1.167535781860351562e-03,5.033061504364013672e-01,1.000000000000000000e+00
1.000000000000000000e+00,3.340000000000000000e+02,3.339999999999999858e+00,1.198358058929443359e+01,-1.401321649551391602e+00,5.761064052581787109e+00,1.451222181320190430e+00,1.222133636474609375e-03,5.033061504364013672e-01,0.000000000000000000e+00
1.000000000000000000e+00,3.350000000000000000e+02,3.350000000000000089e+00,1.200000000000000000e+01,-1.389429807662963867e+00,5.768967151641845703e+00,1.448848247528076172e+00,-1.151800155639648438e-03,5.033061504364013672e-01,1.000000000000000000e+00
1.000000000000000000e+00,3.360000000000000000e+02,3.359999999999999876e+00,1.198368549346923828e+01,-1.400971174240112305e+00,5.760641574859619141e+00,1.451211690902709961e+00,1.211643218994140625e-03,5.033061504364013672e-01,0.000000000000000000e+00
1.000000000000000000e+00,3.370000000000000000e+02,3.370000000000000107e+00,1.200000000000000000e+01,-1.389268636703491211e+00,5.768421649932861328e+00,1.448874235153198242e+00,-1.125812530517578125e-03,5.033061504364013672e-01,1.000000000000000000e+00
1.000000000000000000e+00,3.380000000000000000e+02,3.379999999999999893e+00,1.198386001586914062e+01,-1.400693774223327637e+00,5.760184764862060547e+00,1.451194405555725098e+00,1.194357872009277344e-03,5.033061504364013672e-01,0.000000000000000000e+00
1.000000000000000000e+00,3.390000000000000000e+02,3.390000000000000124e+00,1.200000000000000000e+01,-1.388997316360473633e+00,5.767968177795410156e+00,1.448874592781066895e+00,-1.125454902648925781e-03,5.033061504364013672e-01,1.000000000000000000e+00
1.000000000000000000e+00,3.400000000000000000e+02,3.399999999999999911e+00,1.198385047912597656e+01,-1.400431752204895020e+00,5.759732246398925781e+00,1.451195120811462402e+00,1.195073127746582031e-03,5.033103823661804199e-01,8.000000000000000000e+00
1.000000000000000000e+00,3.410000000000000000e+02,3.410000000000000142e+00,1.200000000000000000e+01,-1.388659834861755371e+00,5.767575740814208984e+00,1.448863387107849121e+00,-1.136660575866699219e-03,5.033103823661804199e-01,1.000000000000000000e+00
1.000000000000000000e+00,3.420000000000000000e+02,3.419999999999999929e+00,1.198385047912597656e+01,-1.400098323822021484e+00,5.759344577789306641e+00,1.451195001602172852e+00,1.194953918457031250e-03,5.033103823661804199e-01,0.000000000000000000e+00
1.000000000000000000e+00,3.430000000000000000e+02,3.430000000000000160e+00,1.200000000000000000e+01,-1.388416886329650879e+00,5.767132759094238281e+00,1.448875427246093750e+00,-1.124620437622070312e-03,5.033103823661804199e-01,1.000000000000000000e+00
1.000000000000000000e+00,3.440000000000000000e+02,3.439999999999999947e+00,1.198401260375976562e+01,-1.399748563766479492e+00,5.758982658386230469e+00,1.451179146766662598e+00,1.179099082946777344e-03,5.033103823661804199e-01,0.000000000000000000e+00
1.000000000000000000e+00,3.450000000000000000e+02,3.450000000000000178e+00,1.200000000000000000e+01,-1.388267755508422852e+00,5.766638755798339844e+00,1.448902726173400879e+00,-1.097321510314941406e-03,5.033103823661804199e-01,1.000000000000000000e+00
1.000000000000000000e+00,3.460000000000000000e+02,3.459999999999999964e+00,1.198371315002441406e+01,-1.399804353713989258e+00,5.758354187011718750e+00,1.451207995414733887e+00,1.207947731018066406e-03,5.033103823661804199e-01,0.000000000000000000e+00
1.000000000000000000e+00,3.470000000000000000e+02,3.470000000000000195e+00,1.200000000000000000e+01,-1.387828111648559570e+00,5.766360282897949219e+00,1.448832750320434570e+00,-1.167297363281250000e-03,5.033103823661804199e-01,1.000000000000000000e+00
1.000000000000000000e+00,3.480000000000000000e+02,3.479999999999999982e+00,1.198362636566162109e+01,-1.399428606033325195e+00,5.758038520812988281e+00,1.451216459274291992e+00,1.216411590576171875e-03,5.033103823661804199e-01,0.000000000000000000e+00
1.000000000000000000e+00,3.490000000000000000e+02,3.490000000000000213e+00,1.200000000000000000e+01,-1.387522220611572266e+00,5.766003131866455078e+00,1.448841929435729980e+00,-1.158118247985839844e-03,5.033103823661804199e-01,1.000000000000000000e+00
1.000000000000000000e+00,3.500000000000000000e+02,3.500000000000000000e+00,1.198371791839599609e+01,-1.399064302444458008e+00,5.757728576660156250e+00,1.451207399368286133e+00,1.207351684570312500e-03,5.033103823661804199e-01,0.000000000000000000e+00
1.000000000000000000e+00,3.510000000000000000e+02,3.510000000000000231e+00,1.200000000000000000e+01,-1.387236356735229492e+00,5.765645980834960938e+00,1.448852419853210449e+00,-1.147627830505371094e-03,5.033103823661804199e-01,1.000000000000000000e+00
1.000000000000000000e+00,3.520000000000000000e+02,3.520000000000000018e+00,1.198371791839599609e+01,-1.398781657218933105e+00,5.757375240325927734e+00,1.451207280158996582e+00,1.207232475280761719e-03,5.033103823661804199e-01,0.000000000000000000e+00
1.000000000000000000e+00,3.530000000000000000e+02,3.530000000000000249e+00,1.200000000000000000e+01,-1.386971950531005859e+00,5.765286445617675781e+00,1.448854446411132812e+00,-1.145601272583007812e-03,5.033103823661804199e-01,1.000000000000000000e+00
1.000000000000000000e+00,3.540000000000000000e+02,3.540000000000000036e+00,1.198374176025390625e+01,-1.398504137992858887e+00,5.757031917572021484e+00,1.451204776763916016e+00,1.204729080200195312e-03,5.033103823661804199e-01,0.000000000000000000e+00
1.000000000000000000e+00,3.550000000000000000e+02,3.550000000000000266e+00,1.200000000000000000e+01,-1.386795163154602051e+00,5.764879703521728516e+00,1.448868036270141602e+00,-1.132011413574218750e-03,5.033103823661804199e-01,1.000000000000000000e+00
1.000000000000000000e+00,3.560000000000000000e+02,3.560000000000000053e+00,1.198376655578613281e+01,-1.398312568664550781e+00,5.756641387939453125e+00,1.451202154159545898e+00,1.202106475830078125e-03,5.033103823661804199e-01,0.000000000000000000e+00
1.000000000000000000e+00,3.570000000000000000e+02,3.570000000000000284e+00,1.200000000000000000e+01,-1.386607050895690918e+00,5.764492988586425781e+00,1.448868036270141602e+00,-1.132011413574218750e-03,5.033103823661804199e-01,1.000000000000000000e+00
1.000000000000000000e+00,3.580000000000000000e+02,3.580000000000000071e+00,1.198386001586914062e+01,-1.398063421249389648e+00,5.756303310394287109e+00,1.451192855834960938e+00,1.192808151245117188e-03,5.033103823661804199e-01,0.000000000000000000e+00
1.000000000000000000e+00,3.590000000000000000e+02,3.589999999999999858e+00,1.200000000000000000e+01,-1.386313796043395996e+00,5.764191627502441406e+00,1.448861360549926758e+00,-1.138687133789062500e-03,5.033103823661804199e-01,1.000000000000000000e+00
1.000000000000000000e+00,3.600000000000000000e+02,3.600000000000000089e+00,1.198392105102539062e+01,-1.397732496261596680e+00,5.756033897399902344e+00,1.451186895370483398e+00,1.186847686767578125e-03,5.033152699470520020e-01,8.000000000000000000e+00
1.000000000000000000e+00,3.610000000000000000e+02,3.609999999999999876e+00,1.200000000000000000e+01,-1.386029124259948730e+00,5.763896465301513672e+00,1.448867321014404297e+00,-1.132726669311523438e-03,5.033152699470520020e-01,1.000000000000000000e+00
1.000000000000000000e+00,3.620000000000000000e+02,3.620000000000000107e+00,1.198373222351074219e+01,-1.397579312324523926e+00,5.755654335021972656e+00,1.451205134391784668e+00,1.205086708068847656e-03,5.033152699470520020e-01,0.000000000000000000e+00
1.000000000000000000e+00,3.630000000000000000e+02,3.629999999999999893e+00,1.200000000000000000e+01,-1.385856509208679199e+00,5.763535499572753906e+00,1.448863983154296875e+00,-1.136064529418945312e-03,5.033152699470520020e-01,1.000000000000000000e+00
1.000000000000000000e+00,3.640000000000000000e+02,3.640000000000000124e+00,1.198372554779052734e+01,-1.397413134574890137e+00,5.755293846130371094e+00,1.451205611228942871e+00,1.205563545227050781e-03,5.033152699470520020e-01,0.000000000000000000e+00
1.000000000000000000e+00,3.650000000000000000e+02,3.649999999999999911e+00,1.200000000000000000e+01,-1.385636925697326660e+00,5.763217926025390625e+00,1.448855996131896973e+00,-1.144051551818847656e-03,5.033152699470520020e-01,1.000000000000000000e+00
1.000000000000000000e+00,3.660000000000000000e+02,3.660000000000000142e+00,1.198380374908447266e+01,-1.397143244743347168e+00,5.755016803741455078e+00,1.451197862625122070e+00,1.197814941406250000e-03,5.033152699470520020e-01,0.000000000000000000e+00
1.000000000000000000e+00,3.670000000000000000e+02,3.669999999999999929e+00,1.200000000000000000e+01,-1.385395050048828125e+00,5.762927055358886719e+00,1.448859453201293945e+00,-1.140594482421875000e-03,5.033152699470520020e-01,1.000000000000000000e+00
1.000000000000000000e+00,3.680000000000000000e+02,3.680000000000000160e+00,1.198382472991943359e+01,-1.396890163421630859e+00,5.754739284515380859e+00,1.451195716857910156e+00,1.195669174194335938e-03,5.033152699470520020e-01,0.000000000000000000e+00
1.000000000000000000e+00,3.690000000000000000e+02,3.689999999999999947e+00,1.200000000000000000e+01,-1.385180950164794922e+00,5.762628078460693359e+00,1.448864459991455078e+00,-1.135587692260742188e-03,5.033152699470520020e-01,1.000000000000000000e+00
1.000000000000000000e+00,3.700000000000000000e+02,3.700000000000000178e+00,1.198364067077636719e+01,-1.396803736686706543e+00,5.754357337951660156e+00,1.451213598251342773e+00,1.213550567626953125e-03,5.033152699470520020e-01,0.000000000000000000e+00
1.000000000000000000e+00,3.710000000000000000e+02,3.709999999999999964e+00,1.200000000000000000e+01,-1.384922623634338379e+00,5.762370586395263672e+00,1.448839664459228516e+00,-1.160383224487304688e-03,5.033152699470520020e-01,1.000000000000000000e+00
1.000000000000000000e+00,3.720000000000000000e+02,3.720000000000000195e+00,1.198357486724853516e+01,-1.396592736244201660e+00,5.754072189331054688e+00,1.451219916343688965e+00,1.219868659973144531e-03,5.033152699470520020e-01,0.000000000000000000e+00
1.000000000000000000e+00,3.730000000000000000e+02,3.729999999999999982e+00,1.200000000000000000e+01,-1.384675145149230957e+00,5.762115478515625000e+00,1.448833942413330078e+00,-1.166105270385742188e-03,5.033152699470520020e-01,1.000000000000000000e+00
1.000000000000000000e+00,3.740000000000000000e+02,3.740000000000000213e+00,1.198363113403320312e+01,-1.396310091018676758e+00,5.753846645355224609e+00,1.451214313507080078e+00,1.214265823364257812e-03,5.033152699470520020e-01,0.000000000000000000e+00
1.000000000000000000e+00,3.750000000000000000e+02,3.750000000000000000e+00,1.200000000000000000e+01,-1.384549498558044434e+00,5.761786460876464844e+00,1.448855638504028320e+00,-1.144409179687500000e-03,5.033152699470520020e-01,1.000000000000000000e+00
1.000000000000000000e+00,3.760000000000000000e+02,3.760000000000000231e+00,1.198368167877197266e+01,-1.396151661872863770e+00,5.753545284271240234e+00,1.451209187507629395e+00,1.209139823913574219e-03,5.033152699470520020e-01,0.000000000000000000e+00
1.000000000000000000e+00,3.770000000000000000e+02,3.770000000000000018e+00,1.200000000000000000e+01,-1.384350299835205078e+00,5.761518001556396484e+00,1.448849558830261230e+00,-1.150488853454589844e-03,5.033152699470520020e-01,1.000000000000000000e+00
1.000000000000000000e+00,3.780000000000000000e+02,3.780000000000000249e+00,1.198360919952392578e+01,-1.396003723144531250e+00,5.753246307373046875e+00,1.451216101646423340e+00,1.216053962707519531e-03,5.033152699470520020e-01,0.000000000000000000e+00
1.000000000000000000e+00,3.790000000000000000e+02,3.790000000000000036e+00,1.200000000000000000e+01,-1.384145975112915039e+00,5.761263370513916016e+00,1.448841094970703125e+00,-1.158952713012695312e-03,5.033152699470520020e-01,1.000000000000000000e+00
1.000000000000000000e+00,3.800000000000000000e+02,3.800000000000000266e+00,1.198366260528564453e+01,-1.395765542984008789e+00,5.753019809722900391e+00,1.451210737228393555e+00,1.210689544677734375e-03,5.033124089241027832e-01,8.000000000000000000e+00
1.000000000000000000e+00,3.810000000000000000e+02,3.810000000000000053e+00,1.200000000000000000e+01,-1.384025812149047852e+00,5.760959148406982422e+00,1.448857307434082031e+00,-1.142740249633789062e-03,5.033124089241027832e-01,1.000000000000000000e+00
1.000000000000000000e+00,3.820000000000000000e+02,3.820000000000000284e+00,1.198385906219482422e+01,-1.395513892173767090e+00,5.752810955047607422e+00,1.451191425323486328e+00,1.191377639770507812e-03,5.033124089241027832e-01,0.000000000000000000e+00
1.000000000000000000e+00,3.830000000000000000e+02,3.830000000000000071e+00,1.200000000000000000e+01,-1.383908867835998535e+00,5.760661602020263672e+00,1.448875904083251953e+00,-1.124143600463867188e-03,5.033124089241027832e-01,1.000000000000000000e+00
1.000000000000000000e+00,3.840000000000000000e+02,3.839999999999999858e+00,1.198368740081787109e+01,-1.395514965057373047e+00,5.752436637878417969e+00,1.451207995414733887e+00,1.207947731018066406e-03,5.033124089241027832e-01,0.000000000000000000e+00
1.000000000000000000e+00,3.850000000000000000e+02,3.850000000000000089e+00,1.200000000000000000e+01,-1.383685946464538574e+00,5.760447025299072266e+00,1.448843955993652344e+00,-1.156091690063476562e-03,5.033124089241027832e-01,1.000000000000000000e+00
1.000000000000000000e+00,3.860000000000000000e+02,3.859999999999999876e+00,1.198365116119384766e+01,-1.395319223403930664e+00,5.752207756042480469e+00,1.451211452484130859e+00,1.211404800415039062e-03,5.033124089241027832e-01,0.000000000000000000e+00
1.000000000000000000e+00,3.870000000000000000e+02,3.870000000000000107e+00,1.200000000000000000e+01,-1.383512020111083984e+00,5.760207653045654297e+00,1.448846578598022461e+00,-1.153469085693359375e-03,5.033124089241027832e-01,1.000000000000000000e+00
1.000000000000000000e+00,3.880000000000000000e+02,3.879999999999999893e+00,1.198371791839599609e+01,-1.395101785659790039e+00,5.752002716064453125e+00,1.451204776763916016e+00,1.204729080200195312e-03,5.033124089241027832e-01,0.000000000000000000e+00
1.000000000000000000e+00,3.890000000000000000e+02,3.890000000000000124e+00,1.200000000000000000e+01,-1.383290410041809082e+00,5.760009765625000000e+00,1.448845624923706055e+00,-1.154422760009765625e-03,5.033124089241027832e-01,1.000000000000000000e+00
1.000000000000000000e+00,3.900000000000000000e+02,3.899999999999999911e+00,1.198356056213378906e+01,-1.394989848136901855e+00,5.751732826232910156e+00,1.451220154762268066e+00,1.220107078552246094e-03,5.033124089241027832e-01,0.000000000000000000e+00
1.000000000000000000e+00,3.910000000000000000e+02,3.910000000000000142e+00,1.200000000000000000e+01,-1.383136749267578125e+00,5.759772777557373047e+00,1.448839187622070312e+00,-1.160860061645507812e-03,5.033124089241027832e-01,1.000000000000000000e+00
1.000000000000000000e+00,3.920000000000000000e+02,3.919999999999999929e+00,1.198376083374023438e+01,-1.394701838493347168e+00,5.751593112945556641e+00,1.451200366020202637e+00,1.200318336486816406e-03,5.033124089241027832e-01,0.000000000000000000e+00
1.000000000000000000e+00,3.930000000000000000e+02,3.930000000000000160e+00,1.200000000000000000e+01,-1.383010387420654297e+00,5.759524822235107422e+00,1.448861718177795410e+00,-1.138329505920410156e-03,5.033124089241027832e-01,1.000000000000000000e+00
1.000000000000000000e+00,3.940000000000000000e+02,3.939999999999999947e+00,1.198358631134033203e+01,-1.394695639610290527e+00,5.751266002655029297e+00,1.451217293739318848e+00,1.217246055603027344e-03,5.033124089241027832e-01,0.000000000000000000e+00
1.000000000000000000e+00,3.950000000000000000e+02,3.950000000000000178e+00,1.200000000000000000e+01,-1.382807254791259766e+00,5.759338378906250000e+00,1.448833465576171875e+00,-1.166582107543945312e-03,5.033124089241027832e-01,1.000000000000000000e+00
1.000000000000000000e+00,3.960000000000000000e+02,3.959999999999999964e+00,1.198346138000488281e+01,-1.394580006599426270e+00,5.751022815704345703e+00,1.451229572296142578e+00,1.229524612426757812e-03,5.033124089241027832e-01,0.000000000000000000e+00
1.000000000000000000e+00,3.970000000000000000e+02,3.970000000000000195e+00,1.200000000000000000e+01,-1.382591247558593750e+00,5.759168624877929688e+00,1.448818683624267578e+00,-1.181364059448242188e-03,5.033124089241027832e-01,1.000000000000000000e+00
1.000000000000000000e+00,3.980000000000000000e+02,3.979999999999999982e+00,1.198366355895996094e+01,-1.394228816032409668e+00,5.750950336456298828e+00,1.451209545135498047e+00,1.209497451782226562e-03,5.033124089241027832e-01,0.000000000000000000e+00
1.000000000000000000e+00,3.990000000000000000e+02,3.990000000000000213e+00,1.200000000000000000e+01,-1.382524967193603516e+00,5.758902549743652344e+00,1.448858737945556641e+00,-1.141309738159179688e-03,5.033124089241027832e-01,1.000000000000000000e+00
1.000000000000000000e+00,4.000000000000000000e+02,4.000000000000000000e+00,1.198369503021240234e+01,-1.394142508506774902e+00,5.750702381134033203e+00,1.451206326484680176e+00,1.206278800964355469e-03,5.033001303672790527e-01,8.000000000000000000e+00
1.000000000000000000e+00,4.010000000000000000e+02,4.009999999999999787e+00,1.200000000000000000e+01,-1.382401108741760254e+00,5.758684158325195312e+00,1.448853135108947754e+00,-1.146912574768066406e-03,5.033001303672790527e-01,1.000000000000000000e+00
1.000000000000000000e+00,4.020000000000000000e+02,4.020000000000000462e+00,1.198370075225830078e+01,-1.394016146659851074e+00,5.750488758087158203e+00,1.451205611228942871e+00,1.205563545227050781e-03,5.033001303672790527e-01,0.000000000000000000e+00
1.000000000000000000e+00,4.030000000000000000e+02,4.030000000000000249e+00,1.200000000000000000e+01,-1.382336497306823730e+00,5.758431434631347656e+00,1.448861479759216309e+00,-1.138567924499511719e-03,5.033001303672790527e-01,1.000000000000000000e+00
1.000000000000000000e+00,4.040000000000000000e+02,4.040000000000000036e+00,1.198365592956542969e+01,-1.393982410430908203e+00,5.750218391418457031e+00,1.451209783554077148e+00,1.209735870361328125e-03,5.033001303672790527e-01,0.000000000000000000e+00
1.000000000000000000e+00,4.050000000000000000e+02,4.049999999999999822e+00,1.200000000000000000e+01,-1.382071256637573242e+00,5.758324623107910156e+00,1.448828458786010742e+00,-1.171588897705078125e-03,5.033001303672790527e-01,1.000000000000000000e+00
1.000000000000000000e+00,4.060000000000000000e+02,4.060000000000000497e+00,1.198359107971191406e+01,-1.393764257431030273e+00,5.750082492828369141e+00,1.451216101646423340e+00,1.216053962707519531e-03,5.033001303672790527e-01,0.000000000000000000e+00
1.000000000000000000e+00,4.070000000000000000e+02,4.070000000000000284e+00,1.200000000000000000e+01,-1.381953120231628418e+00,5.758123397827148438e+00,1.448842167854309082e+00,-1.157879829406738281e-03,5.033001303672790527e-01,1.000000000000000000e+00
1.000000000000000000e+00,4.080000000000000000e+02,4.080000000000000071e+00,1.198358154296875000e+01,-1.393654227256774902e+00,5.749878883361816406e+00,1.451216936111450195e+00,1.216888427734375000e-03,5.033001303672790527e-01,0.000000000000000000e+00
1.000000000000000000e+00,4.090000000000000000e+02,4.089999999999999858e+00,1.200000000000000000e+01,-1.381918907165527344e+00,5.757870197296142578e+00,1.448852539062500000e+00,-1.147508621215820312e-03,5.033001303672790527e-01,1.000000000000000000e+00
1.000000000000000000e+00,4.100000000000000000e+02,4.099999999999999645e+00,1.198375320434570312e+01,-1.393503904342651367e+00,5.749710083007812500e+00,1.451199889183044434e+00,1.199841499328613281e-03,5.033001303672790527e-01,0.000000000000000000e+00
1.000000000000000000e+00,4.110000000000000000e+02,4.110000000000000320e+00,1.200000000000000000e+01,-1.381696701049804688e+00,5.757754802703857422e+00,1.448842167854309082e+00,-1.157879829406738281e-03,5.033001303672790527e-01,1.000000000000000000e+00
1.000000000000000000e+00,4.120000000000000000e+02,4.120000000000000107e+00,1.198365688323974609e+01,-1.393349885940551758e+00,5.749550342559814453e+00,1.451209306716918945e+00,1.209259033203125000e-03,5.033001303672790527e-01,0.000000000000000000e+00
1.000000000000000000e+00,4.130000000000000000e+02,4.129999999999999893e+00,1.200000000000000000e+01,-1.381635904312133789e+00,5.757533073425292969e+00,1.448854923248291016e+00,-1.145124435424804688e-03,5.033001303672790527e-01,1.000000000000000000e+00
1.000000000000000000e+00,4.140000000000000000e+02,4.139999999999999680e+00,1.198375129699707031e+01,-1.393225669860839844e+00,5.749375343322753906e+00,1.451199889183044434e+00,1.199841499328613281e-03,5.033001303672790527e-01,0.000000000000000000e+00
1.000000000000000000e+00,4.150000000000000000e+02,4.150000000000000355e+00,1.200000000000000000e+01,-1.381523728370666504e+00,5.757353305816650391e+00,1.448856353759765625e+00,-1.143693923950195312e-03,5.033001303672790527e-01,1.000000000000000000e+00
1.000000000000000000e+00,4.160000000000000000e+02,4.160000000000000142e+00,1.198371410369873047e+01,-1.393139839172363281e+00,5.749180793762207031e+00,1.451203346252441406e+00,1.203298568725585938e-03,5.033001303672790527e-01,0.000000000000000000e+00
1.000000000000000000e+00,4.170000000000000000e+02,4.169999999999999929e+00,1.200000000000000000e+01,-1.381426572799682617e+00,5.757169723510742188e+00,1.448854446411132812e+00,-1.145601272583007812e-03,5.033001303672790527e-01,1.000000000000000000e+00
1.000000000000000000e+00,4.180000000000000000e+02,4.179999999999999716e+00,1.198377799987792969e+01,-1.393000721931457520e+00,5.749029159545898438e+00,1.451197028160095215e+00,1.196980476379394531e-03,5.033001303672790527e-01,0.000000000000000000e+00
1.000000000000000000e+00,4.190000000000000000e+02,4.190000000000000391e+00,1.200000000000000000e+01,-1.381366848945617676e+00,5.756966114044189453e+00,1.448865294456481934e+00,-1.134753227233886719e-03,5.033001303672790527e-01,1.000000000000000000e+00
1.000000000000000000e+00,4.200000000000000000e+02,4.200000000000000178e+00,1.198358440399169922e+01,-1.393072843551635742e+00,5.748737335205078125e+00,1.451215744018554688e+00,1.215696334838867188e-03,5.033001303672790527e-01,8.000000000000000000e+00
1.000000000000000000e+00,4.210000000000000000e+02,4.209999999999999964e+00,1.200000000000000000e+01,-1.381166934967041016e+00,5.756865024566650391e+00,1.448826551437377930e+00,-1.173496246337890625e-03,5.033001303672790527e-01,1.000000000000000000e+00
1.000000000000000000e+00,4.220000000000000000e+02,4.219999999999999751e+00,1.198363494873046875e+01,-1.392840981483459473e+00,5.748661041259765625e+00,1.451210737228393555e+00,1.210689544677734375e-03,5.033001303672790527e-01,0.000000000000000000e+00
1.000000000000000000e+00,4.230000000000000000e+02,4.230000000000000426e+00,1.200000000000000000e+01,-1.381052732467651367e+00,5.756710529327392578e+00,1.448842883110046387e+00,-1.157164573669433594e-03,5.033001303672790527e-01,1.000000000000000000e+00
1.000000000000000000e+00,4.240000000000000000e+02,4.240000000000000213e+00,1.198376846313476562e+01,-1.392637848854064941e+00,5.748570919036865234e+00,1.451197624206542969e+00,1.197576522827148438e-03,5.033001303672790527e-01,0.000000000000000000e+00
1.000000000000000000e+00,4.250000000000000000e+02,4.250000000000000000e+00,1.200000000000000000e+01,-1.381044507026672363e+00,5.756488323211669922e+00,1.448870062828063965e+00,-1.129984855651855469e-03,5.033001303672790527e-01,1.000000000000000000e+00
1.000000000000000000e+00,4.260000000000000000e+02,4.259999999999999787e+00,1.198367309570312500e+01,-1.392694115638732910e+00,5.748306751251220703e+00,1.451206684112548828e+00,1.206636428833007812e-03,5.033001303672790527e-01,0.000000000000000000e+00
1.000000000000000000e+00,4.270000000000000000e+02,4.270000000000000462e+00,1.200000000000000000e+01,-1.380825400352478027e+00,5.756417274475097656e+00,1.448830962181091309e+00,-1.169085502624511719e-03,5.033001303672790527e-01,1.000000000000000000e+00
1.000000000000000000e+00,4.280000000000000000e+02,4.280000000000000249e+00,1.198353576660156250e+01,-1.392571091651916504e+00,5.748171806335449219e+00,1.451220154762268066e+00,1.220107078552246094e-03,5.033001303672790527e-01,0.000000000000000000e+00
1.000000000000000000e+00,4.290000000000000000e+02,4.290000000000000036e+00,1.200000000000000000e+01,-1.380785226821899414e+00,5.756227970123291016e+00,1.448842287063598633e+00,-1.157760620117187500e-03,5.033001303672790527e-01,1.000000000000000000e+00
1.000000000000000000e+00,4.300000000000000000e+02,4.299999999999999822e+00,1.198370265960693359e+01,-1.392417788505554199e+00,5.748063564300537109e+00,1.451203584671020508e+00,1.203536987304687500e-03,5.033001303672790527e-01,0.000000000000000000e+00
1.000000000000000000e+00,4.310000000000000000e+02,4.310000000000000497e+00,1.200000000000000000e+01,-1.380698800086975098e+00,5.756074905395507812e+00,1.448851585388183594e+00,-1.148462295532226562e-03,5.033001303672790527e-01,1.000000000000000000e+00
1.000000000000000000e+00,4.320000000000000000e+02,4.320000000000000284e+00,1.198363399505615234e+01,-1.392378926277160645e+00,5.747879981994628906e+00,1.451210141181945801e+00,1.210093498229980469e-03,5.033001303672790527e-01,0.000000000000000000e+00
1.000000000000000000e+00,4.330000000000000000e+02,4.330000000000000071e+00,1.200000000000000000e+01,-1.380551815032958984e+00,5.755969524383544922e+00,1.448835968971252441e+00,-1.164078712463378906e-03,5.033001303672790527e-01,1.000000000000000000e+00
1.000000000000000000e+00,4.340000000000000000e+02,4.339999999999999858e+00,1.198382663726806641e+01,-1.392103195190429688e+00,5.747866153717041016e+00,1.451191306114196777e+00,1.191258430480957031e-03,5.033001303672790527e-01,0.000000000000000000e+00
1.000000000000000000e+00,4.350000000000000000e+02,4.350000000000000533e+00,1.200000000000000000e+01,-1.380447387695312500e+00,5.755839347839355469e+00,1.448859930038452148e+00,-1.140117645263671875e-03,5.033001303672790527e-01,1.000000000000000000e+00
1.000000000000000000e+00,4.360000000000000000e+02,4.360000000000000320e+00,1.198365974426269531e+01,-1.392113685607910156e+00,5.747659206390380859e+00,1.451207518577575684e+00,1.207470893859863281e-03,5.033001303672790527e-01,0.000000000000000000e+00
1.000000000000000000e+00,4.370000000000000000e+02,4.370000000000000107e+00,1.200000000000000000e+01,-1.380419611930847168e+00,5.755661010742187500e+00,1.448854207992553711e+00,-1.145839691162109375e-03,5.033001303672790527e-01,1.000000000000000000e+00
1.000000000000000000e+00,4.380000000000000000e+02,4.379999999999999893e+00,1.198364639282226562e+01,-1.392094731330871582e+00,5.747477054595947266e+00,1.451208591461181641e+00,1.208543777465820312e-03,5.033001303672790527e-01,0.000000000000000000e+00
1.000000000000000000e+00,4.390000000000000000e+02,4.389999999999999680e+00,1.200000000000000000e+01,-1.380285143852233887e+00,5.755561351776123047e+00,1.448837637901306152e+00,-1.162409782409667969e-03,5.033001303672790527e-01,1.000000000000000000e+00
1.000000000000000000e+00,4.400000000000000000e+02,4.400000000000000355e+00,1.198368835449218750e+01,-1.391933560371398926e+00,5.747398376464843750e+00,1.451204419136047363e+00,1.204371452331542969e-03,5.032880306243896484e-01,8.000000000000000000e+00
1.000000000000000000e+00,4.410000000000000000e+02,4.410000000000000142e+00,1.200000000000000000e+01,-1.380142688751220703e+00,5.755472183227539062e+00,1.448840022087097168e+00,-1.160025596618652344e-03,5.032880306243896484e-01,1.000000000000000000e+00
1.000000000000000000e+00,4.420000000000000000e+02,4.419999999999999929e+00,1.198359966278076172e+01,-1.391852736473083496e+00,5.747268676757812500e+00,1.451213002204895020e+00,1.212954521179199219e-03,5.032880306243896484e-01,0.000000000000000000e+00
1.000000000000000000e+00,4.430000000000000000e+02,4.429999999999999716e+00,1.200000000000000000e+01,-1.380089521408081055e+00,5.755325794219970703e+00,1.448843598365783691e+00,-1.156449317932128906e-03,5.032880306243896484e-01,1.000000000000000000e+00
1.000000000000000000e+00,4.440000000000000000e+02,4.440000000000000391e+00,1.198354530334472656e+01,-1.391837477684020996e+00,5.747097969055175781e+00,1.451218247413635254e+00,1.218199729919433594e-03,5.032880306243896484e-01,0.000000000000000000e+00
1.000000000000000000e+00,4.450000000000000000e+02,4.450000000000000178e+00,1.200000000000000000e+01,-1.380054950714111328e+00,5.755170345306396484e+00,1.448840618133544922e+00,-1.159429550170898438e-03,5.032880306243896484e-01,1.000000000000000000e+00
1.000000000000000000e+00,4.460000000000000000e+02,4.459999999999999964e+00,1.198367118835449219e+01,-1.391717791557312012e+00,5.747003555297851562e+00,1.451205730438232422e+00,1.205682754516601562e-03,5.032880306243896484e-01,0.000000000000000000e+00
1.000000000000000000e+00,4.470000000000000000e+02,4.469999999999999751e+00,1.200000000000000000e+01,-1.379964470863342285e+00,5.755057811737060547e+00,1.448844552040100098e+00,-1.155495643615722656e-03,5.032880306243896484e-01,1.000000000000000000e+00
1.000000000000000000e+00,4.480000000000000000e+02,4.480000000000000426e+00,1.198362350463867188e+01,-1.391660332679748535e+00,5.746870517730712891e+00,1.451210260391235352e+00,1.210212707519531250e-03,5.032880306243896484e-01,0.000000000000000000e+00
1.000000000000000000e+00,4.490000000000000000e+02,4.490000000000000213e+00,1.200000000000000000e+01,-1.379792690277099609e+00,5.755005836486816406e+00,1.448828101158142090e+00,-1.171946525573730469e-03,5.032880306243896484e-01,1.000000000000000000e+00
1.000000000000000000e+00,4.500000000000000000e+02,4.500000000000000000e+00,1.198365974426269531e+01,-1.391466140747070312e+00,5.746835708618164062e+00,1.451206684112548828e+00,1.206636428833007812e-03,5.032880306243896484e-01,0.000000000000000000e+00
1.000000000000000000e+00,4.510000000000000000e+02,4.509999999999999787e+00,1.200000000000000000e+01,-1.379778981208801270e+00,5.754848003387451172e+00,1.448853373527526855e+00,-1.146674156188964844e-03,5.032880306243896484e-01,1.000000000000000000e+00
1.000000000000000000e+00,4.520000000000000000e+02,4.520000000000000462e+00,1.198366451263427734e+01,-1.391449928283691406e+00,5.746682167053222656e+00,1.451206088066101074e+00,1.206040382385253906e-03,5.032880306243896484e-01,0.000000000000000000e+00
1.000000000000000000e+00,4.530000000000000000e+02,4.530000000000000249e+00,1.200000000000000000e+01,-1.379733681678771973e+00,5.754716396331787109e+00,1.448849081993103027e+00,-1.150965690612792969e-03,5.032880306243896484e-01,1.000000000000000000e+00
1.000000000000000000e+00,4.540000000000000000e+02,4.540000000000000036e+00,1.198345088958740234e+01,-1.391549944877624512e+00,5.746451377868652344e+00,1.451226949691772461e+00,1.226902008056640625e-03,5.032880306243896484e-01,0.000000000000000000e+00
1.000000000000000000e+00,4.550000000000000000e+02,4.549999999999999822e+00,1.200000000000000000e+01,-1.379635453224182129e+00,5.754625320434570312e+00,1.448820590972900391e+00,-1.179456710815429688e-03,5.032880306243896484e-01,1.000000000000000000e+00
1.000000000000000000e+00,4.560000000000000000e+02,4.560000000000000497e+00,1.198368549346923828e+01,-1.391293883323669434e+00,5.746471881866455078e+00,1.451203823089599609e+00,1.203775405883789062e-03,5.032880306243896484e-01,0.000000000000000000e+00
1.000000000000000000e+00,4.570000000000000000e+02,4.570000000000000284e+00,1.200000000000000000e+01,-1.379587054252624512e+00,5.754503726959228516e+00,1.448849916458129883e+00,-1.150131225585937500e-03,5.032880306243896484e-01,1.000000000000000000e+00
1.000000000000000000e+00,4.580000000000000000e+02,4.580000000000000071e+00,1.198366641998291016e+01,-1.391258358955383301e+00,5.746343135833740234e+00,1.451205492019653320e+00,1.205444335937500000e-03,5.032880306243896484e-01,0.000000000000000000e+00
1.000000000000000000e+00,4.590000000000000000e+02,4.589999999999999858e+00,1.200000000000000000e+01,-1.379582524299621582e+00,5.754355430603027344e+00,1.448854088783264160e+00,-1.145958900451660156e-03,5.032880306243896484e-01,1.000000000000000000e+00
1.000000000000000000e+00,4.600000000000000000e+02,4.600000000000000533e+00,1.198365306854248047e+01,-1.391263484954833984e+00,5.746189594268798828e+00,1.451206684112548828e+00,1.206636428833007812e-03,5.032877326011657715e-01,8.000000000000000000e+00
1.000000000000000000e+00,4.610000000000000000e+02,4.610000000000000320e+00,1.200000000000000000e+01,-1.379503011703491211e+00,5.754261970520019531e+00,1.448841929435729980e+00,-1.158118247985839844e-03,5.032877326011657715e-01,1.000000000000000000e+00
1.000000000000000000e+00,4.620000000000000000e+02,4.620000000000000107e+00,1.198365402221679688e+01,-1.391183972358703613e+00,5.746098041534423828e+00,1.451206445693969727e+00,1.206398010253906250e-03,5.032877326011657715e-01,0.000000000000000000e+00
1.000000000000000000e+00,4.630000000000000000e+02,4.629999999999999893e+00,1.200000000000000000e+01,-1.379440903663635254e+00,5.754159927368164062e+00,1.448844194412231445e+00,-1.155853271484375000e-03,5.032877326011657715e-01,1.000000000000000000e+00
1.000000000000000000e+00,4.640000000000000000e+02,4.639999999999999680e+00,1.198368930816650391e+01,-1.391098499298095703e+00,5.746014118194580078e+00,1.451202869415283203e+00,1.202821731567382812e-03,5.032877326011657715e-01,0.000000000000000000e+00
1.000000000000000000e+00,4.650000000000000000e+02,4.650000000000000355e+00,1.200000000000000000e+01,-1.379307389259338379e+00,5.754111766815185547e+00,1.448837161064147949e+00,-1.162886619567871094e-03,5.032877326011657715e-01,1.000000000000000000e+00
1.000000000000000000e+00,4.660000000000000000e+02,4.660000000000000142e+00,1.198368549346923828e+01,-1.390969514846801758e+00,5.745964527130126953e+00,1.451203227043151855e+00,1.203179359436035156e-03,5.032877326011657715e-01,0.000000000000000000e+00
1.000000000000000000e+00,4.670000000000000000e+02,4.669999999999999929e+00,1.200000000000000000e+01,-1.379251718521118164e+00,5.754012584686279297e+00,1.448847293853759766e+00,-1.152753829956054688e-03,5.032877326011657715e-01,1.000000000000000000e+00
1.000000000000000000e+00,4.680000000000000000e+02,4.679999999999999716e+00,1.198369121551513672e+01,-1.390910267829895020e+00,5.745869636535644531e+00,1.451202511787414551e+00,1.202464103698730469e-03,5.032877326011657715e-01,0.000000000000000000e+00
1.000000000000000000e+00,4.690000000000000000e+02,4.690000000000000391e+00,1.200000000000000000e+01,-1.379232883453369141e+00,5.753891468048095703e+00,1.448852777481079102e+00,-1.147270202636718750e-03,5.032877326011657715e-01,1.000000000000000000e+00
1.000000000000000000e+00,4.700000000000000000e+02,4.700000000000000178e+00,1.198373126983642578e+01,-1.390864610671997070e+00,5.745768547058105469e+00,1.451198458671569824e+00,1.198410987854003906e-03,5.032877326011657715e-01,0.000000000000000000e+00
1.000000000000000000e+00,4.710000000000000000e+02,4.709999999999999964e+00,1.200000000000000000e+01,-1.379118323326110840e+00,5.753839492797851562e+00,1.448842883110046387e+00,-1.157164573669433594e-03,5.032877326011657715e-01,1.000000000000000000e+00
1.000000000000000000e+00,4.720000000000000000e+02,4.719999999999999751e+00,1.198375320434570312e+01,-1.390736818313598633e+00,5.745727062225341797e+00,1.451196312904357910e+00,1.196265220642089844e-03,5.032877326011657715e-01,0.000000000000000000e+00
1.000000000000000000e+00,4.730000000000000000e+02,4.730000000000000426e+00,1.200000000000000000e+01,-1.379078269004821777e+00,5.753738880157470703e+00,1.448855042457580566e+00,-1.145005226135253906e-03,5.032877326011657715e-01,1.000000000000000000e+00
1.000000000000000000e+00,4.740000000000000000e+02,4.740000000000000213e+00,1.198378372192382812e+01,-1.390676736831665039e+00,5.745642185211181641e+00,1.451193213462829590e+00,1.193165779113769531e-03,5.032877326011657715e-01,0.000000000000000000e+00
1.000000000000000000e+00,4.750000000000000000e+02,4.750000000000000000e+00,1.200000000000000000e+01,-1.379104375839233398e+00,5.753595829010009766e+00,1.448866963386535645e+00,-1.133084297180175781e-03,5.032877326011657715e-01,1.000000000000000000e+00
1.000000000000000000e+00,4.760000000000000000e+02,4.759999999999999787e+00,1.198373508453369141e+01,-1.390735268592834473e+00,5.745478153228759766e+00,1.451197743415832520e+00,1.197695732116699219e-03,5.032877326011657715e-01,0.000000000000000000e+00
1.000000000000000000e+00,4.770000000000000000e+02,4.770000000000000462e+00,1.200000000000000000e+01,-1.379039287567138672e+00,5.753519058227539062e+00,1.448849439620971680e+00,-1.150608062744140625e-03,5.032877326011657715e-01,1.000000000000000000e+00
1.000000000000000000e+00,4.780000000000000000e+02,4.780000000000000249e+00,1.198361301422119141e+01,-1.390753507614135742e+00,5.745345115661621094e+00,1.451209545135498047e+00,1.209497451782226562e-03,5.032877326011657715e-01,0.000000000000000000e+00
1.000000000000000000e+00,4.790000000000000000e+02,4.790000000000000036e+00,1.200000000000000000e+01,-1.379009723663330078e+00,5.753420352935791016e+00,1.448842406272888184e+00,-1.157641410827636719e-03,5.032877326011657715e-01,1.000000000000000000e+00
1.000000000000000000e+00,4.800000000000000000e+02,4.799999999999999822e+00,1.198371315002441406e+01,-1.390656709671020508e+00,5.745294570922851562e+00,1.451199650764465332e+00,1.199603080749511719e-03,5.032894015312194824e-01,8.000000000000000000e+00
1.000000000000000000e+00,4.810000000000000000e+02,4.810000000000000497e+00,1.200000000000000000e+01,-1.378921508789062500e+00,5.753365516662597656e+00,1.448843479156494141e+00,-1.156568527221679688e-03,5.032894015312194824e-01,1.000000000000000000e+00
1.000000000000000000e+00,4.820000000000000000e+02,4.820000000000000284e+00,1.198387622833251953e+01,-1.390458464622497559e+00,5.745316982269287109e+00,1.451183676719665527e+00,1.183629035949707031e-03,5.032894015312194824e-01,0.000000000000000000e+00
1.000000000000000000e+00,4.830000000000000000e+02,4.830000000000000071e+00,1.200000000000000000e+01,-1.378962755203247070e+00,5.753222942352294922e+00,1.448876976966857910e+00,-1.123070716857910156e-03,5.032894015312194824e-01,1.000000000000000000e+00
1.000000000000000000e+00,4.840000000000000000e+02,4.839999999999999858e+00,1.198381042480468750e+01,-1.390543818473815918e+00,5.745145320892333984e+00,1.451189875602722168e+00,1.189827919006347656e-03,5.032894015312194824e-01,0.000000000000000000e+00
1.000000000000000000e+00,4.850000000000000000e+02,4.850000000000000533e+00,1.200000000000000000e+01,-1.378913760185241699e+00,5.753145694732666016e+00,1.448858022689819336e+00,-1.142024993896484375e-03,5.032894015312194824e-01,1.000000000000000000e+00
1.000000000000000000e+00,4.860000000000000000e+02,4.860000000000000320e+00,1.198384475708007812e+01,-1.390472054481506348e+00,5.745085239410400391e+00,1.451186418533325195e+00,1.186370849609375000e-03,5.032894015312194824e-01,0.000000000000000000e+00
1.000000000000000000e+00,4.870000000000000000e+02,4.870000000000000107e+00,1.200000000000000000e+01,-1.378903031349182129e+00,5.753045082092285156e+00,1.448866367340087891e+00,-1.133680343627929688e-03,5.032894015312194824e-01,1.000000000000000000e+00
1.000000000000000000e+00,4.880000000000000000e+02,4.879999999999999893e+00,1.198381233215332031e+01,-1.390484213829040527e+00,5.744970321655273438e+00,1.451189517974853516e+00,1.189470291137695312e-03,5.032894015312194824e-01,0.000000000000000000e+00
1.000000000000000000e+00,4.890000000000000000e+02,4.889999999999999680e+00,1.200000000000000000e+01,-1.378833770751953125e+00,5.752987861633300781e+00,1.448854804039001465e+00,-1.145243644714355469e-03,5.032894015312194824e-01,1.000000000000000000e+00
1.000000000000000000e+00,4.900000000000000000e+02,4.900000000000000355e+00,1.198376941680908203e+01,-1.390444636344909668e+00,5.744893550872802734e+00,1.451193571090698242e+00,1.193523406982421875e-03,5.032894015312194824e-01,0.000000000000000000e+00
1.000000000000000000e+00,4.910000000000000000e+02,4.910000000000000142e+00,1.200000000000000000e+01,-1.378772974014282227e+00,5.752926826477050781e+00,1.448851585388183594e+00,-1.148462295532226562e-03,5.032894015312194824e-01,1.000000000000000000e+00
1.000000000000000000e+00,4.920000000000000000e+02,4.919999999999999929e+00,1.198379325866699219e+01,-1.390368700027465820e+00,5.744844436645507812e+00,1.451191186904907227e+00,1.191139221191406250e-03,5.032894015312194824e-01,0.000000000000000000e+00
1.000000000000000000e+00,4.930000000000000000e+02,4.929999999999999716e+00,1.200000000000000000e+01,-1.378525972366333008e+00,5.752997875213623047e+00,1.448827147483825684e+00,-1.172900199890136719e-03,5.032894015312194824e-01,1.000000000000000000e+00
1.000000000000000000e+00,4.940000000000000000e+02,4.940000000000000391e+00,1.198365402221679688e+01,-1.390218615531921387e+00,5.744849205017089844e+00,1.451204776763916016e+00,1.204729080200195312e-03,5.032894015312194824e-01,0.000000000000000000e+00
1.000000000000000000e+00,4.950000000000000000e+02,4.950000000000000178e+00,1.200000000000000000e+01,-1.378618478775024414e+00,5.752835273742675781e+00,1.448861122131347656e+00,-1.138925552368164062e-03,5.032894015312194824e-01,1.000000000000000000e+00
1.000000000000000000e+00,4.960000000000000000e+02,4.959999999999999964e+00,1.198383331298828125e+01,-1.390188574790954590e+00,5.744772911071777344e+00,1.451187133789062500e+00,1.187086105346679688e-03,5.032894015312194824e-01,0.000000000000000000e+00
1.000000000000000000e+00,4.970000000000000000e+02,4.969999999999999751e+00,1.200000000000000000e+01,-1.378598928451538086e+00,5.752753257751464844e+00,1.448862552642822266e+00,-1.137495040893554688e-03,5.032894015312194824e-01,1.000000000000000000e+00
1.000000000000000000e+00,4.980000000000000000e+02,4.980000000000000426e+00,1.198385810852050781e+01,-1.390152573585510254e+00,5.744703292846679688e+00,1.451184630393981934e+00,1.184582710266113281e-03,5.032894015312194824e-01,0.000000000000000000e+00
1.000000000000000000e+00,4.990000000000000000e+02,4.990000000000000213e+00,1.200000000000000000e+01,-1.378508806228637695e+00,5.752721786499023438e+00,1.448854804039001465e+00,-1.145243644714355469e-03,5.032894015312194824e-01,1.000000000000000000e+00
1.000000000000000000e+00,5.000000000000000000e+02,5.000000000000000000e+00,1.198363113403320312e+01,-1.390216946601867676e+00,5.744565963745117188e+00,1.451206564903259277e+00,1.206517219543457031e-03,5.033140182495117188e-01,8.000000000000000000e+00
1.000000000000000000e+00,5.010000000000000000e+02,5.009999999999999787e+00,1.200000000000000000e+01,-1.378429532051086426e+00,5.752685070037841797e+00,1.448834180831909180e+00,-1.165866851806640625e-03,5.033140182495117188e-01,1.000000000000000000e+00
1.000000000000000000e+00,5.020000000000000000e+02,5.020000000000000462e+00,1.198374652862548828e+01,-1.390060305595397949e+00,5.744584083557128906e+00,1.451195240020751953e+00,1.195192337036132812e-03,5.033140182495117188e-01,0.000000000000000000e+00
1.000000000000000000e+00,5.030000000000000000e+02,5.030000000000000249e+00,1.200000000000000000e+01,-1.378379106521606445e+00,5.752631187438964844e+00,1.448849081993103027e+00,-1.150965690612792969e-03,5.033140182495117188e-01,1.000000000000000000e+00
1.000000000000000000e+00,5.040000000000000000e+02,5.040000000000000036e+00,1.198375415802001953e+01,-1.390005230903625488e+00,5.744534015655517578e+00,1.451194405555725098e+00,1.194357872009277344e-03,5.033140182495117188e-01,0.000000000000000000e+00
1.000000000000000000e+00,5.050000000000000000e+02,5.049999999999999822e+00,1.200000000000000000e+01,-1.378419041633605957e+00,5.752515792846679688e+00,1.448862314224243164e+00,-1.137733459472656250e-03,5.033140182495117188e-01,1.000000000000000000e+00
1.000000000000000000e+00,5.060000000000000000e+02,5.060000000000000497e+00,1.198385238647460938e+01,-1.389978528022766113e+00,5.744466304779052734e+00,1.451184749603271484e+00,1.184701919555664062e-03,5.033140182495117188e-01,0.000000000000000000e+00
1.000000000000000000e+00,5.070000000000000000e+02,5.070000000000000284e+00,1.200000000000000000e+01,-1.378443121910095215e+00,5.752414226531982422e+00,1.448869347572326660e+00,-1.130700111389160156e-03,5.033140182495117188e-01,1.000000000000000000e+00
1.000000000000000000e+00,5.080000000000000000e+02,5.080000000000000071e+00,1.198388290405273438e+01,-1.389981746673583984e+00,5.744380474090576172e+00,1.451181650161743164e+00,1.181602478027343750e-03,5.033140182495117188e-01,0.000000000000000000e+00
1.000000000000000000e+00,5.090000000000000000e+02,5.089999999999999858e+00,1.200000000000000000e+01,-1.378443837165832520e+00,5.752331256866455078e+00,1.448868870735168457e+00,-1.131176948547363281e-03,5.033140182495117188e-01,1.000000000000000000e+00
1.000000000000000000e+00,5.100000000000000000e+02,5.100000000000000533e+00,1.198386287689208984e+01,-1.389995932579040527e+00,5.744288921356201172e+00,1.451183438301086426e+00,1.183390617370605469e-03,5.033140182495117188e-01,0.000000000000000000e+00
1.000000000000000000e+00,5.110000000000000000e+02,5.110000000000000320e+00,1.200000000000000000e+01,-1.378389239311218262e+00,5.752287864685058594e+00,1.448859095573425293e+00,-1.140952110290527344e-03,5.033140182495117188e-01,1.000000000000000000e+00
1.000000000000000000e+00,5.120000000000000000e+02,5.120000000000000107e+00,1.198381614685058594e+01,-1.389973402023315430e+00,5.744224071502685547e+00,1.451187849044799805e+00,1.187801361083984375e-03,5.033140182495117188e-01,0.000000000000000000e+00
1.000000000000000000e+00,5.130000000000000000e+02,5.129999999999999893e+00,1.200000000000000000e+01,-1.378175973892211914e+00,5.752356529235839844e+00,1.448831915855407715e+00,-1.168131828308105469e-03,5.033140182495117188e-01,1.000000000000000000e+00
1.000000000000000000e+00,5.140000000000000000e+02,5.139999999999999680e+00,1.198365879058837891e+01,-1.389869451522827148e+00,5.744217872619628906e+00,1.451203227043151855e+00,1.203179359436035156e-03,5.033140182495117188e-01,0.000000000000000000e+00
1.000000000000000000e+00,5.150000000000000000e+02,5.150000000000000355e+00,1.200000000000000000e+01,-1.378119468688964844e+00,5.752317905426025391e+00,1.448838353157043457e+00,-1.161694526672363281e-03,5.033140182495117188e-01,1.000000000000000000e+00
1.000000000000000000e+00,5.160000000000000000e+02,5.160000000000000142e+00,1.198352813720703125e+01,-1.389902472496032715e+00,5.744118213653564453e+00,1.451215982437133789e+00,1.215934753417968750e-03,5.033140182495117188e-01,0.000000000000000000e+00
1.000000000000000000e+00,5.170000000000000000e+02,5.169999999999999929e+00,1.200000000000000000e+01,-1.377987623214721680e+00,5.752333641052246094e+00,1.448814630508422852e+00,-1.185417175292968750e-03,5.033140182495117188e-01,1.000000000000000000e+00
1.000000000000000000e+00,5.180000000000000000e+02,5.179999999999999716e+00,1.198361396789550781e+01,-1.389713525772094727e+00,5.744174480438232422e+00,1.451207518577575684e+00,1.207470893859863281e-03,5.033140182495117188e-01,0.000000000000000000e+00
1.000000000000000000e+00,5.190000000000000000e+02,5.190000000000000391e+00,1.200000000000000000e+01,-1.377894401550292969e+00,5.752324581146240234e+00,1.448828101158142090e+00,-1.171946525573730469e-03,5.033140182495117188e-01,1.000000000000000000e+00
1.000000000000000000e+00,5.200000000000000000e+02,5.200000000000000178e+00,1.198350048065185547e+01,-1.389698505401611328e+00,5.744112014770507812e+00,1.451218605041503906e+00,1.218557357788085938e-03,5.032981038093566895e-01,8.000000000000000000e+00
1.000000000000000000e+00,5.210000000000000000e+02,5.209999999999999964e+00,1.200000000000000000e+01,-1.377810001373291016e+00,5.752310752868652344e+00,1.448817968368530273e+00,-1.182079315185546875e-03,5.032981038093566895e-01,1.000000000000000000e+00
1.000000000000000000e+00,5.220000000000000000e+02,5.219999999999999751e+00,1.198345947265625000e+01,-1.389643549919128418e+00,5.744078636169433594e+00,1.451222658157348633e+00,1.222610473632812500e-03,5.032981038093566895e-01,0.000000000000000000e+00
1.000000000000000000e+00,5.230000000000000000e+02,5.230000000000000426e+00,1.200000000000000000e+01,-1.377912282943725586e+00,5.752169609069824219e+00,1.448840141296386719e+00,-1.159906387329101562e-03,5.032981038093566895e-01,1.000000000000000000e+00
1.000000000000000000e+00,5.240000000000000000e+02,5.240000000000000213e+00,1.198360252380371094e+01,-1.389647126197814941e+00,5.744006633758544922e+00,1.451208353042602539e+00,1.208305358886718750e-03,5.032981038093566895e-01,0.000000000000000000e+00
1.000000000000000000e+00,5.250000000000000000e+02,5.250000000000000000e+00,1.200000000000000000e+01,-1.377888083457946777e+00,5.752117633819580078e+00,1.448836207389831543e+00,-1.163840293884277344e-03,5.032981038093566895e-01,1.000000000000000000e+00
1.000000000000000000e+00,5.260000000000000000e+02,5.259999999999999787e+00,1.198368549346923828e+01,-1.389567017555236816e+00,5.743994712829589844e+00,1.451200127601623535e+00,1.200079917907714844e-03,5.032981038093566895e-01,0.000000000000000000e+00
1.000000000000000000e+00,5.270000000000000000e+02,5.270000000000000462e+00,1.200000000000000000e+01,-1.377973318099975586e+00,5.751991748809814453e+00,1.448859453201293945e+00,-1.140594482421875000e-03,5.032981038093566895e-01,1.000000000000000000e+00
1.000000000000000000e+00,5.280000000000000000e+02,5.280000000000000249e+00,1.198368930816650391e+01,-1.389648437500000000e+00,5.743872165679931641e+00,1.451199531555175781e+00,1.199483871459960938e-03,5.032981038093566895e-01,0.000000000000000000e+00
1.000000000000000000e+00,5.290000000000000000e+02,5.290000000000000036e+00,1.200000000000000000e+01,-1.377914905548095703e+00,5.751966953277587891e+00,1.448839664459228516e+00,-1.160383224487304688e-03,5.032981038093566895e-01,1.000000000000000000e+00
1.000000000000000000e+00,5.300000000000000000e+02,5.299999999999999822e+00,1.198378562927246094e+01,-1.389525532722473145e+00,5.743892669677734375e+00,1.451190114021301270e+00,1.190066337585449219e-03,5.032981038093566895e-01,0.000000000000000000e+00
1.000000000000000000e+00,5.310000000000000000e+02,5.310000000000000497e+00,1.200000000000000000e+01,-1.377930760383605957e+00,5.751892089843750000e+00,1.448859095573425293e+00,-1.140952110290527344e-03,5.032981038093566895e-01,1.000000000000000000e+00
1.000000000000000000e+00,5.320000000000000000e+02,5.320000000000000284e+00,1.198379993438720703e+01,-1.389531373977661133e+00,5.743825435638427734e+00,1.451188564300537109e+00,1.188516616821289062e-03,5.032981038093566895e-01,0.000000000000000000e+00
1.000000000000000000e+00,5.330000000000000000e+02,5.330000000000000071e+00,1.200000000000000000e+01,-1.377928853034973145e+00,5.751831054687500000e+00,1.448857903480529785e+00,-1.142144203186035156e-03,5.032981038093566895e-01,1.000000000000000000e+00
1.000000000000000000e+00,5.340000000000000000e+02,5.339999999999999858e+00,1.198382282257080078e+01,-1.389514446258544922e+00,5.743775367736816406e+00,1.451186299324035645e+00,1.186251640319824219e-03,5.032981038093566895e-01,0.000000000000000000e+00
1.000000000000000000e+00,5.350000000000000000e+02,5.350000000000000533e+00,1.200000000000000000e+01,-1.377843141555786133e+00,5.751829147338867188e+00,1.448848128318786621e+00,-1.151919364929199219e-03,5.032981038093566895e-01,1.000000000000000000e+00
1.000000000000000000e+00,5.360000000000000000e+02,5.360000000000000320e+00,1.198366641998291016e+01,-1.389535665512084961e+00,5.743700027465820312e+00,1.451201438903808594e+00,1.201391220092773438e-03,5.032981038093566895e-01,0.000000000000000000e+00
1.000000000000000000e+00,5.370000000000000000e+02,5.370000000000000107e+00,1.200000000000000000e+01,-1.377801418304443359e+00,5.751798629760742188e+00,1.448838949203491211e+00,-1.161098480224609375e-03,5.032981038093566895e-01,1.000000000000000000e+00
1.000000000000000000e+00,5.380000000000000000e+02,5.379999999999999893e+00,1.198373317718505859e+01,-1.389449238777160645e+00,5.743701457977294922e+00,1.451194882392883301e+00,1.194834709167480469e-03,5.032981038093566895e-01,0.000000000000000000e+00
1.000000000000000000e+00,5.390000000000000000e+02,5.389999999999999680e+00,1.200000000000000000e+01,-1.377753615379333496e+00,5.751773834228515625e+00,1.448844313621520996e+00,-1.155734062194824219e-03,5.032981038093566895e-01,1.000000000000000000e+00
1.000000000000000000e+00,5.400000000000000000e+02,5.400000000000000355e+00,1.198377132415771484e+01,-1.389376044273376465e+00,5.743695259094238281e+00,1.451191067695617676e+00,1.191020011901855469e-03,5.032965540885925293e-01,8.000000000000000000e+00
1.000000000000000000e+00,5.410000000000000000e+02,5.410000000000000142e+00,1.200000000000000000e+01,-1.377771854400634766e+00,5.751705169677734375e+00,1.448857069015502930e+00,-1.142978668212890625e-03,5.032965540885925293e-01,1.000000000000000000e+00
1.000000000000000000e+00,5.420000000000000000e+02,5.419999999999999929e+00,1.198364734649658203e+01,-1.389478087425231934e+00,5.743568897247314453e+00,1.451202988624572754e+00,1.202940940856933594e-03,5.032965540885925293e-01,0.000000000000000000e+00
1.000000000000000000e+00,5.430000000000000000e+02,5.429999999999999716e+00,1.200000000000000000e+01,-1.377752780914306641e+00,5.751663208007812500e+00,1.448839783668518066e+00,-1.160264015197753906e-03,5.032965540885925293e-01,1.000000000000000000e+00
1.000000000000000000e+00,5.440000000000000000e+02,5.440000000000000391e+00,1.198378849029541016e+01,-1.389363288879394531e+00,5.743593692779541016e+00,1.451189160346984863e+00,1.189112663269042969e-03,5.032965540885925293e-01,0.000000000000000000e+00
1.000000000000000000e+00,5.450000000000000000e+02,5.450000000000000178e+00,1.200000000000000000e+01,-1.377838730812072754e+00,5.751549243927001953e+00,1.448868036270141602e+00,-1.132011413574218750e-03,5.032965540885925293e-01,1.000000000000000000e+00
1.000000000000000000e+00,5.460000000000000000e+02,5.459999999999999964e+00,1.198372650146484375e+01,-1.389490604400634766e+00,5.743452072143554688e+00,1.451195001602172852e+00,1.194953918457031250e-03,5.032965540885925293e-01,0.000000000000000000e+00
1.000000000000000000e+00,5.470000000000000000e+02,5.469999999999999751e+00,1.200000000000000000e+01,-1.377660632133483887e+00,5.751619815826416016e+00,1.448824763298034668e+00,-1.175284385681152344e-03,5.032965540885925293e-01,1.000000000000000000e+00
1.000000000000000000e+00,5.480000000000000000e+02,5.480000000000000426e+00,1.198375511169433594e+01,-1.389295101165771484e+00,5.743535041809082031e+00,1.451192259788513184e+00,1.192212104797363281e-03,5.032965540885925293e-01,0.000000000000000000e+00
1.000000000000000000e+00,5.490000000000000000e+02,5.490000000000000213e+00,1.200000000000000000e+01,-1.377647399902343750e+00,5.751577854156494141e+00,1.448850393295288086e+00,-1.149654388427734375e-03,5.032965540885925293e-01,1.000000000000000000e+00
1.000000000000000000e+00,5.500000000000000000e+02,5.500000000000000000e+00,1.198373794555664062e+01,-1.389293432235717773e+00,5.743485927581787109e+00,1.451193809509277344e+00,1.193761825561523438e-03,5.032965540885925293e-01,0.000000000000000000e+00
1.000000000000000000e+00,5.510000000000000000e+02,5.509999999999999787e+00,1.200000000000000000e+01,-1.377759456634521484e+00,5.751450061798095703e+00,1.448866248130798340e+00,-1.133799552917480469e-03,5.032965540885925293e-01,1.000000000000000000e+00
1.000000000000000000e+00,5.520000000000000000e+02,5.520000000000000462e+00,1.198390674591064453e+01,-1.389289736747741699e+00,5.743438720703125000e+00,1.451177239418029785e+00,1.177191734313964844e-03,5.032965540885925293e-01,0.000000000000000000e+00
1.000000000000000000e+00,5.530000000000000000e+02,5.530000000000000249e+00,1.200000000000000000e+01,-1.377815723419189453e+00,5.751361846923828125e+00,1.448874711990356445e+00,-1.125335693359375000e-03,5.032965540885925293e-01,1.000000000000000000e+00
1.000000000000000000e+00,5.540000000000000000e+02,5.540000000000000036e+00,1.198388099670410156e+01,-1.389363169670104980e+00,5.743339061737060547e+00,1.451179623603820801e+00,1.179575920104980469e-03,5.032965540885925293e-01,0.000000000000000000e+00
1.000000000000000000e+00,5.550000000000000000e+02,5.549999999999999822e+00,1.200000000000000000e+01,-1.377758145332336426e+00,5.751353740692138672e+00,1.448856234550476074e+00,-1.143813133239746094e-03,5.032965540885925293e-01,1.000000000000000000e+00
1.000000000000000000e+00,5.560000000000000000e+02,5.560000000000000497e+00,1.198375988006591797e+01,-1.389388322830200195e+00,5.743274211883544922e+00,1.451191306114196777e+00,1.191258430480957031e-03,5.032965540885925293e-01,0.000000000000000000e+00
1.000000000000000000e+00,5.570000000000000000e+02,5.570000000000000284e+00,1.200000000000000000e+01,-1.377670049667358398e+00,5.751368045806884766e+00,1.448840022087097168e+00,-1.160025596618652344e-03,5.032965540885925293e-01,1.000000000000000000e+00
1.000000000000000000e+00,5.580000000000000000e+02,5.580000000000000071e+00,1.198386192321777344e+01,-1.389231681823730469e+00,5.743337154388427734e+00,1.451181292533874512e+00,1.181244850158691406e-03,5.032965540885925293e-01,0.000000000000000000e+00
1.000000000000000000e+00,5.590000000000000000e+02,5.589999999999999858e+00,1.200000000000000000e+01,-1.377582430839538574e+00,5.751383304595947266e+00,1.448849678039550781e+00,-1.150369644165039062e-03,5.032965540885925293e-01,1.000000000000000000e+00
1.000000000000000000e+00,5.600000000000000000e+02,5.600000000000000533e+00,1.198381614685058594e+01,-1.389176011085510254e+00,5.743330478668212891e+00,1.451185703277587891e+00,1.185655593872070312e-03,5.032876133918762207e-01,8.000000000000000000e+00
1.000000000000000000e+00,5.610000000000000000e+02,5.610000000000000320e+00,1.200000000000000000e+01,-1.377539873123168945e+00,5.751368045806884766e+00,1.448851346969604492e+00,-1.148700714111328125e-03,5.032876133918762207e-01,1.000000000000000000e+00
1.000000000000000000e+00,5.620000000000000000e+02,5.620000000000000107e+00,1.198370933532714844e+01,-1.389206886291503906e+00,5.743264675140380859e+00,1.451196074485778809e+00,1.196026802062988281e-03,5.032876133918762207e-01,0.000000000000000000e+00
1.000000000000000000e+00,5.630000000000000000e+02,5.629999999999999893e+00,1.200000000000000000e+01,-1.377538204193115234e+00,5.751325607299804688e+00,1.448846578598022461e+00,-1.153469085693359375e-03,5.032876133918762207e-01,1.000000000000000000e+00
1.000000000000000000e+00,5.640000000000000000e+02,5.639999999999999680e+00,1.198371505737304688e+01,-1.389201045036315918e+00,5.743226051330566406e+00,1.451195359230041504e+00,1.195311546325683594e-03,5.032876133918762207e-01,0.000000000000000000e+00
1.000000000000000000e+00,5.650000000000000000e+02,5.650000000000000355e+00,1.200000000000000000e+01,-1.377542495727539062e+00,5.751280307769775391e+00,1.448847889900207520e+00,-1.152157783508300781e-03,5.032876133918762207e-01,1.000000000000000000e+00
1.000000000000000000e+00,5.660000000000000000e+02,5.660000000000000142e+00,1.198366546630859375e+01,-1.389239311218261719e+00,5.743157386779785156e+00,1.451200127601623535e+00,1.200079917907714844e-03,5.032876133918762207e-01,0.000000000000000000e+00
1.000000000000000000e+00,5.670000000000000000e+02,5.669999999999999929e+00,1.200000000000000000e+01,-1.377545475959777832e+00,5.751236915588378906e+00,1.448842763900756836e+00,-1.157283782958984375e-03,5.032876133918762207e-01,1.000000000000000000e+00
1.000000000000000000e+00,5.680000000000000000e+02,5.679999999999999716e+00,1.198374271392822266e+01,-1.389189839363098145e+00,5.743151187896728516e+00,1.451192498207092285e+00,1.192450523376464844e-03,5.032876133918762207e-01,0.000000000000000000e+00
1.000000000000000000e+00,5.690000000000000000e+02,5.690000000000000391e+00,1.200000000000000000e+01,-1.377557158470153809e+00,5.751188755035400391e+00,1.448851346969604492e+00,-1.148700714111328125e-03,5.032876133918762207e-01,1.000000000000000000e+00
1.000000000000000000e+00,5.700000000000000000e+02,5.700000000000000178e+00,1.198387527465820312e+01,-1.389111161231994629e+00,5.743165969848632812e+00,1.451179504394531250e+00,1.179456710815429688e-03,5.032876133918762207e-01,0.000000000000000000e+00
1.000000000000000000e+00,5.710000000000000000e+02,5.709999999999999964e+00,1.200000000000000000e+01,-1.377511620521545410e+00,5.751181125640869141e+00,1.448855996131896973e+00,-1.144051551818847656e-03,5.032876133918762207e-01,1.000000000000000000e+00
1.000000000000000000e+00,5.720000000000000000e+02,5.719999999999999751e+00,1.198370647430419922e+01,-1.389180779457092285e+00,5.743078708648681641e+00,1.451195836067199707e+00,1.195788383483886719e-03,5.032876133918762207e-01,0.000000000000000000e+00
1.000000000000000000e+00,5.730000000000000000e+02,5.730000000000000426e+00,1.200000000000000000e+01,-1.377454519271850586e+00,5.751182079315185547e+00,1.448837876319885254e+00,-1.162171363830566406e-03,5.032876133918762207e-01,1.000000000000000000e+00
1.000000000000000000e+00,5.740000000000000000e+02,5.740000000000000213e+00,1.198380756378173828e+01,-1.389055848121643066e+00,5.743127346038818359e+00,1.451185941696166992e+00,1.185894012451171875e-03,5.032876133918762207e-01,0.000000000000000000e+00
1.000000000000000000e+00,5.750000000000000000e+02,5.750000000000000000e+00,1.200000000000000000e+01,-1.377501010894775391e+00,5.751112461090087891e+00,1.448861956596374512e+00,-1.138091087341308594e-03,5.032876133918762207e-01,1.000000000000000000e+00
1.000000000000000000e+00,5.760000000000000000e+02,5.759999999999999787e+00,1.198371791839599609e+01,-1.389162659645080566e+00,5.743016242980957031e+00,1.451194524765014648e+00,1.194477081298828125e-03,5.032876133918762207e-01,0.000000000000000000e+00
1.000000000000000000e+00,5.770000000000000000e+02,5.770000000000000462e+00,1.200000000000000000e+01,-1.377497434616088867e+00,5.751077651977539062e+00,1.448846340179443359e+00,-1.153707504272460938e-03,5.032876133918762207e-01,1.000000000000000000e+00
1.000000000000000000e+00,5.780000000000000000e+02,5.780000000000000249e+00,1.198384857177734375e+01,-1.389070630073547363e+00,5.743043422698974609e+00,1.451181769371032715e+00,1.181721687316894531e-03,5.032876133918762207e-01,0.000000000000000000e+00
1.000000000000000000e+00,5.790000000000000000e+02,5.790000000000000036e+00,1.200000000000000000e+01,-1.377580761909484863e+00,5.750984191894531250e+00,1.448870897293090820e+00,-1.129150390625000000e-03,5.032876133918762207e-01,1.000000000000000000e+00
1.000000000000000000e+00,5.800000000000000000e+02,5.799999999999999822e+00,1.198395156860351562e+01,-1.389083027839660645e+00,5.742999553680419922e+00,1.451171636581420898e+00,1.171588897705078125e-03,5.032889842987060547e-01,8.000000000000000000e+00
1.000000000000000000e+00,5.810000000000000000e+02,5.810000000000000497e+00,1.200000000000000000e+01,-1.377570986747741699e+00,5.750956058502197266e+00,1.448867797851562500e+00,-1.132249832153320312e-03,5.032889842987060547e-01,1.000000000000000000e+00
1.000000000000000000e+00,5.820000000000000000e+02,5.820000000000000284e+00,1.198388576507568359e+01,-1.389117717742919922e+00,5.742940902709960938e+00,1.451177835464477539e+00,1.177787780761718750e-03,5.032889842987060547e-01,0.000000000000000000e+00
1.000000000000000000e+00,5.830000000000000000e+02,5.830000000000000071e+00,1.200000000000000000e+01,-1.377429604530334473e+00,5.751019954681396484e+00,1.448842883110046387e+00,-1.157164573669433594e-03,5.032889842987060547e-01,1.000000000000000000e+00
1.000000000000000000e+00,5.840000000000000000e+02,5.839999999999999858e+00,1.198382854461669922e+01,-1.389016747474670410e+00,5.742977142333984375e+00,1.451183438301086426e+00,1.183390617370605469e-03,5.032889842987060547e-01,0.000000000000000000e+00
1.000000000000000000e+00,5.850000000000000000e+02,5.850000000000000533e+00,1.200000000000000000e+01,-1.377360701560974121e+00,5.751034259796142578e+00,1.448847174644470215e+00,-1.152873039245605469e-03,5.032889842987060547e-01,1.000000000000000000e+00
1.000000000000000000e+00,5.860000000000000000e+02,5.860000000000000320e+00,1.198385047912597656e+01,-1.388934135437011719e+00,5.743001461029052734e+00,1.451181292533874512e+00,1.181244850158691406e-03,5.032889842987060547e-01,0.000000000000000000e+00
1.000000000000000000e+00,5.870000000000000000e+02,5.870000000000000107e+00,1.200000000000000000e+01,-1.377408385276794434e+00,5.750968456268310547e+00,1.448865413665771484e+00,-1.134634017944335938e-03,5.032889842987060547e-01,1.000000000000000000e+00
1.000000000000000000e+00,5.880000000000000000e+02,5.879999999999999893e+00,1.198375797271728516e+01,-1.389044046401977539e+00,5.742893218994140625e+00,1.451190114021301270e+00,1.190066337585449219e-03,5.032889842987060547e-01,0.000000000000000000e+00
1.000000000000000000e+00,5.890000000000000000e+02,5.889999999999999680e+00,1.200000000000000000e+01,-1.377385377883911133e+00,5.750953197479248047e+00,1.448846578598022461e+00,-1.153469085693359375e-03,5.032889842987060547e-01,1.000000000000000000e+00
1.000000000000000000e+00,5.900000000000000000e+02,5.900000000000000355e+00,1.198361682891845703e+01,-1.389117240905761719e+00,5.742811679840087891e+00,1.451203823089599609e+00,1.203775405883789062e-03,5.032889842987060547e-01,0.000000000000000000e+00
1.000000000000000000e+00,5.910000000000000000e+02,5.910000000000000142e+00,1.200000000000000000e+01,-1.377341151237487793e+00,5.750953197479248047e+00,1.448829770088195801e+00,-1.170277595520019531e-03,5.032889842987060547e-01,1.000000000000000000e+00
1.000000000000000000e+00,5.920000000000000000e+02,5.919999999999999929e+00,1.198375415802001953e+01,-1.388980031013488770e+00,5.742876052856445312e+00,1.451190352439880371e+00,1.190304756164550781e-03,5.032889842987060547e-01,0.000000000000000000e+00
1.000000000000000000e+00,5.930000000000000000e+02,5.929999999999999716e+00,1.200000000000000000e+01,-1.377336740493774414e+00,5.750926017761230469e+00,1.448848485946655273e+00,-1.151561737060546875e-03,5.032889842987060547e-01,1.000000000000000000e+00
1.000000000000000000e+00,5.940000000000000000e+02,5.940000000000000391e+00,1.198368835449218750e+01,-1.389020204544067383e+00,5.742818355560302734e+00,1.451196670532226562e+00,1.196622848510742188e-03,5.032889842987060547e-01,0.000000000000000000e+00
1.000000000000000000e+00,5.950000000000000000e+02,5.950000000000000178e+00,1.200000000000000000e+01,-1.377331972122192383e+00,5.750899314880371094e+00,1.448842048645019531e+00,-1.157999038696289062e-03,5.032889842987060547e-01,1.000000000000000000e+00
1.000000000000000000e+00,5.960000000000000000e+02,5.959999999999999964e+00,1.198375606536865234e+01,-1.388969898223876953e+00,5.742824077606201172e+00,1.451189994812011719e+00,1.189947128295898438e-03,5.032889842987060547e-01,0.000000000000000000e+00
1.000000000000000000e+00,5.970000000000000000e+02,5.969999999999999751e+00,1.200000000000000000e+01,-1.377299189567565918e+00,5.750893592834472656e+00,1.448844432830810547e+00,-1.155614852905273438e-03,5.032889842987060547e-01,1.000000000000000000e+00
1.000000000000000000e+00,5.980000000000000000e+02,5.980000000000000426e+00,1.198377704620361328e+01,-1.388922810554504395e+00,5.742828369140625000e+00,1.451187849044799805e+00,1.187801361083984375e-03,5.032889842987060547e-01,0.000000000000000000e+00
1.000000000000000000e+00,5.990000000000000000e+02,5.990000000000000213e+00,1.200000000000000000e+01,-1.377341508865356445e+00,5.750836372375488281e+00,1.448856949806213379e+00,-1.143097877502441406e-03,5.032889842987060547e-01,1.000000000000000000e+00
