i,t,alpha,delta1,delta2,CL,viol,SPL,flags
0.000000000000000000e+00,0.000000000000000000e+00,9.099999999999999645e+00,8.354590821947372348e+00,-5.412778374808175030e+00,1.277128855889215320e+00,2.287114411078472465e-02,8.208309393826414180e+01,2.000000000000000000e+00
1.000000000000000000e+00,1.000000000000000021e-02,9.199999999999999289e+00,8.152997594560897454e+00,-5.110720631735665265e+00,1.281639795004685611e+00,1.836020499531443306e-02,8.209959309199726363e+01,2.000000000000000000e+00
2.000000000000000000e+00,2.000000000000000042e-02,9.299999999999998934e+00,7.966149488176619720e+00,-4.808196122305733233e+00,1.288245140713381476e+00,1.175485928661856860e-02,8.212164154283270534e+01,2.000000000000000000e+00
3.000000000000000000e+00,2.999999999999999889e-02,9.399999999999998579e+00,7.742501054491317092e+00,-4.541221348898750954e+00,1.296617753184598154e+00,3.382246815401890316e-03,8.214183493684195980e+01,2.000000000000000000e+00
4.000000000000000000e+00,4.000000000000000083e-02,9.460757713317869744e+00,7.478052106584822667e+00,-4.312375733511788489e+00,1.305205226125968787e+00,5.205226125968742679e-03,8.215003192704617163e+01,0.000000000000000000e+00
5.000000000000000000e+00,5.000000000000000278e-02,9.504502058029173028e+00,7.208588071550642518e+00,-4.096248452322823752e+00,1.311820644730043339e+00,1.182064473004329486e-02,8.214614363768119176e+01,0.000000000000000000e+00
6.000000000000000000e+00,5.999999999999999778e-02,9.493233101367948734e+00,6.907481046404158498e+00,-3.911321942465646018e+00,1.316347565798132502e+00,1.634756579813245736e-02,8.212369018829677714e+01,0.000000000000000000e+00
7.000000000000000000e+00,7.000000000000000666e-02,9.500013802647588435e+00,6.625389505113875366e+00,-3.721796872275216383e+00,1.317074934477374892e+00,1.707493447737484793e-02,8.209143524752668952e+01,0.000000000000000000e+00
8.000000000000000000e+00,8.000000000000000167e-02,9.481182114481923051e+00,6.331819120134626999e+00,-3.548897111075265176e+00,1.315848449209846560e+00,1.584844920984651573e-02,8.204789356252817356e+01,0.000000000000000000e+00
9.000000000000000000e+00,8.999999999999999667e-02,9.461349253058431330e+00,6.043806520189558995e+00,-3.380484883444649924e+00,1.312135462840388955e+00,1.213546284038891088e-02,8.199636622030126887e+01,0.000000000000000000e+00
1.000000000000000000e+01,1.000000000000000056e-01,9.425913891196248784e+00,5.751110616411482468e+00,-3.223567177908761128e+00,1.306590717967258675e+00,6.590717967258630239e-03,8.193672002166300672e+01,0.000000000000000000e+00
1.100000000000000000e+01,1.100000000000000006e-01,9.404718350768087376e+00,5.474366651262556616e+00,-3.063502308981759015e+00,1.299050565292757087e+00,9.494347072429576428e-04,8.187430338900051652e+01,0.000000000000000000e+00
1.200000000000000000e+01,1.199999999999999956e-01,9.468716797232625382e+00,5.262502847399031403e+00,-2.865795266287667342e+00,1.290693694396087610e+00,9.306305603912434776e-03,8.182562697869043689e+01,0.000000000000000000e+00
1.300000000000000000e+01,1.300000000000000044e-01,9.556658882498739516e+00,5.072795491899763753e+00,-2.660193211691720183e+00,1.285539998196702394e+00,1.446000180329765072e-02,8.179099026658347782e+01,0.000000000000000000e+00
1.400000000000000000e+01,1.400000000000000133e-01,9.656658882498739160e+00,4.907008500780379201e+00,-2.445233132498604967e+00,1.283850275289138310e+00,1.614972471086173478e-02,8.176935385033340253e+01,2.000000000000000000e+00
1.500000000000000000e+01,1.499999999999999944e-01,9.756658882498738805e+00,4.757820754732405177e+00,-2.225865876334053972e+00,1.285547038949748533e+00,1.445296105025151157e-02,8.175777157732096612e+01,2.000000000000000000e+00
1.600000000000000000e+01,1.600000000000000033e-01,9.856658882498738450e+00,4.603724380220686641e+00,-2.017110154288155321e+00,1.290049603665505806e+00,9.950396334494238104e-03,8.175138031423367124e+01,2.000000000000000000e+00
1.700000000000000000e+01,1.700000000000000122e-01,9.954619631171224725e+00,4.440897536958967606e+00,-1.821530320303780259e+00,1.296346908549655508e+00,3.653091450344536639e-03,8.174612566721543772e+01,0.000000000000000000e+00
1.800000000000000000e+01,1.799999999999999933e-01,9.972555953860281264e+00,4.228952499117170305e+00,-1.667607924597603430e+00,1.303547395428016564e+00,3.547395428016519858e-03,8.173067761018488397e+01,0.000000000000000000e+00
1.900000000000000000e+01,1.900000000000000022e-01,9.963185859322546634e+00,4.003647628511701306e+00,-1.529891307013374835e+00,1.307909753351425897e+00,7.909753351425852230e-03,8.170493787911274808e+01,0.000000000000000000e+00
2.000000000000000000e+01,2.000000000000000111e-01,9.956927722692487492e+00,3.777280917848859332e+00,-1.388477456229073148e+00,1.309046192246754226e+00,9.046192246754181099e-03,8.167253168738710656e+01,0.000000000000000000e+00
2.100000000000000000e+01,2.099999999999999922e-01,9.940118092298504848e+00,3.549077811922345838e+00,-1.255288827078682612e+00,1.307921756366870802e+00,7.921756366870758015e-03,8.163467207696564287e+01,0.000000000000000000e+00
2.200000000000000000e+01,2.200000000000000011e-01,9.943041008114811063e+00,3.339157272066388682e+00,-1.115923630850655268e+00,1.304708039244232065e+00,4.708039244232020692e-03,8.159561931588189054e+01,0.000000000000000000e+00
2.300000000000000000e+01,2.300000000000000100e-01,9.991589248776431731e+00,3.164548183168683693e+00,-9.582070800236288655e-01,1.300858652373154012e+00,8.586523731539674742e-04,8.156105116741186123e+01,0.000000000000000000e+00
2.400000000000000000e+01,2.399999999999999911e-01,1.006502347767352568e+01,3.011205688204083852e+00,-7.919348021915976199e-01,1.298581687998958012e+00,1.418312001042032477e-03,8.153231249061997232e+01,0.000000000000000000e+00
2.500000000000000000e+01,2.500000000000000000e-01,1.004844221889972111e+01,2.802892013277325844e+00,-6.707956859043662234e-01,1.298571660509220127e+00,1.428339490779917398e-03,8.149844339902924162e+01,0.000000000000000000e+00
2.600000000000000000e+01,2.600000000000000089e-01,1.011200881302356080e+01,2.652133517946515529e+00,-5.152045127323691132e-01,1.296242510719546992e+00,3.757489280453052416e-03,8.146926557932160051e+01,0.000000000000000000e+00
2.700000000000000000e+01,2.700000000000000178e-01,1.018793672382830984e+01,2.513929553713117215e+00,-3.568007728031699077e-01,1.295792196147608877e+00,4.207803852391167609e-03,8.144437349453140484e+01,0.000000000000000000e+00
2.800000000000000000e+01,2.800000000000000266e-01,1.028144383251666483e+01,2.391582399095807610e+00,-1.931346961430136511e-01,1.297270291612882431e+00,2.729708387117613100e-03,8.142357502055327245e+01,0.000000000000000000e+00
2.900000000000000000e+01,2.899999999999999800e-01,1.029480393111705183e+01,2.220761609758649335e+00,-6.931446756635349649e-02,1.300937236654303941e+00,9.372366543038967990e-04,8.139868803168465661e+01,0.000000000000000000e+00
3.000000000000000000e+01,2.999999999999999889e-01,1.036891246974467684e+01,2.093952947344098536e+00,7.980853353227933267e-02,1.302659344707964628e+00,2.659344707964583776e-03,8.137578452055385014e+01,0.000000000000000000e+00
3.100000000000000000e+01,3.099999999999999978e-01,1.037526601970195195e+01,1.926744180406842588e+00,1.951171997615273879e-01,1.305666604897186334e+00,5.666604897186289236e-03,8.134968537577393022e+01,0.000000000000000000e+00
3.200000000000000000e+01,3.200000000000000067e-01,1.037586560651659440e+01,1.759728093828473394e+00,3.052418259211953644e-01,1.306628658425624145e+00,6.628658425624101014e-03,8.132156252692882958e+01,0.000000000000000000e+00
3.300000000000000000e+01,3.300000000000000155e-01,1.034599098846315890e+01,1.576636243547711702e+00,3.989536694117959414e-01,1.305866628493452364e+00,5.866628493452319404e-03,8.129066182615817127e+01,0.000000000000000000e+00
3.400000000000000000e+01,3.400000000000000244e-01,1.034045214399695034e+01,1.413249726976666842e+00,5.013704708644326491e-01,1.302518186797883448e+00,2.518186797883403827e-03,8.125976493348231600e+01,0.000000000000000000e+00
3.500000000000000000e+01,3.500000000000000333e-01,1.038543406710028272e+01,1.286581807817731349e+00,6.243958691188271626e-01,1.298373150485629068e+00,1.626849514370976024e-03,8.123210044545862729e+01,0.000000000000000000e+00
3.600000000000000000e+01,3.599999999999999867e-01,1.043450376734137208e+01,1.166176458086286116e+00,7.469113281794961257e-01,1.295899056673958549e+00,4.100943326041495141e-03,8.120701053224146904e+01,0.000000000000000000e+00
3.700000000000000000e+01,3.699999999999999956e-01,1.049230255827307445e+01,1.054986854280744124e+00,8.710680512019570720e-01,1.294837101997088125e+00,5.162898002911919804e-03,8.118414692206896177e+01,0.000000000000000000e+00
3.800000000000000000e+01,3.800000000000000044e-01,1.056664687380194501e+01,9.580485493796211394e-01,1.000447342736380918e+00,1.295203821403089650e+00,4.796178596910394276e-03,8.116342029818190440e+01,0.000000000000000000e+00
3.900000000000000000e+01,3.900000000000000133e-01,1.063531048044562155e+01,8.607545716421943771e-01,1.125036042077201204e+00,1.297356122934926859e+00,2.643877065073185761e-03,8.114356238752888828e+01,0.000000000000000000e+00
4.000000000000000000e+01,4.000000000000000222e-01,1.071758027300238325e+01,7.761474949972969606e-01,1.253280775887625875e+00,1.300565231884946105e+00,5.652318849460602479e-04,8.112438695397511879e+01,0.000000000000000000e+00
4.100000000000000000e+01,4.100000000000000311e-01,1.074679325088858306e+01,6.599832207815987672e-01,1.355464384896414964e+00,1.305160017565079267e+00,5.160017565079222379e-03,8.110381467366903507e+01,0.000000000000000000e+00
4.200000000000000000e+01,4.199999999999999845e-01,1.075308752939104728e+01,5.318977028982979638e-01,1.445267718178885552e+00,1.308431069742433728e+00,8.431069742433683345e-03,8.108183604777140374e+01,0.000000000000000000e+00
4.300000000000000000e+01,4.299999999999999933e-01,1.073695660397410023e+01,3.921246010916573654e-01,1.522980349404471578e+00,1.309755230732460474e+00,9.755230732460429266e-03,8.105891534443904334e+01,0.000000000000000000e+00
4.400000000000000000e+01,4.400000000000000022e-01,1.071795076176523764e+01,2.534083516257149560e-01,1.597471731049674215e+00,1.308702309897348481e+00,8.702309897348436962e-03,8.103574014929475311e+01,0.000000000000000000e+00
4.500000000000000000e+01,4.500000000000000111e-01,1.074716137930750470e+01,1.492314965384346770e-01,1.691767919404166376e+00,1.305818200078434632e+00,5.818200078434587752e-03,8.101333395420326156e+01,0.000000000000000000e+00
4.600000000000000000e+01,4.600000000000000200e-01,1.073284689590334473e+01,1.927074977329798489e-02,1.764633620125906965e+00,1.303756150138245085e+00,3.756150138245040182e-03,8.099106555339764668e+01,0.000000000000000000e+00
4.700000000000000000e+01,4.700000000000000289e-01,1.076720235273241677e+01,-7.592928341456822716e-02,1.857562716347830767e+00,1.300388383343662246e+00,3.883833436622019519e-04,8.096959458494237083e+01,0.000000000000000000e+00
4.800000000000000000e+01,4.799999999999999822e-01,1.084759888097643454e+01,-1.381021874291556428e-01,1.969398262841361102e+00,1.298252720513875635e+00,1.747279486124408976e-03,8.094892127287670291e+01,0.000000000000000000e+00
4.900000000000000000e+01,4.899999999999999911e-01,1.086808941289782204e+01,-2.370948403222220557e-01,2.052584622246878876e+00,1.299081417939415228e+00,9.185820605848160625e-04,8.092825655990750988e+01,0.000000000000000000e+00
5.000000000000000000e+01,5.000000000000000000e-01,1.093179185792803487e+01,-3.049841540200369794e-01,2.153496983391898656e+00,1.299429236504285212e+00,5.707634957148322030e-04,8.090757738303688029e+01,0.000000000000000000e+00
5.100000000000000000e+01,5.100000000000000089e-01,1.094403363987803246e+01,-4.043374865395682471e-01,2.229619787079947901e+00,1.301372277707856462e+00,1.372277707856417450e-03,8.088691748502353107e+01,0.000000000000000000e+00
5.200000000000000000e+01,5.200000000000000178e-01,1.092433639451861183e+01,-5.223742049080984939e-01,2.289758508546012372e+00,1.302217002756112629e+00,2.217002756112584905e-03,8.086684267638921142e+01,0.000000000000000000e+00
5.300000000000000000e+01,5.300000000000000266e-01,1.091243454739451124e+01,-6.328667681557791358e-01,2.351825063569205732e+00,1.300878037182684688e+00,8.780371826846433692e-04,8.084746611258879057e+01,0.000000000000000000e+00
5.400000000000000000e+01,5.400000000000000355e-01,1.087952008292078609e+01,-7.549642413003103680e-01,2.402897637231010020e+00,1.298327668752090158e+00,1.672331247909886187e-03,8.082907116638638456e+01,0.000000000000000000e+00
5.500000000000000000e+01,5.500000000000000444e-01,1.092826287314295364e+01,-8.206046240670340497e-01,2.489174921853202438e+00,1.293988112846121918e+00,6.011887153878126000e-03,8.081051380263033934e+01,0.000000000000000000e+00
5.600000000000000000e+01,5.600000000000000533e-01,1.097542071864008584e+01,-8.850303261620657835e-01,2.573272488457816642e+00,1.292013539168942682e+00,7.986460831057362597e-03,8.079176795749151552e+01,0.000000000000000000e+00
5.700000000000000000e+01,5.700000000000000622e-01,1.104908006712794055e+01,-9.296034806115286431e-01,2.667870638711112630e+00,1.291716901225206771e+00,8.283098774793273833e-03,8.077217155097024204e+01,0.000000000000000000e+00
5.800000000000000000e+01,5.799999999999999600e-01,1.113052632376551365e+01,-9.667891352517263837e-01,2.764600479943412292e+00,1.293848738600293480e+00,6.151261399706564603e-03,8.075120130197751678e+01,0.000000000000000000e+00
5.900000000000000000e+01,5.899999999999999689e-01,1.120350589320063328e+01,-1.007462195668901606e+00,2.856173222405570478e+00,1.298112339304805296e+00,1.887660695194748328e-03,8.072876598150239147e+01,0.000000000000000000e+00
6.000000000000000000e+01,5.999999999999999778e-01,1.121832532808184268e+01,-1.084111308370317550e+00,2.919612124306815382e+00,1.303563719070967464e+00,3.563719070967419356e-03,8.070695183920618376e+01,0.000000000000000000e+00
6.100000000000000000e+01,6.099999999999999867e-01,1.119667470857500646e+01,-1.183209885869707101e+00,2.965257923943656060e+00,1.307322578819408276e+00,7.322578819408231965e-03,8.068746275686160629e+01,0.000000000000000000e+00
6.200000000000000000e+01,6.199999999999999956e-01,1.117692668005823720e+01,-1.279135655675615268e+00,3.010502426964896117e+00,1.308267047039117115e+00,8.267047039117070284e-03,8.067007778210236779e+01,0.000000000000000000e+00
6.300000000000000000e+01,6.300000000000000044e-01,1.111966735407709628e+01,-1.398361310277665970e+00,3.037530730111258404e+00,1.307283216181781338e+00,7.283216181781293486e-03,8.065614536716650207e+01,0.000000000000000000e+00
6.400000000000000000e+01,6.400000000000000133e-01,1.107010005518793605e+01,-1.510622357640947211e+00,3.066843488556997954e+00,1.303253286474504558e+00,3.253286474504513137e-03,8.064443672919814787e+01,0.000000000000000000e+00
6.500000000000000000e+01,6.500000000000000222e-01,1.110718781992792614e+01,-1.562934603009904722e+00,3.134203069550650422e+00,1.297366113988481118e+00,2.633886011518926651e-03,8.063084197844908374e+01,0.000000000000000000e+00
6.600000000000000000e+01,6.600000000000000311e-01,1.111443534478544670e+01,-1.633540076528276375e+00,3.186901710374014485e+00,1.294019043600975083e+00,5.980956399024961456e-03,8.061723907198273764e+01,0.000000000000000000e+00
6.700000000000000000e+01,6.700000000000000400e-01,1.114585600718855396e+01,-1.686171969686235395e+00,3.249434960229056202e+00,1.291205431810423354e+00,8.794568189576690287e-03,8.060268143207956371e+01,0.000000000000000000e+00
6.800000000000000000e+01,6.800000000000000488e-01,1.120962156638502627e+01,-1.715324920926774910e+00,3.325560939652579151e+00,1.289883612527267465e+00,1.011638747273257977e-02,8.058595058952148804e+01,0.000000000000000000e+00
6.900000000000000000e+01,6.900000000000000577e-01,1.129893302306532377e+01,-1.725558754716600252e+00,3.412264030320303565e+00,1.291116049105946573e+00,8.883950894053471714e-03,8.056602022520030459e+01,0.000000000000000000e+00
7.000000000000000000e+01,7.000000000000000666e-01,1.139757091864943028e+01,-1.727806075726236124e+00,3.502240150315420575e+00,1.295361322481165978e+00,4.638677518834066760e-03,8.054240648718857187e+01,0.000000000000000000e+00
7.100000000000000000e+01,7.099999999999999645e-01,1.140278314694761796e+01,-1.791641138706888015e+00,3.548614957673208892e+00,1.302211808566876572e+00,2.211808566876527493e-03,8.052098407568874450e+01,0.000000000000000000e+00
7.200000000000000000e+01,7.199999999999999734e-01,1.139839326307177103e+01,-1.860458863888467596e+00,3.589598200661795246e+00,1.306775784874250723e+00,6.775784874250678769e-03,8.050223511701767620e+01,0.000000000000000000e+00
7.300000000000000000e+01,7.299999999999999822e-01,1.135339281484484175e+01,-1.955335858975137509e+00,3.611024198872702318e+00,1.309272837305635262e+00,9.272837305635217575e-03,8.048855762897956367e+01,0.000000000000000000e+00
7.400000000000000000e+01,7.399999999999999911e-01,1.130899388238787218e+01,-2.048361972485269522e+00,3.631771912915366052e+00,1.308472080681352345e+00,8.472080681352300857e-03,8.047881991033614213e+01,0.000000000000000000e+00
7.500000000000000000e+01,7.500000000000000000e-01,1.125322545930742812e+01,-2.147696880017007981e+00,3.646386077744620202e+00,1.305312021083202545e+00,5.312021083202500549e-03,8.047272825248560935e+01,0.000000000000000000e+00
7.600000000000000000e+01,7.600000000000000089e-01,1.122140896484255457e+01,-2.229386018429483585e+00,3.671049135071890568e+00,1.299928162639691243e+00,7.183736030880183421e-05,8.046761059649485048e+01,0.000000000000000000e+00
7.700000000000000000e+01,7.700000000000000178e-01,1.123415341064333539e+01,-2.279449790631021600e+00,3.715198943955557720e+00,1.293998809528272398e+00,6.001190471727646525e-03,8.046043129007540529e+01,0.000000000000000000e+00
7.800000000000000000e+01,7.800000000000000266e-01,1.128512977764010117e+01,-2.302181342755045268e+00,3.775980542046683208e+00,1.289680167943861200e+00,1.031983205613884458e-02,8.044954462188184152e+01,0.000000000000000000e+00
7.900000000000000000e+01,7.900000000000000355e-01,1.133022741481661555e+01,-2.327583945904459384e+00,3.833240936143057720e+00,1.288263102717603692e+00,1.173689728239635244e-02,8.043632171659848495e+01,0.000000000000000000e+00
8.000000000000000000e+01,8.000000000000000444e-01,1.140709202930331045e+01,-2.329728731576885536e+00,3.904080517632620762e+00,1.288689978990514184e+00,1.131002100948585998e-02,8.041911975966212367e+01,0.000000000000000000e+00
8.100000000000000000e+01,8.100000000000000533e-01,1.148237597629427675e+01,-2.331658033792461726e+00,3.973449313981192610e+00,1.291890120838150802e+00,8.109879161849242735e-03,8.039856200439787415e+01,0.000000000000000000e+00
8.200000000000000000e+01,8.200000000000000622e-01,1.148128632649779135e+01,-2.384532598916973445e+00,4.006875996930259198e+00,1.297019405433515571e+00,2.980594566484473518e-03,8.038090411655426237e+01,0.000000000000000000e+00
8.300000000000000000e+01,8.300000000000000711e-01,1.154895196542143587e+01,-2.389199483458484874e+00,4.071260619504111666e+00,1.300096452337868635e+00,9.645233786859108704e-05,8.036007282286612963e+01,0.000000000000000000e+00
8.400000000000000000e+01,8.399999999999999689e-01,1.157934088572859466e+01,-2.418197748724903562e+00,4.117712731701987927e+00,1.304777038577316750e+00,4.777038577316705670e-03,8.033965772532617677e+01,0.000000000000000000e+00
8.500000000000000000e+01,8.499999999999999778e-01,1.153454124316572837e+01,-2.497615664069142039e+00,4.128635455710548463e+00,1.308932694072342029e+00,8.932694072341984537e-03,8.032632381455979953e+01,0.000000000000000000e+00
8.600000000000000000e+01,8.599999999999999867e-01,1.150256344899534788e+01,-2.567146050993885709e+00,4.144781536204475536e+00,1.309328887439180633e+00,9.328887439180588714e-03,8.031739421515246136e+01,0.000000000000000000e+00
8.700000000000000000e+01,8.699999999999999956e-01,1.142698883160948320e+01,-2.665518891875233276e+00,4.140043517095703507e+00,1.307570028477804458e+00,7.570028477804413569e-03,8.031562032626403891e+01,0.000000000000000000e+00
8.800000000000000000e+01,8.800000000000000044e-01,1.139669749364256468e+01,-2.731769564215626556e+00,4.155601467830795315e+00,1.302274539868340186e+00,2.274539868340141879e-03,8.031489826869453452e+01,0.000000000000000000e+00
8.900000000000000000e+01,8.900000000000000133e-01,1.141913539513945253e+01,-2.760823688570942736e+00,4.194884397728103842e+00,1.296430619920132754e+00,3.569380079867290334e-03,8.031048258440401355e+01,0.000000000000000000e+00
9.000000000000000000e+01,9.000000000000000222e-01,1.141725802242755528e+01,-2.805565042559590161e+00,4.222257380230087342e+00,1.292557771674755385e+00,7.442228325244659715e-03,8.030556946044315225e+01,0.000000000000000000e+00
9.100000000000000000e+01,9.100000000000000311e-01,1.146063312828540504e+01,-2.818240826193775916e+00,4.269959668857711499e+00,1.289009047273171005e+00,1.099095272682903968e-02,8.029656853213671752e+01,0.000000000000000000e+00
9.200000000000000000e+01,9.200000000000000400e-01,1.151550399124622004e+01,-2.822030354802098184e+00,4.322394180042404166e+00,1.287736206609968237e+00,1.226379339003180746e-02,8.028355536778697399e+01,0.000000000000000000e+00
9.300000000000000000e+01,9.300000000000000488e-01,1.159248490631579998e+01,-2.809626121584858804e+00,4.384531569225448955e+00,1.288626345787251548e+00,1.137365421274849631e-02,8.026536574624215348e+01,0.000000000000000000e+00
9.400000000000000000e+01,9.400000000000000577e-01,1.167481118786816374e+01,-2.780993049208607459e+00,4.456445159656662547e+00,1.292072447785013845e+00,7.927552214986199886e-03,8.024356336953069047e+01,0.000000000000000000e+00
9.500000000000000000e+01,9.500000000000000666e-01,1.167866565514092159e+01,-2.817390151087727279e+00,4.483226575595993246e+00,1.297901408535480305e+00,2.098591464519738992e-03,8.022500366516948134e+01,0.000000000000000000e+00
9.600000000000000000e+01,9.599999999999999645e-01,1.169803338337425913e+01,-2.842192139689411867e+00,4.516690840465683365e+00,1.301581564501885779e+00,1.581564501885734941e-03,8.020751244341735742e+01,0.000000000000000000e+00
9.700000000000000000e+01,9.699999999999999734e-01,1.166709447432045721e+01,-2.900894599024739229e+00,4.526081585628647375e+00,1.304400137970531892e+00,4.400137970531847742e-03,8.019620380372151658e+01,0.000000000000000000e+00
9.800000000000000000e+01,9.799999999999999822e-01,1.162206040907387461e+01,-2.968500537936177075e+00,4.528343421859402085e+00,1.304325866988495397e+00,4.325866988495352672e-03,8.019121413830762890e+01,0.000000000000000000e+00
9.900000000000000000e+01,9.899999999999999911e-01,1.159998415756706969e+01,-3.019411683146443259e+00,4.540819736165661702e+00,1.301515775054036483e+00,1.515775054036438974e-03,8.018841491700031554e+01,0.000000000000000000e+00
1.000000000000000000e+02,1.000000000000000000e+00,1.158478786635880198e+01,-3.064263372485127146e+00,4.555674869460720977e+00,1.297746594012184396e+00,2.253405987815648714e-03,8.018650194518129126e+01,0.000000000000000000e+00
1.010000000000000000e+02,1.010000000000000009e+00,1.161454906392578756e+01,-3.077267741028752113e+00,4.591062778873104655e+00,1.293589686300494757e+00,6.410313699505287843e-03,8.018051268350716043e+01,0.000000000000000000e+00
1.020000000000000000e+02,1.020000000000000018e+00,1.167553226876740169e+01,-3.067908423606839019e+00,4.640600895328183206e+00,1.291177174662629268e+00,8.822825337370776566e-03,8.016821231553541338e+01,0.000000000000000000e+00
1.030000000000000000e+02,1.030000000000000027e+00,1.174108130538004779e+01,-3.038081596557583808e+00,4.703047594470639581e+00,1.291439354462724509e+00,8.560645537275535233e-03,8.015240281216050278e+01,0.000000000000000000e+00
1.040000000000000000e+02,1.040000000000000036e+00,1.179338811237397699e+01,-3.017880793277706974e+00,4.758068093700070555e+00,1.294284826766531005e+00,5.715173233469039715e-03,8.013496853313071711e+01,0.000000000000000000e+00
1.050000000000000000e+02,1.050000000000000044e+00,1.180402925092759681e+01,-3.041912699405636911e+00,4.782198550147671590e+00,1.298364720002689321e+00,1.635279997310723488e-03,8.011921174234900889e+01,0.000000000000000000e+00
1.060000000000000000e+02,1.060000000000000053e+00,1.184361930124525486e+01,-3.032957472865071225e+00,4.827804572028774999e+00,1.301033413935139826e+00,1.033413935139781969e-03,8.010260266187366085e+01,0.000000000000000000e+00
1.070000000000000000e+02,1.070000000000000062e+00,1.185127744965319074e+01,-3.057944321696247858e+00,4.849508959693570098e+00,1.304309559866136725e+00,4.309559866136680739e-03,8.008785413902344885e+01,0.000000000000000000e+00
1.080000000000000000e+02,1.080000000000000071e+00,1.184198740653757476e+01,-3.094035515849079765e+00,4.862814666671414265e+00,1.306266264671924748e+00,6.266264671924703933e-03,8.007679321249895565e+01,0.000000000000000000e+00
1.090000000000000000e+02,1.090000000000000080e+00,1.179084228210214924e+01,-3.158569202486958272e+00,4.855970566911358866e+00,1.306518946405174741e+00,6.518946405174697034e-03,8.007405556456185991e+01,0.000000000000000000e+00
1.100000000000000000e+02,1.100000000000000089e+00,1.175022320918802521e+01,-3.215130114619221491e+00,4.853724092734713835e+00,1.303675082085991921e+00,3.675082085991876468e-03,8.007602522682383039e+01,0.000000000000000000e+00
1.110000000000000000e+02,1.110000000000000098e+00,1.173084903411630897e+01,-3.256290960375752164e+00,4.861126682055850523e+00,1.299065534156967905e+00,9.344658430321395315e-04,8.007860938651640481e+01,0.000000000000000000e+00
1.120000000000000000e+02,1.120000000000000107e+00,1.177071657113794600e+01,-3.255665222246732604e+00,4.896089779628177041e+00,1.294136326477544063e+00,5.863673522455981058e-03,8.007413758433146711e+01,0.000000000000000000e+00
1.130000000000000000e+02,1.130000000000000115e+00,1.181465443067316379e+01,-3.251584889133062095e+00,4.932635509265322682e+00,1.291650880441248761e+00,8.349119558751283421e-03,8.006404130794459206e+01,0.000000000000000000e+00
1.140000000000000000e+02,1.140000000000000124e+00,1.185209798003212001e+01,-3.226796077926244344e+00,4.982498037112613076e+00,1.291139826594116080e+00,8.860173405883964293e-03,8.005341986308195601e+01,0.000000000000000000e+00
1.150000000000000000e+02,1.150000000000000133e+00,1.188197717598522729e+01,-3.201706525523748237e+00,5.031855727923770338e+00,1.292442694015544236e+00,7.557305984455808812e-03,8.004385316851832499e+01,0.000000000000000000e+00
1.160000000000000000e+02,1.159999999999999920e+00,1.190582017073568721e+01,-3.167627355296697367e+00,5.086635081065555397e+00,1.294869334490761359e+00,5.130665509238685473e-03,8.003726627179055697e+01,0.000000000000000000e+00
1.170000000000000000e+02,1.169999999999999929e+00,1.192484639886989228e+01,-3.173321549136724151e+00,5.113674797309299080e+00,1.298192711109730002e+00,1.807288890270042359e-03,8.002916803135397572e+01,0.000000000000000000e+00
1.180000000000000000e+02,1.179999999999999938e+00,1.192358305875434432e+01,-3.200131112773503705e+00,5.125652686847110395e+00,1.300985926758174704e+00,9.859267581746600229e-04,8.002196992622648963e+01,0.000000000000000000e+00
1.190000000000000000e+02,1.189999999999999947e+00,1.191984324310197429e+01,-3.228089915950383748e+00,5.136174968970675714e+00,1.302315233316589715e+00,2.315233316589671020e-03,8.001587777695115733e+01,0.000000000000000000e+00
1.200000000000000000e+02,1.199999999999999956e+00,1.188880098674668950e+01,-3.273974496562566561e+00,5.133200951410193724e+00,1.302502980816000022e+00,2.502980815999977793e-03,8.001462135775041418e+01,0.000000000000000000e+00
1.210000000000000000e+02,1.209999999999999964e+00,1.191126543386856973e+01,-3.276063123632754870e+00,5.159428590131660108e+00,1.300682457580173423e+00,6.824575801733789859e-04,8.000992465941840237e+01,0.000000000000000000e+00
1.220000000000000000e+02,1.219999999999999973e+00,1.192919160884461682e+01,-3.261994689394321245e+00,5.196060403180976728e+00,1.299978364377223583e+00,2.163562277646136067e-05,8.000557467378803267e+01,0.000000000000000000e+00
1.230000000000000000e+02,1.229999999999999982e+00,1.192173660081467901e+01,-3.290559578825321019e+00,5.203069734168907168e+00,1.300409951648157980e+00,4.099516481579357219e-04,8.000221098164638533e+01,0.000000000000000000e+00
1.240000000000000000e+02,1.239999999999999991e+00,1.191573462050996035e+01,-3.317603591371860450e+00,5.210539135528465593e+00,1.299889339229124863e+00,1.106607708751816688e-04,7.999939769804045397e+01,0.000000000000000000e+00
1.250000000000000000e+02,1.250000000000000000e+00,1.189052700561127907e+01,-3.357550030638065230e+00,5.208654705775638938e+00,1.298775227376008701e+00,1.224772623991343679e-03,7.999982490364918419e+01,0.000000000000000000e+00
1.260000000000000000e+02,1.260000000000000009e+00,1.182910099547944327e+01,-3.422274776388492423e+00,5.189343098891636252e+00,1.296406563613643259e+00,3.593436386356785306e-03,8.000780116438531309e+01,0.000000000000000000e+00
1.270000000000000000e+02,1.270000000000000018e+00,1.184301769774995172e+01,-3.433967067886676716e+00,5.205612979424854458e+00,1.291540590211890605e+00,8.459409788109439887e-03,8.001033284556855563e+01,0.000000000000000000e+00
1.280000000000000000e+02,1.280000000000000027e+00,1.187473129416410345e+01,-3.414078535724963892e+00,5.242859552396198275e+00,1.288257191508089372e+00,1.174280849191067233e-02,8.000869591539276371e+01,0.000000000000000000e+00
1.290000000000000000e+02,1.290000000000000036e+00,1.190003810342388135e+01,-3.398614573170032127e+00,5.276590273869891767e+00,1.287453140992912637e+00,1.254685900708740753e-02,8.000492437119910960e+01,0.000000000000000000e+00
1.300000000000000000e+02,1.300000000000000044e+00,1.192023242596451205e+01,-3.358034329105700877e+00,5.326947153104205412e+00,1.288183509094041446e+00,1.181649090595859874e-02,8.000360604253741315e+01,0.000000000000000000e+00
1.310000000000000000e+02,1.310000000000000053e+00,1.193634708738582262e+01,-3.319019899059619139e+00,5.375777581227679569e+00,1.290581090499226091e+00,9.418909500773953170e-03,8.000473780701696569e+01,1.000000000000000000e+00
1.320000000000000000e+02,1.320000000000000062e+00,1.194920626165131239e+01,-3.282987742115344165e+00,5.422121251119037311e+00,1.294055669008982390e+00,5.944330991017654497e-03,8.000798586604105367e+01,1.000000000000000000e+00
1.330000000000000000e+02,1.330000000000000071e+00,1.195506474556187371e+01,-3.301509761501635776e+00,5.430745988977809802e+00,1.298162743790199025e+00,1.837256209801019224e-03,8.000795811022899784e+01,0.000000000000000000e+00
1.340000000000000000e+02,1.340000000000000080e+00,1.196414257474129350e+01,-3.281978051353778181e+00,5.464908505571743014e+00,1.301117021007749619e+00,1.117021007749574579e-03,8.000924629191752047e+01,1.000000000000000000e+00
1.350000000000000000e+02,1.350000000000000089e+00,1.197138649903598129e+01,-3.287001014639224561e+00,5.481846206081767647e+00,1.304348740274343443e+00,4.348740274343398937e-03,8.000899583013267602e+01,0.000000000000000000e+00
1.360000000000000000e+02,1.360000000000000098e+00,1.195513596378627064e+01,-3.320508972097720779e+00,5.478865102125068276e+00,1.307102266336209961e+00,7.102266336209916986e-03,8.000975540064699487e+01,0.000000000000000000e+00
1.370000000000000000e+02,1.370000000000000107e+00,1.193019023023905945e+01,-3.359597104479159935e+00,5.471636991096397118e+00,1.308167562847283749e+00,8.167562847283704741e-03,8.001261143265713827e+01,0.000000000000000000e+00
1.380000000000000000e+02,1.380000000000000115e+00,1.187205287538828991e+01,-3.421351164270725054e+00,5.448497106624503594e+00,1.307654901880995535e+00,7.654901880995490515e-03,8.002192495945963913e+01,0.000000000000000000e+00
1.390000000000000000e+02,1.390000000000000124e+00,1.185384884916606119e+01,-3.454798522878971045e+00,5.444293561769385725e+00,1.304551753371781642e+00,4.551753371781597224e-03,8.002983433580627093e+01,0.000000000000000000e+00
1.400000000000000000e+02,1.400000000000000133e+00,1.187108544193568349e+01,-3.463106846500720870e+00,5.456863299203773110e+00,1.301362905114682667e+00,1.362905114682622099e-03,8.003161447375370585e+01,0.000000000000000000e+00
1.410000000000000000e+02,1.409999999999999920e+00,1.189447318397822428e+01,-3.466678661097373659e+00,5.472271416974922253e+00,1.299713421257928880e+00,2.865787420711640721e-04,8.002817554925377408e+01,0.000000000000000000e+00
1.420000000000000000e+02,1.419999999999999929e+00,1.191579173266949176e+01,-3.459136117686118617e+00,5.494885209394356096e+00,1.299481005227887120e+00,5.189947721129239966e-04,8.002269466581657298e+01,0.000000000000000000e+00
1.430000000000000000e+02,1.429999999999999938e+00,1.188291186749996697e+01,-3.501368283022727290e+00,5.483111610008140957e+00,1.300529176124161079e+00,5.291761241610348776e-04,8.002218972823160925e+01,0.000000000000000000e+00
1.440000000000000000e+02,1.439999999999999947e+00,1.185619576633038008e+01,-3.538875521410788760e+00,5.474198128176590572e+00,1.299780776799979609e+00,2.192232000204352715e-04,8.002438721579621017e+01,0.000000000000000000e+00
1.450000000000000000e+02,1.449999999999999956e+00,1.187726176917614396e+01,-3.542633646417941318e+00,5.487973021460434531e+00,1.298020385950558353e+00,1.979614049441691392e-03,8.002169170228837913e+01,0.000000000000000000e+00
1.460000000000000000e+02,1.459999999999999964e+00,1.190205737136278152e+01,-3.519400924135531739e+00,5.519828244639298553e+00,1.297675100664360759e+00,2.324899335639285525e-03,8.001774200611514232e+01,0.000000000000000000e+00
1.470000000000000000e+02,1.469999999999999973e+00,1.189347105883035738e+01,-3.543578649450625839e+00,5.518950431911012977e+00,1.299177821346455985e+00,8.221786535440589461e-04,8.001485509224288251e+01,0.000000000000000000e+00
1.480000000000000000e+02,1.479999999999999982e+00,1.191499205704644737e+01,-3.529067436148013659e+00,5.544168005553743228e+00,1.299888273546949469e+00,1.117264530505757136e-04,8.001042165757128544e+01,0.000000000000000000e+00
1.490000000000000000e+02,1.489999999999999991e+00,1.193216537885524531e+01,-3.505595882822360565e+00,5.575183330146333383e+00,1.301840780426924526e+00,1.840780426924482072e-03,8.000684156608241437e+01,0.000000000000000000e+00
1.500000000000000000e+02,1.500000000000000000e+00,1.190626419238902756e+01,-3.541708806444491930e+00,5.565140406457445010e+00,1.304816384726626532e+00,4.816384726626488089e-03,8.000673798408207915e+01,0.000000000000000000e+00
1.510000000000000000e+02,1.510000000000000009e+00,1.187539111785747181e+01,-3.580898569513644603e+00,5.552678015796205457e+00,1.305821299237981403e+00,5.821299237981358843e-03,8.000991694570379309e+01,0.000000000000000000e+00
1.520000000000000000e+02,1.520000000000000018e+00,1.182649698905803248e+01,-3.632281640459384509e+00,5.531575136748811516e+00,1.305180683162553201e+00,5.180683162553156862e-03,8.001801948162980693e+01,0.000000000000000000e+00
1.530000000000000000e+02,1.530000000000000027e+00,1.178477316074229719e+01,-3.678270305086459580e+00,5.513862846461793588e+00,1.302540730454563089e+00,2.540730454563044916e-03,8.002845867113201450e+01,0.000000000000000000e+00
1.540000000000000000e+02,1.540000000000000036e+00,1.174135626964427459e+01,-3.725061734606113006e+00,5.495310839978715833e+00,1.298764967867949149e+00,1.235032132050895015e-03,8.004061574842395999e+01,0.000000000000000000e+00
1.550000000000000000e+02,1.550000000000000044e+00,1.176796683006145017e+01,-3.722647457857217290e+00,5.510067889062425728e+00,1.294080547772312961e+00,5.919452227687083123e-03,8.004445483656891724e+01,0.000000000000000000e+00
1.560000000000000000e+02,1.560000000000000053e+00,1.181484221792782385e+01,-3.703594972629632220e+00,5.535901588765642423e+00,1.291881576029619616e+00,8.118423970380428401e-03,8.004002724761673448e+01,0.000000000000000000e+00
1.570000000000000000e+02,1.570000000000000062e+00,1.185224783046765751e+01,-3.691930334110344880e+00,5.556416158048174125e+00,1.292458805892382045e+00,7.541194107617998910e-03,8.003075524832047449e+01,0.000000000000000000e+00
1.580000000000000000e+02,1.580000000000000071e+00,1.188209675360550399e+01,-3.662528302211846221e+00,5.588779820767900475e+00,1.294588077650681068e+00,5.411922349318976089e-03,8.002153632909320891e+01,0.000000000000000000e+00
1.590000000000000000e+02,1.590000000000000080e+00,1.190591559126095689e+01,-3.635121681232536872e+00,5.619525451032182595e+00,1.298102008151711617e+00,1.897991848288427263e-03,8.001333235279443556e+01,0.000000000000000000e+00
1.600000000000000000e+02,1.600000000000000089e+00,1.192234876944737287e+01,-3.639156204302395281e+00,5.628458314506074700e+00,1.302386568884137175e+00,2.386568884137130198e-03,8.000376568559062207e+01,0.000000000000000000e+00
1.610000000000000000e+02,1.610000000000000098e+00,1.189405838563160778e+01,-3.674124020178402450e+00,5.615984944669267342e+00,1.306171463187268067e+00,6.171463187268022565e-03,7.999968342036450508e+01,0.000000000000000000e+00
1.620000000000000000e+02,1.620000000000000107e+00,1.185315415456013532e+01,-3.717578266699398615e+00,5.597465457288286039e+00,1.307577798018351611e+00,7.577798018351566967e-03,8.000149239120349876e+01,0.000000000000000000e+00
1.630000000000000000e+02,1.630000000000000115e+00,1.182374702050404380e+01,-3.752664724428738108e+00,5.584429846374055373e+00,1.306683128763610036e+00,6.683128763609991196e-03,8.000588410245129012e+01,0.000000000000000000e+00
1.640000000000000000e+02,1.640000000000000124e+00,1.177776222302632192e+01,-3.799015179712856849e+00,5.563464956847687937e+00,1.304620351535971334e+00,4.620351535971289891e-03,8.001437890782538886e+01,0.000000000000000000e+00
1.650000000000000000e+02,1.650000000000000133e+00,1.180035778119282597e+01,-3.797141095985258730e+00,5.575215149489899602e+00,1.300946158296351296e+00,9.461582963512515931e-04,8.001626149051874393e+01,0.000000000000000000e+00
1.660000000000000000e+02,1.660000000000000142e+00,1.175999516560749925e+01,-3.838955122817839349e+00,5.556895709601898936e+00,1.299174411023261255e+00,8.255889767387891709e-04,8.002207698210996512e+01,0.000000000000000000e+00
1.670000000000000000e+02,1.669999999999999929e+00,1.179152525737004176e+01,-3.830241824973906084e+00,5.572866544095536057e+00,1.295928904502971379e+00,4.071095497028665022e-03,8.002098011197492156e+01,0.000000000000000000e+00
1.680000000000000000e+02,1.679999999999999938e+00,1.183301574542240964e+01,-3.814266062368238952e+00,5.593582584229966237e+00,1.294844303834074450e+00,5.155696165925593988e-03,8.001360527599746320e+01,0.000000000000000000e+00
1.690000000000000000e+02,1.689999999999999947e+00,1.186674993826636815e+01,-3.803246735919798560e+00,5.610704343883057277e+00,1.295764133480020952e+00,4.235866519979092359e-03,8.000267427011486632e+01,0.000000000000000000e+00
1.700000000000000000e+02,1.699999999999999956e+00,1.189366914265700004e+01,-3.780497192729796119e+00,5.635635705558319941e+00,1.297774306455258264e+00,2.225693544741780272e-03,7.999188532926906703e+01,0.000000000000000000e+00
1.710000000000000000e+02,1.709999999999999964e+00,1.186456244700499241e+01,-3.813435787547911460e+00,5.622307220069428624e+00,1.300685241372366185e+00,6.852413723661410216e-04,7.998712484191858607e+01,0.000000000000000000e+00
1.720000000000000000e+02,1.719999999999999973e+00,1.189192356882216650e+01,-3.795335453142012483e+00,5.643661625949403238e+00,1.301252383897544940e+00,1.252383897544895319e-03,7.998015046769532432e+01,0.000000000000000000e+00
1.730000000000000000e+02,1.729999999999999982e+00,1.187312724528434060e+01,-3.820761907686079706e+00,5.635073888865968605e+00,1.302955670490290263e+00,2.955670490290218666e-03,7.997680590290522673e+01,0.000000000000000000e+00
1.740000000000000000e+02,1.739999999999999991e+00,1.184724341092231015e+01,-3.850883515466536178e+00,5.623088101712724551e+00,1.303075574433578465e+00,3.075574433578420752e-03,7.997715663750173576e+01,0.000000000000000000e+00
1.750000000000000000e+02,1.750000000000000000e+00,1.187304541525962165e+01,-3.844559464444006647e+00,5.635822806922456962e+00,1.301712507058650603e+00,1.712507058650558633e-03,7.997282437682025602e+01,0.000000000000000000e+00
1.760000000000000000e+02,1.760000000000000009e+00,1.184385066208960779e+01,-3.876492366780127430e+00,5.622231613961718111e+00,1.301590349393585866e+00,1.590349393585821502e-03,7.997296867116118335e+01,0.000000000000000000e+00
1.770000000000000000e+02,1.770000000000000018e+00,1.185527093587043090e+01,-3.879730816174830288e+00,5.628071194259188559e+00,1.299871511060133766e+00,1.284889398662780735e-04,7.997057991777867869e+01,0.000000000000000000e+00
1.780000000000000000e+02,1.780000000000000027e+00,1.183730857071997988e+01,-3.903305013467158080e+00,5.619841654864809577e+00,1.298814064590523065e+00,1.185935409476979174e-03,7.997055550191923601e+01,0.000000000000000000e+00
1.790000000000000000e+02,1.790000000000000036e+00,1.183733365673404592e+01,-3.914041531373347205e+00,5.620213299510738558e+00,1.296895624841500227e+00,3.104375158499816933e-03,7.996970182655309145e+01,0.000000000000000000e+00
1.800000000000000000e+02,1.800000000000000044e+00,1.181006480354648502e+01,-3.943697033215845860e+00,5.607517302749416288e+00,1.295152826970147997e+00,4.847173029852047677e-03,7.997210040268929276e+01,0.000000000000000000e+00
1.810000000000000000e+02,1.810000000000000053e+00,1.183649126190525003e+01,-3.935515338469828261e+00,5.620503479955456072e+00,1.292289766970877940e+00,7.710233029122104398e-03,7.996933121625548324e+01,0.000000000000000000e+00
1.820000000000000000e+02,1.820000000000000062e+00,1.186952333020721895e+01,-3.897758566428507265e+00,5.653533632276317888e+00,1.291034278887159825e+00,8.965721112840219220e-03,7.996478565092763802e+01,0.000000000000000000e+00
1.830000000000000000e+02,1.830000000000000071e+00,1.189588225339768002e+01,-3.854282323409403244e+00,5.690327884671948055e+00,1.291903200780758265e+00,8.096799219241779255e-03,7.996102281967567649e+01,0.000000000000000000e+00
1.840000000000000000e+02,1.840000000000000080e+00,1.191691614160016854e+01,-3.825331820536935989e+00,5.717054786203167538e+00,1.294273776898075656e+00,5.726223101924388104e-03,7.995724606236008469e+01,0.000000000000000000e+00
1.850000000000000000e+02,1.850000000000000089e+00,1.193370075945871989e+01,-3.796782709647501086e+00,5.743366961000226034e+00,1.297183306616334297e+00,2.816693383665747064e-03,7.995431664474648414e+01,0.000000000000000000e+00
1.860000000000000000e+02,1.860000000000000098e+00,1.194709454542665483e+01,-3.790829018045748011e+00,5.754080137727521027e+00,1.300345861279474935e+00,3.458612794748905372e-04,7.995009715957172602e+01,0.000000000000000000e+00
1.870000000000000000e+02,1.870000000000000107e+00,1.195778251604753351e+01,-3.747644313265169558e+00,5.790129177091381862e+00,1.302982513787600105e+00,2.982513787600060695e-03,7.994990602954602821e+01,1.000000000000000000e+00
1.880000000000000000e+02,1.880000000000000115e+00,1.196631130068439575e+01,-3.753269030739153411e+00,5.792636775491497581e+00,1.306156602868778327e+00,6.156602868778282556e-03,7.994741083442070817e+01,0.000000000000000000e+00
1.890000000000000000e+02,1.890000000000000124e+00,1.196507960199255116e+01,-3.766217150379503664e+00,5.789991885838768226e+00,1.308344921648875836e+00,8.344921648875791576e-03,7.994467531128678672e+01,0.000000000000000000e+00
1.900000000000000000e+02,1.900000000000000133e+00,1.193460293887991064e+01,-3.799393722702349319e+00,5.773362424788734515e+00,1.309363299153766480e+00,9.363299153766435623e-03,7.994630634745581688e+01,0.000000000000000000e+00
1.910000000000000000e+02,1.910000000000000142e+00,1.189983747362035871e+01,-3.835312061001146855e+00,5.754728775439521549e+00,1.308226799920024108e+00,8.226799920024063795e-03,7.995176075643830416e+01,0.000000000000000000e+00
1.920000000000000000e+02,1.919999999999999929e+00,1.184991927980322046e+01,-3.881581544567430875e+00,5.728888104377052315e+00,1.305338119210658121e+00,5.338119210658076597e-03,7.996215841756858822e+01,0.000000000000000000e+00
1.930000000000000000e+02,1.929999999999999938e+00,1.181987704872030420e+01,-3.913674001385057721e+00,5.712627162156364236e+00,1.300498427232599008e+00,4.984272325989635988e-04,7.997297927610084400e+01,0.000000000000000000e+00
1.940000000000000000e+02,1.939999999999999947e+00,1.182953733562368548e+01,-3.917739898849809776e+00,5.715412287829181537e+00,1.295134570466136781e+00,4.865429533863263600e-03,7.997831462240695544e+01,0.000000000000000000e+00
1.950000000000000000e+02,1.949999999999999956e+00,1.186397423751789049e+01,-3.888178016830766914e+00,5.741073765871783863e+00,1.291181880953525152e+00,8.818119046474892642e-03,7.997813017914305078e+01,0.000000000000000000e+00
1.960000000000000000e+02,1.959999999999999964e+00,1.189145418953447830e+01,-3.843681299377764038e+00,5.776840655920764789e+00,1.289812040770324852e+00,1.018795922967519196e-02,7.997727813259758989e+01,0.000000000000000000e+00
1.970000000000000000e+02,1.969999999999999973e+00,1.191338263609316961e+01,-3.795824958969439056e+00,5.814809591887256879e+00,1.290537101822272215e+00,9.462898177727829818e-03,7.997754000088553994e+01,0.000000000000000000e+00
1.980000000000000000e+02,1.979999999999999982e+00,1.193088109344808423e+01,-3.747726928879107078e+00,5.852850439665576943e+00,1.292724897653710903e+00,7.275102346289141764e-03,7.997959355725055275e+01,0.000000000000000000e+00
1.990000000000000000e+02,1.989999999999999991e+00,1.194484450891311766e+01,-3.705601546455706163e+00,5.886711619017383157e+00,1.295861718460974199e+00,4.138281539025845390e-03,7.998302112067604241e+01,1.000000000000000000e+00
2.000000000000000000e+02,2.000000000000000000e+00,1.194938011720474336e+01,-3.715766675163592048e+00,5.884598591295739922e+00,1.299432993557060323e+00,5.670064429397214667e-04,7.998349133099462449e+01,0.000000000000000000e+00
2.010000000000000000e+02,2.010000000000000231e+00,1.195960635615328016e+01,-3.713272327621067515e+00,5.891057553855439721e+00,1.301677114407857827e+00,1.677114407857782652e-03,7.998197176004462960e+01,0.000000000000000000e+00
2.020000000000000000e+02,2.020000000000000018e+00,1.196776668824352718e+01,-3.699347745616520466e+00,5.905249435273668190e+00,1.303454205423855594e+00,3.454205423855549739e-03,7.998081233171654958e+01,0.000000000000000000e+00
2.030000000000000000e+02,2.030000000000000249e+00,1.197427846839634924e+01,-3.706974826891506591e+00,5.904569471595546126e+00,1.305150900082161058e+00,5.150900082161014026e-03,7.997776862883665672e+01,0.000000000000000000e+00
2.040000000000000000e+02,2.040000000000000036e+00,1.196667342951504764e+01,-3.725158192951763425e+00,5.896554594753047773e+00,1.306179510119737541e+00,6.179510119737496865e-03,7.997545605176092920e+01,0.000000000000000000e+00
2.050000000000000000e+02,2.049999999999999822e+00,1.193297752430646064e+01,-3.761320307095135096e+00,5.876120918510219227e+00,1.306085647048244036e+00,6.085647048243991719e-03,7.997774671943379587e+01,0.000000000000000000e+00
2.060000000000000000e+02,2.060000000000000053e+00,1.194651741838596415e+01,-3.750241435606564089e+00,5.887969815252086292e+00,1.304031784844775999e+00,4.031784844775954113e-03,7.997774250075222824e+01,0.000000000000000000e+00
2.070000000000000000e+02,2.069999999999999840e+00,1.193214981413028752e+01,-3.772641914923275497e+00,5.876784642455836760e+00,1.303049250768256062e+00,3.049250768256017707e-03,7.997873128189338843e+01,0.000000000000000000e+00
2.080000000000000000e+02,2.080000000000000071e+00,1.191439629769466357e+01,-3.797145384390438583e+00,5.864069736717006265e+00,1.301236796322596589e+00,1.236796322596545039e-03,7.998096457888787825e+01,0.000000000000000000e+00
2.090000000000000000e+02,2.089999999999999858e+00,1.192362189805648853e+01,-3.802513654072368965e+00,5.864378214744588647e+00,1.298687254708562833e+00,1.312745291437211748e-03,7.998000541135940011e+01,0.000000000000000000e+00
2.100000000000000000e+02,2.100000000000000089e+00,1.193905181764103673e+01,-3.776734845478618929e+00,5.885938778785726022e+00,1.296824284824712903e+00,3.175715175287141534e-03,7.997893338307783040e+01,0.000000000000000000e+00
2.110000000000000000e+02,2.109999999999999876e+00,1.195136458175395866e+01,-3.745335764725292726e+00,5.911273470787068440e+00,1.296462956209224249e+00,3.537043790775795671e-03,7.997915521031677599e+01,1.000000000000000000e+00
2.120000000000000000e+02,2.120000000000000107e+00,1.196118991877336057e+01,-3.695513410408581390e+00,5.949166367916126852e+00,1.297269600319337135e+00,2.730399680662909390e-03,7.998303803443073434e+01,1.000000000000000000e+00
2.130000000000000000e+02,2.129999999999999893e+00,1.196903033922318649e+01,-3.654597277481640649e+00,5.980891440776844981e+00,1.299358279213723488e+00,6.417207862765561543e-04,7.998898627781302650e+01,1.000000000000000000e+00
2.140000000000000000e+02,2.140000000000000124e+00,1.197528683634981483e+01,-3.631228084404553247e+00,6.000513426927586380e+00,1.302094682981685514e+00,2.094682981685469514e-03,7.999474189467791518e+01,1.000000000000000000e+00
2.150000000000000000e+02,2.149999999999999911e+00,1.197347626777872343e+01,-3.646972126801098835e+00,5.993220674065609543e+00,1.304801197567671656e+00,4.801197567671611210e-03,7.999768554960071754e+01,0.000000000000000000e+00
2.160000000000000000e+02,2.160000000000000142e+00,1.197883459752039492e+01,-3.656136699159230119e+00,5.990367433694859578e+00,1.306250137128505129e+00,6.250137128505084405e-03,7.999766854485552869e+01,0.000000000000000000e+00
2.170000000000000000e+02,2.169999999999999929e+00,1.193876399224238050e+01,-3.698021150071705510e+00,5.964987952379246394e+00,1.307160492056853807e+00,7.160492056853762222e-03,8.000243772079235782e+01,0.000000000000000000e+00
2.180000000000000000e+02,2.180000000000000160e+00,1.188275635903315219e+01,-3.750729775865162541e+00,5.932118541864414674e+00,1.305650661679963243e+00,5.650661679963198125e-03,8.001304434959385503e+01,0.000000000000000000e+00
2.190000000000000000e+02,2.189999999999999947e+00,1.190644194306685932e+01,-3.733057154853428372e+00,5.947446245817204158e+00,1.301693821639426263e+00,1.693821639426218439e-03,8.001734872842678215e+01,0.000000000000000000e+00
2.200000000000000000e+02,2.200000000000000178e+00,1.189218272985770675e+01,-3.756354819972599568e+00,5.934617869524021927e+00,1.299903849143620338e+00,9.615085637970643972e-05,8.002120321818672721e+01,0.000000000000000000e+00
2.210000000000000000e+02,2.209999999999999964e+00,1.188266035320117453e+01,-3.776057331998432520e+00,5.924187682537098709e+00,1.297625299735147175e+00,2.374700264852869225e-03,8.002403224214488375e+01,0.000000000000000000e+00
2.220000000000000000e+02,2.220000000000000195e+00,1.190636533235245231e+01,-3.763318205316151133e+00,5.935931226877232625e+00,1.295220647590555441e+00,4.779352409444603822e-03,8.002227296481152052e+01,0.000000000000000000e+00
2.230000000000000000e+02,2.229999999999999982e+00,1.192528142682670378e+01,-3.742079294164265324e+00,5.953439664510747242e+00,1.294463494796771919e+00,5.536505203228125893e-03,8.001928529809757151e+01,0.000000000000000000e+00
2.240000000000000000e+02,2.240000000000000213e+00,1.194037608807383499e+01,-3.716336441476429719e+00,5.973977780012151406e+00,1.295014850949121055e+00,4.985149050878989740e-03,8.001678578491620897e+01,0.000000000000000000e+00
2.250000000000000000e+02,2.250000000000000000e+00,1.195242132280639424e+01,-3.684832365949238575e+00,5.998413400320074196e+00,1.296545628392567817e+00,3.454371607432227265e-03,8.001599163670171322e+01,1.000000000000000000e+00
2.260000000000000000e+02,2.260000000000000231e+00,1.196203317678490130e+01,-3.653438353974904018e+00,6.022721707490942045e+00,1.298869652313189516e+00,1.130347686810528884e-03,8.001696907765122546e+01,1.000000000000000000e+00
2.270000000000000000e+02,2.270000000000000018e+00,1.196970324208088066e+01,-3.605269413430775671e+00,6.058493973878881889e+00,1.301711095879617863e+00,1.711095879617818838e-03,8.002163229707892356e+01,1.000000000000000000e+00
2.280000000000000000e+02,2.280000000000000249e+00,1.196962652763411228e+01,-3.620467751462544292e+00,6.050713606742879946e+00,1.305330499850453352e+00,5.330499850453307431e-03,8.002338512741155796e+01,0.000000000000000000e+00
2.290000000000000000e+02,2.290000000000000036e+00,1.195043806752249438e+01,-3.648673341710652274e+00,6.033944638637564140e+00,1.307642806431857929e+00,7.642806431857884775e-03,8.002601424942315589e+01,0.000000000000000000e+00
2.300000000000000000e+02,2.300000000000000266e+00,1.194082743188425688e+01,-3.669877171952809380e+00,6.021928584245703320e+00,1.308183308188644256e+00,8.183308188644211612e-03,8.002784245872483382e+01,0.000000000000000000e+00
2.310000000000000000e+02,2.310000000000000053e+00,1.193230905553385490e+01,-3.690007248361195646e+00,6.010595674184821213e+00,1.307883963286918805e+00,7.883963286918760360e-03,8.002894884356797434e+01,0.000000000000000000e+00
2.320000000000000000e+02,2.319999999999999840e+00,1.188337925454661104e+01,-3.738039036233510082e+00,5.980064060358069256e+00,1.307042845503469497e+00,7.042845503469452595e-03,8.003566615082270630e+01,0.000000000000000000e+00
2.330000000000000000e+02,2.330000000000000071e+00,1.185355820676371330e+01,-3.772425356347645753e+00,5.958849577573798406e+00,1.304033057749502733e+00,4.033057749502688694e-03,8.004343149310379602e+01,0.000000000000000000e+00
2.340000000000000000e+02,2.339999999999999858e+00,1.182057501336619154e+01,-3.808722653825368010e+00,5.936278209356330215e+00,1.300311512885262255e+00,3.115128852622106592e-04,8.005232332968583364e+01,0.000000000000000000e+00
2.350000000000000000e+02,2.350000000000000089e+00,1.183741273781344105e+01,-3.809976174671735105e+00,5.937685504970811046e+00,1.295946378799314180e+00,4.053621200685864068e-03,8.005481898240549299e+01,0.000000000000000000e+00
2.360000000000000000e+02,2.359999999999999876e+00,1.186143552919909183e+01,-3.805930598814572630e+00,5.942676757691167211e+00,1.293353820855302594e+00,6.646179144697450525e-03,8.005180851422488786e+01,0.000000000000000000e+00
2.370000000000000000e+02,2.370000000000000107e+00,1.188942835158311340e+01,-3.790018874247159442e+00,5.955755590317510340e+00,1.292391226736599341e+00,7.608773263400703257e-03,8.004531209242593093e+01,0.000000000000000000e+00
2.380000000000000000e+02,2.379999999999999893e+00,1.191176605833399904e+01,-3.753633996088590052e+00,5.982827643273138207e+00,1.293044450952831381e+00,6.955549047168663179e-03,8.003988857669411061e+01,0.000000000000000000e+00
2.390000000000000000e+02,2.390000000000000124e+00,1.192959109705440390e+01,-3.708229356844510605e+00,6.016052528736852700e+00,1.295279701800438943e+00,4.720298199561101526e-03,8.003726239099324857e+01,0.000000000000000000e+00
2.400000000000000000e+02,2.399999999999999911e+00,1.194381511785149463e+01,-3.660938764650907284e+00,6.050539769051336059e+00,1.298793869211395613e+00,1.206130788604431459e-03,8.003767084200828208e+01,1.000000000000000000e+00
2.410000000000000000e+02,2.410000000000000142e+00,1.194608507074475234e+01,-3.673661056597318453e+00,6.043802254913114069e+00,1.303198994846396452e+00,3.198994846396407965e-03,8.003602845674342348e+01,0.000000000000000000e+00
2.420000000000000000e+02,2.419999999999999929e+00,1.195381298996567665e+01,-3.682265820939626622e+00,6.039848055956624329e+00,1.306353125009033000e+00,6.353125009032956072e-03,8.003212353050037109e+01,0.000000000000000000e+00
2.430000000000000000e+02,2.430000000000000160e+00,1.192451713539719549e+01,-3.716415336568441141e+00,6.018317544577381994e+00,1.308865794800181392e+00,8.865794800181348023e-03,8.003220273076415481e+01,0.000000000000000000e+00
2.440000000000000000e+02,2.439999999999999947e+00,1.188228658653855341e+01,-3.759297073323812022e+00,5.990758748171590042e+00,1.309289869711868670e+00,9.289869711868625757e-03,8.003712595746912939e+01,0.000000000000000000e+00
2.450000000000000000e+02,2.450000000000000178e+00,1.182634250618577099e+01,-3.811452305753316505e+00,5.956806962607167577e+00,1.307643867415043459e+00,7.643867415043414937e-03,8.004744192324761798e+01,0.000000000000000000e+00
2.460000000000000000e+02,2.459999999999999964e+00,1.184605057455659072e+01,-3.810533069436039533e+00,5.959218317089341355e+00,1.303899496446399686e+00,3.899496446399641769e-03,8.005052030112580042e+01,0.000000000000000000e+00
2.470000000000000000e+02,2.470000000000000195e+00,1.181111735321641198e+01,-3.847467538182224978e+00,5.935636857567094360e+00,1.302020933591079510e+00,2.020933591079465685e-03,8.005633090186779555e+01,0.000000000000000000e+00
2.480000000000000000e+02,2.479999999999999982e+00,1.177644382454514727e+01,-3.883943768803562957e+00,5.912337528286241373e+00,1.299076440920200026e+00,9.235590798000181678e-04,8.006396147421267528e+01,0.000000000000000000e+00
2.490000000000000000e+02,2.490000000000000213e+00,1.178887831784844664e+01,-3.887286003593887873e+00,5.911711872560642789e+00,1.295383816095215357e+00,4.616183904784687542e-03,8.006634139498407876e+01,0.000000000000000000e+00
2.500000000000000000e+02,2.500000000000000000e+00,1.182771417476296705e+01,-3.871942295793976196e+00,5.923854434234760546e+00,1.293277564410018510e+00,6.722435589981534676e-03,8.006143214448472634e+01,0.000000000000000000e+00
2.510000000000000000e+02,2.510000000000000231e+00,1.186251939198256977e+01,-3.852237803701843877e+00,5.938952027303836978e+00,1.293530579887427256e+00,6.469420112572787929e-03,8.005261029742214873e+01,0.000000000000000000e+00
2.520000000000000000e+02,2.520000000000000018e+00,1.189029325218811195e+01,-3.833752025131668795e+00,5.953183613760136161e+00,1.295519126386380782e+00,4.480873613619262841e-03,8.004225513356013266e+01,0.000000000000000000e+00
2.530000000000000000e+02,2.530000000000000249e+00,1.191245623154404853e+01,-3.783654616836991114e+00,5.989056044561527514e+00,1.298559101025356322e+00,1.440898974643722852e-03,8.003561270815579576e+01,0.000000000000000000e+00
2.540000000000000000e+02,2.540000000000000036e+00,1.188422847075226940e+01,-3.815513778690781344e+00,5.968704250795505928e+00,1.303069653970734709e+00,3.069653970734664838e-03,8.003345877950268061e+01,0.000000000000000000e+00
2.550000000000000000e+02,2.550000000000000266e+00,1.185594335360291574e+01,-3.847148829464401842e+00,5.948477948648593916e+00,1.305145696114128562e+00,5.145696114128517351e-03,8.003465926260798824e+01,0.000000000000000000e+00
2.560000000000000000e+02,2.560000000000000053e+00,1.183100013537171513e+01,-3.876190131668534100e+00,5.930001625759265593e+00,1.305473627556481109e+00,5.473627556481064360e-03,8.003780812617675622e+01,0.000000000000000000e+00
2.570000000000000000e+02,2.569999999999999840e+00,1.179268382830384354e+01,-3.914319616322007089e+00,5.905269577247760360e+00,1.304698695168578393e+00,4.698695168578348458e-03,8.004420256470646677e+01,0.000000000000000000e+00
2.580000000000000000e+02,2.580000000000000071e+00,1.173672066492799004e+01,-3.964517241482224286e+00,5.872245709640643518e+00,1.302535940263865211e+00,2.535940263865166244e-03,8.005521036261538370e+01,0.000000000000000000e+00
2.590000000000000000e+02,2.589999999999999858e+00,1.173489434031608702e+01,-3.976671069626297683e+00,5.865258189184329396e+00,1.298580487081686385e+00,1.419512918313659000e-03,8.006202138571902083e+01,0.000000000000000000e+00
2.600000000000000000e+02,2.600000000000000089e+00,1.178499389914634854e+01,-3.952467893127884491e+00,5.883154014093539885e+00,1.295770072154021735e+00,4.229927845978309620e-03,8.005902752067116523e+01,0.000000000000000000e+00
2.610000000000000000e+02,2.609999999999999876e+00,1.174420647410514995e+01,-3.991495703224625213e+00,5.857716468317172520e+00,1.296147544738789348e+00,3.852455261210696591e-03,8.006111542947415671e+01,0.000000000000000000e+00
2.620000000000000000e+02,2.620000000000000107e+00,1.177405632523658952e+01,-3.980954164032425524e+00,5.866199125392101088e+00,1.294746471679208533e+00,5.253528320791511774e-03,8.005754228996734412e+01,0.000000000000000000e+00
2.630000000000000000e+02,2.629999999999999893e+00,1.178948579815986797e+01,-3.980253711034145159e+00,5.867915885342023685e+00,1.295258228219383856e+00,4.741771780616188536e-03,8.005182315211216348e+01,0.000000000000000000e+00
2.640000000000000000e+02,2.640000000000000124e+00,1.183201391974373351e+01,-3.951269593526210766e+00,5.888973846329114359e+00,1.296515849990472535e+00,3.484150009527509084e-03,8.004197498899485197e+01,0.000000000000000000e+00
2.650000000000000000e+02,2.649999999999999911e+00,1.180754655161781841e+01,-3.978231032182064197e+00,5.871692402256391219e+00,1.299794495290191421e+00,2.055047098086237867e-04,8.003700155351435797e+01,0.000000000000000000e+00
2.660000000000000000e+02,2.660000000000000142e+00,1.178639632264061454e+01,-4.002654640961971211e+00,5.856125761164090449e+00,1.301262314168305956e+00,1.262314168305911366e-03,8.003518983466953785e+01,0.000000000000000000e+00
2.670000000000000000e+02,2.669999999999999929e+00,1.174468781033440123e+01,-4.041241233636226227e+00,5.830839050901792220e+00,1.301572847109566222e+00,1.572847109566177792e-03,8.003841234138147342e+01,0.000000000000000000e+00
2.680000000000000000e+02,2.680000000000000160e+00,1.176522808829231792e+01,-4.036100323487605834e+00,5.835464337659738376e+00,1.300115264487851752e+00,1.152644878517072868e-04,8.003698312863829756e+01,0.000000000000000000e+00
2.690000000000000000e+02,2.689999999999999947e+00,1.171949118891640218e+01,-4.077098610688533853e+00,5.808484271360299545e+00,1.300195919690446233e+00,1.959196904461890654e-04,8.004095394850256184e+01,0.000000000000000000e+00
2.700000000000000000e+02,2.700000000000000178e+00,1.168456394473000159e+01,-4.110327611256924030e+00,5.786803932977578668e+00,1.298386929376894372e+00,1.613070623105672396e-03,8.004728384957466858e+01,0.000000000000000000e+00
2.710000000000000000e+02,2.709999999999999964e+00,1.164280182162209165e+01,-4.148130069066372272e+00,5.761977008176705439e+00,1.295691738641349344e+00,4.308261358650700146e-03,8.005603205070266881e+01,0.000000000000000000e+00
2.720000000000000000e+02,2.720000000000000195e+00,1.166313688317223196e+01,-4.142362521578159651e+00,5.766932990742585474e+00,1.292034347601958011e+00,7.965652398042033511e-03,8.005877162490450871e+01,0.000000000000000000e+00
2.730000000000000000e+02,2.729999999999999982e+00,1.169851433077736580e+01,-4.125898120094623422e+00,5.779183329535386271e+00,1.290503349670228284e+00,9.496650329771760823e-03,8.005549594877825825e+01,0.000000000000000000e+00
2.740000000000000000e+02,2.740000000000000213e+00,1.169316658774300244e+01,-4.137711776186313806e+00,5.772070486141107182e+00,1.291200353143314272e+00,8.799646856685772178e-03,8.005289884325020466e+01,0.000000000000000000e+00
2.750000000000000000e+02,2.750000000000000000e+00,1.175515313567370868e+01,-4.102070644785252185e+00,5.797394616199396111e+00,1.291646860457174029e+00,8.353139542826015784e-03,8.004253219887651483e+01,0.000000000000000000e+00
2.760000000000000000e+02,2.760000000000000231e+00,1.180461714866891931e+01,-4.073048082281437665e+00,5.818177272869013095e+00,1.294983648352697081e+00,5.016351647302963457e-03,8.002806843594044039e+01,0.000000000000000000e+00
2.770000000000000000e+02,2.770000000000000018e+00,1.178570657017961665e+01,-4.093909481455174415e+00,5.804808960748575331e+00,1.299881793336347124e+00,1.182066636529199855e-04,8.001901097909333771e+01,0.000000000000000000e+00
2.780000000000000000e+02,2.780000000000000249e+00,1.175953367713228381e+01,-4.119688597608891278e+00,5.788058824134729718e+00,1.302718340979715173e+00,2.718340979715128114e-03,8.001498574699019173e+01,0.000000000000000000e+00
2.790000000000000000e+02,2.790000000000000036e+00,1.170841700557008913e+01,-4.162763544012395123e+00,5.759461171222589826e+00,1.303717521598880325e+00,3.717521598880280109e-03,8.001787138811124578e+01,0.000000000000000000e+00
2.800000000000000000e+02,2.800000000000000266e+00,1.167477453473344973e+01,-4.193437956262913602e+00,5.739334067893884672e+00,1.302230129043846052e+00,2.230129043846007519e-03,8.002340059264240324e+01,0.000000000000000000e+00
2.810000000000000000e+02,2.810000000000000053e+00,1.162606832268968837e+01,-4.234480946947423163e+00,5.712102763248346093e+00,1.299714443332664393e+00,2.855566673356513263e-04,8.003256842357498613e+01,0.000000000000000000e+00
2.820000000000000000e+02,2.819999999999999840e+00,1.164216267827287865e+01,-4.230052784074631589e+00,5.715941236508748524e+00,1.295739679164498837e+00,4.260320835501207881e-03,8.003633139751593717e+01,0.000000000000000000e+00
2.830000000000000000e+02,2.830000000000000071e+00,1.162297593715921629e+01,-4.250143356908646197e+00,5.703002943290135462e+00,1.293649890364629185e+00,6.350109635370859706e-03,8.004055667076487168e+01,0.000000000000000000e+00
2.840000000000000000e+02,2.839999999999999858e+00,1.166326233509317589e+01,-4.228506975759354525e+00,5.718566953433415812e+00,1.291290235347308357e+00,8.709764652691687203e-03,8.003808540934501536e+01,0.000000000000000000e+00
2.850000000000000000e+02,2.850000000000000089e+00,1.172147575500742178e+01,-4.194170532811966723e+00,5.742796606315038410e+00,1.291442407521251390e+00,8.557592478748654585e-03,8.002863238927093903e+01,0.000000000000000000e+00
2.860000000000000000e+02,2.859999999999999876e+00,1.176335177543893984e+01,-4.171099598993149193e+00,5.759312711251638461e+00,1.294216282624261360e+00,5.783717375738683941e-03,8.001587633325286220e+01,0.000000000000000000e+00
2.870000000000000000e+02,2.870000000000000107e+00,1.181115949757248806e+01,-4.138506367791976892e+00,5.782325964463613133e+00,1.298112042341714956e+00,1.887957658285088769e-03,8.000035005507649544e+01,0.000000000000000000e+00
2.880000000000000000e+02,2.879999999999999893e+00,1.184930909402249100e+01,-4.105181446660842504e+00,5.805829504025838084e+00,1.303204108044564880e+00,3.204108044564835112e-03,7.998463259271832726e+01,0.000000000000000000e+00
2.890000000000000000e+02,2.890000000000000124e+00,1.185483584947464664e+01,-4.107550385285700933e+00,5.804906310332676789e+00,1.308888055352067203e+00,8.888055352067159021e-03,7.997149677679553292e+01,0.000000000000000000e+00
2.900000000000000000e+02,2.899999999999999911e+00,1.180985887117264532e+01,-4.145226047326411312e+00,5.779815439475438410e+00,1.313126888379738677e+00,1.312688837973863265e-02,7.996725006965237981e+01,0.000000000000000000e+00
2.910000000000000000e+02,2.910000000000000142e+00,1.175835916108963808e+01,-4.187321789552058249e+00,5.751692768824955948e+00,1.313990702832537050e+00,1.399070283253700531e-02,7.997047121003342340e+01,0.000000000000000000e+00
2.920000000000000000e+02,2.919999999999999929e+00,1.169964185304520399e+01,-4.234318325806941452e+00,5.720212778342625981e+00,1.312084248635190464e+00,1.208424863519041992e-02,7.997991135474900659e+01,0.000000000000000000e+00
2.930000000000000000e+02,2.930000000000000160e+00,1.162842296190140523e+01,-4.289904959489192038e+00,5.682856554282567529e+00,1.307805834760460639e+00,7.805834760460594879e-03,7.999508170886389280e+01,0.000000000000000000e+00
2.940000000000000000e+02,2.939999999999999947e+00,1.164271986193535646e+01,-4.285484000731791809e+00,5.686500566495320541e+00,1.301195702026512802e+00,1.195702026512757143e-03,8.000330957986243163e+01,0.000000000000000000e+00
2.950000000000000000e+02,2.950000000000000178e+00,1.168254335827706214e+01,-4.263075875331248987e+00,5.702421050561330418e+00,1.296776382228034485e+00,3.223617771965558987e-03,8.000365290624722547e+01,0.000000000000000000e+00
2.960000000000000000e+02,2.959999999999999964e+00,1.173605937428353130e+01,-4.230943957854594650e+00,5.724974828256032211e+00,1.295096384505459275e+00,4.903615494540769504e-03,7.999669433016526909e+01,0.000000000000000000e+00
2.970000000000000000e+02,2.970000000000000195e+00,1.178938071281211108e+01,-4.198168322135295227e+00,5.747959752572437964e+00,1.296006792457461421e+00,3.993207542538623755e-03,7.998436767102869283e+01,0.000000000000000000e+00
2.980000000000000000e+02,2.979999999999999982e+00,1.183193006375915957e+01,-4.166521243144359232e+00,5.770165849221608134e+00,1.298773350260320703e+00,1.226649739679341877e-03,7.996997235370076851e+01,0.000000000000000000e+00
2.990000000000000000e+02,2.990000000000000213e+00,1.185092706540710950e+01,-4.158360522080744914e+00,5.776304830206296259e+00,1.302530650843640947e+00,2.530650843640902536e-03,7.995618031483580523e+01,0.000000000000000000e+00
3.000000000000000000e+02,3.000000000000000000e+00,1.183613037446625249e+01,-4.173777444650019319e+00,5.766305456055066614e+00,1.305703934174641034e+00,5.703934174640989951e-03,7.994744765053633273e+01,0.000000000000000000e+00
3.010000000000000000e+02,3.010000000000000231e+00,1.180510888436920602e+01,-4.200476377297724717e+00,5.748581161392590566e+00,1.306886282876670524e+00,6.886282876670479780e-03,7.994476377429704428e+01,0.000000000000000000e+00
3.020000000000000000e+02,3.020000000000000018e+00,1.177634859422333236e+01,-4.225471828271235353e+00,5.732013540161511322e+00,1.305863611603426344e+00,5.863611603426299723e-03,7.994620671662970324e+01,0.000000000000000000e+00
3.030000000000000000e+02,3.030000000000000249e+00,1.175858535269386707e+01,-4.242638039876307054e+00,5.720788366688153381e+00,1.303323473554247602e+00,3.323473554247557971e-03,7.994911889568749075e+01,0.000000000000000000e+00
3.040000000000000000e+02,3.040000000000000036e+00,1.171931348065025702e+01,-4.274786961366022986e+00,5.699314682377240260e+00,1.300163176647741281e+00,1.631766477412366356e-04,7.995592166890132546e+01,0.000000000000000000e+00
3.050000000000000000e+02,3.050000000000000266e+00,1.174139513472206531e+01,-4.263803893615092377e+00,5.707304971111676117e+00,1.295547625032397621e+00,4.452374967602423794e-03,7.995737029739481727e+01,0.000000000000000000e+00
3.060000000000000000e+02,3.060000000000000053e+00,1.178756664732582493e+01,-4.235821887542094544e+00,5.726900653732678315e+00,1.292666851126106797e+00,7.333148873893247099e-03,7.995184064412582359e+01,0.000000000000000000e+00
3.070000000000000000e+02,3.070000000000000284e+00,1.183048247614889092e+01,-4.204486505080546443e+00,5.748781576050182807e+00,1.292134235558376920e+00,7.865764441623124270e-03,7.994222706726527861e+01,0.000000000000000000e+00
3.080000000000000000e+02,3.080000000000000071e+00,1.186472844056325648e+01,-4.168534349490489177e+00,5.773812708748241818e+00,1.293290678849444708e+00,6.709321150555336288e-03,7.993188384719040585e+01,0.000000000000000000e+00
3.090000000000000000e+02,3.089999999999999858e+00,1.184536374024587424e+01,-4.186737954903925640e+00,5.761811970365902091e+00,1.295548127549641215e+00,4.451872450358829170e-03,7.992642661448088859e+01,0.000000000000000000e+00
3.100000000000000000e+02,3.100000000000000089e+00,1.187660338868105114e+01,-4.151766357709253619e+00,5.786157890451809394e+00,1.295689289692065982e+00,4.310710307934062513e-03,7.991958814214271456e+01,0.000000000000000000e+00
3.110000000000000000e+02,3.109999999999999876e+00,1.188084001381599641e+01,-4.153567757595861387e+00,5.785353207705279388e+00,1.297079442315095976e+00,2.920557684904068196e-03,7.991341094456016947e+01,0.000000000000000000e+00
3.120000000000000000e+02,3.120000000000000107e+00,1.187500901897155892e+01,-4.162341235269392037e+00,5.779771394250651007e+00,1.297648527916319683e+00,2.351472083680361536e-03,7.990919765141349274e+01,0.000000000000000000e+00
3.130000000000000000e+02,3.129999999999999893e+00,1.190025972220962736e+01,-4.134963455785596764e+00,5.798901226041575541e+00,1.297162567210668582e+00,2.837432789331462146e-03,7.990360966531579834e+01,0.000000000000000000e+00
3.140000000000000000e+02,3.140000000000000124e+00,1.189235481712883136e+01,-4.145303371538007653e+00,5.792229557154437103e+00,1.297713823489746732e+00,2.286176510253312699e-03,7.990013206784908562e+01,0.000000000000000000e+00
3.150000000000000000e+02,3.149999999999999911e+00,1.191410131871896638e+01,-4.117769551862561883e+00,5.811451108572741830e+00,1.297115284445814032e+00,2.884715554186012554e-03,7.989584459396974125e+01,0.000000000000000000e+00
3.160000000000000000e+02,3.160000000000000142e+00,1.193145458766463030e+01,-4.070573654760205606e+00,5.844118793127795364e+00,1.297496654005337868e+00,2.503345994662176111e-03,7.989423900254762145e+01,0.000000000000000000e+00
3.170000000000000000e+02,3.169999999999999929e+00,1.192951803975942404e+01,-4.077636843909108855e+00,5.839661902306338526e+00,1.299007857902638063e+00,9.921420973619810013e-04,7.989267309248462823e+01,0.000000000000000000e+00
3.180000000000000000e+02,3.180000000000000160e+00,1.194375681960600488e+01,-4.042059010256612517e+00,5.864376016972324024e+00,1.299364908837414401e+00,6.350911625856436871e-04,7.989238057324379838e+01,0.000000000000000000e+00
3.190000000000000000e+02,3.189999999999999947e+00,1.193543176138418715e+01,-4.054041149605596139e+00,5.856535662529727126e+00,1.300475001418929466e+00,4.750014189294216038e-04,7.989271151944143412e+01,0.000000000000000000e+00
3.200000000000000000e+02,3.200000000000000178e+00,1.194847584999344292e+01,-4.034399042118871570e+00,5.870331540224810851e+00,1.300263142549535011e+00,2.631425495349670740e-04,7.989219551366096539e+01,0.000000000000000000e+00
3.210000000000000000e+02,3.209999999999999964e+00,1.191860102690002954e+01,-4.061583001602971699e+00,5.852066677925845006e+00,1.300523242125520174e+00,5.232421255201291643e-04,7.989568931072825819e+01,0.000000000000000000e+00
3.220000000000000000e+02,3.220000000000000195e+00,1.189455832756302378e+01,-4.084528996933782352e+00,5.836698513148089518e+00,1.298752115263727136e+00,1.247884736272908413e-03,7.990119072343762241e+01,0.000000000000000000e+00
3.230000000000000000e+02,3.229999999999999982e+00,1.191585967553008985e+01,-4.061046142567479755e+00,5.853096071598788086e+00,1.295794194828876256e+00,4.205805171123788710e-03,7.990294682224271128e+01,0.000000000000000000e+00
3.240000000000000000e+02,3.240000000000000213e+00,1.193285772087754637e+01,-4.023232514847600250e+00,5.879299174664279093e+00,1.294439187847351347e+00,5.560812152648697548e-03,7.990469044621943340e+01,0.000000000000000000e+00
3.250000000000000000e+02,3.250000000000000000e+00,1.194642181766996103e+01,-3.972777445305669008e+00,5.914161046860476389e+00,1.294542152889792463e+00,5.457847110207580954e-03,7.990869921806873322e+01,1.000000000000000000e+00
3.260000000000000000e+02,3.260000000000000231e+00,1.195724569288815076e+01,-3.924567444313847631e+00,5.947495659706850901e+00,1.295974326201567051e+00,4.025673798432993777e-03,7.991471447637778169e+01,1.000000000000000000e+00
3.270000000000000000e+02,3.270000000000000018e+00,1.196588292664812059e+01,-3.877793920029485086e+00,5.979855607865115275e+00,1.298258826708767355e+00,1.741173291232689380e-03,7.992252002579182601e+01,1.000000000000000000e+00
3.280000000000000000e+02,3.280000000000000249e+00,1.197277526469900444e+01,-3.838670527924382458e+00,6.006979087708255172e+00,1.301087674631661750e+00,1.087674631661705860e-03,7.993113153901956025e+01,1.000000000000000000e+00
3.290000000000000000e+02,3.290000000000000036e+00,1.197827521122445837e+01,-3.827664788950765118e+00,6.014825982568522633e+00,1.304084288509248957e+00,4.084288509248912291e-03,7.993735461661607644e+01,1.000000000000000000e+00
3.300000000000000000e+02,3.300000000000000266e+00,1.198086140073289663e+01,-3.836045989979588899e+00,6.009370950577517689e+00,1.306440290709141472e+00,6.440290709141427428e-03,7.994026674350686790e+01,0.000000000000000000e+00
3.310000000000000000e+02,3.310000000000000053e+00,1.196916604436387743e+01,-3.854212077845418527e+00,5.997198784468432464e+00,1.307769102023399022e+00,7.769102023398977153e-03,7.994305609151081171e+01,0.000000000000000000e+00
3.320000000000000000e+02,3.320000000000000284e+00,1.196026367045392647e+01,-3.870207028378331859e+00,5.986510235188266194e+00,1.307753810561063545e+00,7.753810561063501083e-03,7.994534736122722052e+01,0.000000000000000000e+00
3.330000000000000000e+02,3.330000000000000071e+00,1.195720532930841173e+01,-3.881897958506429269e+00,5.978767315266391158e+00,1.306927041648344723e+00,6.927041648344678393e-03,7.994638186378699629e+01,0.000000000000000000e+00
3.340000000000000000e+02,3.339999999999999858e+00,1.190242194212426874e+01,-3.929628061045491894e+00,5.946313539860507369e+00,1.305810109747355341e+00,5.810109747355296506e-03,7.995456956660663650e+01,0.000000000000000000e+00
3.350000000000000000e+02,3.350000000000000089e+00,1.191036407030572697e+01,-3.933206658650720389e+00,5.944119370547792158e+00,1.302205769151612902e+00,2.205769151612857470e-03,7.995815185864928765e+01,0.000000000000000000e+00
3.360000000000000000e+02,3.359999999999999876e+00,1.192847233893083292e+01,-3.913232059766138082e+00,5.958059429494401371e+00,1.299637669004688467e+00,3.623309953115771975e-04,7.995882410759362813e+01,0.000000000000000000e+00
3.370000000000000000e+02,3.370000000000000107e+00,1.194292237147005942e+01,-3.883038754750574029e+00,5.979000090924760258e+00,1.298748967934163723e+00,1.251032065836321649e-03,7.995946234671754382e+01,0.000000000000000000e+00
3.380000000000000000e+02,3.379999999999999893e+00,1.195445320551651136e+01,-3.831260733891809434e+00,6.014740466443559086e+00,1.299287392701288901e+00,7.126072987111431445e-04,7.996328220017771571e+01,1.000000000000000000e+00
3.390000000000000000e+02,3.390000000000000124e+00,1.196365457813943856e+01,-3.800378890324914938e+00,6.036163114873430047e+00,1.301390269560644741e+00,1.390269560644696867e-03,7.996750042848924522e+01,1.000000000000000000e+00
3.400000000000000000e+02,3.399999999999999911e+00,1.197099708760621795e+01,-3.789973612119043267e+00,6.043539991942902923e+00,1.304033668346607167e+00,4.033668346607122146e-03,7.997004056464294308e+01,0.000000000000000000e+00
3.410000000000000000e+02,3.410000000000000142e+00,1.196057000959756600e+01,-3.808358153392160439e+00,6.031159768668672427e+00,1.306500097661295934e+00,6.500097661295889395e-03,7.997220852854243844e+01,0.000000000000000000e+00
3.420000000000000000e+02,3.419999999999999929e+00,1.193291652048471185e+01,-3.838558980513894880e+00,6.010669613448640369e+00,1.307636574435983023e+00,7.636574435982979026e-03,7.997680922826221206e+01,0.000000000000000000e+00
3.430000000000000000e+02,3.430000000000000160e+00,1.190315011585595784e+01,-3.870001353312814363e+00,5.989326413241883529e+00,1.307073343146517352e+00,7.073343146517308000e-03,7.998346862343446162e+01,0.000000000000000000e+00
3.440000000000000000e+02,3.439999999999999947e+00,1.185550680721643069e+01,-3.913715619136178603e+00,5.959568908778687835e+00,1.305211645992320202e+00,5.211645992320157461e-03,7.999423065261689203e+01,0.000000000000000000e+00
3.450000000000000000e+02,3.450000000000000178e+00,1.181971569145562739e+01,-3.948904141475045648e+00,5.935658562747498479e+00,1.301632842565906056e+00,1.632842565906011956e-03,8.000598009233692665e+01,0.000000000000000000e+00
3.460000000000000000e+02,3.459999999999999964e+00,1.183620999062898171e+01,-3.947321105290734877e+00,5.936945718345900680e+00,1.297356932457173873e+00,2.643067542826171845e-03,8.001077113435370336e+01,0.000000000000000000e+00
3.470000000000000000e+02,3.470000000000000195e+00,1.186929888141100520e+01,-3.930640708495462210e+00,5.948573101578017663e+00,1.294941092166257635e+00,5.058907833742409821e-03,8.000868218302537116e+01,0.000000000000000000e+00
3.480000000000000000e+02,3.479999999999999982e+00,1.189570314779262006e+01,-3.900709783126199426e+00,5.969278448639174783e+00,1.294733236944462407e+00,5.266763055537637683e-03,8.000468505366571037e+01,0.000000000000000000e+00
3.490000000000000000e+02,3.490000000000000213e+00,1.191677321894562525e+01,-3.864594248820627076e+00,5.994226680813094177e+00,1.296322070201765264e+00,3.677929798234780279e-03,8.000119142698781616e+01,0.000000000000000000e+00
3.500000000000000000e+02,3.500000000000000000e+00,1.193358671006772198e+01,-3.832911037494028061e+00,6.016140826759596827e+00,1.299249329855649782e+00,7.506701443502628024e-04,7.999847291456777043e+01,0.000000000000000000e+00
3.510000000000000000e+02,3.510000000000000231e+00,1.194700353631666623e+01,-3.795666908313120036e+00,6.041872833786269048e+00,1.302922387528652415e+00,2.922387528652370392e-03,7.999771488528773489e+01,1.000000000000000000e+00
3.520000000000000000e+02,3.520000000000000018e+00,1.195065011391332988e+01,-3.804444235850656497e+00,6.036036277828475072e+00,1.307199189847268128e+00,7.199189847268083753e-03,7.999526094249948471e+01,0.000000000000000000e+00
3.530000000000000000e+02,3.530000000000000249e+00,1.194681405732324997e+01,-3.818211379338587008e+00,6.026772358236571314e+00,1.310431301405927895e+00,1.043130140592785082e-02,7.999275196752357431e+01,0.000000000000000000e+00
3.540000000000000000e+02,3.540000000000000036e+00,1.190359164902857181e+01,-3.859294667531336209e+00,5.998766717729826503e+00,1.312581287993453749e+00,1.258128799345370474e-02,7.999622104522241273e+01,0.000000000000000000e+00
3.550000000000000000e+02,3.550000000000000266e+00,1.185966884801081100e+01,-3.900623050023401372e+00,5.970596844969053407e+00,1.312193611156643014e+00,1.219361115664296946e-02,8.000405602988230669e+01,0.000000000000000000e+00
3.560000000000000000e+02,3.560000000000000053e+00,1.180681554028681290e+01,-3.947953505803430740e+00,5.938316950617093859e+00,1.309933592753116605e+00,9.933592753116560203e-03,8.001616892083819721e+01,0.000000000000000000e+00
3.570000000000000000e+02,3.570000000000000284e+00,1.174952670762232287e+01,-3.998139243413294075e+00,5.904086584863920351e+00,1.305907759616927288e+00,5.907759616927243940e-03,8.003167487369729827e+01,0.000000000000000000e+00
3.580000000000000000e+02,3.580000000000000071e+00,1.170175709912470374e+01,-4.041434350301111422e+00,5.874584684191007433e+00,1.300387257002515451e+00,3.872570025154065121e-04,8.004792407744102434e+01,0.000000000000000000e+00
3.590000000000000000e+02,3.589999999999999858e+00,1.173903474518946233e+01,-4.025138744403207625e+00,5.885892926273602832e+00,1.294192561979292000e+00,5.807438020708044490e-03,8.005320572667231716e+01,0.000000000000000000e+00
3.600000000000000000e+02,3.600000000000000089e+00,1.178224506089380874e+01,-4.004603365947091653e+00,5.900105134067792356e+00,1.291337092870184833e+00,8.662907129815211604e-03,8.005011622111851466e+01,0.000000000000000000e+00
3.610000000000000000e+02,3.609999999999999876e+00,1.182414489934137869e+01,-3.984752987910592736e+00,5.913847557125348153e+00,1.291169189229413927e+00,8.830810770586117187e-03,8.004118333311380695e+01,0.000000000000000000e+00
3.620000000000000000e+02,3.620000000000000107e+00,1.185967118230271566e+01,-3.938556560565317000e+00,5.945636139927167108e+00,1.292881520183720934e+00,7.118479816279110750e-03,8.003230872890638636e+01,0.000000000000000000e+00
3.630000000000000000e+02,3.629999999999999893e+00,1.188802043840317779e+01,-3.913765157748544610e+00,5.962767311153668537e+00,1.296478100663416955e+00,3.521899336583089735e-03,8.002242393836920087e+01,0.000000000000000000e+00
3.640000000000000000e+02,3.640000000000000124e+00,1.191064257205910160e+01,-3.862447070170724750e+00,5.998083063183087482e+00,1.300647866894870663e+00,6.478668948706189923e-04,8.001605521229598139e+01,0.000000000000000000e+00
3.650000000000000000e+02,3.649999999999999911e+00,1.192869457770372676e+01,-3.859738763262117178e+00,6.000080354628819279e+00,1.305769019705216971e+00,5.769019705216926752e-03,8.000755617048447732e+01,0.000000000000000000e+00
3.660000000000000000e+02,3.660000000000000142e+00,1.190025338221574991e+01,-3.890005153108918812e+00,5.979463580069798390e+00,1.310124231152280716e+00,1.012423115228067161e-02,8.000423439562905514e+01,0.000000000000000000e+00
3.670000000000000000e+02,3.669999999999999929e+00,1.187519962836290510e+01,-3.917671919752442999e+00,5.960629646001118331e+00,1.311800104830745273e+00,1.180010483074522831e-02,8.000429616487713247e+01,0.000000000000000000e+00
3.680000000000000000e+02,3.680000000000000160e+00,1.182901931811357699e+01,-3.959894133497560365e+00,5.931819347558278110e+00,1.311667661261125994e+00,1.166766126112595003e-02,8.000986873933774746e+01,0.000000000000000000e+00
3.690000000000000000e+02,3.689999999999999947e+00,1.178755304385210145e+01,-3.998588570047700852e+00,5.905431236443775767e+00,1.309251220190397191e+00,9.251220190397146936e-03,8.001860719263335397e+01,0.000000000000000000e+00
3.700000000000000000e+02,3.700000000000000178e+00,1.170643454600359057e+01,-4.064775374819124210e+00,5.860215458092945973e+00,1.305361336969644848e+00,5.361336969644803219e-03,8.003486848310581081e+01,0.000000000000000000e+00
3.710000000000000000e+02,3.709999999999999964e+00,1.169554901767755695e+01,-4.081652756620729683e+00,5.848776481566685170e+00,1.298580878608659006e+00,1.419121391341038319e-03,8.004661197789766902e+01,0.000000000000000000e+00
3.720000000000000000e+02,3.720000000000000195e+00,1.172251594472910163e+01,-4.071894892741525496e+00,5.855569526372211620e+00,1.292839454323096549e+00,7.160545676903495860e-03,8.005031378318662405e+01,0.000000000000000000e+00
3.730000000000000000e+02,3.729999999999999982e+00,1.177857332963231407e+01,-4.038589626838052560e+00,5.878480085549610656e+00,1.289546663606460086e+00,1.045333639353995814e-02,8.004498007245182123e+01,0.000000000000000000e+00
3.740000000000000000e+02,3.740000000000000213e+00,1.182330599031265450e+01,-3.995166117240274151e+00,5.908322986779468877e+00,1.289413397308312836e+00,1.058660269168720802e-02,8.003660159710418043e+01,0.000000000000000000e+00
3.750000000000000000e+02,3.750000000000000000e+00,1.185900174984545075e+01,-3.938223892737710674e+00,5.947433852372425278e+00,1.291516125929317527e+00,8.483874070682517754e-03,8.002934057258906364e+01,0.000000000000000000e+00
3.760000000000000000e+02,3.760000000000000231e+00,1.188748624482616734e+01,-3.891856447745645209e+00,5.979316457925098582e+00,1.295332032331282024e+00,4.667967668718020491e-03,8.002308636326557689e+01,0.000000000000000000e+00
3.770000000000000000e+02,3.770000000000000018e+00,1.191021629637643642e+01,-3.846373597670877054e+00,6.010605491814868806e+00,1.299877628411258312e+00,1.223715887417320403e-04,8.001863547815784727e+01,0.000000000000000000e+00
3.780000000000000000e+02,3.780000000000000249e+00,1.191479109084770016e+01,-3.854109414507234099e+00,6.005408752975719189e+00,1.304742845497057102e+00,4.742845497057057713e-03,8.001333839801523595e+01,0.000000000000000000e+00
3.790000000000000000e+02,3.790000000000000036e+00,1.189359139001533272e+01,-3.879634293009126100e+00,5.988010283527629873e+00,1.307904256431241974e+00,7.904256431241929448e-03,8.001124338990676677e+01,0.000000000000000000e+00
3.800000000000000000e+02,3.800000000000000266e+00,1.185440758741065714e+01,-3.917409671236359969e+00,5.962212122497814626e+00,1.308659183198574771e+00,8.659183198574726958e-03,8.001417868488644558e+01,0.000000000000000000e+00
3.810000000000000000e+02,3.810000000000000053e+00,1.181427316701575947e+01,-3.955616405893647602e+00,5.936122377929943461e+00,1.306850762761225804e+00,6.850762761225759334e-03,8.002085417674662438e+01,0.000000000000000000e+00
3.820000000000000000e+02,3.820000000000000284e+00,1.180436576938792825e+01,-3.972466755796754345e+00,5.924670338449733897e+00,1.303123687460836067e+00,3.123687460836022112e-03,8.002587251374613686e+01,0.000000000000000000e+00
3.830000000000000000e+02,3.830000000000000071e+00,1.184277401781245764e+01,-3.955333286215150235e+00,5.936499998388546473e+00,1.299347504466082048e+00,6.524955339179960845e-04,8.002296704562361640e+01,0.000000000000000000e+00
3.840000000000000000e+02,3.839999999999999858e+00,1.183745835280581993e+01,-3.968555226017319804e+00,5.927530187783497162e+00,1.297700010166537465e+00,2.299989833462579014e-03,8.002050798987832536e+01,0.000000000000000000e+00
3.850000000000000000e+02,3.850000000000000089e+00,1.186751429057284923e+01,-3.956829251934372849e+00,5.935650965986507543e+00,1.295618062386916902e+00,4.381937613083142224e-03,8.001341592398955527e+01,0.000000000000000000e+00
3.860000000000000000e+02,3.859999999999999876e+00,1.189427908035611203e+01,-3.913639559437119608e+00,5.965328945932643734e+00,1.294807292333195026e+00,5.192707666805018718e-03,8.000728643429081899e+01,0.000000000000000000e+00
3.870000000000000000e+02,3.870000000000000107e+00,1.191563684190033179e+01,-3.884811346222245110e+00,5.985174392280834255e+00,1.295666473919730777e+00,4.333526080269267666e-03,8.000132479916926798e+01,0.000000000000000000e+00
3.880000000000000000e+02,3.879999999999999893e+00,1.193267990414268986e+01,-3.876985193778359484e+00,5.990625387845295080e+00,1.297196764600295760e+00,2.803235399704284703e-03,7.999396092303774708e+01,0.000000000000000000e+00
3.890000000000000000e+02,3.890000000000000124e+00,1.194627992350780232e+01,-3.856580845404946611e+00,6.004699383197086071e+00,1.298528692609220991e+00,1.471307390779053037e-03,7.998779991686764390e+01,0.000000000000000000e+00
3.900000000000000000e+02,3.899999999999999911e+00,1.195713246421329679e+01,-3.831348580409371429e+00,6.022085361895816114e+00,1.299960243900616819e+00,3.975609938322577364e-05,7.998369606609844595e+01,0.000000000000000000e+00
3.910000000000000000e+02,3.910000000000000142e+00,1.196579257245303474e+01,-3.792797509719216364e+00,6.048610449252383781e+00,1.301519721256507500e+00,1.519721256507455820e-03,7.998314954974367197e+01,1.000000000000000000e+00
3.920000000000000000e+02,3.919999999999999929e+00,1.197270316387666433e+01,-3.743790666152321922e+00,6.082319951472537234e+00,1.303471277840374754e+00,3.471277840374709101e-03,7.998682026918422139e+01,1.000000000000000000e+00
3.930000000000000000e+02,3.930000000000000160e+00,1.197821767622481381e+01,-3.746152064938628179e+00,6.080784526733414630e+00,1.305942321519525606e+00,5.942321519525561868e-03,7.998787598702364221e+01,0.000000000000000000e+00
3.940000000000000000e+02,3.939999999999999947e+00,1.198261814567434591e+01,-3.750613132555567830e+00,6.077805857328431038e+00,1.307390380504911187e+00,7.390380504911142623e-03,7.998705577870155992e+01,0.000000000000000000e+00
3.950000000000000000e+02,3.950000000000000178e+00,1.197724214646208019e+01,-3.766183523972117531e+00,6.067199725774781172e+00,1.308024727720524361e+00,8.024727720524316155e-03,7.998590680306644174e+01,0.000000000000000000e+00
3.960000000000000000e+02,3.959999999999999964e+00,1.193833996149885301e+01,-3.804947578747355674e+00,6.040674628881470554e+00,1.307535479550647972e+00,7.535479550647927738e-03,7.998979153390054364e+01,0.000000000000000000e+00
3.970000000000000000e+02,3.970000000000000195e+00,1.190719656082975497e+01,-3.838029475052439743e+00,6.018052780298249083e+00,1.304764344714390845e+00,4.764344714390800206e-03,7.999607276352219287e+01,0.000000000000000000e+00
3.980000000000000000e+02,3.979999999999999982e+00,1.188822750541555529e+01,-3.862352409203135384e+00,6.001441076663986962e+00,1.300706133778232187e+00,7.061337782321430723e-04,8.000216276698694173e+01,0.000000000000000000e+00
3.990000000000000000e+02,3.990000000000000213e+00,1.191080780735180689e+01,-3.851235180933558322e+00,6.009133132366196506e+00,1.296280310830687954e+00,3.719689169312090371e-03,8.000256989824208631e+01,0.000000000000000000e+00
4.000000000000000000e+02,4.000000000000000000e+00,1.192882643212922034e+01,-3.843635600049578382e+00,6.014412125019089395e+00,1.293634148295369712e+00,6.365851704630332009e-03,7.999956128391663412e+01,0.000000000000000000e+00
4.010000000000000000e+02,4.009999999999999787e+00,1.194320493068897449e+01,-3.822187576730334158e+00,6.029188403753296122e+00,1.292093152609666840e+00,7.906847390333204828e-03,7.999653330070643165e+01,0.000000000000000000e+00
4.020000000000000000e+02,4.020000000000000462e+00,1.195467868206493911e+01,-3.779056191880785676e+00,6.058841898111358759e+00,1.291655422777655104e+00,8.344577222344939926e-03,7.999668516852788969e+01,1.000000000000000000e+00
4.030000000000000000e+02,4.030000000000000249e+00,1.196383450387000202e+01,-3.726374035317980393e+00,6.095061654714600152e+00,1.292547939777035637e+00,7.452060222964407288e-03,8.000078980013120145e+01,1.000000000000000000e+00
4.040000000000000000e+02,4.040000000000000036e+00,1.197114066470434501e+01,-3.647249803979479399e+00,6.149453429845825880e+00,1.294626271271742457e+00,5.373728728257587406e-03,8.001128391926843619e+01,3.000000000000000000e+00
4.050000000000000000e+02,4.049999999999999822e+00,1.197697083345094171e+01,-3.594192843873583509e+00,6.185980367330567553e+00,1.298245304056178107e+00,1.754695943821937831e-03,8.002369348566487872e+01,1.000000000000000000e+00
4.060000000000000000e+02,4.060000000000000497e+00,1.198162319032953960e+01,-3.567136083085619802e+00,6.204656798509613935e+00,1.302276081178359135e+00,2.276081178359090629e-03,8.003473724521174404e+01,1.000000000000000000e+00
4.070000000000000000e+02,4.070000000000000284e+00,1.198533567713165304e+01,-3.565208854366623825e+00,6.206061049965874155e+00,1.305917386331774788e+00,5.917386331774743269e-03,8.004208140073538402e+01,1.000000000000000000e+00
4.080000000000000000e+02,4.080000000000000071e+00,1.197853967057132785e+01,-3.585695061374985837e+00,6.192053741482750340e+00,1.308624648174290028e+00,8.624648174289983871e-03,8.004662597537945601e+01,0.000000000000000000e+00
4.090000000000000000e+02,4.089999999999999858e+00,1.198287509065792911e+01,-3.560240604568802869e+00,6.209625621108070703e+00,1.309833004807489765e+00,9.833004807489720278e-03,8.005186272795836544e+01,1.000000000000000000e+00
4.100000000000000000e+02,4.099999999999999645e+00,1.198416714769528291e+01,-3.575238204885804016e+00,6.199388606814400404e+00,1.311488827259811973e+00,1.148882725981192898e-02,8.005360480598932327e+01,0.000000000000000000e+00
4.110000000000000000e+02,4.110000000000000320e+00,1.196071306568310710e+01,-3.607129836965881964e+00,6.177535567549721662e+00,1.312363072057967095e+00,1.236307205796705055e-02,8.005672293133387996e+01,0.000000000000000000e+00
4.120000000000000000e+02,4.120000000000000107e+00,1.193450501066372915e+01,-3.640606349397980335e+00,6.154595575598732715e+00,1.311629034464355748e+00,1.162903446435570309e-02,8.006126887828153826e+01,0.000000000000000000e+00
4.130000000000000000e+02,4.129999999999999893e+00,1.191618539792225917e+01,-3.668259936262451948e+00,6.135658768681541808e+00,1.309651633071186705e+00,9.651633071186660473e-03,8.006560901152036536e+01,0.000000000000000000e+00
4.140000000000000000e+02,4.139999999999999680e+00,1.186326330643818849e+01,-3.719702254225098592e+00,6.100382846859947250e+00,1.307161552115034153e+00,7.161552115034108823e-03,8.007499839237434003e+01,0.000000000000000000e+00
4.150000000000000000e+02,4.150000000000000355e+00,1.182275116425679151e+01,-3.762174578596436447e+00,6.071276022461906230e+00,1.302811229604019738e+00,2.811229604019693795e-03,8.008594524459830666e+01,0.000000000000000000e+00
4.160000000000000000e+02,4.160000000000000142e+00,1.185536425572560226e+01,-3.753411491800629385e+00,6.077341037658706924e+00,1.297692136703948895e+00,2.307863296051149149e-03,8.008733716762714039e+01,0.000000000000000000e+00
4.170000000000000000e+02,4.169999999999999929e+00,1.188458359800325859e+01,-3.743117109228455419e+00,6.084457031754509693e+00,1.295296995047223065e+00,4.703004952776979053e-03,8.008293258988786079e+01,0.000000000000000000e+00
4.180000000000000000e+02,4.179999999999999716e+00,1.190790004285108594e+01,-3.729841447759949524e+00,6.093620094326988479e+00,1.294869283935869309e+00,5.130716064130735887e-03,8.007601000005443836e+01,0.000000000000000000e+00
4.190000000000000000e+02,4.190000000000000391e+00,1.192650609480036117e+01,-3.699813579012238396e+00,6.114285086659447366e+00,1.295826944267787439e+00,4.173055732212604951e-03,8.007023110308955438e+01,0.000000000000000000e+00
4.200000000000000000e+02,4.200000000000000178e+00,1.194108230458391517e+01,-3.703364215184532959e+00,6.111897367654100854e+00,1.298140377855018013e+00,1.859622144982031600e-03,8.006226422659979391e+01,0.000000000000000000e+00
4.210000000000000000e+02,4.209999999999999964e+00,1.194636191354883437e+01,-3.713101638842903895e+00,6.105259946403757354e+00,1.300467581714253473e+00,4.675817142534288706e-04,8.005410227847796989e+01,0.000000000000000000e+00
4.220000000000000000e+02,4.219999999999999751e+00,1.193669126437795924e+01,-3.732983950663887551e+00,6.091655279217020436e+00,1.302425429592340311e+00,2.425429592340266893e-03,8.004808409088099097e+01,0.000000000000000000e+00
4.230000000000000000e+02,4.230000000000000426e+00,1.194948090793796780e+01,-3.735813865948998114e+00,6.089757555691257984e+00,1.303483403399427809e+00,3.483403399427764668e-03,8.004041626470048243e+01,0.000000000000000000e+00
4.240000000000000000e+02,4.240000000000000213e+00,1.191660649063297583e+01,-3.771369707871758070e+00,6.065391756264225442e+00,1.304943347681693844e+00,4.943347681693799345e-03,8.003834964272967056e+01,0.000000000000000000e+00
4.250000000000000000e+02,4.250000000000000000e+00,1.186794648410984365e+01,-3.817673628617607839e+00,6.033655179707065663e+00,1.304663814666316535e+00,4.663814666316490332e-03,8.004269004819892075e+01,0.000000000000000000e+00
4.260000000000000000e+02,4.259999999999999787e+00,1.180579724552341858e+01,-3.873114035416924228e+00,5.995658286777988621e+00,1.302440907844996998e+00,2.440907844996953457e-03,8.005343958169247287e+01,0.000000000000000000e+00
4.270000000000000000e+02,4.270000000000000462e+00,1.180642901206621076e+01,-3.884471761275612778e+00,5.987903508512035344e+00,1.298218576275882219e+00,1.781423724117825458e-03,8.005953637582877036e+01,0.000000000000000000e+00
4.280000000000000000e+02,4.280000000000000249e+00,1.182380849505075382e+01,-3.883889812555694210e+00,5.988334879135445377e+00,1.295357402081585674e+00,4.642597918414370639e-03,8.006005341864154445e+01,0.000000000000000000e+00
4.290000000000000000e+02,4.290000000000000036e+00,1.185940273847484328e+01,-3.856509789553069556e+00,6.007139698719337950e+00,1.294252483099143980e+00,5.747516900856064481e-03,8.005568515692209530e+01,0.000000000000000000e+00
4.300000000000000000e+02,4.299999999999999822e+00,1.188780622565164258e+01,-3.825210267630004157e+00,6.028637370323494338e+00,1.295624178370994972e+00,4.375821629005072211e-03,8.004980989101150612e+01,0.000000000000000000e+00
4.310000000000000000e+02,4.310000000000000497e+00,1.191047163461090719e+01,-3.804263197508238825e+00,6.043040122246101653e+00,1.298713319500724106e+00,1.286680499275938416e-03,8.004285615679741284e+01,0.000000000000000000e+00
4.320000000000000000e+02,4.320000000000000284e+00,1.192855817307335009e+01,-3.777173232164763306e+00,6.061660449957207319e+00,1.302619994645613843e+00,2.619994645613799022e-03,8.003680641953917529e+01,0.000000000000000000e+00
4.330000000000000000e+02,4.330000000000000071e+00,1.191228647459846535e+01,-3.800562116232298671e+00,6.045644417261437198e+00,1.307160102159187209e+00,7.160102159187164972e-03,8.003335935432333770e+01,0.000000000000000000e+00
4.340000000000000000e+02,4.339999999999999858e+00,1.187902749527793844e+01,-3.835559767809294307e+00,6.021664534067467933e+00,1.309913267866863462e+00,9.913267866863417765e-03,8.003437148183287775e+01,0.000000000000000000e+00
4.350000000000000000e+02,4.350000000000000533e+00,1.183313226212364100e+01,-3.879126075830839682e+00,5.991811535810784406e+00,1.310614136275860542e+00,1.061413627586049735e-02,8.004042548928090639e+01,0.000000000000000000e+00
4.360000000000000000e+02,4.360000000000000320e+00,1.177817253579002355e+01,-3.928760975923918153e+00,5.957805464720085986e+00,1.309257103472951878e+00,9.257103472951833112e-03,8.005123412738763022e+01,0.000000000000000000e+00
4.370000000000000000e+02,4.370000000000000107e+00,1.170271142472129711e+01,-3.992439216699980253e+00,5.914184005712822767e+00,1.305989032712700171e+00,5.989032712700126382e-03,8.006793622908867292e+01,0.000000000000000000e+00
4.380000000000000000e+02,4.379999999999999893e+00,1.170789366055828040e+01,-3.999601515260122753e+00,5.909299173509434233e+00,1.300393276379907315e+00,3.932763799072702682e-04,8.007765080081387055e+01,0.000000000000000000e+00
4.390000000000000000e+02,4.389999999999999680e+00,1.176690504226367828e+01,-3.968279264893911584e+00,5.930777368699864383e+00,1.296717083120109137e+00,3.282916879890906969e-03,8.007562479460145255e+01,0.000000000000000000e+00
4.400000000000000000e+02,4.400000000000000355e+00,1.180408664617221781e+01,-3.952758909192465087e+00,5.941433603917912976e+00,1.296878342972739295e+00,3.121657027260749118e-03,8.006803558442585711e+01,0.000000000000000000e+00
4.410000000000000000e+02,4.410000000000000142e+00,1.184366510149096108e+01,-3.933517272200964143e+00,5.954640872632817938e+00,1.298808219081916127e+00,1.191780918083917840e-03,8.005622961145981265e+01,0.000000000000000000e+00
4.420000000000000000e+02,4.419999999999999929e+00,1.186543009515856362e+01,-3.928333576050184295e+00,5.958215708588914694e+00,1.302161706332149782e+00,2.161706332149737619e-03,8.004343662505029044e+01,0.000000000000000000e+00
4.430000000000000000e+02,4.429999999999999716e+00,1.185679466661070514e+01,-3.944190391626737568e+00,5.947369879340485888e+00,1.305675226167170022e+00,5.675226167169977742e-03,8.003412793048596541e+01,0.000000000000000000e+00
4.440000000000000000e+02,4.440000000000000391e+00,1.181504225190733592e+01,-3.983001100149534235e+00,5.920794616793946474e+00,1.307915808238952149e+00,7.915808238952104503e-03,8.003203456372958158e+01,0.000000000000000000e+00
4.450000000000000000e+02,4.450000000000000178e+00,1.175353340562437765e+01,-4.035406371679685300e+00,5.884913488482789390e+00,1.307721834684675288e+00,7.721834684675243921e-03,8.003784893574378145e+01,0.000000000000000000e+00
4.460000000000000000e+02,4.459999999999999964e+00,1.170238765176390316e+01,-4.080333205786130790e+00,5.854164198493317706e+00,1.304846453926188143e+00,4.846453926188099004e-03,8.004770514319798735e+01,0.000000000000000000e+00
4.470000000000000000e+02,4.469999999999999751e+00,1.161383149560545647e+01,-4.151166011419675783e+00,5.805689138030365903e+00,1.300463101936009780e+00,4.631019360097354820e-04,8.006493204512608486e+01,0.000000000000000000e+00
4.480000000000000000e+02,4.480000000000000426e+00,1.163278128083799956e+01,-4.146727722909830050e+00,5.808740408574895042e+00,1.293253867502410115e+00,6.746132497589929500e-03,8.007350319869850352e+01,0.000000000000000000e+00
4.490000000000000000e+02,4.490000000000000213e+00,1.167435963090513873e+01,-4.126301740434549004e+00,5.822731520091847912e+00,1.288845612994365064e+00,1.115438700563498031e-02,8.007347115459117504e+01,0.000000000000000000e+00
4.500000000000000000e+02,4.500000000000000000e+00,1.174014556405561649e+01,-4.085920885827921012e+00,5.850380362426594871e+00,1.287489347459455535e+00,1.251065254054450904e-02,8.006472979573598536e+01,0.000000000000000000e+00
4.510000000000000000e+02,4.509999999999999787e+00,1.179264140970094665e+01,-4.056620515611551347e+00,5.870451241885976224e+00,1.289510742302218960e+00,1.048925769778108474e-02,8.005089355566991571e+01,0.000000000000000000e+00
4.520000000000000000e+02,4.520000000000000462e+00,1.183453203400378584e+01,-4.009442952897928514e+00,5.902763797199086504e+00,1.293295515448947830e+00,6.704484551052214414e-03,8.003733549915695278e+01,0.000000000000000000e+00
4.530000000000000000e+02,4.530000000000000249e+00,1.186795990592221273e+01,-3.979394480016611446e+00,5.923359719669178958e+00,1.298528914543573665e+00,1.471085456426379778e-03,8.002357491186532457e+01,0.000000000000000000e+00
4.540000000000000000e+02,4.540000000000000036e+00,1.186572350433448797e+01,-3.989630210426233781e+00,5.916364478027181129e+00,1.304089299406795632e+00,4.089299406795587899e-03,8.001263754623354885e+01,0.000000000000000000e+00
4.550000000000000000e+02,4.549999999999999822e+00,1.184081113269905039e+01,-4.015558702972315430e+00,5.898619477903203290e+00,1.307826804458898762e+00,7.826804458898717343e-03,8.000703950476301429e+01,0.000000000000000000e+00
4.560000000000000000e+02,4.560000000000000497e+00,1.177119059494117614e+01,-4.072603561904810654e+00,5.859566486036137611e+00,1.309200626346089802e+00,9.200626346089757490e-03,8.001157294034800316e+01,0.000000000000000000e+00
4.570000000000000000e+02,4.570000000000000284e+00,1.170328165462592906e+01,-4.128225157287500835e+00,5.821502523576573829e+00,1.306819021830436300e+00,6.819021830436255982e-03,8.002296679902954679e+01,0.000000000000000000e+00
4.580000000000000000e+02,4.580000000000000071e+00,1.163617934635261442e+01,-4.183063380744837190e+00,5.783988013421849317e+00,1.301766061504744609e+00,1.766061504744564914e-03,8.003873392776988283e+01,0.000000000000000000e+00
4.590000000000000000e+02,4.589999999999999858e+00,1.166142022779563803e+01,-4.173190332677743974e+00,5.790753191267803857e+00,1.294781421157704671e+00,5.218578842295373832e-03,8.004568458683401388e+01,0.000000000000000000e+00
4.600000000000000000e+02,4.600000000000000533e+00,1.168711456230262691e+01,-4.162868503358743588e+00,5.797825226938084775e+00,1.290579213872497188e+00,9.420786127502855933e-03,8.004653987517593805e+01,0.000000000000000000e+00
4.610000000000000000e+02,4.610000000000000320e+00,1.174075722625831553e+01,-4.132834047105691688e+00,5.818383302842931037e+00,1.288410122691863835e+00,1.158987730813620942e-02,8.003961537657089309e+01,0.000000000000000000e+00
4.620000000000000000e+02,4.620000000000000107e+00,1.179312950378188773e+01,-4.097550433900735811e+00,5.842536304151372484e+00,1.288983013547966516e+00,1.101698645203352811e-02,8.002776537488375652e+01,0.000000000000000000e+00
4.630000000000000000e+02,4.629999999999999893e+00,1.183492152321989010e+01,-4.063205155160806825e+00,5.866053698217229773e+00,1.291636196687347082e+00,8.363803312652962063e-03,8.001417558721827561e+01,0.000000000000000000e+00
4.640000000000000000e+02,4.639999999999999680e+00,1.186827071044819526e+01,-4.011227430131815375e+00,5.901647660886601976e+00,1.295471810541194646e+00,4.528189458805398360e-03,8.000295087937996641e+01,0.000000000000000000e+00
4.650000000000000000e+02,4.650000000000000355e+00,1.189488268813542859e+01,-3.974229542043588914e+00,5.926999459420994931e+00,1.300401807423575695e+00,4.018074235756508017e-04,7.999303794938832368e+01,0.000000000000000000e+00
4.660000000000000000e+02,4.660000000000000142e+00,1.189380587524227728e+01,-3.983404525545023223e+00,5.920728715812519916e+00,1.305524075018883901e+00,5.524075018883856103e-03,7.998479885293372149e+01,0.000000000000000000e+00
4.670000000000000000e+02,4.669999999999999929e+00,1.191525923377919050e+01,-3.947930351522348502e+00,5.945043047820881554e+00,1.308797734973162763e+00,8.797734973162718575e-03,7.997801660408826763e+01,0.000000000000000000e+00
4.680000000000000000e+02,4.679999999999999716e+00,1.188850013143467699e+01,-3.975364884164712898e+00,5.926259652530506905e+00,1.312527771490363815e+00,1.252777149036377047e-02,7.997585259269931157e+01,0.000000000000000000e+00
4.690000000000000000e+02,4.690000000000000391e+00,1.185495520002293368e+01,-4.007359339025399869e+00,5.904355307971790978e+00,1.313622071626611376e+00,1.362207162661133175e-02,7.997813496144109990e+01,0.000000000000000000e+00
4.700000000000000000e+02,4.700000000000000178e+00,1.181759964591908307e+01,-4.041828497674844201e+00,5.880760556613759071e+00,1.312507297537290007e+00,1.250729753728996307e-02,7.998416563320998307e+01,0.000000000000000000e+00
4.710000000000000000e+02,4.709999999999999964e+00,1.177337916500019865e+01,-4.080910969999215432e+00,5.854011439239338976e+00,1.309623480610705659e+00,9.623480610705614779e-03,7.999375472467293946e+01,0.000000000000000000e+00
4.720000000000000000e+02,4.719999999999999751e+00,1.175658101684498646e+01,-4.100609990384957548e+00,5.840537103568867572e+00,1.305149360543672588e+00,5.149360543672543145e-03,8.000195449473523013e+01,0.000000000000000000e+00
4.730000000000000000e+02,4.730000000000000426e+00,1.176374549335884900e+01,-4.103367840972325098e+00,5.838659123783663141e+00,1.300766931033937146e+00,7.669310339371016028e-04,8.000590859716419345e+01,0.000000000000000000e+00
4.740000000000000000e+02,4.740000000000000213e+00,1.174508224434304005e+01,-4.124030937877079417e+00,5.824527159338549254e+00,1.297547738603457734e+00,2.452261396542310123e-03,8.001034784434881431e+01,0.000000000000000000e+00
4.750000000000000000e+02,4.750000000000000000e+00,1.175944619364189947e+01,-4.121414788391968287e+00,5.826326037650660261e+00,1.294012794975844205e+00,5.987205024155839439e-03,8.001074238741813360e+01,0.000000000000000000e+00
4.760000000000000000e+02,4.759999999999999787e+00,1.174008336133408470e+01,-4.142242229607483672e+00,5.812082968955591511e+00,1.291762623331282223e+00,8.237376668717821815e-03,8.001272837373628022e+01,0.000000000000000000e+00
4.770000000000000000e+02,4.770000000000000462e+00,1.179259177318578544e+01,-4.109067743447205601e+00,5.834788447623804331e+00,1.288925429112572463e+00,1.107457088742758167e-02,8.000681701392552725e+01,0.000000000000000000e+00
4.780000000000000000e+02,4.780000000000000249e+00,1.183449242506744525e+01,-4.063132274773499475e+00,5.866231571441248072e+00,1.289045764766093116e+00,1.095423523390692822e-02,7.999882729085486233e+01,0.000000000000000000e+00
4.790000000000000000e+02,4.790000000000000036e+00,1.186792829879119360e+01,-4.014191935685059498e+00,5.899744185214593983e+00,1.291387017531342885e+00,8.612982468657159885e-03,7.999134205626562277e+01,0.000000000000000000e+00
4.800000000000000000e+02,4.799999999999999822e+00,1.189460945055054886e+01,-3.961006611016175238e+00,5.936178339725092457e+00,1.295203162605424785e+00,4.796837394575259594e-03,7.998606747993434851e+01,0.000000000000000000e+00
4.810000000000000000e+02,4.810000000000000497e+00,1.191590047064134694e+01,-3.932268882420441702e+00,5.955880919700220488e+00,1.300031685658841640e+00,3.168565884159590951e-05,7.998067002847830054e+01,0.000000000000000000e+00
4.820000000000000000e+02,4.820000000000000284e+00,1.192358809056589131e+01,-3.935799500074765422e+00,5.953474908327415882e+00,1.304799342995027978e+00,4.799342995027933156e-03,7.997445996339982344e+01,0.000000000000000000e+00
4.830000000000000000e+02,4.830000000000000071e+00,1.191153123917886703e+01,-3.952972021427533456e+00,5.941719924663856567e+00,1.308309159681428246e+00,8.309159681428202049e-03,7.997061528229198757e+01,0.000000000000000000e+00
4.840000000000000000e+02,4.839999999999999858e+00,1.186951721730539333e+01,-3.990948231544873437e+00,5.915711528515174678e+00,1.310041041440280107e+00,1.004104144028006296e-02,7.997297687912887909e+01,0.000000000000000000e+00
4.850000000000000000e+02,4.850000000000000533e+00,1.183207508149454057e+01,-4.025523283806226260e+00,5.892038828586890986e+00,1.309157724200261885e+00,9.157724200261840863e-03,7.997914434598705213e+01,0.000000000000000000e+00
4.860000000000000000e+02,4.860000000000000320e+00,1.179342453542062685e+01,-4.060753167000195951e+00,5.867922667717292207e+00,1.306603534879555495e+00,6.603534879555450487e-03,7.998812009752026597e+01,0.000000000000000000e+00
4.870000000000000000e+02,4.870000000000000107e+00,1.177128183427164032e+01,-4.084240291443250293e+00,5.851851240848853664e+00,1.302798496196653000e+00,2.798496196652955348e-03,7.999666665893141726e+01,0.000000000000000000e+00
4.880000000000000000e+02,4.879999999999999893e+00,1.180391453090021159e+01,-4.069222859468839104e+00,5.862137957071616334e+00,1.298846792329567457e+00,1.153207670432587761e-03,7.999733164911074823e+01,0.000000000000000000e+00
4.890000000000000000e+02,4.889999999999999680e+00,1.184352775698097737e+01,-4.042252208319089490e+00,5.880608593677832729e+00,1.297286682071971509e+00,2.713317928028535775e-03,7.999222794097362055e+01,0.000000000000000000e+00
4.900000000000000000e+02,4.900000000000000355e+00,1.187513831112623386e+01,-4.011844269361874993e+00,5.901436681007696805e+00,1.297984339234939055e+00,2.015660765060989235e-03,7.998503793123829553e+01,0.000000000000000000e+00
4.910000000000000000e+02,4.910000000000000142e+00,1.185015482638120865e+01,-4.037166711416623421e+00,5.884103574013067828e+00,1.300211913398681585e+00,2.119133986815402437e-04,7.998240333750646869e+01,0.000000000000000000e+00
4.920000000000000000e+02,4.919999999999999929e+00,1.181811895582914573e+01,-4.067256824102780222e+00,5.863508285736395820e+00,1.300562663790470808e+00,5.626637904707632032e-04,7.998412003568560635e+01,0.000000000000000000e+00
4.930000000000000000e+02,4.929999999999999716e+00,1.177173441145658650e+01,-4.107223586168667673e+00,5.836155454372717877e+00,1.299248417890034757e+00,7.515821099652875148e-04,7.999093266366560329e+01,0.000000000000000000e+00
4.940000000000000000e+02,4.940000000000000391e+00,1.180988641474485590e+01,-4.087830398407360732e+00,5.849433646654440544e+00,1.296086906383991044e+00,3.913093616009000186e-03,7.998969274786362860e+01,0.000000000000000000e+00
4.950000000000000000e+02,4.950000000000000178e+00,1.184829319964488548e+01,-4.053299763527294708e+00,5.873074205374075873e+00,1.295427573571084734e+00,4.572426428915310481e-03,7.998436171169642250e+01,0.000000000000000000e+00
4.960000000000000000e+02,4.959999999999999964e+00,1.187894103810046431e+01,-4.025116458263775066e+00,5.892376310085608360e+00,1.297006771626699750e+00,2.993228373300294010e-03,7.997694644137658315e+01,0.000000000000000000e+00
4.970000000000000000e+02,4.969999999999999751e+00,1.188380881979916737e+01,-4.029173605468651331e+00,5.889605863248659645e+00,1.299833888777669255e+00,1.661112223307892322e-04,7.996993956814974069e+01,0.000000000000000000e+00
4.980000000000000000e+02,4.980000000000000426e+00,1.185186547234509646e+01,-4.058881440189263223e+00,5.869270897065950621e+00,1.302014685846240472e+00,2.014685846240427125e-03,7.996853842045176464e+01,0.000000000000000000e+00
4.990000000000000000e+02,4.990000000000000213e+00,1.179858667328809041e+01,-4.103377923992058918e+00,5.838815832292390873e+00,1.302066393314370796e+00,2.066393314370751355e-03,7.997424303373688304e+01,0.000000000000000000e+00
5.000000000000000000e+02,5.000000000000000000e+00,1.176442503169034204e+01,-4.134328827884576008e+00,5.817639691984010319e+00,1.299610245403439279e+00,3.897545965607651652e-04,7.998224397544635167e+01,0.000000000000000000e+00
5.010000000000000000e+02,5.009999999999999787e+00,1.170285537436459755e+01,-4.184307842281243417e+00,5.783448310052705210e+00,1.296196744878574281e+00,3.803255121425763718e-03,7.999546102198901565e+01,0.000000000000000000e+00
5.020000000000000000e+02,5.020000000000000462e+00,1.172034473135922639e+01,-4.178785233524224374e+00,5.787229815875840622e+00,1.290836338472517664e+00,9.163661527482380720e-03,8.000167344788253843e+01,0.000000000000000000e+00
5.030000000000000000e+02,5.030000000000000249e+00,1.176550023272488765e+01,-4.153749473121544966e+00,5.804358091508698969e+00,1.287652073246827733e+00,1.234792675317231136e-02,7.999940491940945719e+01,0.000000000000000000e+00
5.040000000000000000e+02,5.040000000000000036e+00,1.181287392308349560e+01,-4.114665796783349094e+00,5.831098723565888875e+00,1.287308067023787306e+00,1.269193297621273864e-02,7.999216079121626422e+01,0.000000000000000000e+00
5.050000000000000000e+02,5.049999999999999822e+00,1.185067717094541528e+01,-4.075313646819970437e+00,5.858030510103059640e+00,1.289455505397974822e+00,1.054449460202522282e-02,7.998323841761580866e+01,0.000000000000000000e+00
5.060000000000000000e+02,5.060000000000000497e+00,1.188084339903724995e+01,-4.044606680896660755e+00,5.879054758703065708e+00,1.293146280490116373e+00,6.853719509883671179e-03,7.997359521324557363e+01,0.000000000000000000e+00
5.070000000000000000e+02,5.070000000000000284e+00,1.190491543963578458e+01,-4.005869324233910511e+00,5.905583319818330956e+00,1.297499288984758081e+00,2.500711015241963153e-03,7.996559885594849959e+01,0.000000000000000000e+00
5.080000000000000000e+02,5.080000000000000071e+00,1.188986644700196571e+01,-4.023945510414025151e+00,5.893211360132051269e+00,1.302368628081052471e+00,2.368628081052426282e-03,7.996093555335855285e+01,0.000000000000000000e+00
5.090000000000000000e+02,5.089999999999999858e+00,1.184714412644532544e+01,-4.061263680484673344e+00,5.867664749776674071e+00,1.305025306417534114e+00,5.025306417534070036e-03,7.996279742739955054e+01,0.000000000000000000e+00
5.100000000000000000e+02,5.100000000000000533e+00,1.187802410090081473e+01,-4.037236452129265629e+00,5.884119489347291676e+00,1.304815325344699461e+00,4.815325344699417087e-03,7.995999411681020774e+01,0.000000000000000000e+00
5.110000000000000000e+02,5.110000000000000320e+00,1.183807918512933099e+01,-4.072496309306999684e+00,5.859983956968140895e+00,1.306103454465326719e+00,6.103454465326674239e-03,7.996284972382683520e+01,0.000000000000000000e+00
5.120000000000000000e+02,5.120000000000000107e+00,1.187079046086078016e+01,-4.050846114185234548e+00,5.874809432184052937e+00,1.304989950906447094e+00,4.989950906447049306e-03,7.996007630109060926e+01,0.000000000000000000e+00
5.130000000000000000e+02,5.129999999999999893e+00,1.183828830555682465e+01,-4.080702819850823282e+00,5.854374823724580068e+00,1.305563349264184492e+00,5.563349264184447307e-03,7.996190208380255626e+01,0.000000000000000000e+00
5.140000000000000000e+02,5.139999999999999680e+00,1.178768642739062500e+01,-4.123084378269097350e+00,5.825371115362000474e+00,1.304227873311340380e+00,4.227873311340335505e-03,7.996957553873929214e+01,0.000000000000000000e+00
5.150000000000000000e+02,5.150000000000000355e+00,1.176342139796023645e+01,-4.146841576126000461e+00,5.809119861280274577e+00,1.300666132075495973e+00,6.661320754959287882e-04,7.997761933128352041e+01,0.000000000000000000e+00
5.160000000000000000e+02,5.160000000000000142e+00,1.179946817473178200e+01,-4.128206787135979994e+00,5.821871991311859951e+00,1.296658984365353540e+00,3.341015634646504751e-03,7.997763116177559084e+01,0.000000000000000000e+00
5.170000000000000000e+02,5.169999999999999929e+00,1.183997965458394752e+01,-4.103136737373254128e+00,5.839028978502106781e+00,1.295047548507794355e+00,4.952451492205689476e-03,7.997166089346112017e+01,0.000000000000000000e+00
5.180000000000000000e+02,5.179999999999999716e+00,1.187230699709224169e+01,-4.073606116798303312e+00,5.859242360746216960e+00,1.295443866051990689e+00,4.556133948009355450e-03,7.996358628638161292e+01,0.000000000000000000e+00
5.190000000000000000e+02,5.190000000000000391e+00,1.189810356333623353e+01,-4.041954815414331215e+00,5.880912020360780090e+00,1.297174349424236928e+00,2.825650575763116734e-03,7.995557465994828306e+01,0.000000000000000000e+00
5.200000000000000000e+02,5.200000000000000178e+00,1.191868870205618691e+01,-4.013442165878198686e+00,5.900439518844438069e+00,1.299729301347244625e+00,2.706986527554189337e-04,7.994833412033517561e+01,0.000000000000000000e+00
5.210000000000000000e+02,5.209999999999999964e+00,1.193320337362028916e+01,-4.010365524616621435e+00,5.902552980040860930e+00,1.302632044545276369e+00,2.632044545276324143e-03,7.994001586458206532e+01,0.000000000000000000e+00
5.220000000000000000e+02,5.219999999999999751e+00,1.191800100393034789e+01,-4.027992036667249920e+00,5.890488521909071018e+00,1.304914206481178729e+00,4.914206481178684527e-03,7.993534450648313339e+01,0.000000000000000000e+00
5.230000000000000000e+02,5.230000000000000426e+00,1.191774631630070758e+01,-4.034975769844434623e+00,5.885712348675085082e+00,1.305386154230322893e+00,5.386154230322848235e-03,7.993117736572197884e+01,0.000000000000000000e+00
5.240000000000000000e+02,5.240000000000000213e+00,1.188385818372853286e+01,-4.065422339764021231e+00,5.864871992325140226e+00,1.305205609905565112e+00,5.205609905565067308e-03,7.993243052347523303e+01,0.000000000000000000e+00
5.250000000000000000e+02,5.250000000000000000e+00,1.182120589147694645e+01,-4.115898061123274054e+00,5.830325364326788495e+00,1.303016685902387728e+00,3.016685902387683527e-03,7.994179880808707139e+01,0.000000000000000000e+00
5.260000000000000000e+02,5.259999999999999787e+00,1.183796485315449765e+01,-4.110519540038488628e+00,5.834009060119940138e+00,1.298053192811238210e+00,1.946807188761834340e-03,7.994529584295018765e+01,0.000000000000000000e+00
5.270000000000000000e+02,5.270000000000000462e+00,1.187069922625459917e+01,-4.085559961524389827e+00,5.851090587829901324e+00,1.294652904453369224e+00,5.347095546630820095e-03,7.994330499463703177e+01,0.000000000000000000e+00
5.280000000000000000e+02,5.280000000000000249e+00,1.189682059468801434e+01,-4.065362815585516820e+00,5.864917427753759682e+00,1.293323747964706838e+00,6.676252035293206433e-03,7.993827510907424028e+01,0.000000000000000000e+00
5.290000000000000000e+02,5.290000000000000036e+00,1.191766491899346647e+01,-4.004103631701849686e+00,5.906854540561987221e+00,1.293179804062981164e+00,6.820195937018880272e-03,7.993699417557152742e+01,0.000000000000000000e+00
5.300000000000000000e+02,5.299999999999999822e+00,1.193429826869175692e+01,-3.977124774184607414e+00,5.925338441585852323e+00,1.294852476704511979e+00,5.147523295488065642e-03,7.993534368608018781e+01,0.000000000000000000e+00
5.310000000000000000e+02,5.310000000000000497e+00,1.194757134572372514e+01,-3.921926486220740138e+00,5.963158263420416105e+00,1.296790991052572561e+00,3.209008947427482994e-03,7.993747698196577289e+01,1.000000000000000000e+00
5.320000000000000000e+02,5.320000000000000284e+00,1.195816299305226593e+01,-3.896416480269812244e+00,5.980651783203436267e+00,1.299584075021056551e+00,4.159249789434937838e-04,7.993948715425263174e+01,0.000000000000000000e+00
5.330000000000000000e+02,5.330000000000000071e+00,1.196661491364776708e+01,-3.895308466207765274e+00,5.981422307571126140e+00,1.302117551415427732e+00,2.117551415427687544e-03,7.993904263392005305e+01,0.000000000000000000e+00
5.340000000000000000e+02,5.339999999999999858e+00,1.194688718647300796e+01,-3.918070032846711737e+00,5.965829463084889817e+00,1.303748165421485083e+00,3.748165421485039062e-03,7.994068443821700498e+01,0.000000000000000000e+00
5.350000000000000000e+02,5.350000000000000533e+00,1.193703221470653553e+01,-3.933717017423890461e+00,5.955114780744267478e+00,1.303351032466292025e+00,3.351032466291981038e-03,7.994236724080408862e+01,0.000000000000000000e+00
5.360000000000000000e+02,5.360000000000000320e+00,1.194975297941228654e+01,-3.926819929730676062e+00,5.959849852403355186e+00,1.301936672796619510e+00,1.936672796619465231e-03,7.994139099672300119e+01,0.000000000000000000e+00
5.370000000000000000e+02,5.370000000000000107e+00,1.192299679054281114e+01,-3.954086382043145775e+00,5.941171809514713686e+00,1.300982858339452930e+00,9.828583394528855877e-04,7.994380620999532994e+01,0.000000000000000000e+00
5.380000000000000000e+02,5.379999999999999893e+00,1.193855299447355556e+01,-3.913565122735284341e+00,5.968944186052036471e+00,1.298425408191528074e+00,1.574591808471970111e-03,7.994663387707076652e+01,0.000000000000000000e+00
5.390000000000000000e+02,5.389999999999999680e+00,1.195096653094354444e+01,-3.887700192582391079e+00,5.986681913217258177e+00,1.297635728788792520e+00,2.364271211207524814e-03,7.994878579452335998e+01,0.000000000000000000e+00
5.400000000000000000e+02,5.400000000000000355e+00,1.196087228226808108e+01,-3.837074486863397027e+00,6.021400493463230141e+00,1.297664627532832737e+00,2.335372467167307065e-03,7.995393157682873664e+01,1.000000000000000000e+00
5.410000000000000000e+02,5.410000000000000142e+00,1.196877687170887228e+01,-3.788089897286675889e+00,6.055011500199985797e+00,1.298897804441680792e+00,1.102195558319252200e-03,7.996151966867006422e+01,1.000000000000000000e+00
5.420000000000000000e+02,5.419999999999999929e+00,1.197130751892709988e+01,-3.797491228234551652e+00,6.048576278766346626e+00,1.300921611396330446e+00,9.216113963304017886e-04,7.996530879432539507e+01,0.000000000000000000e+00
5.430000000000000000e+02,5.429999999999999716e+00,1.197710397974990748e+01,-3.793676603090546884e+00,6.051208261629295926e+00,1.301838212327557809e+00,1.838212327557764425e-03,7.996711572247987476e+01,0.000000000000000000e+00
5.440000000000000000e+02,5.440000000000000391e+00,1.197643524655543779e+01,-3.805070854675553615e+00,6.043404903193665412e+00,1.302413857969058286e+00,2.413857969058241792e-03,7.996724398933673683e+01,0.000000000000000000e+00
5.450000000000000000e+02,5.450000000000000178e+00,1.198119580280686414e+01,-3.772182408821366462e+00,6.065982353469086874e+00,1.302195040223885325e+00,2.195040223885280639e-03,7.997004940143861518e+01,1.000000000000000000e+00
5.460000000000000000e+02,5.459999999999999964e+00,1.198499463052264957e+01,-3.763210520398400316e+00,6.072155385395242355e+00,1.302747264551094464e+00,2.747264551094419360e-03,7.997222130934203221e+01,1.000000000000000000e+00
5.470000000000000000e+02,5.469999999999999751e+00,1.196795974106303895e+01,-3.786588568341515693e+00,6.056126357694818552e+00,1.303225202468466515e+00,3.225202468466470407e-03,7.997513735006690183e+01,0.000000000000000000e+00
5.480000000000000000e+02,5.480000000000000426e+00,1.194020159573070217e+01,-3.817220995080254919e+00,6.035120534082605737e+00,1.302281726040504184e+00,2.281726040504139519e-03,7.998028861424053559e+01,0.000000000000000000e+00
5.490000000000000000e+02,5.490000000000000213e+00,1.190844549746028491e+01,-3.850405373227379968e+00,6.012367486139490680e+00,1.299870152637297327e+00,1.298473627027174615e-04,7.998763243856510030e+01,0.000000000000000000e+00
5.500000000000000000e+02,5.500000000000000000e+00,1.192694135655921706e+01,-3.845829018306516023e+00,6.015515664001657825e+00,1.296254117270869477e+00,3.745882729130567412e-03,7.998907874193409384e+01,0.000000000000000000e+00
5.510000000000000000e+02,5.509999999999999787e+00,1.194170067846644656e+01,-3.831598423671506382e+00,6.025285682460023828e+00,1.294107066522645066e+00,5.892933477354977967e-03,7.998831326126408214e+01,0.000000000000000000e+00
5.520000000000000000e+02,5.520000000000000462e+00,1.195347831918029513e+01,-3.804976156902097006e+00,6.043556862851335865e+00,1.293223995851827013e+00,6.776004148173031538e-03,7.998809808861183512e+01,0.000000000000000000e+00
5.530000000000000000e+02,5.530000000000000249e+00,1.196287663853781069e+01,-3.750912340831540348e+00,6.080661676903917900e+00,1.293548169198918352e+00,6.451830801081692712e-03,7.999204296476334264e+01,1.000000000000000000e+00
5.540000000000000000e+02,5.540000000000000036e+00,1.197037630752007153e+01,-3.709607585620664061e+00,6.109029403706744077e+00,1.295453767581258075e+00,4.546232418741968928e-03,7.999795297365263025e+01,1.000000000000000000e+00
5.550000000000000000e+02,5.549999999999999822e+00,1.197636089185945174e+01,-3.702342444610379424e+00,6.114036708255961017e+00,1.298152564795765462e+00,1.847435204234582073e-03,8.000166911133513281e+01,0.000000000000000000e+00
5.560000000000000000e+02,5.560000000000000497e+00,1.197983657161466198e+01,-3.712816088151715377e+00,6.106862804075434248e+00,1.300520137311947932e+00,5.201373119478880369e-04,8.000229975461023457e+01,0.000000000000000000e+00
5.570000000000000000e+02,5.570000000000000284e+00,1.198390999149048852e+01,-3.721748436641476587e+00,6.100746689220621910e+00,1.302152413873543191e+00,2.152413873543146394e-03,8.000073556916350981e+01,0.000000000000000000e+00
5.580000000000000000e+02,5.580000000000000071e+00,1.198204283561075201e+01,-3.735423716258785998e+00,6.091373560806467857e+00,1.303348467884831274e+00,3.348467884831229924e-03,7.999844211063732757e+01,0.000000000000000000e+00
5.590000000000000000e+02,5.589999999999999858e+00,1.198567054558837874e+01,-3.744392856907627909e+00,6.085231048842623558e+00,1.303988756495207291e+00,3.988756495207246289e-03,7.999485934567744039e+01,0.000000000000000000e+00
5.600000000000000000e+02,5.600000000000000533e+00,1.195620883036697357e+01,-3.776819741081974602e+00,6.062985379477694003e+00,1.304531260984411078e+00,4.531260984411034087e-03,7.999550421330827987e+01,0.000000000000000000e+00
5.610000000000000000e+02,5.610000000000000320e+00,1.189913201857650726e+01,-3.828295981240055657e+00,6.027670671721651274e+00,1.303564382673591648e+00,3.564382673591603989e-03,8.000348985907278632e+01,0.000000000000000000e+00
5.620000000000000000e+02,5.620000000000000107e+00,1.191950938856105147e+01,-3.814436383795521301e+00,6.037185610314562467e+00,1.300316317619945483e+00,3.163176199454387216e-04,8.000600064853892945e+01,0.000000000000000000e+00
5.630000000000000000e+02,5.629999999999999893e+00,1.193577011814467781e+01,-3.803023375820896668e+00,6.045024122973635450e+00,1.299184767763375214e+00,8.152322366248299090e-04,8.000531472453160120e+01,0.000000000000000000e+00
5.640000000000000000e+02,5.639999999999999680e+00,1.194874585185282356e+01,-3.777746300053379525e+00,6.062376014968111626e+00,1.299453865072349057e+00,5.461349276509874784e-04,8.000472942920785613e+01,0.000000000000000000e+00
5.650000000000000000e+02,5.650000000000000355e+00,1.193232169184916103e+01,-3.800891515564701617e+00,6.046503629466250196e+00,1.301055265322180521e+00,1.055265322180476417e-03,8.000545761758590402e+01,0.000000000000000000e+00
5.660000000000000000e+02,5.660000000000000142e+00,1.194599407733417884e+01,-3.796460279178402342e+00,6.049552912195875543e+00,1.301603179166781032e+00,1.603179166780988041e-03,8.000329536505618933e+01,0.000000000000000000e+00
5.670000000000000000e+02,5.669999999999999929e+00,1.194670517251826602e+01,-3.807268270206234373e+00,6.042146330555631550e+00,1.302929149816358656e+00,2.929149816358611602e-03,8.000029774712585606e+01,0.000000000000000000e+00
5.680000000000000000e+02,5.679999999999999716e+00,1.192073894307948478e+01,-3.836491419029018690e+00,6.022105749329282887e+00,1.304104069307500779e+00,4.104069307500735064e-03,8.000080478498239245e+01,0.000000000000000000e+00
5.690000000000000000e+02,5.690000000000000391e+00,1.187140351102687319e+01,-3.881815897178432895e+00,5.991024432858183424e+00,1.304011067312119021e+00,4.011067312118976602e-03,8.000735518915550415e+01,0.000000000000000000e+00
5.700000000000000000e+02,5.700000000000000178e+00,1.184171494291163818e+01,-3.913159660053036060e+00,5.969537790497495777e+00,1.301980778704135311e+00,1.980778704135266466e-03,8.001517319767712877e+01,0.000000000000000000e+00
5.710000000000000000e+02,5.709999999999999964e+00,1.187369172212140889e+01,-3.896350747298977346e+00,5.981062278231336293e+00,1.299440675629359276e+00,5.593243706407680094e-04,8.001539445340139878e+01,0.000000000000000000e+00
5.720000000000000000e+02,5.719999999999999751e+00,1.183508528110044367e+01,-3.933592139434597179e+00,5.955535194357587159e+00,1.299439926117949229e+00,5.600738820508155413e-04,8.001996544468244110e+01,0.000000000000000000e+00
5.730000000000000000e+02,5.730000000000000426e+00,1.181932270881192970e+01,-3.954636391353389957e+00,5.941114249905301570e+00,1.298009164850792985e+00,1.990835149207059729e-03,8.002430279005378111e+01,0.000000000000000000e+00
5.740000000000000000e+02,5.740000000000000213e+00,1.184352551337735981e+01,-3.947530442428371700e+00,5.945984405657006810e+00,1.296577937887684717e+00,3.422062112315327198e-03,8.002280849209292057e+01,0.000000000000000000e+00
5.750000000000000000e+02,5.750000000000000000e+00,1.187513652077587345e+01,-3.923594204139492447e+00,5.962388071199609563e+00,1.296955169306253985e+00,3.044830693746058969e-03,8.001743060534595031e+01,0.000000000000000000e+00
5.760000000000000000e+02,5.759999999999999787e+00,1.186928758731754563e+01,-3.937328005981228340e+00,5.952976947804643260e+00,1.299296646237841912e+00,7.033537621581320565e-04,8.001323904040718560e+01,0.000000000000000000e+00
5.770000000000000000e+02,5.770000000000000462e+00,1.183550285211475561e+01,-3.970402337264797854e+00,5.930311904927446420e+00,1.301071751963644774e+00,1.071751963644729244e-03,8.001393068869306546e+01,0.000000000000000000e+00
5.780000000000000000e+02,5.780000000000000249e+00,1.183397206104071842e+01,-3.980705281448147392e+00,5.923253111621095357e+00,1.301182941525364178e+00,1.182941525364133994e-03,8.001356057344331418e+01,0.000000000000000000e+00
5.790000000000000000e+02,5.790000000000000036e+00,1.181371085202964011e+01,-4.003914385986111490e+00,5.907353089829637582e+00,1.301538320477002131e+00,1.538320477002086406e-03,8.001508606963585635e+01,0.000000000000000000e+00
5.800000000000000000e+02,5.799999999999999822e+00,1.182635198867591164e+01,-4.004008119104958574e+00,5.907287745755827935e+00,1.301224004623348751e+00,1.224004623348706744e-03,8.001336042243865165e+01,0.000000000000000000e+00
5.810000000000000000e+02,5.810000000000000497e+00,1.180109989917548496e+01,-4.030422544478035718e+00,5.889195059817946110e+00,1.301899072204412144e+00,1.899072204412100007e-03,8.001460709286001816e+01,0.000000000000000000e+00
5.820000000000000000e+02,5.820000000000000284e+00,1.182410911357673022e+01,-4.022878146766282192e+00,5.894359771293318673e+00,1.301573280226539397e+00,1.573280226539353066e-03,8.001130850848254283e+01,0.000000000000000000e+00
5.830000000000000000e+02,5.830000000000000071e+00,1.178059387958320059e+01,-4.061706305144883622e+00,5.867767838519728940e+00,1.302690034279077480e+00,2.690034279077435642e-03,8.001394959227084769e+01,0.000000000000000000e+00
5.840000000000000000e+02,5.839999999999999858e+00,1.178890260434421045e+01,-4.064079380034066880e+00,5.866140560042775398e+00,1.301831430145450108e+00,1.831430145450063662e-03,8.001373952108492915e+01,0.000000000000000000e+00
5.850000000000000000e+02,5.850000000000000533e+00,1.175296714520724706e+01,-4.097237317560769476e+00,5.843438061606801348e+00,1.301866648134661020e+00,1.866648134660975344e-03,8.001750444962127062e+01,0.000000000000000000e+00
5.860000000000000000e+02,5.860000000000000320e+00,1.177781374192508146e+01,-4.087690093515969458e+00,5.849969169032490868e+00,1.300526146645589076e+00,5.261466455890317917e-04,8.001594332021551281e+01,0.000000000000000000e+00
5.870000000000000000e+02,5.870000000000000107e+00,1.179485911703380019e+01,-4.083426093755818442e+00,5.852884639930642230e+00,1.300921837405988990e+00,9.218374059889455907e-04,8.001163299311217258e+01,0.000000000000000000e+00
5.880000000000000000e+02,5.879999999999999893e+00,1.177688714480670384e+01,-4.103510744272328203e+00,5.839134062957680449e+00,1.302200950626499543e+00,2.200950626499498242e-03,8.001004931506312801e+01,0.000000000000000000e+00
5.890000000000000000e+02,5.889999999999999680e+00,1.180866704678805768e+01,-4.088600181041813997e+00,5.849335458707725977e+00,1.302504807213737070e+00,2.504807213737025862e-03,8.000377911497844252e+01,0.000000000000000000e+00
5.900000000000000000e+02,5.900000000000000355e+00,1.177435338712008850e+01,-4.119817560611821250e+00,5.827965715360558185e+00,1.304333685811267518e+00,4.333685811267473653e-03,8.000301272788858853e+01,0.000000000000000000e+00
5.910000000000000000e+02,5.910000000000000142e+00,1.173735546565326082e+01,-4.152748530803776816e+00,5.805428560209191069e+00,1.304235667773647966e+00,4.235667773647922019e-03,8.000656277497844826e+01,0.000000000000000000e+00
5.920000000000000000e+02,5.919999999999999929e+00,1.175771203732760739e+01,-4.145369846521473889e+00,5.810472588968194074e+00,1.302584999900420870e+00,2.584999900420825725e-03,8.000560678087992983e+01,0.000000000000000000e+00
5.930000000000000000e+02,5.929999999999999716e+00,1.178241814828189149e+01,-4.134792097507572706e+00,5.817705486249840519e+00,1.302384912714294796e+00,2.384912714294751268e-03,8.000086610987435165e+01,0.000000000000000000e+00
5.940000000000000000e+02,5.940000000000000391e+00,1.174417356705935767e+01,-4.168163653312778827e+00,5.794870331716453826e+00,1.303403321870442610e+00,3.403321870442566066e-03,8.000171606475984731e+01,0.000000000000000000e+00
5.950000000000000000e+02,5.950000000000000178e+00,1.169354045129092512e+01,-4.210052543579196893e+00,5.766213820409690882e+00,1.302402775369032595e+00,2.402775369032550401e-03,8.000814833229362932e+01,0.000000000000000000e+00
5.960000000000000000e+02,5.959999999999999964e+00,1.169665191358598122e+01,-4.214166283904170918e+00,5.763396664690887405e+00,1.299334502212402542e+00,6.654977875975021107e-04,8.001157681504147945e+01,0.000000000000000000e+00
5.970000000000000000e+02,5.969999999999999751e+00,1.171328753656419153e+01,-4.208678435383892413e+00,5.767145234775459706e+00,1.297181410259616863e+00,2.818589740383181663e-03,8.001119613437360556e+01,0.000000000000000000e+00
5.980000000000000000e+02,5.980000000000000426e+00,1.175234928554566771e+01,-4.187352999745464821e+00,5.781724096965706217e+00,1.296276754028657274e+00,3.723245971342770133e-03,8.000525569528372216e+01,0.000000000000000000e+00
5.990000000000000000e+02,5.990000000000000213e+00,1.179454409545930282e+01,-4.163684977589703351e+00,5.797906506490623890e+00,1.297269151421146516e+00,2.730848578853528608e-03,7.999480171211463642e+01,0.000000000000000000e+00
6.000000000000000000e+02,6.000000000000000000e+00,1.178490400499375745e+01,-4.176223235426999025e+00,5.789327269029533873e+00,1.299744012134620430e+00,2.559878653796143766e-04,7.998772995350951476e+01,0.000000000000000000e+00
6.010000000000000000e+02,6.009999999999999787e+00,1.182835774135865492e+01,-4.140032913981533724e+00,5.814076061677849516e+00,1.300887524021137720e+00,8.875240211376755894e-04,7.997746747086773667e+01,0.000000000000000000e+00
6.020000000000000000e+02,6.020000000000000462e+00,1.181122673821725222e+01,-4.157830072938061505e+00,5.801898347568428704e+00,1.303767055454101875e+00,3.767055454101830847e-03,7.997156039882801792e+01,0.000000000000000000e+00
6.030000000000000000e+02,6.030000000000000249e+00,1.179451814127244269e+01,-4.175202734767056612e+00,5.790012267064964746e+00,1.304787337808736014e+00,4.787337808735969702e-03,7.996885607238348825e+01,0.000000000000000000e+00
6.040000000000000000e+02,6.040000000000000036e+00,1.176440168094910810e+01,-4.201853108702755968e+00,5.771781981420433638e+00,1.304448334655857966e+00,4.448334655857921760e-03,7.997030788556521941e+01,0.000000000000000000e+00
6.050000000000000000e+02,6.049999999999999822e+00,1.173617041778840253e+01,-4.227052648364163723e+00,5.754547338914787424e+00,1.302480534107579802e+00,2.480534107579757119e-03,7.997447510906556545e+01,0.000000000000000000e+00
6.060000000000000000e+02,6.060000000000000497e+00,1.174498618912972603e+01,-4.226164269371486704e+00,5.755151350405728117e+00,1.299385765619176070e+00,6.142343808239747460e-04,7.997567496693613975e+01,0.000000000000000000e+00
6.070000000000000000e+02,6.070000000000000284e+00,1.179068174672402591e+01,-4.199310071392512889e+00,5.773507667687451494e+00,1.297136731794311215e+00,2.863268205688829227e-03,7.996990184750751496e+01,0.000000000000000000e+00
6.080000000000000000e+02,6.080000000000000071e+00,1.182483999085702209e+01,-4.180413719339824752e+00,5.786425769236600125e+00,1.297161313977348795e+00,2.838686022651248919e-03,7.996052827281071984e+01,0.000000000000000000e+00
6.090000000000000000e+02,6.089999999999999858e+00,1.180279875827111447e+01,-4.200842734499431685e+00,5.772452677395856213e+00,1.298281077696799679e+00,1.718922303200365320e-03,7.995607646124649648e+01,0.000000000000000000e+00
6.100000000000000000e+02,6.100000000000000533e+00,1.183950160336770274e+01,-4.179935213251567916e+00,5.786745450404202629e+00,1.297603180888204255e+00,2.396819111795789325e-03,7.994726613292850459e+01,0.000000000000000000e+00
6.110000000000000000e+02,6.110000000000000320e+00,1.187192552187927852e+01,-4.154429432077861861e+00,5.804185062554394925e+00,1.298284305243013081e+00,1.715694756986962943e-03,7.993663193973073078e+01,0.000000000000000000e+00
6.120000000000000000e+02,6.120000000000000107e+00,1.189779915382285935e+01,-4.116355510874248225e+00,5.830225509312665366e+00,1.299937744438576237e+00,6.225556142380739288e-05,7.992746873232613325e+01,0.000000000000000000e+00
6.130000000000000000e+02,6.129999999999999893e+00,1.191328629781623683e+01,-4.110711874886012751e+00,5.834085346367871239e+00,1.302441130705783934e+00,2.441130705783889354e-03,7.991784587306575816e+01,0.000000000000000000e+00
6.140000000000000000e+02,6.140000000000000568e+00,1.189622213770767090e+01,-4.127829934282756241e+00,5.822371659186398318e+00,1.304383959191588893e+00,4.383959191588848725e-03,7.991265468210973211e+01,0.000000000000000000e+00
6.150000000000000000e+02,6.150000000000000355e+00,1.188067775775810020e+01,-4.143765946550822754e+00,5.811467769053494159e+00,1.304429936701958948e+00,4.429936701958903100e-03,7.991055793230836457e+01,0.000000000000000000e+00
6.160000000000000000e+02,6.160000000000000142e+00,1.186307129790206716e+01,-4.161040030642009668e+00,5.799649716523205711e+00,1.303162662440602082e+00,3.162662440602037606e-03,7.991103862271793901e+01,0.000000000000000000e+00
6.170000000000000000e+02,6.169999999999999929e+00,1.182753982712646312e+01,-4.190796700640178507e+00,5.779295972493207145e+00,1.300842642880051692e+00,8.426428800516472251e-04,7.991598061500187100e+01,0.000000000000000000e+00
6.180000000000000000e+02,6.179999999999999716e+00,1.185758603979965109e+01,-4.174391933603740945e+00,5.790511361268078971e+00,1.296938541019212465e+00,3.061458980787579165e-03,7.991464619760861865e+01,0.000000000000000000e+00
6.190000000000000000e+02,6.190000000000000391e+00,1.188635653680982252e+01,-4.155837422533489978e+00,5.803198255208051215e+00,1.294864347462829635e+00,5.135652537170409815e-03,7.990931285683271312e+01,0.000000000000000000e+00
6.200000000000000000e+02,6.200000000000000178e+00,1.190931481220177801e+01,-4.133530362768627953e+00,5.818453500178372373e+00,1.294139308343611683e+00,5.860691656388361537e-03,7.990278367646895674e+01,0.000000000000000000e+00
6.210000000000000000e+02,6.209999999999999964e+00,1.192763505216101549e+01,-4.114416841192699792e+00,5.831527479794537783e+00,1.294338850221754988e+00,5.661149778245055941e-03,7.989601710395997713e+01,0.000000000000000000e+00
6.220000000000000000e+02,6.219999999999999751e+00,1.194225423354262894e+01,-4.066578382177807427e+00,5.864256380703961824e+00,1.294999291572143996e+00,5.000708427856048743e-03,7.989326727902736991e+01,1.000000000000000000e+00
6.230000000000000000e+02,6.230000000000000426e+00,1.195392004494815907e+01,-4.059465421362378201e+00,5.869125591722047730e+00,1.296676477916277381e+00,3.323522083722663112e-03,7.988931682168718851e+01,0.000000000000000000e+00
6.240000000000000000e+02,6.240000000000000213e+00,1.195967340057045014e+01,-4.061009468658425270e+00,5.868069320377624187e+00,1.297913206389583962e+00,2.086793610416082245e-03,7.988486044760315963e+01,0.000000000000000000e+00
6.250000000000000000e+02,6.250000000000000000e+00,1.196782018833399519e+01,-4.022307128532387921e+00,5.894560545143401775e+00,1.298449572113945294e+00,1.550427886054750459e-03,7.988421009441481146e+01,1.000000000000000000e+00
6.260000000000000000e+02,6.259999999999999787e+00,1.197432116038773309e+01,-3.976421517951943763e+00,5.925982387718475408e+00,1.299637982502058309e+00,3.620174979417356553e-04,7.988755758050776024e+01,1.000000000000000000e+00
6.270000000000000000e+02,6.270000000000000462e+00,1.197950880475384849e+01,-3.960220616682030847e+00,5.937084218916214517e+00,1.301458431898747437e+00,1.458431898747392097e-03,7.989062542810660261e+01,1.000000000000000000e+00
6.280000000000000000e+02,6.280000000000000249e+00,1.196152460522992200e+01,-3.980193080528237282e+00,5.923405037578858057e+00,1.302913750977440221e+00,2.913750977440177081e-03,7.989480241935322624e+01,0.000000000000000000e+00
6.290000000000000000e+02,6.290000000000000036e+00,1.195208007998806998e+01,-3.994009476526238611e+00,5.913944239076889708e+00,1.302542060628433918e+00,2.542060628433873148e-03,7.989846877089044597e+01,0.000000000000000000e+00
6.300000000000000000e+02,6.299999999999999822e+00,1.196176087190967152e+01,-3.982563758714654067e+00,5.921786477622307032e+00,1.301252769037161583e+00,1.252769037161538535e-03,7.990015282907688743e+01,0.000000000000000000e+00
6.310000000000000000e+02,6.310000000000000497e+00,1.193319831898074668e+01,-4.009749394281365120e+00,5.903168186005867568e+00,1.300494324313893779e+00,4.943243138937347680e-04,7.990500944157723495e+01,0.000000000000000000e+00
6.320000000000000000e+02,6.320000000000000284e+00,1.194669360807554526e+01,-3.999130895956017007e+00,5.910442375001228932e+00,1.298102889202878529e+00,1.897110797121515091e-03,7.990654836539194150e+01,0.000000000000000000e+00
6.330000000000000000e+02,6.330000000000000071e+00,1.195746257614109176e+01,-3.945396841390587550e+00,5.947246559914864505e+00,1.296661013821310826e+00,3.338986178689218320e-03,7.991141049792717865e+01,1.000000000000000000e+00
6.340000000000000000e+02,6.339999999999999858e+00,1.196605599510248652e+01,-3.912045739515282339e+00,5.970104905423440300e+00,1.297015434072180229e+00,2.984565927819815556e-03,7.991680091052441526e+01,1.000000000000000000e+00
6.350000000000000000e+02,6.350000000000000533e+00,1.197291336982925714e+01,-3.887703886850334634e+00,5.986795011815346790e+00,1.298086568181940237e+00,1.913431818059807554e-03,7.992192425243835885e+01,1.000000000000000000e+00
6.360000000000000000e+02,6.360000000000000320e+00,1.197838541632839693e+01,-3.862637117727257152e+00,6.003987540063180361e+00,1.299410045378711853e+00,5.899546212881912055e-04,7.992726615277024393e+01,1.000000000000000000e+00
6.370000000000000000e+02,6.370000000000000107e+00,1.198275199888831644e+01,-3.861733015997864005e+00,6.004616344702162323e+00,1.300920550748052129e+00,9.205507480520846997e-04,7.993019026863228760e+01,0.000000000000000000e+00
6.380000000000000000e+02,6.379999999999999893e+00,1.198623644355734363e+01,-3.865202915890670887e+00,6.002245635521330058e+00,1.301912953531467076e+00,1.912953531467032064e-03,7.993105831522213123e+01,0.000000000000000000e+00
6.390000000000000000e+02,6.390000000000000568e+00,1.198901696001040484e+01,-3.838284943325973586e+00,6.020712062847532131e+00,1.302413073401725407e+00,2.413073401725362999e-03,7.993417512151586379e+01,1.000000000000000000e+00
6.400000000000000000e+02,6.400000000000000355e+00,1.199123575596789948e+01,-3.843695624096847396e+00,6.017010786962426749e+00,1.303372207981351005e+00,3.372207981350960893e-03,7.993525948148544558e+01,0.000000000000000000e+00
6.410000000000000000e+02,6.410000000000000142e+00,1.199300631031781883e+01,-3.846246488316512835e+00,6.015270569306530035e+00,1.303808171453460396e+00,3.808171453460351685e-03,7.993531478731976847e+01,1.000000000000000000e+00
6.420000000000000000e+02,6.419999999999999929e+00,1.198782434448987644e+01,-3.859411096795058782e+00,6.006250796896137167e+00,1.303951829404316642e+00,3.951829404316598016e-03,7.993506125867581602e+01,0.000000000000000000e+00
6.430000000000000000e+02,6.429999999999999716e+00,1.199028407287575959e+01,-3.856200857086635292e+00,6.008460099530138265e+00,1.303441971404511346e+00,3.441971404511301458e-03,7.993465900222594200e+01,1.000000000000000000e+00
6.440000000000000000e+02,6.440000000000000391e+00,1.195649527978875426e+01,-3.889245617313838554e+00,5.985807521176256252e+00,1.303113757460919064e+00,3.113757460919019948e-03,7.993865586703432768e+01,0.000000000000000000e+00
6.450000000000000000e+02,6.450000000000000178e+00,1.192995217752435089e+01,-3.917004678173518606e+00,5.966782892775453817e+00,1.301030858202378848e+00,1.030858202378803767e-03,7.994464085791463503e+01,0.000000000000000000e+00
6.460000000000000000e+02,6.459999999999999964e+00,1.194410325277195639e+01,-3.911228949351764239e+00,5.970746227633870973e+00,1.298021103925808051e+00,1.978896074191993648e-03,7.994623274601977414e+01,0.000000000000000000e+00
6.470000000000000000e+02,6.469999999999999751e+00,1.195539552493923807e+01,-3.889036421103930774e+00,5.985961773526586427e+00,1.296308703295025788e+00,3.691296704974256215e-03,7.994729027915072095e+01,0.000000000000000000e+00
6.480000000000000000e+02,6.480000000000000426e+00,1.196440653000201770e+01,-3.864081892295336829e+00,6.003075713050283646e+00,1.295920306043963244e+00,4.079693956036800628e-03,7.994883506747704871e+01,1.000000000000000000e+00
6.490000000000000000e+02,6.490000000000000213e+00,1.197159713000161041e+01,-3.868029711468672804e+00,6.000375760328688024e+00,1.296522898542384006e+00,3.477101457616038616e-03,7.994777437172898260e+01,0.000000000000000000e+00
6.500000000000000000e+02,6.500000000000000000e+00,1.197733508353663900e+01,-3.826961739285445141e+00,6.028542381060042032e+00,1.297039377361474344e+00,2.960622638525700623e-03,7.995044724944547454e+01,1.000000000000000000e+00
6.510000000000000000e+02,6.509999999999999787e+00,1.198191385453933755e+01,-3.824794343187069678e+00,6.030038235914625844e+00,1.298671333201643741e+00,1.328666798356303858e-03,7.995153817800854767e+01,0.000000000000000000e+00
6.520000000000000000e+02,6.520000000000000462e+00,1.198556762129906694e+01,-3.808977419807171749e+00,6.040897109043516622e+00,1.300055605810477966e+00,5.560581047792112486e-05,7.995330335272225852e+01,1.000000000000000000e+00
6.530000000000000000e+02,6.530000000000000249e+00,1.198848325335986154e+01,-3.772128326369976747e+00,6.066187734138884124e+00,1.301611952834035524e+00,1.611952834035479398e-03,7.995820160165203561e+01,1.000000000000000000e+00
6.540000000000000000e+02,6.540000000000000036e+00,1.199080986884271738e+01,-3.733629147483563226e+00,6.092621323597350091e+00,1.303843696457146040e+00,3.843696457145995282e-03,7.996570545212838965e+01,1.000000000000000000e+00
6.550000000000000000e+02,6.549999999999999822e+00,1.199266646099570366e+01,-3.736585868074154604e+00,6.090606082361855300e+00,1.306600778596467505e+00,6.600778596467460346e-03,7.997034838149298253e+01,1.000000000000000000e+00
6.560000000000000000e+02,6.560000000000000497e+00,1.196790621471884819e+01,-3.765788753701901026e+00,6.070572532099403951e+00,1.308631806840792278e+00,8.631806840792233260e-03,7.997625147470226636e+01,0.000000000000000000e+00
6.570000000000000000e+02,6.570000000000000284e+00,1.192806827021124860e+01,-3.805277832223629808e+00,6.043481677454628276e+00,1.308760411915444122e+00,8.760411915444077380e-03,7.998542128193376755e+01,0.000000000000000000e+00
6.580000000000000000e+02,6.580000000000000071e+00,1.190223443222525646e+01,-3.834720264150357050e+00,6.023290267866768133e+00,1.306852243290374416e+00,6.852243290374371298e-03,7.999466779983804088e+01,0.000000000000000000e+00
6.590000000000000000e+02,6.589999999999999858e+00,1.184528909874442171e+01,-3.885660935117459136e+00,5.988356476706184317e+00,1.304097020219232350e+00,4.097020219232305749e-03,8.000860163411635995e+01,0.000000000000000000e+00
6.600000000000000000e+02,6.600000000000000533e+00,1.178906162453177586e+01,-3.935934692098355114e+00,5.953892119806923233e+00,1.299345788067981733e+00,6.542119320183115150e-04,8.002543403348553852e+01,0.000000000000000000e+00
6.610000000000000000e+02,6.610000000000000320e+00,1.180682661247733201e+01,-3.934290071053957671e+00,5.955021912065066481e+00,1.293172183167137446e+00,6.827816832862598773e-03,8.003347928467607630e+01,0.000000000000000000e+00
6.620000000000000000e+02,6.620000000000000107e+00,1.184585153924958867e+01,-3.906560261769747466e+00,5.974029154983081291e+00,1.289280844019718097e+00,1.071915598028194694e-02,8.003369433420040480e+01,0.000000000000000000e+00
6.630000000000000000e+02,6.629999999999999893e+00,1.187699264243149067e+01,-3.881477489991640883e+00,5.991227054801501417e+00,1.288308475787359519e+00,1.169152421264052499e-02,8.002979834241286028e+01,0.000000000000000000e+00
6.640000000000000000e+02,6.640000000000000568e+00,1.190184261365745222e+01,-3.846474581284975880e+00,6.015231948104418969e+00,1.289179091999772098e+00,1.082090800022794674e-02,8.002543654915191951e+01,0.000000000000000000e+00
6.650000000000000000e+02,6.650000000000000355e+00,1.192167238867614820e+01,-3.810101590676760352e+00,6.040183992591418694e+00,1.291485187788923961e+00,8.514812211076083770e-03,8.002197063828533885e+01,0.000000000000000000e+00
6.660000000000000000e+02,6.660000000000000142e+00,1.193749614853955343e+01,-3.758863211198305798e+00,6.075345990863360690e+00,1.294732579251504534e+00,5.267420748495510452e-03,8.002176122025920790e+01,1.000000000000000000e+00
6.670000000000000000e+02,6.669999999999999929e+00,1.195012318923863326e+01,-3.690732398553347338e+00,6.122122366633929502e+00,1.298948724862266424e+00,1.051275137733620468e-03,8.002657810660920745e+01,3.000000000000000000e+00
6.680000000000000000e+02,6.679999999999999716e+00,1.194393630698117192e+01,-3.708679893537020433e+00,6.109813330379046725e+00,1.304225230167496807e+00,4.225230167496762945e-03,8.002936847058546732e+01,0.000000000000000000e+00
6.690000000000000000e+02,6.690000000000000391e+00,1.195526230557083380e+01,-3.704792026801562166e+00,6.112498255875625119e+00,1.307482760219119244e+00,7.482760219119199974e-03,8.002919565987718897e+01,0.000000000000000000e+00
6.700000000000000000e+02,6.700000000000000178e+00,1.192913310272812133e+01,-3.736279851718401712e+00,6.090890549328841885e+00,1.310312152072070635e+00,1.031215207207059059e-02,8.003147018273355684e+01,0.000000000000000000e+00
6.710000000000000000e+02,6.709999999999999964e+00,1.186554199917434893e+01,-3.793628203196978355e+00,6.051533552315749631e+00,1.310919245173836956e+00,1.091924517383691118e-02,8.004115064782921252e+01,0.000000000000000000e+00
6.720000000000000000e+02,6.719999999999999751e+00,1.181635902149795747e+01,-3.840620071216082287e+00,6.019297603276290154e+00,1.308253704515222493e+00,8.253704515222448634e-03,8.005379599372142252e+01,0.000000000000000000e+00
6.730000000000000000e+02,6.730000000000000426e+00,1.176202810032486212e+01,-3.890913225932573827e+00,5.984806154873885120e+00,1.303850875138643284e+00,3.850875138643239382e-03,8.006903396381416371e+01,0.000000000000000000e+00
6.740000000000000000e+02,6.740000000000000213e+00,1.180120354397415383e+01,-3.875741143746828765e+00,5.995212774184263793e+00,1.297950450224003127e+00,2.049549775996917234e-03,8.007290805352499774e+01,0.000000000000000000e+00
6.750000000000000000e+02,6.750000000000000000e+00,1.184136444418139611e+01,-3.843187377973055430e+00,6.017539589312590032e+00,1.295144633876079698e+00,4.855366123920346055e-03,8.007061769755550529e+01,0.000000000000000000e+00
6.760000000000000000e+02,6.759999999999999787e+00,1.187341203121545696e+01,-3.812102866692995473e+00,6.038866333869017389e+00,1.295079174030236757e+00,4.920825969763287233e-03,8.006547847051008659e+01,0.000000000000000000e+00
6.770000000000000000e+02,6.770000000000000462e+00,1.187976437656286066e+01,-3.819832001252626785e+00,6.033571156766928567e+00,1.296747247314342655e+00,3.252752685657389620e-03,8.005941685616905090e+01,0.000000000000000000e+00
6.780000000000000000e+02,6.780000000000000249e+00,1.190405440149965699e+01,-3.799468210263704737e+00,6.047548255231894210e+00,1.297958931216094625e+00,2.041068783905419792e-03,8.005192000150475451e+01,0.000000000000000000e+00
6.790000000000000000e+02,6.790000000000000036e+00,1.192343735069164623e+01,-3.772177043481325764e+00,6.066280888822592310e+00,1.300055810476050899e+00,5.581047605085487362e-05,8.004522063671126375e+01,0.000000000000000000e+00
6.800000000000000000e+02,6.799999999999999822e+00,1.192219085283705660e+01,-3.785260402484392550e+00,6.057311428692854882e+00,1.302847246479911014e+00,2.847246479910969796e-03,8.003906370934686265e+01,0.000000000000000000e+00
6.810000000000000000e+02,6.810000000000000497e+00,1.188819962091872107e+01,-3.820955862327074293e+00,6.032825292256392302e+00,1.304525616040113078e+00,4.525616040113034089e-03,8.003817806023462822e+01,0.000000000000000000e+00
6.820000000000000000e+02,6.820000000000000284e+00,1.191078555608665646e+01,-3.809471182151292989e+00,6.040710309651411869e+00,1.303943306166214677e+00,3.943306166214632924e-03,8.003372136439168116e+01,0.000000000000000000e+00
6.830000000000000000e+02,6.830000000000000071e+00,1.192880867606915096e+01,-3.806602522356962393e+00,6.042685247120179071e+00,1.304451813356600987e+00,4.451813356600942129e-03,8.002668325173220865e+01,0.000000000000000000e+00
6.840000000000000000e+02,6.839999999999999858e+00,1.190816620475567511e+01,-3.832423290236448565e+00,6.024976447281159331e+00,1.305402997124007536e+00,5.402997124007491436e-03,8.002330205102589389e+01,0.000000000000000000e+00
6.850000000000000000e+02,6.850000000000000533e+00,1.184755216247357090e+01,-3.885937727911924711e+00,5.988273947891510574e+00,1.304906195131330326e+00,4.906195131330282067e-03,8.002849097782153365e+01,0.000000000000000000e+00
6.860000000000000000e+02,6.860000000000000320e+00,1.180249034530438124e+01,-3.928321207983946017e+00,5.959216774162567454e+00,1.301580699870460878e+00,1.580699870460833267e-03,8.003740458421283677e+01,0.000000000000000000e+00
6.870000000000000000e+02,6.870000000000000107e+00,1.173339343196667350e+01,-3.987240666373228049e+00,5.918834164795196529e+00,1.296899700835585367e+00,3.100299164414677122e-03,8.005212470317124485e+01,0.000000000000000000e+00
6.880000000000000000e+02,6.879999999999999893e+00,1.174288931257046364e+01,-3.991050265653585338e+00,5.916222827491081304e+00,1.290156117818619608e+00,9.843882181380436691e-03,8.005991763144163542e+01,0.000000000000000000e+00
6.890000000000000000e+02,6.890000000000000568e+00,1.178980095750607227e+01,-3.968517540319417947e+00,5.931658309754646474e+00,1.285450966722831323e+00,1.454903327716872141e-02,8.005792804807613550e+01,0.000000000000000000e+00
6.900000000000000000e+02,6.900000000000000355e+00,1.183226541053514858e+01,-3.943191960676168506e+00,5.949010014590538020e+00,1.283929889613597775e+00,1.607011038640226985e-02,8.005022728703099233e+01,0.000000000000000000e+00
6.910000000000000000e+02,6.910000000000000142e+00,1.186615118618461295e+01,-3.903073857648824863e+00,5.976501832064903041e+00,1.284686910934374371e+00,1.531308906562567351e-02,8.004185196016265991e+01,0.000000000000000000e+00
6.920000000000000000e+02,6.919999999999999929e+00,1.189319135059176169e+01,-3.852845276220297155e+00,6.010936446246422094e+00,1.287273600690803876e+00,1.272639930919616802e-02,8.003555796947688350e+01,0.000000000000000000e+00
6.930000000000000000e+02,6.929999999999999716e+00,1.191476885552271980e+01,-3.813536325319265785e+00,6.037899286803520837e+00,1.291281358541198410e+00,8.718641458801634769e-03,8.003063118876269755e+01,0.000000000000000000e+00
6.940000000000000000e+02,6.940000000000000391e+00,1.193198726854843272e+01,-3.764494486673330531e+00,6.071551413592613855e+00,1.295884704831826717e+00,4.115295168173327411e-03,8.002876670883800614e+01,1.000000000000000000e+00
6.950000000000000000e+02,6.950000000000000178e+00,1.194572721429622497e+01,-3.743363440855001834e+00,6.086063495930947198e+00,1.301069830380529257e+00,1.069830380529213087e-03,8.002663271200833606e+01,0.000000000000000000e+00
6.960000000000000000e+02,6.959999999999999964e+00,1.191820243783748445e+01,-3.775084966047262736e+00,6.064298805054940011e+00,1.305844245803054804e+00,5.844245803054759492e-03,8.002764039245232652e+01,0.000000000000000000e+00
6.970000000000000000e+02,6.969999999999999751e+00,1.188868729778087463e+01,-3.807925561292623939e+00,6.041770166215218119e+00,1.307848824759226369e+00,7.848824759226324943e-03,8.003131211695632885e+01,0.000000000000000000e+00
6.980000000000000000e+02,6.980000000000000426e+00,1.185717390247142689e+01,-3.841895340307211359e+00,6.018471258935250034e+00,1.307778452503318256e+00,7.778452503318211697e-03,8.003719528801451588e+01,0.000000000000000000e+00
6.990000000000000000e+02,6.990000000000000213e+00,1.181507238097942292e+01,-3.882995408399557480e+00,5.990286430177010679e+00,1.306130860050161324e+00,6.130860050161279773e-03,8.004612786414789127e+01,0.000000000000000000e+00
7.000000000000000000e+02,7.000000000000000000e+00,1.175154833980358049e+01,-3.938860534055685481e+00,5.951983958539284636e+00,1.302879369057061920e+00,2.879369057061875736e-03,8.006006621430614700e+01,0.000000000000000000e+00
7.010000000000000000e+02,7.009999999999999787e+00,1.176666325517452094e+01,-3.939595976023530621e+00,5.951480504293657603e+00,1.297511412613836068e+00,2.488587386163976234e-03,8.006650298315372538e+01,0.000000000000000000e+00
7.020000000000000000e+02,7.020000000000000462e+00,1.180501551576412034e+01,-3.923869010357713183e+00,5.962259427328326034e+00,1.294146863935829117e+00,5.853136064170927355e-03,8.006458398215195871e+01,0.000000000000000000e+00
7.030000000000000000e+02,7.030000000000000249e+00,1.184440632066025678e+01,-3.896165081410264630e+00,5.981249709148623417e+00,1.293303793385299993e+00,6.696206614700050963e-03,8.005782224095315769e+01,0.000000000000000000e+00
7.040000000000000000e+02,7.040000000000000036e+00,1.187583938719353860e+01,-3.870105480103349205e+00,5.999117012043215347e+00,1.294651805853527016e+00,5.348194146473028709e-03,8.004900473361672653e+01,0.000000000000000000e+00
7.050000000000000000e+02,7.049999999999999822e+00,1.190092233927565246e+01,-3.837323683647965833e+00,6.021599018593050801e+00,1.297344568404660947e+00,2.655431595339097228e-03,8.004076970250947909e+01,0.000000000000000000e+00
7.060000000000000000e+02,7.060000000000000497e+00,1.192093802831087501e+01,-3.793454035668229363e+00,6.051694371719576360e+00,1.301033295240438870e+00,1.033295240438825147e-03,8.003530160596298515e+01,0.000000000000000000e+00
7.070000000000000000e+02,7.070000000000000284e+00,1.193691014380362780e+01,-3.792211771755074956e+00,6.052554428596712555e+00,1.305614345380880392e+00,5.614345380880347847e-03,8.002775722343352527e+01,0.000000000000000000e+00
7.080000000000000000e+02,7.080000000000000071e+00,1.192448189110663748e+01,-3.812555130271768178e+00,6.038603345175005188e+00,1.309602611303038788e+00,9.602611303038743884e-03,8.002267705513743579e+01,0.000000000000000000e+00
7.090000000000000000e+02,7.089999999999999858e+00,1.186850420327094469e+01,-3.863088777808999730e+00,6.003941267748095001e+00,1.311855770658971743e+00,1.185577065897169824e-02,8.002589633277295889e+01,0.000000000000000000e+00
7.100000000000000000e+02,7.100000000000000533e+00,1.180646048397925796e+01,-3.917591360359048647e+00,5.966569069643236745e+00,1.310922098844745198e+00,1.092209884474515391e-02,8.003588517785860290e+01,0.000000000000000000e+00
7.110000000000000000e+02,7.110000000000000320e+00,1.174457671017554716e+01,-3.971712916641092050e+00,5.929471596498705921e+00,1.307415687156961326e+00,7.415687156961281445e-03,8.005038330434351224e+01,0.000000000000000000e+00
7.120000000000000000e+02,7.120000000000000107e+00,1.172169721217063376e+01,-3.998351798801278889e+00,5.911218316574313292e+00,1.302051778361805745e+00,2.051778361805700612e-03,8.006242847756521996e+01,0.000000000000000000e+00
7.130000000000000000e+02,7.129999999999999893e+00,1.174184837908652668e+01,-3.994732638745164710e+00,5.913696067203499496e+00,1.297095829990699167e+00,2.904170009300877098e-03,8.006700636239148139e+01,0.000000000000000000e+00
7.140000000000000000e+02,7.140000000000000568e+00,1.178005365223792467e+01,-3.978279872088289260e+00,5.924965617526986250e+00,1.294388621196152611e+00,5.611378803847433261e-03,8.006401478339761013e+01,0.000000000000000000e+00
7.150000000000000000e+02,7.150000000000000355e+00,1.182448725784642463e+01,-3.947821934370851604e+00,5.945831911434151351e+00,1.294145377620220305e+00,5.854622379779739205e-03,8.005584318558484824e+01,0.000000000000000000e+00
7.160000000000000000e+02,7.160000000000000142e+00,1.178958631599766882e+01,-3.982203254847383800e+00,5.922271220554329751e+00,1.296237215313124080e+00,3.762784686875964013e-03,8.005342031394644664e+01,0.000000000000000000e+00
7.170000000000000000e+02,7.169999999999999929e+00,1.183209413094763462e+01,-3.946704695372438731e+00,5.946589417327858840e+00,1.296189182284997354e+00,3.810817715002690065e-03,8.004660738500805905e+01,0.000000000000000000e+00
7.180000000000000000e+02,7.179999999999999716e+00,1.182748471064810403e+01,-3.959823018460130850e+00,5.937600021828629338e+00,1.298513598726369622e+00,1.486401273630422182e-03,8.004111657708328664e+01,0.000000000000000000e+00
7.190000000000000000e+02,7.190000000000000391e+00,1.186233628425454789e+01,-3.941729382424211447e+00,5.949997168053604568e+00,1.300008799837015783e+00,8.799837015738276591e-06,8.003159586733916342e+01,0.000000000000000000e+00
7.200000000000000000e+02,7.200000000000000178e+00,1.184234319958543402e+01,-3.965239049343919575e+00,5.933886582125641240e+00,1.302781985051149505e+00,2.781985051149460375e-03,8.002631023807884958e+01,0.000000000000000000e+00
7.210000000000000000e+02,7.209999999999999964e+00,1.182945896897172489e+01,-3.983568265585756052e+00,5.921327574719406073e+00,1.303919422407616269e+00,3.919422407616224291e-03,8.002318276477726045e+01,0.000000000000000000e+00
7.220000000000000000e+02,7.219999999999999751e+00,1.182152336213445132e+01,-3.998234170822954070e+00,5.911279412974334235e+00,1.304196607541699526e+00,4.196607541699481914e-03,8.002095976186120652e+01,0.000000000000000000e+00
7.230000000000000000e+02,7.230000000000000426e+00,1.182518587086057060e+01,-4.004589503555155083e+00,5.906924510170436626e+00,1.304076239956367012e+00,4.076239956366967121e-03,8.001780363496179405e+01,0.000000000000000000e+00
7.240000000000000000e+02,7.240000000000000213e+00,1.177158478233670635e+01,-4.050822389869547457e+00,5.875256090332484860e+00,1.304193190428482030e+00,4.193190428481985421e-03,8.002188974213018469e+01,0.000000000000000000e+00
7.250000000000000000e+02,7.250000000000000000e+00,1.174580956671094434e+01,-4.077382086067057543e+00,5.857067634035564296e+00,1.301895114508925699e+00,1.895114508925654917e-03,8.002727981052339601e+01,0.000000000000000000e+00
7.260000000000000000e+02,7.259999999999999787e+00,1.176748559686994078e+01,-4.070575878171778683e+00,5.861723199357009584e+00,1.299098985891224967e+00,9.010141087750778155e-04,8.002723747433685730e+01,0.000000000000000000e+00
7.270000000000000000e+02,7.270000000000000462e+00,1.175743864033078623e+01,-4.085773779897547975e+00,5.851315596569992117e+00,1.298089880049966505e+00,1.910119950033539737e-03,8.002758253479458972e+01,0.000000000000000000e+00
7.280000000000000000e+02,7.280000000000000249e+00,1.177537249657964225e+01,-4.081222520022250499e+00,5.854427263010955507e+00,1.296938948058205865e+00,3.061051941794179498e-03,8.002451613154912025e+01,0.000000000000000000e+00
7.290000000000000000e+02,7.290000000000000036e+00,1.178425266120290260e+01,-4.082830360232449607e+00,5.853323087488032428e+00,1.296952749098368107e+00,3.047250901631937126e-03,8.002020689328952585e+01,0.000000000000000000e+00
7.300000000000000000e+02,7.299999999999999822e+00,1.182783798217201365e+01,-4.043364522753812196e+00,5.880334553514338758e+00,1.297397677661595417e+00,2.602322338404627899e-03,8.001227986393460867e+01,0.000000000000000000e+00
7.310000000000000000e+02,7.310000000000000497e+00,1.182714912689650255e+01,-4.051695645152188163e+00,5.874627848659373264e+00,1.300177497972191842e+00,1.774979721917979703e-04,8.000566058882230891e+01,0.000000000000000000e+00
7.320000000000000000e+02,7.320000000000000284e+00,1.179293705261671654e+01,-4.083336706458188026e+00,5.852962780986644020e+00,1.302174155948450318e+00,2.174155948450273712e-03,8.000460407462405499e+01,0.000000000000000000e+00
7.330000000000000000e+02,7.330000000000000071e+00,1.182795968330824543e+01,-4.066328321992016548e+00,5.864601836000300494e+00,1.302077450771239819e+00,2.077450771239774951e-03,7.999819591012710873e+01,0.000000000000000000e+00
7.340000000000000000e+02,7.339999999999999858e+00,1.179255662954771644e+01,-4.098483125268078453e+00,5.842587528024531629e+00,1.303598961256162481e+00,3.598961256162436229e-03,7.999752159739934143e+01,0.000000000000000000e+00
7.350000000000000000e+02,7.350000000000000533e+00,1.173023925341093587e+01,-4.149316517411327787e+00,5.807794265542842282e+00,1.303091207120866013e+00,3.091207120865968605e-03,8.000459481142920026e+01,0.000000000000000000e+00
7.360000000000000000e+02,7.360000000000000320e+00,1.172225620008432934e+01,-4.161935047207927951e+00,5.799157278929568449e+00,1.299879608899887629e+00,1.203911001124158275e-04,8.000984337907857480e+01,0.000000000000000000e+00
7.370000000000000000e+02,7.370000000000000107e+00,1.171024053669893839e+01,-4.177223524151897571e+00,5.788694662247515943e+00,1.297164942794355902e+00,2.835057205644142542e-03,8.001433199821876485e+01,0.000000000000000000e+00
7.380000000000000000e+02,7.379999999999999893e+00,1.172669704414331981e+01,-4.172439757286166895e+00,5.791962332521296553e+00,1.294619524331839022e+00,5.380475668161022185e-03,8.001462408137857096e+01,0.000000000000000000e+00
7.390000000000000000e+02,7.390000000000000568e+00,1.178026824451410803e+01,-4.141528769432162527e+00,5.813101393972254449e+00,1.293487875636285755e+00,6.512124363714288933e-03,8.000714032234412798e+01,0.000000000000000000e+00
7.400000000000000000e+02,7.400000000000000355e+00,1.182465849814762215e+01,-4.113019908367251176e+00,5.832601792608119062e+00,1.295068835398185625e+00,4.931164601814419512e-03,7.999552877485919566e+01,0.000000000000000000e+00
7.410000000000000000e+02,7.410000000000000142e+00,1.186008102377436479e+01,-4.068452609478090842e+00,5.863094374929286090e+00,1.298292956429654810e+00,1.707043570345234684e-03,7.998450079320990369e+01,0.000000000000000000e+00
7.420000000000000000e+02,7.419999999999999929e+00,1.187158558925173679e+01,-4.067238957433556124e+00,5.863923144061780945e+00,1.302890055130161873e+00,2.890055130161828245e-03,7.997394943830178704e+01,0.000000000000000000e+00
7.430000000000000000e+02,7.429999999999999716e+00,1.183890553554079972e+01,-4.096868395356987769e+00,5.843639266212202088e+00,1.306655559235894826e+00,6.655559235894781267e-03,7.996995956939258576e+01,0.000000000000000000e+00
7.440000000000000000e+02,7.440000000000000391e+00,1.178480825027010859e+01,-4.141359676866387396e+00,5.813188957889295239e+00,1.307804739260577831e+00,7.804739260577786553e-03,7.997380104748025076e+01,0.000000000000000000e+00
7.450000000000000000e+02,7.450000000000000178e+00,1.173304530700228554e+01,-4.184043960122918016e+00,5.783984024245953925e+00,1.306077931118538649e+00,6.077931118538604238e-03,7.998284473249945847e+01,0.000000000000000000e+00
7.460000000000000000e+02,7.459999999999999964e+00,1.167399090369723247e+01,-4.231667203454827053e+00,5.751409172733044528e+00,1.302359249475472325e+00,2.359249475472280366e-03,7.999632445769688616e+01,0.000000000000000000e+00
7.470000000000000000e+02,7.469999999999999751e+00,1.169650528272173773e+01,-4.222046041040276698e+00,5.757983803470349216e+00,1.296847214891903688e+00,3.152785108096356481e-03,8.000219391849456940e+01,0.000000000000000000e+00
7.480000000000000000e+02,7.480000000000000426e+00,1.172903099854968012e+01,-4.205278932599877173e+00,5.769444949348187635e+00,1.293744809188866363e+00,6.255190811133681805e-03,8.000151578262524765e+01,0.000000000000000000e+00
7.490000000000000000e+02,7.490000000000000213e+00,1.177535271008990136e+01,-4.178707944898460980e+00,5.787610783298230643e+00,1.292846696530167927e+00,7.153303469832117401e-03,7.999437400118398500e+01,0.000000000000000000e+00
7.500000000000000000e+02,7.500000000000000000e+00,1.176436247786066858e+01,-4.192159302978371471e+00,5.778408064563489432e+00,1.294172800810962753e+00,5.827199189037290949e-03,7.998992882468984078e+01,0.000000000000000000e+00
7.510000000000000000e+02,7.509999999999999787e+00,1.180783257444880263e+01,-4.167312985210274157e+00,5.795396238286710577e+00,1.294483854668514899e+00,5.516145331485144965e-03,7.998033266972190347e+01,0.000000000000000000e+00
7.520000000000000000e+02,7.520000000000000462e+00,1.184665427658035775e+01,-4.136578577308510418e+00,5.816414826829649165e+00,1.296541438083988584e+00,3.458561916011460013e-03,7.996849531952003076e+01,0.000000000000000000e+00
7.530000000000000000e+02,7.530000000000000249e+00,1.187003787013962253e+01,-4.125747080592964799e+00,5.823822655995107844e+00,1.299888793576770674e+00,1.112064232293707988e-04,7.995590411304152667e+01,0.000000000000000000e+00
7.540000000000000000e+02,7.540000000000000036e+00,1.189629284586899161e+01,-4.103267491607521578e+00,5.839200013001180523e+00,1.303206357383310143e+00,3.206357383310098896e-03,7.994340656457535488e+01,0.000000000000000000e+00
7.550000000000000000e+02,7.549999999999999822e+00,1.188744534101478934e+01,-4.115030214338157855e+00,5.831149611790396037e+00,1.306884115801540291e+00,6.884115801540247048e-03,7.993479809240112388e+01,0.000000000000000000e+00
7.560000000000000000e+02,7.560000000000000497e+00,1.186615363206856166e+01,-4.135412570981834790e+00,5.817201845963217544e+00,1.308955880507766789e+00,8.955880507766744714e-03,7.993092274049219270e+01,0.000000000000000000e+00
7.570000000000000000e+02,7.570000000000000284e+00,1.185395065274231285e+01,-4.149290735273217123e+00,5.807705898602224970e+00,1.309295477017127896e+00,9.295477017127851127e-03,7.992924052813441449e+01,0.000000000000000000e+00
7.580000000000000000e+02,7.580000000000000071e+00,1.180491332497589418e+01,-4.188915264158104890e+00,5.780599525292135610e+00,1.308788473775923888e+00,8.788473775923844045e-03,7.993441509245970167e+01,0.000000000000000000e+00
7.590000000000000000e+02,7.589999999999999858e+00,1.175783824887268381e+01,-4.227023946790550823e+00,5.754536769707418564e+00,1.305987279167273751e+00,5.987279167273706904e-03,7.994410240135148626e+01,0.000000000000000000e+00
7.600000000000000000e+02,7.600000000000000533e+00,1.178048223938934669e+01,-4.216118137388084719e+00,5.761990045030332297e+00,1.301602015375363353e+00,1.602015375363308181e-03,7.994728513044306339e+01,0.000000000000000000e+00
7.610000000000000000e+02,7.610000000000000320e+00,1.179439627375595379e+01,-4.211222523896549497e+00,5.765334616322732586e+00,1.299237907921922730e+00,7.620920780773143832e-04,7.994708972799864455e+01,0.000000000000000000e+00
7.620000000000000000e+02,7.620000000000000107e+00,1.176598383393280400e+01,-4.235919934956882571e+00,5.748446233887887225e+00,1.297940642381800291e+00,2.059357618199753048e-03,7.995026408031793608e+01,0.000000000000000000e+00
7.630000000000000000e+02,7.629999999999999893e+00,1.179134201731674558e+01,-4.222787825314854082e+00,5.757420700807786673e+00,1.295481011003361660e+00,4.518988996638384492e-03,7.994855912460961633e+01,0.000000000000000000e+00
7.640000000000000000e+02,7.640000000000000568e+00,1.183169800486557399e+01,-4.199022063462590104e+00,5.773665564079499823e+00,1.294629886936393470e+00,5.370113063606574144e-03,7.994128266723782872e+01,0.000000000000000000e+00
7.650000000000000000e+02,7.650000000000000355e+00,1.186569840792303410e+01,-4.149298500268315593e+00,5.807661466617799029e+00,1.295626994092132112e+00,4.373005907867932862e-03,7.993426653026634199e+01,0.000000000000000000e+00
7.660000000000000000e+02,7.660000000000000142e+00,1.188768006924276577e+01,-4.138880072085713735e+00,5.814786295910096214e+00,1.298493650799638077e+00,1.506349200361967178e-03,7.992539759982003034e+01,0.000000000000000000e+00
7.670000000000000000e+02,7.669999999999999929e+00,1.188075966004019079e+01,-4.148655453173970997e+00,5.808098160047745928e+00,1.301315518410597116e+00,1.315518410597071863e-03,7.991928348939319449e+01,0.000000000000000000e+00
7.680000000000000000e+02,7.679999999999999716e+00,1.184603944185858104e+01,-4.177857621161794377e+00,5.788122290392136549e+00,1.302784530953727149e+00,2.784530953727104574e-03,7.991924234322621601e+01,0.000000000000000000e+00
7.690000000000000000e+02,7.690000000000000391e+00,1.180470659140234346e+01,-4.211587114779805852e+00,5.765054162759995826e+00,1.302005367747302689e+00,2.005367747302644332e-03,7.992454763325687850e+01,0.000000000000000000e+00
7.700000000000000000e+02,7.700000000000000178e+00,1.183291213635092198e+01,-4.196384977547978679e+00,5.775446252842164618e+00,1.299290627116708174e+00,7.093728832918699823e-04,7.992383425017027321e+01,0.000000000000000000e+00
7.710000000000000000e+02,7.709999999999999964e+00,1.185336616161947632e+01,-4.186517333237981475e+00,5.782191468496537645e+00,1.298334910175823476e+00,1.665089824176568811e-03,7.991989040790949161e+01,0.000000000000000000e+00
7.720000000000000000e+02,7.719999999999999751e+00,1.188298915927210686e+01,-4.157685872762059809e+00,5.801904749889589041e+00,1.298297816117855330e+00,1.702183882144714389e-03,7.991372040714439606e+01,0.000000000000000000e+00
7.730000000000000000e+02,7.730000000000000426e+00,1.190662771295450995e+01,-4.139262443034505523e+00,5.814504315872407680e+00,1.299676836093154542e+00,3.231639068455027797e-04,7.990598459521362429e+01,0.000000000000000000e+00
7.740000000000000000e+02,7.740000000000000213e+00,1.192549080124652860e+01,-4.104482021777486445e+00,5.838294897098756486e+00,1.301630968653820331e+00,1.630968653820286107e-03,7.990005102681303129e+01,0.000000000000000000e+00
7.750000000000000000e+02,7.750000000000000000e+00,1.191098996034419955e+01,-4.119759757964467362e+00,5.827841118593431347e+00,1.304309688879616846e+00,4.309688879616802026e-03,7.989723824611321845e+01,0.000000000000000000e+00
7.760000000000000000e+02,7.759999999999999787e+00,1.191439417889869645e+01,-4.122339471726274240e+00,5.826075854022718659e+00,1.305266629735407857e+00,5.266629735407812873e-03,7.989408916991766318e+01,0.000000000000000000e+00
7.770000000000000000e+02,7.770000000000000462e+00,1.190318008354461554e+01,-4.135087796597337828e+00,5.817353856880880691e+00,1.305784404697894807e+00,5.784404697894762748e-03,7.989290470653132559e+01,0.000000000000000000e+00
7.780000000000000000e+02,7.780000000000000249e+00,1.186455048254287625e+01,-4.167001003174639173e+00,5.795522060711599366e+00,1.305314665457079526e+00,5.314665457079481570e-03,7.989725351175039236e+01,0.000000000000000000e+00
7.790000000000000000e+02,7.790000000000000036e+00,1.187894642284667945e+01,-4.161540779619074648e+00,5.799255303759790259e+00,1.302878122639326453e+00,2.878122639326408105e-03,7.989770325212059277e+01,0.000000000000000000e+00
7.800000000000000000e+02,7.799999999999999822e+00,1.189280913761413494e+01,-4.156321662216043933e+00,5.802823736090875428e+00,1.301414539253285874e+00,1.414539253285829190e-03,7.989544136516023798e+01,0.000000000000000000e+00
7.810000000000000000e+02,7.810000000000000497e+00,1.191446385728804636e+01,-4.126634422092295473e+00,5.823127753157830711e+00,1.300626184894208226e+00,6.261848942081815750e-04,7.989227064301927328e+01,0.000000000000000000e+00
7.820000000000000000e+02,7.820000000000000284e+00,1.189698809492079867e+01,-4.143659979848719033e+00,5.811479902882791038e+00,1.301185584304099363e+00,1.185584304099318587e-03,7.989201750329677054e+01,0.000000000000000000e+00
7.830000000000000000e+02,7.830000000000000071e+00,1.188086074220625932e+01,-4.159632780103541094e+00,5.800553506036020046e+00,1.300413492797112491e+00,4.134927971124469082e-04,7.989369630665882482e+01,0.000000000000000000e+00
7.840000000000000000e+02,7.839999999999999858e+00,1.190492927913428822e+01,-4.143212004451608976e+00,5.811783763785577150e+00,1.298729075385764542e+00,1.270924614235502403e-03,7.989126397524611889e+01,0.000000000000000000e+00
7.850000000000000000e+02,7.850000000000000533e+00,1.192413548536978496e+01,-4.110738862304544661e+00,5.833995470423912977e+00,1.298308735992067975e+00,1.691264007932069546e-03,7.988884114593592756e+01,0.000000000000000000e+00
7.860000000000000000e+02,7.860000000000000320e+00,1.192454100430391506e+01,-4.115389350204324614e+00,5.830813773591732918e+00,1.299099684723763026e+00,9.003152762370181250e-04,7.988642533234343546e+01,0.000000000000000000e+00
7.870000000000000000e+02,7.870000000000000107e+00,1.192685342416547023e+01,-4.118592409937238408e+00,5.828622409720635389e+00,1.299255064493000544e+00,7.449355069995000633e-04,7.988374507740564923e+01,0.000000000000000000e+00
7.880000000000000000e+02,7.879999999999999893e+00,1.191571115598462249e+01,-4.131152623741483509e+00,5.820029116292213978e+00,1.299027465155921934e+00,9.725348440781100834e-04,7.988293417928733220e+01,0.000000000000000000e+00
7.890000000000000000e+02,7.890000000000000568e+00,1.193273920528065801e+01,-4.119690539686536646e+00,5.827870056648468911e+00,1.297903358591339096e+00,2.096641408660948613e-03,7.987969246905693410e+01,0.000000000000000000e+00
7.900000000000000000e+02,7.900000000000000355e+00,1.194632724461789941e+01,-4.079661176054334426e+00,5.855255270023560499e+00,1.297508129878361727e+00,2.491870121638317670e-03,7.987883572731961124e+01,0.000000000000000000e+00
7.910000000000000000e+02,7.910000000000000142e+00,1.195717022550317310e+01,-4.051652488558149301e+00,5.874424623270249057e+00,1.298311292658029581e+00,1.688707341970463460e-03,7.987892438874324341e+01,0.000000000000000000e+00
7.920000000000000000e+02,7.919999999999999929e+00,1.196582270519950164e+01,-4.013961942045545683e+00,5.900227688570236495e+00,1.299572013406203430e+00,4.279865937966143008e-04,7.988134575902006418e+01,1.000000000000000000e+00
7.930000000000000000e+02,7.930000000000000604e+00,1.197272720919960243e+01,-4.015242358891820906e+00,5.899354190249656682e+00,1.301354870714356959e+00,1.354870714356914974e-03,7.988128055877041334e+01,0.000000000000000000e+00
7.940000000000000000e+02,7.940000000000000391e+00,1.195700920926445221e+01,-4.032550555913305246e+00,5.887505188603614492e+00,1.302406120671640410e+00,2.406120671640366027e-03,7.988294697757611118e+01,0.000000000000000000e+00
7.950000000000000000e+02,7.950000000000000178e+00,1.196569421749385498e+01,-4.014959922282552718e+00,5.899551429171775219e+00,1.301893783763827139e+00,1.893783763827094901e-03,7.988414362340367347e+01,0.000000000000000000e+00
7.960000000000000000e+02,7.959999999999999964e+00,1.196148543845685630e+01,-4.024291449634885609e+00,5.893164482732031750e+00,1.301816941805248318e+00,1.816941805248273312e-03,7.988492005147989516e+01,0.000000000000000000e+00
7.970000000000000000e+02,7.969999999999999751e+00,1.192871917020353045e+01,-4.053553055374479186e+00,5.873131445069526002e+00,1.300983786593485236e+00,9.837865934851919292e-04,7.988988675745230239e+01,0.000000000000000000e+00
7.980000000000000000e+02,7.980000000000000426e+00,1.194311933783918001e+01,-4.026873980610227832e+00,5.891396263261054145e+00,1.298310534106263736e+00,1.689465893736308288e-03,7.989317363135117489e+01,0.000000000000000000e+00
7.990000000000000000e+02,7.990000000000000213e+00,1.192837046055226935e+01,-4.043692172615385161e+00,5.879883058686469433e+00,1.297034134194682942e+00,2.965865805317102755e-03,7.989708841462817190e+01,0.000000000000000000e+00
8.000000000000000000e+02,8.000000000000000000e+00,1.194284107458211430e+01,-4.005554240791655118e+00,5.905995164532874320e+00,1.294829550939838647e+00,5.170449060161397270e-03,7.990096399846287056e+01,0.000000000000000000e+00
8.010000000000000000e+02,8.009999999999999787e+00,1.195438833224229391e+01,-3.965653384773588641e+00,5.933324053902839346e+00,1.294190019519262380e+00,5.809980480737664266e-03,7.990571711494457929e+01,1.000000000000000000e+00
8.020000000000000000e+02,8.019999999999999574e+00,1.196360281057718389e+01,-3.918349822609282107e+00,5.965736222882483730e+00,1.294649570423931140e+00,5.350429576068904680e-03,7.991252366465882062e+01,1.000000000000000000e+00
8.030000000000000000e+02,8.029999999999999361e+00,1.197095577813734835e+01,-3.867439650146818675e+00,6.000636346955512401e+00,1.296037147200425954e+00,3.962852799574090312e-03,7.992167748792842019e+01,1.000000000000000000e+00
8.040000000000000000e+02,8.040000000000000924e+00,1.197682329770556109e+01,-3.804976647941923584e+00,6.043476389069770249e+00,1.298138922422479968e+00,1.861077577520076076e-03,7.993423678219539852e+01,3.000000000000000000e+00
8.050000000000000000e+02,8.050000000000000711e+00,1.198150545978524484e+01,-3.750172399132109202e+00,6.081090293545935666e+00,1.301022819236858474e+00,1.022819236858429903e-03,7.994864164991098221e+01,1.000000000000000000e+00
8.060000000000000000e+02,8.060000000000000497e+00,1.198524173053569974e+01,-3.720233300773954976e+00,6.101657772679542013e+00,1.304231795799962068e+00,4.231795799962023708e-03,7.996168920680845815e+01,1.000000000000000000e+00
8.070000000000000000e+02,8.070000000000000284e+00,1.198822319911434597e+01,-3.720400729662335593e+00,6.101562095154736909e+00,1.306986129721767975e+00,6.986129721767930789e-03,7.997040434699860612e+01,1.000000000000000000e+00
8.080000000000000000e+02,8.080000000000000071e+00,1.198773213190599662e+01,-3.733100483900464006e+00,6.092861139048550534e+00,1.308593660554026927e+00,8.593660554026882892e-03,7.997534709968222444e+01,0.000000000000000000e+00
8.090000000000000000e+02,8.089999999999999858e+00,1.195436197323366301e+01,-3.768519649988568254e+00,6.068562411536190915e+00,1.308954942974338786e+00,8.954942974338742090e-03,7.998278236786876505e+01,0.000000000000000000e+00
8.100000000000000000e+02,8.099999999999999645e+00,1.192166863007112632e+01,-3.803200543409741563e+00,6.044775254000637865e+00,1.306968827695740742e+00,6.968827695740698047e-03,7.999187256518824540e+01,0.000000000000000000e+00
8.110000000000000000e+02,8.109999999999999432e+00,1.192075425391658428e+01,-3.815414227730191232e+00,6.036407543887112759e+00,1.303325659710443674e+00,3.325659710443629180e-03,7.999719008717374891e+01,0.000000000000000000e+00
8.120000000000000000e+02,8.120000000000000995e+00,1.191040337806209237e+01,-3.833975010401165839e+00,6.023685533274624859e+00,1.299908609840753737e+00,9.139015924630733423e-05,8.000127306171978603e+01,0.000000000000000000e+00
8.130000000000000000e+02,8.130000000000000782e+00,1.191383884286149630e+01,-3.842655171638882372e+00,6.017741481532071113e+00,1.296253724875363389e+00,3.746275124636655462e-03,8.000238770705180968e+01,0.000000000000000000e+00
8.140000000000000000e+02,8.140000000000000568e+00,1.193124513723291180e+01,-3.810942532307064923e+00,6.039501580466244413e+00,1.293060286153072891e+00,6.939713846927153540e-03,8.000282725246390214e+01,0.000000000000000000e+00
8.150000000000000000e+02,8.150000000000000355e+00,1.194513500849899046e+01,-3.766261302715695258e+00,6.070166699160550294e+00,1.291656845779009632e+00,8.343154220990411929e-03,8.000511643940434681e+01,1.000000000000000000e+00
8.160000000000000000e+02,8.160000000000000142e+00,1.195621884516586064e+01,-3.714590198284542844e+00,6.105644773711178530e+00,1.291822750165503964e+00,8.177249834496080894e-03,8.001021584803010001e+01,1.000000000000000000e+00
8.170000000000000000e+02,8.169999999999999929e+00,1.196506352291013187e+01,-3.667506496197140642e+00,6.137990907896969439e+00,1.293256024323401698e+00,6.743975676598346070e-03,8.001731731327582509e+01,1.000000000000000000e+00
8.180000000000000000e+02,8.179999999999999716e+00,1.197212139706970113e+01,-3.599878613239682057e+00,6.184467748869869830e+00,1.295444724143577142e+00,4.555275856422902336e-03,8.002868521924642664e+01,3.000000000000000000e+00
8.190000000000000000e+02,8.189999999999999503e+00,1.197775343806572046e+01,-3.540492054706967373e+00,6.225313777197811760e+00,1.298697212290978342e+00,1.302787709021702156e-03,8.004251321953189802e+01,3.000000000000000000e+00
8.200000000000000000e+02,8.199999999999999289e+00,1.198224769300193771e+01,-3.523091902023709476e+00,6.237310994137738263e+00,1.302482833471832580e+00,2.482833471832535110e-03,8.005349311061559092e+01,1.000000000000000000e+00
8.210000000000000000e+02,8.210000000000000853e+00,1.198583401764801160e+01,-3.522084674349582833e+00,6.238035458196613980e+00,1.305539688042750557e+00,5.539688042750512409e-03,8.006071339482596727e+01,1.000000000000000000e+00
8.220000000000000000e+02,8.220000000000000639e+00,1.198869583226457536e+01,-3.534568963757312776e+00,6.229480388630840970e+00,1.307643186216537190e+00,7.643186216537145583e-03,8.006380871164893165e+01,0.000000000000000000e+00
8.230000000000000000e+02,8.230000000000000426e+00,1.198582159764781885e+01,-3.552851891032016596e+00,6.216936504115079032e+00,1.308714576235633809e+00,8.714576235633764156e-03,8.006460130161705990e+01,0.000000000000000000e+00
8.240000000000000000e+02,8.240000000000000213e+00,1.195397674806133281e+01,-3.590956143847263249e+00,6.190762776602719342e+00,1.308771465875880669e+00,8.771465875880624097e-03,8.006829072688880444e+01,0.000000000000000000e+00
8.250000000000000000e+02,8.250000000000000000e+00,1.190287972695842811e+01,-3.642122206202304646e+00,6.155615348090146099e+00,1.306862839324926640e+00,6.862839324926595097e-03,8.007700641047534873e+01,0.000000000000000000e+00
8.260000000000000000e+02,8.259999999999999787e+00,1.187456588990703565e+01,-3.677086884489810803e+00,6.131610981692288576e+00,1.302721367488203885e+00,2.721367488203840779e-03,8.008571816226279338e+01,0.000000000000000000e+00
8.270000000000000000e+02,8.269999999999999574e+00,1.189990611416824073e+01,-3.669887381306446095e+00,6.136571547259305426e+00,1.297998400742735425e+00,2.001599257264619069e-03,8.008692025318765673e+01,0.000000000000000000e+00
8.280000000000000000e+02,8.279999999999999361e+00,1.192012710120495989e+01,-3.657771549931323918e+00,6.144909404386495133e+00,1.295381139894443479e+00,4.618860105556565898e-03,8.008453551225861133e+01,0.000000000000000000e+00
8.290000000000000000e+02,8.290000000000000924e+00,1.193626304035547392e+01,-3.617505980244434483e+00,6.172587588895772193e+00,1.294328588520691214e+00,5.671411479308829939e-03,8.008376623524927140e+01,0.000000000000000000e+00
8.300000000000000000e+02,8.300000000000000711e+00,1.194913919381901479e+01,-3.568647599926746405e+00,6.206184092630360638e+00,1.295085691753516288e+00,4.914308246483756193e-03,8.008590411625816330e+01,1.000000000000000000e+00
8.310000000000000000e+02,8.310000000000000497e+00,1.195941410415860773e+01,-3.527572322598255372e+00,6.234446138013813865e+00,1.297332461630269274e+00,2.667538369730770853e-03,8.008983375784323755e+01,1.000000000000000000e+00
8.320000000000000000e+02,8.320000000000000284e+00,1.196761327503565653e+01,-3.458408618679798430e+00,6.282039259542439247e+00,1.300420316282850930e+00,4.203162828508855142e-04,8.009879713960617664e+01,3.000000000000000000e+00
8.330000000000000000e+02,8.330000000000000071e+00,1.197415604775572540e+01,-3.433509681931294022e+00,6.299207063783619276e+00,1.304835425233716650e+00,4.835425233716605931e-03,8.010664887778382592e+01,1.000000000000000000e+00
8.340000000000000000e+02,8.339999999999999858e+00,1.197937704820911442e+01,-3.445597774496830468e+00,6.290922285784694701e+00,1.309039403145416225e+00,9.039403145416180507e-03,8.010970481336568128e+01,0.000000000000000000e+00
8.350000000000000000e+02,8.349999999999999645e+00,1.197808579687754715e+01,-3.464823898783482292e+00,6.277723680008861606e+00,1.312125448083007129e+00,1.212544808300708432e-02,8.010998078427223845e+01,0.000000000000000000e+00
8.360000000000000000e+02,8.359999999999999432e+00,1.195306129698435882e+01,-3.500143320074833753e+00,6.253450429905864638e+00,1.314087460214095948e+00,1.408746021409590377e-02,8.011194639180764909e+01,0.000000000000000000e+00
8.370000000000000000e+02,8.370000000000000995e+00,1.190815316919962896e+01,-3.548894750586308433e+00,6.219940278996440419e+00,1.314244713231736750e+00,1.424471323173670534e-02,8.011817544242296663e+01,0.000000000000000000e+00
8.380000000000000000e+02,8.380000000000000782e+00,1.187167981867472655e+01,-3.591407701483525283e+00,6.190729110707255956e+00,1.312266357246916426e+00,1.226635724691638174e-02,8.012609425176532341e+01,0.000000000000000000e+00
8.390000000000000000e+02,8.390000000000000568e+00,1.181723437552134470e+01,-3.646037318220891166e+00,6.153195715416881484e+00,1.309145171436306709e+00,9.145171436306664958e-03,8.013772174316076757e+01,0.000000000000000000e+00
8.400000000000000000e+02,8.400000000000000355e+00,1.177400134329478298e+01,-3.692670146933354491e+00,6.121169412602397664e+00,1.304437830244605578e+00,4.437830244605533991e-03,8.015006077745121615e+01,0.000000000000000000e+00
8.410000000000000000e+02,8.410000000000000142e+00,1.176670556788126909e+01,-3.713982095232762681e+00,6.106541486252758055e+00,1.299096590307883270e+00,9.034096921167744654e-04,8.015789216055382838e+01,0.000000000000000000e+00
8.420000000000000000e+02,8.419999999999999929e+00,1.177199270908514883e+01,-3.726203602066792797e+00,6.098156608809444101e+00,1.294916863265358487e+00,5.083136734641557908e-03,8.016080650560751053e+01,0.000000000000000000e+00
8.430000000000000000e+02,8.429999999999999716e+00,1.181805478805784659e+01,-3.705714612713612688e+00,6.112230333556148310e+00,1.292178140523239316e+00,7.821859476760728569e-03,8.015531391782144510e+01,0.000000000000000000e+00
8.440000000000000000e+02,8.439999999999999503e+00,1.185481139653100868e+01,-3.675535064450063061e+00,6.132962772120448491e+00,1.292443948293088507e+00,7.556051706911537380e-03,8.014686092482862989e+01,0.000000000000000000e+00
8.450000000000000000e+02,8.449999999999999289e+00,1.188414242753484551e+01,-3.644321749916829223e+00,6.154411277045222839e+00,1.294931979516257936e+00,5.068020483742108340e-03,8.013789150310759624e+01,0.000000000000000000e+00
8.460000000000000000e+02,8.460000000000000853e+00,1.190754799772982686e+01,-3.626895507088459869e+00,6.166395559777233082e+00,1.298886230753535598e+00,1.113769246464446638e-03,8.012815953482956388e+01,0.000000000000000000e+00
8.470000000000000000e+02,8.470000000000000639e+00,1.192622516990561898e+01,-3.600139671078480763e+00,6.184794143904658981e+00,1.303400959415380145e+00,3.400959415380100381e-03,8.011993141838939891e+01,0.000000000000000000e+00
8.480000000000000000e+02,8.480000000000000426e+00,1.193247222662825990e+01,-3.611754551640309341e+00,6.176826200355503005e+00,1.308461608846005042e+00,8.461608846004997631e-03,8.011112034548249028e+01,0.000000000000000000e+00
8.490000000000000000e+02,8.490000000000000213e+00,1.190847827435393746e+01,-3.644074214211262763e+00,6.154628321994755069e+00,1.312595684332489077e+00,1.259568433248903219e-02,8.010636669184316361e+01,0.000000000000000000e+00
8.500000000000000000e+02,8.500000000000000000e+00,1.188339044810195411e+01,-3.676818450203694244e+00,6.132142062057468479e+00,1.314744329655965549e+00,1.474432965596550460e-02,8.010480309156849898e+01,0.000000000000000000e+00
8.510000000000000000e+02,8.509999999999999787e+00,1.182173068285842454e+01,-3.734694030991352776e+00,6.092396871913883238e+00,1.315424328674125398e+00,1.542432867412535380e-02,8.011081243440364119e+01,0.000000000000000000e+00
8.520000000000000000e+02,8.519999999999999574e+00,1.175038477660079472e+01,-3.798969834557331726e+00,6.048273751605960591e+00,1.313431205141284419e+00,1.343120514128437470e-02,8.012334743538828263e+01,0.000000000000000000e+00
8.530000000000000000e+02,8.529999999999999361e+00,1.169766470194717023e+01,-3.849944623223103157e+00,6.013295233119937855e+00,1.309067762894062792e+00,9.067762894062747492e-03,8.013755499895479772e+01,0.000000000000000000e+00
8.540000000000000000e+02,8.540000000000000924e+00,1.164996831656356413e+01,-3.897103532067097031e+00,5.980946011413547758e+00,1.303805536952001409e+00,3.805536952001364881e-03,8.015198033710326797e+01,0.000000000000000000e+00
8.550000000000000000e+02,8.550000000000000711e+00,1.166656613231559270e+01,-3.899253535530126769e+00,5.979467577655527499e+00,1.298109642624647675e+00,1.890357375352369473e-03,8.015831254233745540e+01,0.000000000000000000e+00
8.560000000000000000e+02,8.560000000000000497e+00,1.168182514429946472e+01,-3.902035191914595025e+00,5.977555966247532382e+00,1.294983390905500631e+00,5.016609094499413501e-03,8.015931214755136125e+01,0.000000000000000000e+00
8.570000000000000000e+02,8.570000000000000284e+00,1.174075809241195323e+01,-3.874136970898665044e+00,5.996679342855427031e+00,1.293672554713752643e+00,6.327445286247401768e-03,8.015121838573661250e+01,0.000000000000000000e+00
8.580000000000000000e+02,8.580000000000000071e+00,1.179313019495499226e+01,-3.849798584839857707e+00,6.013366166223499398e+00,1.295649374869958459e+00,4.350625130041585464e-03,8.013735626055768080e+01,0.000000000000000000e+00
8.590000000000000000e+02,8.589999999999999858e+00,1.183492207476206382e+01,-3.822309921643293862e+00,6.032218900789234617e+00,1.299730719173576965e+00,2.692808264230794890e-04,8.012160439811336232e+01,0.000000000000000000e+00
8.600000000000000000e+02,8.599999999999999645e+00,1.182397308298655147e+01,-3.842473293206251750e+00,6.018385722507450630e+00,1.305125449342895205e+00,5.125449342895160854e-03,8.010999492016927093e+01,0.000000000000000000e+00
8.610000000000000000e+02,8.609999999999999432e+00,1.181647348174162460e+01,-3.859960654637373700e+00,6.006389404405568122e+00,1.308789510069515716e+00,8.789510069515671375e-03,8.010109104295197824e+01,0.000000000000000000e+00
8.620000000000000000e+02,8.620000000000000995e+00,1.174679465064116002e+01,-3.920561827084578344e+00,5.964825798143361446e+00,1.311343833362227596e+00,1.134383336222755112e-02,8.010248517509481303e+01,0.000000000000000000e+00
8.630000000000000000e+02,8.630000000000000782e+00,1.169280132063932953e+01,-3.969932878872908244e+00,5.930978027452443513e+00,1.310283158442612450e+00,1.028315844261240564e-02,8.010910333401044170e+01,0.000000000000000000e+00
8.640000000000000000e+02,8.640000000000000568e+00,1.162391330966063130e+01,-4.029410999676741767e+00,5.890213714708302462e+00,1.307280523467327260e+00,7.280523467327215670e-03,8.012105806461897828e+01,0.000000000000000000e+00
8.650000000000000000e+02,8.650000000000000355e+00,1.157301522502012858e+01,-4.076076749226607454e+00,5.858241454233144019e+00,1.302164720992669000e+00,2.164720992668955901e-03,8.013417427617960698e+01,0.000000000000000000e+00
8.660000000000000000e+02,8.660000000000000142e+00,1.158115830608912056e+01,-4.081383377573050808e+00,5.854598938394997454e+00,1.296292354333606456e+00,3.707645666393588613e-03,8.014102806634591047e+01,0.000000000000000000e+00
8.670000000000000000e+02,8.669999999999999929e+00,1.161526417919703036e+01,-4.068374891540564420e+00,5.863497218657944821e+00,1.292523096396441584e+00,7.476903603558460176e-03,8.014068179326324071e+01,0.000000000000000000e+00
8.680000000000000000e+02,8.679999999999999716e+00,1.164205598541803788e+01,-4.060218752285994270e+00,5.869073630739663372e+00,1.291444530774763511e+00,8.555469225236533859e-03,8.013614542319044176e+01,0.000000000000000000e+00
8.690000000000000000e+02,8.689999999999999503e+00,1.169810935207910951e+01,-4.031430138012923159e+00,5.888779517580483791e+00,1.291963702400466651e+00,8.036297599533392955e-03,8.012520016056529926e+01,0.000000000000000000e+00
8.700000000000000000e+02,8.700000000000001066e+00,1.174445586868830205e+01,-4.009159665963210273e+00,5.904024615456078706e+00,1.294948015056108570e+00,5.051984943891474344e-03,8.011052876843211834e+01,0.000000000000000000e+00
8.710000000000000000e+02,8.710000000000000853e+00,1.179608094572096810e+01,-3.979368000886000623e+00,5.924424166847680695e+00,1.299245336918254168e+00,7.546630817458765961e-04,8.009265765504225953e+01,0.000000000000000000e+00
8.720000000000000000e+02,8.720000000000000639e+00,1.179811569898396506e+01,-3.987665083071745720e+00,5.918734211493943853e+00,1.304796823023723684e+00,4.796823023723639778e-03,8.007802077613496294e+01,0.000000000000000000e+00
8.730000000000000000e+02,8.730000000000000426e+00,1.175484148710041943e+01,-4.027423097750700620e+00,5.891491436530564840e+00,1.308870120286379723e+00,8.870120286379679087e-03,8.007169052434872469e+01,0.000000000000000000e+00
8.740000000000000000e+02,8.740000000000000213e+00,1.169193447797566421e+01,-4.080678589007414203e+00,5.855012347270463380e+00,1.309787572516502019e+00,9.787572516501974462e-03,8.007400286849063775e+01,0.000000000000000000e+00
8.750000000000000000e+02,8.750000000000000000e+00,1.163652363031178538e+01,-4.128464615008391014e+00,5.822290157844041580e+00,1.307493952181417951e+00,7.493952181417906644e-03,8.008143439484661030e+01,0.000000000000000000e+00
8.760000000000000000e+02,8.759999999999999787e+00,1.164620013027459144e+01,-4.130609168222703076e+00,5.820814087410186133e+00,1.303172320462151479e+00,3.172320462151434484e-03,8.008445462662169234e+01,0.000000000000000000e+00
8.770000000000000000e+02,8.769999999999999574e+00,1.158790340690880782e+01,-4.180006474664963889e+00,5.787001087684844336e+00,1.300305963508227913e+00,3.059635082278688856e-04,8.009247896162085567e+01,0.000000000000000000e+00
8.780000000000000000e+02,8.779999999999999361e+00,1.162312066107064190e+01,-4.163953906706131747e+00,5.797974275369857544e+00,1.295362878033889942e+00,4.637121966110102633e-03,8.009304060016320648e+01,0.000000000000000000e+00
8.790000000000000000e+02,8.790000000000000924e+00,1.168478637247353547e+01,-4.129244553259171724e+00,5.821713484544967621e+00,1.293151398878394698e+00,6.848601121605346620e-03,8.008528202840813037e+01,0.000000000000000000e+00
8.800000000000000000e+02,8.800000000000000711e+00,1.165488742141991629e+01,-4.158360397032059730e+00,5.801781451721405247e+00,1.294106336933445789e+00,5.893663066554255536e-03,8.008220832550435375e+01,0.000000000000000000e+00
8.810000000000000000e+02,8.810000000000000497e+00,1.170417701034813973e+01,-4.131977135351456276e+00,5.819824118633484034e+00,1.293137422035892214e+00,6.862577964107829942e-03,8.007323378575533468e+01,0.000000000000000000e+00
8.820000000000000000e+02,8.820000000000000284e+00,1.176393923047982781e+01,-4.091079866102494300e+00,5.847802214641784957e+00,1.294368406625421075e+00,5.631593374578969247e-03,8.005933163816933984e+01,0.000000000000000000e+00
8.830000000000000000e+02,8.830000000000000071e+00,1.181162827482733668e+01,-4.056920172384537615e+00,5.871176631469940510e+00,1.297833989777702923e+00,2.166010222297121146e-03,8.004316128565930910e+01,0.000000000000000000e+00
8.840000000000000000e+02,8.839999999999999858e+00,1.180542081227812723e+01,-4.069142740181244555e+00,5.862803089041923599e+00,1.302375762336044573e+00,2.375762336044529022e-03,8.003102673453240357e+01,0.000000000000000000e+00
8.850000000000000000e+02,8.849999999999999645e+00,1.177820200553450469e+01,-4.095905604770935682e+00,5.844476560969566137e+00,1.304972358293720491e+00,4.972358293720446909e-03,8.002475438445814859e+01,0.000000000000000000e+00
8.860000000000000000e+02,8.859999999999999432e+00,1.175692394843611588e+01,-4.118335733822144462e+00,5.829118484873984762e+00,1.305184454767080560e+00,5.184454767080515225e-03,8.002209240190005346e+01,0.000000000000000000e+00
8.870000000000000000e+02,8.870000000000000995e+00,1.168842594256911127e+01,-4.173646450451172996e+00,5.791262423415396654e+00,1.303920171876251199e+00,3.920171876251155041e-03,8.002814837969756923e+01,0.000000000000000000e+00
8.880000000000000000e+02,8.880000000000000782e+00,1.170022928109679050e+01,-4.172597673869289814e+00,5.791972979400966892e+00,1.299414023546797248e+00,5.859764532027966766e-04,8.003011269377878989e+01,0.000000000000000000e+00
8.890000000000000000e+02,8.890000000000000568e+00,1.174839492192778501e+01,-4.145956269240535619e+00,5.810191032980297265e+00,1.296197964104883082e+00,3.802035895116961939e-03,8.002459928600075045e+01,0.000000000000000000e+00
8.900000000000000000e+02,8.900000000000000355e+00,1.177239572635207132e+01,-4.136052521801151016e+00,5.816960226987217375e+00,1.295566003644103015e+00,4.433996355897029673e-03,8.001671306758584024e+01,0.000000000000000000e+00
8.910000000000000000e+02,8.910000000000000142e+00,1.177579162529024970e+01,-4.140423292851604486e+00,5.813963734899376234e+00,1.295693693766259313e+00,4.306306233740730960e-03,8.000973564332481658e+01,0.000000000000000000e+00
8.920000000000000000e+02,8.919999999999999929e+00,1.182108624644373407e+01,-4.106140846944011713e+00,5.837412597928856250e+00,1.295422132238913004e+00,4.577867761087039966e-03,7.999898888564116817e+01,0.000000000000000000e+00
8.930000000000000000e+02,8.929999999999999716e+00,1.185723043908136276e+01,-4.061811661458172296e+00,5.867742280755852136e+00,1.297013861217050978e+00,2.986138782949065984e-03,7.998842421108471967e+01,0.000000000000000000e+00
8.940000000000000000e+02,8.939999999999999503e+00,1.185047288705366064e+01,-4.073624609446682143e+00,5.859651744757507608e+00,1.299973251986640266e+00,2.674801335977861072e-05,7.998070647188805538e+01,0.000000000000000000e+00
8.950000000000000000e+02,8.950000000000001066e+00,1.188068038461857689e+01,-4.034002254939236032e+00,5.886769411955688369e+00,1.301255149053112126e+00,1.255149053112081248e-03,7.997297840709309469e+01,0.000000000000000000e+00
8.960000000000000000e+02,8.960000000000000853e+00,1.190478535742290411e+01,-4.007569480872311019e+00,5.904864988718841801e+00,1.303690987179555671e+00,3.690987179555627051e-03,7.996495081080144018e+01,0.000000000000000000e+00
8.970000000000000000e+02,8.970000000000000639e+00,1.188672088117130166e+01,-4.027770615554012501e+00,5.891028037463043709e+00,1.306439453415954466e+00,6.439453415954421445e-03,7.996073184061386030e+01,0.000000000000000000e+00
8.980000000000000000e+02,8.980000000000000426e+00,1.186681607694156604e+01,-4.049096048808254800e+00,5.876422712002609572e+00,1.307044293751358888e+00,7.044293751358843281e-03,7.995965923518777174e+01,0.000000000000000000e+00
8.990000000000000000e+02,8.990000000000000213e+00,1.184166607112415193e+01,-4.073935624098934838e+00,5.859413713608597085e+00,1.306024008562355343e+00,6.024008562355298579e-03,7.996165756034169192e+01,0.000000000000000000e+00
9.000000000000000000e+02,9.000000000000000000e+00,1.180490597934253572e+01,-4.106693452334560845e+00,5.836987921391342482e+00,1.303599412524552470e+00,3.599412524552425552e-03,7.996751060063721184e+01,0.000000000000000000e+00
9.010000000000000000e+02,9.009999999999999787e+00,1.181675900191791406e+01,-4.105226139164127375e+00,5.837987870146249314e+00,1.299643472429750091e+00,3.565275702499537402e-04,7.996923309043110351e+01,0.000000000000000000e+00
9.020000000000000000e+02,9.019999999999999574e+00,1.185377738536883996e+01,-4.069990820026553990e+00,5.862096213270638678e+00,1.296793182185137283e+00,3.206817814862761296e-03,7.996634133197827055e+01,0.000000000000000000e+00
9.030000000000000000e+02,9.029999999999999361e+00,1.185236804412295086e+01,-4.077871473765529942e+00,5.856698628832314846e+00,1.296337007064288338e+00,3.662992935711706366e-03,7.996363296962672962e+01,0.000000000000000000e+00
9.040000000000000000e+02,9.040000000000000924e+00,1.184737815217663481e+01,-4.088113907313503326e+00,5.849684664179299887e+00,1.295450523575163659e+00,4.549476424836385036e-03,7.996158796324533569e+01,0.000000000000000000e+00
9.050000000000000000e+02,9.050000000000000711e+00,1.187821084870660826e+01,-4.068704524970210734e+00,5.862965512443993887e+00,1.294110292819250718e+00,5.889707180749326199e-03,7.995544863002183433e+01,0.000000000000000000e+00
9.060000000000000000e+02,9.060000000000000497e+00,1.190281471765476873e+01,-4.039157303309596436e+00,5.883188147713158678e+00,1.294205728667026767e+00,5.794271332973277566e-03,7.994884979063178321e+01,0.000000000000000000e+00
9.070000000000000000e+02,9.070000000000000284e+00,1.188210892236668315e+01,-4.060503738856471756e+00,5.868570696283791577e+00,1.295469994292442584e+00,4.530005707557460681e-03,7.994623430476721637e+01,0.000000000000000000e+00
9.080000000000000000e+02,9.080000000000000071e+00,1.190592530168654584e+01,-4.029993384814418711e+00,5.889453941751931154e+00,1.295033151286259843e+00,4.966848713740201759e-03,7.994246134263272552e+01,0.000000000000000000e+00
9.090000000000000000e+02,9.089999999999999858e+00,1.192493029124482007e+01,-3.993799408412136209e+00,5.914235536028359164e+00,1.295958140007516635e+00,4.041859992483409769e-03,7.993956213547245682e+01,0.000000000000000000e+00
9.100000000000000000e+02,9.099999999999999645e+00,1.194009588897313989e+01,-3.967814446425594443e+00,5.932033521105263496e+00,1.297917656778139639e+00,2.082343221860405436e-03,7.993694601327128169e+01,0.000000000000000000e+00
9.110000000000000000e+02,9.109999999999999432e+00,1.193734547585334660e+01,-3.977538945412792515e+00,5.925372275878403094e+00,1.300271394852830387e+00,2.713948528303422592e-04,7.993450491724343010e+01,0.000000000000000000e+00
9.120000000000000000e+02,9.120000000000000995e+00,1.191570968121375884e+01,-4.000344567036785648e+00,5.909749917556260002e+00,1.301502669752052199e+00,1.502669752052154806e-03,7.993509701570464188e+01,0.000000000000000000e+00
9.130000000000000000e+02,9.130000000000000782e+00,1.192666758030738627e+01,-4.000118988397129094e+00,5.909904042706553007e+00,1.301100149940939810e+00,1.100149940939765258e-03,7.993299408798516481e+01,0.000000000000000000e+00
9.140000000000000000e+02,9.140000000000000568e+00,1.190450283736076109e+01,-4.022971235158451009e+00,5.894252373204294848e+00,1.301011360104391557e+00,1.011360104391512138e-03,7.993396676198318573e+01,0.000000000000000000e+00
9.150000000000000000e+02,9.150000000000000355e+00,1.192379519344949657e+01,-4.003010702970035695e+00,5.907919649109904192e+00,1.299686445668658985e+00,3.135543313410593669e-04,7.993250700782465401e+01,0.000000000000000000e+00
9.160000000000000000e+02,9.160000000000000142e+00,1.193919010386373891e+01,-3.989771304967411059e+00,5.916986795291964363e+00,1.299727019550194873e+00,2.729804498051713324e-04,7.992939385842198874e+01,0.000000000000000000e+00
9.170000000000000000e+02,9.169999999999999929e+00,1.195147493136601469e+01,-3.962246967198856495e+00,5.935839230642382169e+00,1.300498105302913210e+00,4.981053029131654597e-04,7.992746338149909491e+01,0.000000000000000000e+00
9.180000000000000000e+02,9.179999999999999716e+00,1.196127797553449668e+01,-3.931106835248478149e+00,5.957174470052782667e+00,1.302124030574532965e+00,2.124030574532920213e-03,7.992738319955074644e+01,1.000000000000000000e+00
9.190000000000000000e+02,9.189999999999999503e+00,1.194156782696157393e+01,-3.953200546147831229e+00,5.942036298141543327e+00,1.304422692986087151e+00,4.422692986087106704e-03,7.992938371805620079e+01,0.000000000000000000e+00
9.200000000000000000e+02,9.200000000000001066e+00,1.194438892880588554e+01,-3.959262330772884475e+00,5.937884637639585961e+00,1.305029936431215898e+00,5.029936431215853432e-03,7.992945520626844313e+01,0.000000000000000000e+00
9.210000000000000000e+02,9.210000000000000853e+00,1.192675061622768418e+01,-3.979502403976924896e+00,5.924018605277601601e+00,1.305451052367316400e+00,5.451052367316355785e-03,7.993130363925102699e+01,0.000000000000000000e+00
9.220000000000000000e+02,9.220000000000000639e+00,1.188475181022792881e+01,-4.016657660248287520e+00,5.898566909358564203e+00,1.304841904282157072e+00,4.841904282157027950e-03,7.993815209192587190e+01,0.000000000000000000e+00
9.230000000000000000e+02,9.230000000000000426e+00,1.182677112499385963e+01,-4.064837267639644480e+00,5.865572059676710026e+00,1.302411573785720478e+00,2.411573785720433349e-03,7.995084653491366566e+01,0.000000000000000000e+00
9.240000000000000000e+02,9.240000000000000213e+00,1.181842042127758141e+01,-4.078054645302302994e+00,5.856522249505582423e+00,1.297955665468529807e+00,2.044334531470237692e-03,7.996019999870739525e+01,0.000000000000000000e+00
9.250000000000000000e+02,9.250000000000000000e+00,1.177165525118023126e+01,-4.118025489094264913e+00,5.829160997197690541e+00,1.294280455855766121e+00,5.719544144233923433e-03,7.997268698790891506e+01,0.000000000000000000e+00
9.260000000000000000e+02,9.259999999999999787e+00,1.181615010419994505e+01,-4.093923595192439535e+00,5.845650561378064936e+00,1.289451332690147778e+00,1.054866730985226653e-02,7.997444267434775611e+01,0.000000000000000000e+00
9.270000000000000000e+02,9.269999999999999574e+00,1.185329149729086495e+01,-4.060373902561671855e+00,5.868609927222791178e+00,1.287929295015447284e+00,1.207070498455276031e-02,7.997134060521494803e+01,0.000000000000000000e+00
9.280000000000000000e+02,9.279999999999999361e+00,1.188292957864624633e+01,-4.020240378620631994e+00,5.896082809493604415e+00,1.288882524784873640e+00,1.111747521512640446e-02,7.996712131307845084e+01,0.000000000000000000e+00
9.290000000000000000e+02,9.290000000000000924e+00,1.190658016881872250e+01,-3.990769703629024168e+00,5.916264715716901712e+00,1.291617334394774996e+00,8.382665605225048111e-03,7.996211517760326615e+01,0.000000000000000000e+00
9.300000000000000000e+02,9.300000000000000711e+00,1.192545286198665799e+01,-3.953461568596370324e+00,5.941820769832196980e+00,1.295199743945931514e+00,4.800256054068530176e-03,7.995847196912043842e+01,0.000000000000000000e+00
9.310000000000000000e+02,9.310000000000000497e+00,1.194051288986814185e+01,-3.917837739231593730e+00,5.966231475398603656e+00,1.299482433962199757e+00,5.175660378002877593e-04,7.995645484945075054e+01,0.000000000000000000e+00
9.320000000000000000e+02,9.320000000000000284e+00,1.195253048787457750e+01,-3.898027011396892227e+00,5.979813843295637810e+00,1.304124842897279146e+00,4.124842897279101805e-03,7.995445124824001937e+01,0.000000000000000000e+00
9.330000000000000000e+02,9.330000000000000071e+00,1.193701259384496005e+01,-3.917963640930659963e+00,5.966152189300124142e+00,1.308519569228667967e+00,8.519569228667922545e-03,7.995423347727268037e+01,0.000000000000000000e+00
9.340000000000000000e+02,9.339999999999999858e+00,1.189036222706181789e+01,-3.959521553757197943e+00,5.937673128173415193e+00,1.310945882046150590e+00,1.094588204615054572e-02,7.996007726943187777e+01,0.000000000000000000e+00
9.350000000000000000e+02,9.349999999999999645e+00,1.185094773540837565e+01,-3.995803025009639242e+00,5.912816119716231000e+00,1.310550285826900252e+00,1.055028582690020755e-02,7.996914273031889309e+01,0.000000000000000000e+00
9.360000000000000000e+02,9.359999999999999432e+00,1.179503965149266520e+01,-4.043433120491512156e+00,5.880192091987196612e+00,1.308430536242789488e+00,8.430536242789443691e-03,7.998277218088125551e+01,0.000000000000000000e+00
9.370000000000000000e+02,9.370000000000000995e+00,1.174510827312810157e+01,-4.086671636345394099e+00,5.850585704371992435e+00,1.304308386517536000e+00,4.308386517535955917e-03,7.999849934251703587e+01,0.000000000000000000e+00
9.380000000000000000e+02,9.380000000000000782e+00,1.169873192081792190e+01,-4.127223274948605081e+00,5.822827137038770751e+00,1.298987748715728863e+00,1.012251284271181717e-03,8.001493391473003669e+01,0.000000000000000000e+00
9.390000000000000000e+02,9.390000000000000568e+00,1.172888317118031765e+01,-4.114094848873623533e+00,5.831809417531553130e+00,1.292941658237070524e+00,7.058341762929520868e-03,8.002153146638880798e+01,0.000000000000000000e+00
9.400000000000000000e+02,9.400000000000000355e+00,1.173454488227708126e+01,-4.118003708662994811e+00,5.829132735357346995e+00,1.289828363147709656e+00,1.017163685229038883e-02,8.002456082382016689e+01,0.000000000000000000e+00
9.410000000000000000e+02,9.410000000000000142e+00,1.178817217878676260e+01,-4.074676095786102792e+00,5.858782460317674357e+00,1.287725646939286372e+00,1.227435306071367194e-02,8.002035485182992147e+01,0.000000000000000000e+00
9.420000000000000000e+02,9.419999999999999929e+00,1.183096567802176047e+01,-4.030550371947296817e+00,5.888987474069658390e+00,1.288894259109675700e+00,1.110574089032434486e-02,8.001322618401121645e+01,0.000000000000000000e+00
9.430000000000000000e+02,9.429999999999999716e+00,1.186511402589615294e+01,-3.997145060839661479e+00,5.911862957105699756e+00,1.292150885483686507e+00,7.849114516313537848e-03,8.000442886506445461e+01,0.000000000000000000e+00
9.440000000000000000e+02,9.439999999999999503e+00,1.189236371763430355e+01,-3.962020088973053689e+00,5.935922841653886728e+00,1.296378272132092668e+00,3.621727867907376108e-03,7.999598792167152794e+01,0.000000000000000000e+00
9.450000000000000000e+02,9.450000000000001066e+00,1.189656170942269142e+01,-3.967772676291474010e+00,5.931984533593717579e+00,1.301149567064618040e+00,1.149567064617995626e-03,7.998810966504963460e+01,0.000000000000000000e+00
9.460000000000000000e+02,9.460000000000000853e+00,1.189582604520402676e+01,-3.976792330684669974e+00,5.925807817504469277e+00,1.304582005897557906e+00,4.582005897557861474e-03,7.998142038138479393e+01,0.000000000000000000e+00
9.470000000000000000e+02,9.470000000000000639e+00,1.186531400315843321e+01,-4.006492900791176481e+00,5.905463779494826149e+00,1.306808601424715111e+00,6.808601424715066130e-03,7.997995980637807634e+01,0.000000000000000000e+00
9.480000000000000000e+02,9.480000000000000426e+00,1.182128049962602390e+01,-4.045477921905526131e+00,5.878765051887098636e+00,1.306803271246990361e+00,6.803271246990316712e-03,7.998425894213549725e+01,0.000000000000000000e+00
9.490000000000000000e+02,9.490000000000000213e+00,1.175349427812181169e+01,-4.100900285186775740e+00,5.840817506835524142e+00,1.304553115856045720e+00,4.553115856045675258e-03,7.999591222772630772e+01,0.000000000000000000e+00
9.500000000000000000e+02,9.500000000000000000e+00,1.170751423947892889e+01,-4.140850961151131493e+00,5.813473318145338631e+00,1.299579099184376307e+00,4.209008156237370457e-04,8.000947980416638927e+01,0.000000000000000000e+00
9.510000000000000000e+02,9.509999999999999787e+00,1.171286268763623895e+01,-4.144721512141235742e+00,5.810823512301508842e+00,1.293589498245593994e+00,6.410501754406050523e-03,8.001742518044785868e+01,0.000000000000000000e+00
9.520000000000000000e+02,9.519999999999999574e+00,1.176429375224195262e+01,-4.116196805777557977e+00,5.830338092074458523e+00,1.289173505394352937e+00,1.082649460564710786e-02,8.001545233214147856e+01,0.000000000000000000e+00
9.530000000000000000e+02,9.529999999999999361e+00,1.181191117603145635e+01,-4.088693081679352304e+00,5.849158337340418790e+00,1.287984889384651499e+00,1.201511061534854541e-02,8.000703578133305882e+01,0.000000000000000000e+00
9.540000000000000000e+02,9.540000000000000924e+00,1.184990891824732451e+01,-4.048552605452545805e+00,5.876631472334925554e+00,1.288991560202010778e+00,1.100843979798926675e-02,7.999732292776481302e+01,0.000000000000000000e+00
9.550000000000000000e+02,9.550000000000000711e+00,1.188023034890442986e+01,-4.018619040789612740e+00,5.897125635371271990e+00,1.291656925063679129e+00,8.343074936320915569e-03,7.998699272516851977e+01,0.000000000000000000e+00
9.560000000000000000e+02,9.560000000000000497e+00,1.188131562111228590e+01,-4.025505104603776196e+00,5.892411521301333721e+00,1.295022521093188717e+00,4.977478906811327874e-03,7.997831420407271708e+01,0.000000000000000000e+00
9.570000000000000000e+02,9.570000000000000284e+00,1.190529226331182322e+01,-3.992736721577653025e+00,5.914850707874362179e+00,1.297109313109928275e+00,2.890686890071769710e-03,7.997037700410461980e+01,0.000000000000000000e+00
9.580000000000000000e+02,9.580000000000000071e+00,1.192442513941044524e+01,-3.961711109223374550e+00,5.936103502140109178e+00,1.299930085742348362e+00,6.991425765168202133e-05,7.996379747743868904e+01,0.000000000000000000e+00
9.590000000000000000e+02,9.589999999999999858e+00,1.193969278801439593e+01,-3.935395670475968721e+00,5.954136921987597475e+00,1.303091181598311277e+00,3.091181598311232293e-03,7.995849704912285461e+01,0.000000000000000000e+00
9.600000000000000000e+02,9.599999999999999645e+00,1.194945226241110170e+01,-3.937005373480328974e+00,5.953038518205945095e+00,1.306255488288340594e+00,6.255488288340549374e-03,7.995211487729525857e+01,0.000000000000000000e+00
9.610000000000000000e+02,9.609999999999999432e+00,1.194135951508043547e+01,-3.950950507166394399e+00,5.943486718908612687e+00,1.308514487526166947e+00,8.514487526166902853e-03,7.994767342928342657e+01,0.000000000000000000e+00
9.620000000000000000e+02,9.620000000000000995e+00,1.190913513649461919e+01,-3.981641606333264694e+00,5.922461538091962296e+00,1.309311731965084880e+00,9.311731965084835139e-03,7.994836132997758682e+01,0.000000000000000000e+00
9.630000000000000000e+02,9.630000000000000782e+00,1.187490801561830622e+01,-4.013554975035199313e+00,5.900603229776685055e+00,1.307963506789060926e+00,7.963506789060881275e-03,7.995306776076967026e+01,0.000000000000000000e+00
9.640000000000000000e+02,9.640000000000000568e+00,1.184422653664110214e+01,-4.042803386690625445e+00,5.880574154630963335e+00,1.304968310479534654e+00,4.968310479534610025e-03,7.996007467580017192e+01,0.000000000000000000e+00
9.650000000000000000e+02,9.650000000000000355e+00,1.179565366734025922e+01,-4.084412607195385903e+00,5.852085575834576225e+00,1.300936342490416786e+00,9.363424904167416685e-04,7.997122740247409922e+01,0.000000000000000000e+00
9.660000000000000000e+02,9.660000000000000142e+00,1.183192660559175557e+01,-4.066428073885449024e+00,5.864395141378704324e+00,1.295343196643729655e+00,4.656803356270389216e-03,7.997309864061891460e+01,0.000000000000000000e+00
9.670000000000000000e+02,9.669999999999999929e+00,1.186588082668433053e+01,-4.045153492929943972e+00,5.878958934322659147e+00,1.292453005268262789e+00,7.546994731737255435e-03,7.996929468535174124e+01,0.000000000000000000e+00
9.680000000000000000e+02,9.679999999999999716e+00,1.189297560917234442e+01,-4.005478755476483244e+00,5.906123441234890414e+00,1.291557874672802031e+00,8.442125327198013451e-03,7.996503898407746647e+01,0.000000000000000000e+00
9.690000000000000000e+02,9.689999999999999503e+00,1.191459669822843637e+01,-3.969998516085156304e+00,5.930425156132046460e+00,1.292429898510408126e+00,7.570101489591918309e-03,7.996114275023262508e+01,0.000000000000000000e+00
9.700000000000000000e+02,9.700000000000001066e+00,1.193184989050551970e+01,-3.945736979486950791e+00,5.947049650923077024e+00,1.294329051680937370e+00,5.670948319062674159e-03,7.995714089910815403e+01,0.000000000000000000e+00
9.710000000000000000e+02,9.710000000000000853e+00,1.194561758939329366e+01,-3.894349826815136861e+00,5.982267093435589267e+00,1.296560394744651346e+00,3.439605255348698876e-03,7.995700339387079225e+01,1.000000000000000000e+00
9.720000000000000000e+02,9.720000000000000639e+00,1.195660393497040630e+01,-3.879316318275936926e+00,5.992580326572720217e+00,1.299677951346755567e+00,3.220486532444777339e-04,7.995604696207794859e+01,0.000000000000000000e+00
9.730000000000000000e+02,9.730000000000000426e+00,1.196537081679456627e+01,-3.881324829550989897e+00,5.991210672930542991e+00,1.302395755307907299e+00,2.395755307907254661e-03,7.995301183212633589e+01,0.000000000000000000e+00
9.740000000000000000e+02,9.740000000000000213e+00,1.197236661138152236e+01,-3.884128754230745884e+00,5.989295338020388826e+00,1.304321838826453694e+00,4.321838826453650029e-03,7.994878869061820126e+01,0.000000000000000000e+00
9.750000000000000000e+02,9.750000000000000000e+00,1.194223426999663396e+01,-3.914313302131899430e+00,5.968607362136904904e+00,1.305622144878707758e+00,5.622144878707713289e-03,7.994929911125601052e+01,0.000000000000000000e+00
9.760000000000000000e+02,9.759999999999999787e+00,1.190225931348418342e+01,-3.951195237728365672e+00,5.943332970962588391e+00,1.304786188608332065e+00,4.786188608332020422e-03,7.995477006764039629e+01,0.000000000000000000e+00
9.770000000000000000e+02,9.769999999999999574e+00,1.186063263120268907e+01,-3.989031307789095759e+00,5.917411068306033251e+00,1.301982519415297412e+00,1.982519415297367971e-03,7.996397035518435814e+01,0.000000000000000000e+00
9.780000000000000000e+02,9.779999999999999361e+00,1.187656139077757977e+01,-3.986365169974574130e+00,5.919239536300962001e+00,1.297696768747896856e+00,2.303231252103188353e-03,7.996716456297502873e+01,0.000000000000000000e+00
9.790000000000000000e+02,9.790000000000000924e+00,1.190149848354978523e+01,-3.969143473597773752e+00,5.931038710848157258e+00,1.294942369342961586e+00,5.057630657038458821e-03,7.996571945214620314e+01,0.000000000000000000e+00
9.800000000000000000e+02,9.800000000000000711e+00,1.192139777980235316e+01,-3.929117834063777348e+00,5.958463864103619834e+00,1.293947546821317296e+00,6.052453178682748458e-03,7.996474893530809425e+01,0.000000000000000000e+00
9.810000000000000000e+02,9.810000000000000497e+00,1.193727701620591830e+01,-3.889320494624385116e+00,5.985742611662213442e+00,1.294730555339862921e+00,5.269444660137123648e-03,7.996500245963900966e+01,0.000000000000000000e+00
9.820000000000000000e+02,9.820000000000000284e+00,1.194994832606330881e+01,-3.860877770873317072e+00,6.005248241201702974e+00,1.296710127511771615e+00,3.289872488228429148e-03,7.996553719371087254e+01,0.000000000000000000e+00
9.830000000000000000e+02,9.830000000000000071e+00,1.196005977534344922e+01,-3.860675331743964378e+00,6.005395008801211354e+00,1.299187201613472453e+00,8.127983865275911768e-04,7.996355207169087009e+01,0.000000000000000000e+00
9.840000000000000000e+02,9.839999999999999858e+00,1.196812850759729763e+01,-3.839790267142066060e+00,6.019724706886996124e+00,1.301221738201003175e+00,1.221738201003130797e-03,7.996262893714407483e+01,1.000000000000000000e+00
9.850000000000000000e+02,9.849999999999999645e+00,1.197456719293117722e+01,-3.845079548152693594e+00,6.016105755745162043e+00,1.303457105619804546e+00,3.457105619804501373e-03,7.995979092686019385e+01,0.000000000000000000e+00
9.860000000000000000e+02,9.859999999999999432e+00,1.195946386589527322e+01,-3.865553741248854536e+00,6.002072246252287968e+00,1.305116735746834511e+00,5.116735746834466525e-03,7.995890614035116073e+01,0.000000000000000000e+00
9.870000000000000000e+02,9.870000000000000995e+00,1.193101728929996774e+01,-3.895160703452833939e+00,5.981777391611327488e+00,1.305415606842176501e+00,5.415606842176456936e-03,7.996154329614114431e+01,0.000000000000000000e+00
9.880000000000000000e+02,9.880000000000000782e+00,1.189016925825596083e+01,-3.933239185603865540e+00,5.955678541837920115e+00,1.304157957329934447e+00,4.157957329934403035e-03,7.996859742272185656e+01,0.000000000000000000e+00
9.890000000000000000e+02,9.890000000000000568e+00,1.191235728689112072e+01,-3.914368117841490857e+00,5.968614536701430495e+00,1.301239515459988949e+00,1.239515459988904666e-03,7.997066643461602098e+01,0.000000000000000000e+00
9.900000000000000000e+02,9.900000000000000355e+00,1.191308174364842820e+01,-3.923200053366431295e+00,5.962565263091315515e+00,1.300297711228478148e+00,2.977112284781036067e-04,7.997095677942562020e+01,0.000000000000000000e+00
9.910000000000000000e+02,9.910000000000000142e+00,1.189601150267400165e+01,-3.944293228777655536e+00,5.948112338362921747e+00,1.299507844132580026e+00,4.921558674200188221e-04,7.997266931950710500e+01,0.000000000000000000e+00
9.920000000000000000e+02,9.919999999999999929e+00,1.191701927991157639e+01,-3.933193022402533323e+00,5.955721510230292282e+00,1.298051682647412219e+00,1.948317352587825013e-03,7.997031892077194470e+01,0.000000000000000000e+00
9.930000000000000000e+02,9.929999999999999716e+00,1.187247892709022601e+01,-3.973260370882758075e+00,5.928266368685950027e+00,1.297982857602693718e+00,2.017142397306326274e-03,7.997425133020561816e+01,0.000000000000000000e+00
9.940000000000000000e+02,9.939999999999999503e+00,1.189150058121925468e+01,-3.968611382039793689e+00,5.931453046678293539e+00,1.295850715337847348e+00,4.149284662152696868e-03,7.997322886504302630e+01,0.000000000000000000e+00
9.950000000000000000e+02,9.950000000000001066e+00,1.186860423417335575e+01,-3.993135889562376750e+00,5.914653060315836264e+00,1.295092233813608162e+00,4.907766186391882002e-03,7.997488072399875136e+01,0.000000000000000000e+00
9.960000000000000000e+02,9.960000000000000853e+00,1.189514883333025352e+01,-3.972083800824889099e+00,5.929074088214624894e+00,1.293461281815622588e+00,6.538718184377456666e-03,7.997243682764559480e+01,0.000000000000000000e+00
9.970000000000000000e+02,9.970000000000000639e+00,1.191633088720293010e+01,-3.941930068525084430e+00,5.949733682750452779e+00,1.293723842540470903e+00,6.276157459529141391e-03,7.996931470777325046e+01,0.000000000000000000e+00
9.980000000000000000e+02,9.980000000000000426e+00,1.193323373827304579e+01,-3.919229651483306043e+00,5.965292066215265976e+00,1.295470635851675212e+00,4.529364148324832584e-03,7.996578175620916795e+01,0.000000000000000000e+00
9.990000000000000000e+02,9.990000000000000213e+00,1.194672187195525837e+01,-3.875161968263396428e+00,5.995498129008997701e+00,1.297984314601440481e+00,2.015685398559563524e-03,7.996520897822570362e+01,1.000000000000000000e+00
