scenario,i,t,alpha,delta1,delta2,CL,s,sigma,flags
0.000000000000000000e+00,0.000000000000000000e+00,0.000000000000000000e+00,9.045591621889592204e+00,9.678345375630851066e+00,-7.712496868563766483e+00,1.300490224172159204e+00,4.902241721591593659e-04,1.287604163785543709e-01,0.000000000000000000e+00
0.000000000000000000e+00,1.000000000000000000e+00,1.000000000000000021e-02,9.122613512573867212e+00,9.384800631450172403e+00,-7.415627274214648068e+00,1.298087180193342904e+00,-1.912819806657140020e-03,1.287604163785543709e-01,0.000000000000000000e+00
0.000000000000000000e+00,2.000000000000000000e+00,2.000000000000000042e-02,9.172418967387242716e+00,9.080586628713415820e+00,-7.137518197321662150e+00,1.300333512540873038e+00,3.335125408729933127e-04,1.287604163785543709e-01,0.000000000000000000e+00
0.000000000000000000e+00,3.000000000000000000e+00,2.999999999999999889e-02,9.247236085733101518e+00,8.800624359053658807e+00,-6.852779243776379481e+00,1.298391451417181930e+00,-1.608548582818114525e-03,1.287604163785543709e-01,0.000000000000000000e+00
0.000000000000000000e+00,4.000000000000000000e+00,4.000000000000000083e-02,9.297020614048085108e+00,8.510676813654258765e+00,-6.585592715439981149e+00,1.300330665157949817e+00,3.306651579497721372e-04,1.287604163785543709e-01,0.000000000000000000e+00
0.000000000000000000e+00,5.000000000000000000e+00,5.000000000000000278e-02,9.370290316941192188e+00,8.244043683948897083e+00,-6.312185348930046125e+00,1.298449976573105236e+00,-1.550023426894808765e-03,1.287604163785543709e-01,0.000000000000000000e+00
0.000000000000000000e+00,6.000000000000000000e+00,5.999999999999999778e-02,9.418377719904707845e+00,7.966707083316711291e+00,-6.056257122540549709e+00,1.300358325031647722e+00,3.583250316476771502e-04,1.287604163785543709e-01,0.000000000000000000e+00
0.000000000000000000e+00,7.000000000000000000e+00,7.000000000000000666e-02,9.489808118745875376e+00,7.712526354620974800e+00,-5.793870384801017792e+00,1.298442368168728711e+00,-1.557631831271333311e-03,1.287604163785543709e-01,0.000000000000000000e+00
0.000000000000000000e+00,8.000000000000000000e+00,8.000000000000000167e-02,9.535393621190619839e+00,7.446698617463901826e+00,-5.549141940804471318e+00,1.300391499605034529e+00,3.914996050344843326e-04,1.287604163785543709e-01,0.000000000000000000e+00
0.000000000000000000e+00,9.000000000000000000e+00,8.999999999999999667e-02,9.604621323931269217e+00,7.204063746465813267e+00,-5.297528674449555552e+00,1.298417787462857742e+00,-1.582212537142302367e-03,1.287604163785543709e-01,0.000000000000000000e+00
0.000000000000000000e+00,1.000000000000000000e+01,1.000000000000000056e-01,9.647373758771124130e+00,6.948976147331521247e+00,-5.063731483211654449e+00,1.300419527551760268e+00,4.195275517602237159e-04,1.287604163785543709e-01,0.000000000000000000e+00
0.000000000000000000e+00,1.100000000000000000e+01,1.100000000000000006e-01,9.714127544050031204e+00,6.717078839300645754e+00,-4.822623739241119978e+00,1.298395301848502159e+00,-1.604698151497885306e-03,1.287604163785543709e-01,0.000000000000000000e+00
0.000000000000000000e+00,1.200000000000000000e+01,1.199999999999999956e-01,9.753970150338332701e+00,6.472159194482428823e+00,-4.599381676778124373e+00,1.300439370390201965e+00,4.393703902019208130e-04,1.287604163785543709e-01,0.000000000000000000e+00
0.000000000000000000e+00,1.300000000000000000e+01,1.300000000000000044e-01,9.818117893981977318e+00,6.250329699487028101e+00,-4.368462413591242210e+00,1.298379662198256845e+00,-1.620337801743199080e-03,1.287604163785543709e-01,0.000000000000000000e+00
0.000000000000000000e+00,1.400000000000000000e+01,1.400000000000000133e-01,9.855108539467915207e+00,6.015120456194409826e+00,-4.155348675217957144e+00,1.300451863827992494e+00,4.518638279924491741e-04,1.287604163785543709e-01,0.000000000000000000e+00
0.000000000000000000e+00,1.500000000000000000e+01,1.499999999999999944e-01,9.916644411696887929e+00,5.802818151790361867e+00,-3.934254188509427319e+00,1.298370108934377765e+00,-1.629891065622279811e-03,1.287604163785543709e-01,0.000000000000000000e+00
0.000000000000000000e+00,1.600000000000000000e+01,1.600000000000000033e-01,9.950914660401577905e+00,5.576931669706274519e+00,-3.730820884293043704e+00,1.300458953514803007e+00,4.589535148029622036e-04,1.287604163785543709e-01,0.000000000000000000e+00
0.000000000000000000e+00,1.700000000000000000e+01,1.700000000000000122e-01,1.000992373970231064e+01,5.373715529502320010e+00,-3.519156128562266339e+00,1.298364809279691112e+00,-1.635190720308932200e-03,1.287604163785543709e-01,0.000000000000000000e+00
0.000000000000000000e+00,1.800000000000000000e+01,1.799999999999999933e-01,1.004164500924728110e+01,5.156807982497252141e+00,-3.324951221718993377e+00,1.300462471911736362e+00,4.624719117363174092e-04,1.287604163785543709e-01,0.000000000000000000e+00
0.000000000000000000e+00,1.900000000000000000e+01,1.900000000000000022e-01,1.009826813696510150e+01,4.962306296675494721e+00,-3.122306274234613710e+00,1.298362244908311425e+00,-1.637755091688619657e-03,1.287604163785543709e-01,0.000000000000000000e+00
0.000000000000000000e+00,2.000000000000000000e+01,2.000000000000000111e-01,1.013001661040914492e+01,4.742878613068810090e+00,-2.926112166272285098e+00,1.300463837578806459e+00,4.638375788064141858e-04,1.041989373714638650e-01,0.000000000000000000e+00
0.000000000000000000e+00,2.100000000000000000e+01,2.099999999999999922e-01,1.018667076180793707e+01,4.546055439609432369e+00,-2.721799517732895524e+00,1.298363060227585741e+00,-1.636939772414303107e-03,1.041989373714638650e-01,0.000000000000000000e+00
0.000000000000000000e+00,2.200000000000000000e+01,2.200000000000000011e-01,1.021598731363276080e+01,4.335932397983153663e+00,-2.534926681815778515e+00,1.300465232979221675e+00,4.652329792216303161e-04,1.041989373714638650e-01,0.000000000000000000e+00
0.000000000000000000e+00,2.300000000000000000e+01,2.300000000000000100e-01,1.027039090314477576e+01,4.148133595047432287e+00,-2.339737458640923862e+00,1.298360990155014161e+00,-1.639009844985883646e-03,1.041989373714638650e-01,0.000000000000000000e+00
0.000000000000000000e+00,2.400000000000000000e+01,2.399999999999999911e-01,1.029751064082632617e+01,3.946982702821623334e+00,-2.161694655971958756e+00,1.300464868191048673e+00,4.648681910486285318e-04,1.041989373714638650e-01,0.000000000000000000e+00
0.000000000000000000e+00,2.500000000000000000e+01,2.500000000000000000e-01,1.034985541600638648e+01,3.767868005078298665e+00,-1.975177338542074557e+00,1.298361213344254583e+00,-1.638786655745461118e-03,1.041989373714638650e-01,0.000000000000000000e+00
0.000000000000000000e+00,2.600000000000000000e+01,2.600000000000000089e-01,1.037498208741162031e+01,3.575352718292587717e+00,-1.805508224874420531e+00,1.300464205553453212e+00,4.642055534531674965e-04,1.041989373714638650e-01,0.000000000000000000e+00
0.000000000000000000e+00,2.700000000000000000e+01,2.700000000000000178e-01,1.042545385061351304e+01,3.404599550553916831e+00,-1.627229295409393206e+00,1.298362158627999197e+00,-1.637841372000847784e-03,1.041989373714638650e-01,0.000000000000000000e+00
0.000000000000000000e+00,2.800000000000000000e+01,2.800000000000000266e-01,1.044876444697206708e+01,3.220383216771858237e+00,-1.465509204846039415e+00,1.300463878387556615e+00,4.638783875565710701e-04,1.041989373714638650e-01,0.000000000000000000e+00
0.000000000000000000e+00,2.900000000000000000e+01,2.899999999999999800e-01,1.049753178379851803e+01,3.057677540598489507e+00,-1.295058233747295340e+00,1.298363184363720002e+00,-1.636815636280042341e-03,1.041989373714638650e-01,0.000000000000000000e+00
0.000000000000000000e+00,3.000000000000000000e+01,2.999999999999999889e-01,1.051917827867218413e+01,2.881425156702062118e+00,-1.140892188398356488e+00,1.300464161957802345e+00,4.641619578023004067e-04,1.041989373714638650e-01,0.000000000000000000e+00
0.000000000000000000e+00,3.100000000000000000e+01,3.099999999999999978e-01,1.056638871922387501e+01,2.726457849509635878e+00,-9.778831177425415522e-01,1.298364003593384552e+00,-1.635996406615491949e-03,1.041989373714638650e-01,0.000000000000000000e+00
0.000000000000000000e+00,3.200000000000000000e+01,3.200000000000000067e-01,1.058649994804175876e+01,2.557837617306162326e+00,-8.309036949395669502e-01,1.300465153275888408e+00,4.651532758883636376e-04,1.041989373714638650e-01,0.000000000000000000e+00
0.000000000000000000e+00,3.300000000000000000e+01,3.300000000000000155e-01,1.063227960525219373e+01,2.410303395960857298e+00,-6.749743597809771956e-01,1.298364489672833244e+00,-1.635510327166800337e-03,1.041989373714638650e-01,0.000000000000000000e+00
0.000000000000000000e+00,3.400000000000000000e+01,3.400000000000000244e-01,1.065096374694995340e+01,2.248988369885753791e+00,-5.348392876994588763e-01,1.300466850860055423e+00,4.668508600553789023e-04,1.041989373714638650e-01,0.000000000000000000e+00
0.000000000000000000e+00,3.500000000000000000e+01,3.500000000000000333e-01,1.069541871303151659e+01,2.108585953602902130e+00,-3.856500866702318175e-01,1.298364602457595662e+00,-1.635397542404382065e-03,1.041989373714638650e-01,0.000000000000000000e+00
0.000000000000000000e+00,3.600000000000000000e+01,3.599999999999999867e-01,1.071276616121291880e+01,1.954255670265663269e+00,-2.520397370075270205e-01,1.300469197610307548e+00,4.691976103075035098e-04,1.041989373714638650e-01,0.000000000000000000e+00
0.000000000000000000e+00,3.700000000000000000e+01,3.699999999999999956e-01,1.075598478144629766e+01,1.820688534042713247e+00,-1.092719243483708524e-01,1.298364352982134484e+00,-1.635647017865560215e-03,1.041989373714638650e-01,0.000000000000000000e+00
0.000000000000000000e+00,3.800000000000000000e+01,3.800000000000000044e-01,1.077207110422956582e+01,1.673030483209520858e+00,1.811311925118821997e-02,1.300472107413935596e+00,4.721074139355518895e-04,1.041989373714638650e-01,0.000000000000000000e+00
0.000000000000000000e+00,3.900000000000000000e+01,3.900000000000000133e-01,1.081412661113406948e+01,1.546007845236889056e+00,1.547592501590701330e-01,1.298363781950270246e+00,-1.636218049729798452e-03,1.041989373714638650e-01,0.000000000000000000e+00
0.000000000000000000e+00,4.000000000000000000e+01,4.000000000000000222e-01,1.082903939167370133e+01,1.404605505710315727e+00,2.763092986827637154e-01,1.300475482673707273e+00,4.754826737072281873e-04,1.038257838254937476e-01,0.000000000000000000e+00
0.000000000000000000e+00,4.100000000000000000e+01,4.100000000000000311e-01,1.087001573727024173e+01,1.283735484553371275e+00,4.072201688089528426e-01,1.298362933242809270e+00,-1.637066757190774879e-03,1.038257838254937476e-01,0.000000000000000000e+00
0.000000000000000000e+00,4.200000000000000000e+01,4.199999999999999845e-01,1.088378326108506222e+01,1.148419266479961953e+00,5.230822058179912526e-01,1.300479217441680602e+00,4.792174416805572434e-04,1.038257838254937476e-01,0.000000000000000000e+00
0.000000000000000000e+00,4.300000000000000000e+01,4.299999999999999933e-01,1.092370623777304850e+01,1.033543337087735825e+00,6.484112313599932342e-01,1.298361901165318244e+00,-1.638098834681800398e-03,1.038257838254937476e-01,0.000000000000000000e+00
0.000000000000000000e+00,4.400000000000000000e+01,4.400000000000000022e-01,1.093637530410694758e+01,9.040300531614474666e-01,7.588370074388111064e-01,1.300483235655062408e+00,4.832356550623639890e-04,1.038257838254937476e-01,0.000000000000000000e+00
0.000000000000000000e+00,4.500000000000000000e+01,4.500000000000000111e-01,1.097528824001069125e+01,7.948797052366636251e-01,8.788374560014062808e-01,1.298360713271449196e+00,-1.639286728550848338e-03,1.038257838254937476e-01,0.000000000000000000e+00
0.000000000000000000e+00,4.600000000000000000e+01,4.600000000000000200e-01,1.098690017671813202e+01,6.708974509729319635e-01,9.840658531623627248e-01,1.300487453680818417e+00,4.874536808183727032e-04,1.038257838254937476e-01,0.000000000000000000e+00
0.000000000000000000e+00,4.700000000000000000e+01,4.700000000000000289e-01,1.102484055932149687e+01,5.672132585345474043e-01,1.098978015663377494e+00,1.298359425999589867e+00,-1.640574000410177646e-03,1.038257838254937476e-01,0.000000000000000000e+00
0.000000000000000000e+00,4.800000000000000000e+01,4.799999999999999822e-01,1.103543263931111440e+01,4.485015899229018443e-01,1.199236241520235557e+00,1.300491802922073781e+00,4.918029220737363261e-04,1.038257838254937476e-01,0.000000000000000000e+00
0.000000000000000000e+00,4.900000000000000000e+01,4.899999999999999911e-01,1.107243371717257219e+01,3.500336587147048206e-01,1.309288537748298786e+00,1.298358084402619461e+00,-1.641915597380583236e-03,1.038257838254937476e-01,0.000000000000000000e+00
0.000000000000000000e+00,5.000000000000000000e+01,5.000000000000000000e-01,1.108204028050493406e+01,2.363436066264363311e-01,1.404793126919775093e+00,1.300496228151902134e+00,4.962281519020894649e-04,1.038257838254937476e-01,0.000000000000000000e+00
0.000000000000000000e+00,5.100000000000000000e+01,5.100000000000000089e-01,1.111813232418328923e+01,1.428518424399343456e-01,1.510203040749617642e+00,1.298356724037147636e+00,-1.643275962852408512e-03,1.038257838254937476e-01,0.000000000000000000e+00
0.000000000000000000e+00,5.200000000000000000e+01,5.200000000000000178e-01,1.112678563279336785e+01,3.394578862267332020e-02,1.601160688836092971e+00,1.300500686109713699e+00,5.006861097136550143e-04,1.038257838254937476e-01,0.000000000000000000e+00
0.000000000000000000e+00,5.300000000000000000e+01,5.300000000000000266e-01,1.116199690014725832e+01,-5.479998698746164909e-02,1.702135560890556842e+00,1.298355372164077703e+00,-1.644627835922340964e-03,1.038257838254937476e-01,0.000000000000000000e+00
0.000000000000000000e+00,5.400000000000000000e+01,5.400000000000000355e-01,1.116972776594060512e+01,-1.591485430760333775e-01,1.788743819748607411e+00,1.300505143967450650e+00,5.051439674506053024e-04,1.038257838254937476e-01,0.000000000000000000e+00
0.000000000000000000e+00,5.500000000000000000e+01,5.500000000000000444e-01,1.120408521625661002e+01,-2.433686052056746874e-01,1.885481521997404819e+00,1.298354048932740534e+00,-1.645951067259510125e-03,1.038257838254937476e-01,0.000000000000000000e+00
0.000000000000000000e+00,5.600000000000000000e+01,5.600000000000000533e-01,1.121092344481196434e+01,-3.433753613613371725e-01,1.967929383053510506e+00,1.300509577710499798e+00,5.095777104997534224e-04,1.038257838254937476e-01,0.000000000000000000e+00
0.000000000000000000e+00,5.700000000000000000e+01,5.700000000000000622e-01,1.124445324554529257e+01,-4.232801987600953719e-01,2.060618897158039253e+00,1.298352768597123230e+00,-1.647231402876814244e-03,1.038257838254937476e-01,0.000000000000000000e+00
0.000000000000000000e+00,5.800000000000000000e+01,5.799999999999999600e-01,1.125042793440532840e+01,-5.191504231499415312e-01,2.139087285849148312e+00,1.300513970549730391e+00,5.139705497303470594e-04,1.038257838254937476e-01,0.000000000000000000e+00
0.000000000000000000e+00,5.900000000000000000e+01,5.899999999999999689e-01,1.128315580172120747e+01,-5.949409377735843663e-01,2.227909204162969115e+00,1.298351540685191541e+00,-1.648459314808503606e-03,1.038257838254937476e-01,0.000000000000000000e+00
0.000000000000000000e+00,6.000000000000000000e+01,5.999999999999999778e-01,1.128812079000664248e+01,-6.860960160903003535e-01,2.301817001379057981e+00,1.300518311456675846e+00,5.183114566758018071e-04,1.079459690867759641e-01,0.000000000000000000e+00
0.000000000000000000e+00,6.100000000000000000e+01,6.099999999999999867e-01,1.131990444862001688e+01,-7.572259470513772461e-01,2.386223450920167188e+00,1.298350424254448798e+00,-1.649575745551246087e-03,1.079459690867759641e-01,0.000000000000000000e+00
0.000000000000000000e+00,6.200000000000000000e+01,6.199999999999999956e-01,1.132407657480281138e+01,-8.446956717647045032e-01,2.456557873339714426e+00,1.300522626758862543e+00,5.226267588624988747e-04,1.079459690867759641e-01,0.000000000000000000e+00
0.000000000000000000e+00,6.300000000000000000e+01,6.300000000000000044e-01,1.135512377662860040e+01,-9.121529129726734242e-01,2.537499380935070104e+00,1.298349266181757056e+00,-1.650733818242988704e-03,1.079459690867759641e-01,0.000000000000000000e+00
0.000000000000000000e+00,6.400000000000000000e+01,6.400000000000000133e-01,1.135853051808658343e+01,-9.961086481237325652e-01,2.604415307460253626e+00,1.300526849166642851e+00,5.268491666428065656e-04,1.079459690867759641e-01,0.000000000000000000e+00
0.000000000000000000e+00,6.500000000000000000e+01,6.500000000000000222e-01,1.138886550543300835e+01,-1.060062548729586052e+00,2.682045303809418080e+00,1.298348209504548434e+00,-1.651790495451610497e-03,1.079459690867759641e-01,0.000000000000000000e+00
0.000000000000000000e+00,6.600000000000000000e+01,6.600000000000000311e-01,1.139153365349813107e+01,-1.140667498888299436e+00,2.745691063554149380e+00,1.300531001676386467e+00,5.310016763864222611e-04,1.079459690867759641e-01,0.000000000000000000e+00
0.000000000000000000e+00,6.700000000000000000e+01,6.700000000000000400e-01,1.142118080639750133e+01,-1.201279242057293972e+00,2.820156444845150823e+00,1.298347225112717052e+00,-1.652774887282992822e-03,1.079459690867759641e-01,0.000000000000000000e+00
0.000000000000000000e+00,6.800000000000000000e+01,6.800000000000000488e-01,1.142313668274618443e+01,-1.278688712650347004e+00,2.880674183779079467e+00,1.300535091840848478e+00,5.350918408484339750e-04,1.079459690867759641e-01,0.000000000000000000e+00
0.000000000000000000e+00,6.900000000000000000e+01,6.900000000000000577e-01,1.145212032209035691e+01,-1.336111770958042566e+00,2.952115524932126256e+00,1.298346303754633446e+00,-1.653696245366598205e-03,1.079459690867759641e-01,0.000000000000000000e+00
0.000000000000000000e+00,7.000000000000000000e+01,7.000000000000000666e-01,1.145338980815255958e+01,-1.410473531373864553e+00,3.009641476545066308e+00,1.300539123564115052e+00,5.391235641150071700e-04,1.079459690867759641e-01,0.000000000000000000e+00
0.000000000000000000e+00,7.100000000000000000e+01,7.099999999999999645e-01,1.148173409621987417e+01,-1.464854046775279750e+00,3.078193278613564399e+00,1.298345441333503825e+00,-1.654558666496219743e-03,1.079459690867759641e-01,0.000000000000000000e+00
0.000000000000000000e+00,7.200000000000000000e+01,7.199999999999999734e-01,1.148234260720364119e+01,-1.536308710668653710e+00,3.132857998568697955e+00,1.300543100140163499e+00,5.431001401634549808e-04,1.079459690867759641e-01,0.000000000000000000e+00
0.000000000000000000e+00,7.300000000000000000e+01,7.299999999999999822e-01,1.151007147085911519e+01,-1.587785849238162017e+00,3.198648935756305711e+00,1.298344634977377510e+00,-1.655365022622534710e-03,1.079459690867759641e-01,0.000000000000000000e+00
0.000000000000000000e+00,7.400000000000000000e+01,7.399999999999999911e-01,1.151004391449590969e+01,-1.656467246791108572e+00,3.250577519127192616e+00,1.300547024898096815e+00,5.470248980967706842e-04,1.079459690867759641e-01,0.000000000000000000e+00
0.000000000000000000e+00,7.500000000000000000e+01,7.500000000000000000e-01,1.153718097433534773e+01,-1.705173539758812362e+00,3.313730677320992690e+00,1.298343882068575539e+00,-1.656117931424505585e-03,1.079459690867759641e-01,0.000000000000000000e+00
0.000000000000000000e+00,7.600000000000000000e+01,7.600000000000000089e-01,1.153654170768623821e+01,-1.771209074228811575e+00,3.363042964889288111e+00,1.300550901235802304e+00,5.509012358022591371e-04,1.079459690867759641e-01,0.000000000000000000e+00
0.000000000000000000e+00,7.700000000000000000e+01,7.700000000000000178e-01,1.156311021129820915e+01,-1.817270746770806911e+00,3.423676070581369579e+00,1.298343180056569235e+00,-1.656819943430809516e-03,1.079459690867759641e-01,0.000000000000000000e+00
0.000000000000000000e+00,7.800000000000000000e+01,7.800000000000000266e-01,1.156188300068748021e+01,-1.880781733009498469e+00,3.470486846915394441e+00,1.300554732528045099e+00,5.547325280450543517e-04,1.079459690867759641e-01,0.000000000000000000e+00
0.000000000000000000e+00,7.900000000000000000e+01,7.900000000000000355e-01,1.158790576132912342e+01,-1.924319020065662800e+00,3.528712487005199350e+00,1.298342526459454582e+00,-1.657473540545462143e-03,1.079459690867759641e-01,0.000000000000000000e+00
0.000000000000000000e+00,8.000000000000000000e+01,8.000000000000000444e-01,1.158597341754760990e+01,-1.984814924497783295e+00,3.572537050205539799e+00,1.300558522033874453e+00,5.585220338744090185e-04,1.131788706154142760e-01,0.000000000000000000e+00
0.000000000000000000e+00,8.100000000000000000e+01,8.100000000000000533e-01,1.161133859396383095e+01,-2.025363846086169595e+00,3.627894886225774496e+00,1.298341932006045862e+00,-1.658067993954182029e-03,1.131788706154142760e-01,0.000000000000000000e+00
0.000000000000000000e+00,8.200000000000000000e+01,8.200000000000000622e-01,1.160887593468101642e+01,-2.083614684787375992e+00,3.669485673261967396e+00,1.300562278860465160e+00,5.622788604651152156e-04,1.131788706154142760e-01,0.000000000000000000e+00
0.000000000000000000e+00,8.300000000000000000e+01,8.300000000000000711e-01,1.163375153396704675e+01,-2.121915025750699346e+00,3.722697352229218382e+00,1.298341358276812185e+00,-1.658641723187859185e-03,1.131788706154142760e-01,0.000000000000000000e+00
0.000000000000000000e+00,8.400000000000000000e+01,8.399999999999999689e-01,1.163077971535354038e+01,-2.178022003879511281e+00,3.762151672039052652e+00,1.300565993361477712e+00,5.659933614776679889e-04,1.131788706154142760e-01,0.000000000000000000e+00
0.000000000000000000e+00,8.500000000000000000e+01,8.499999999999999778e-01,1.165518614958357269e+01,-2.214174281550342460e+00,3.813312198659724483e+00,1.298340834103934416e+00,-1.659165896065628587e-03,1.131788706154142760e-01,0.000000000000000000e+00
0.000000000000000000e+00,8.600000000000000000e+01,8.599999999999999867e-01,1.165172559629867877e+01,-2.268233961487491790e+00,3.850723200703937366e+00,1.300569673421279715e+00,5.696734212796705776e-04,1.131788706154142760e-01,0.000000000000000000e+00
0.000000000000000000e+00,8.700000000000000000e+01,8.699999999999999956e-01,1.167568274774379766e+01,-2.302334013063821239e+00,3.899923458582826186e+00,1.298340351487136779e+00,-1.659648512863265424e-03,1.131788706154142760e-01,0.000000000000000000e+00
0.000000000000000000e+00,8.800000000000000000e+01,8.800000000000000044e-01,1.167175319705804881e+01,-2.354438514987983844e+00,3.935380317065849898e+00,1.300573322650523167e+00,5.733226505231225900e-04,1.131788706154142760e-01,0.000000000000000000e+00
0.000000000000000000e+00,8.900000000000000000e+01,8.900000000000000133e-01,1.169528036103926638e+01,-2.386577752276724418e+00,3.982707224972674709e+00,1.298339907133013504e+00,-1.660092866986540017e-03,1.131788706154142760e-01,0.000000000000000000e+00
0.000000000000000000e+00,9.000000000000000000e+01,9.000000000000000222e-01,1.169090087213317908e+01,-2.436814967800337239e+00,4.016295300252251010e+00,1.300576943396032803e+00,5.769433960327585709e-04,1.131788706154142760e-01,0.000000000000000000e+00
0.000000000000000000e+00,9.100000000000000000e+01,9.100000000000000311e-01,1.171401673230582752e+01,-2.467080601759360281e+00,4.061831974134740619e+00,1.298339499045545242e+00,-1.660500954454802169e-03,1.131788706154142760e-01,0.000000000000000000e+00
0.000000000000000000e+00,9.200000000000000000e+01,9.200000000000000400e-01,1.170920568990435662e+01,-2.515534401341033455e+00,4.093632964949907915e+00,1.300580537521325741e+00,5.805375213256969147e-04,1.131788706154142760e-01,0.000000000000000000e+00
0.000000000000000000e+00,9.300000000000000000e+01,9.300000000000000488e-01,1.173192830600133618e+01,-2.544009650128731259e+00,4.137458876990854684e+00,1.298339125651698289e+00,-1.660874348301755177e-03,1.131788706154142760e-01,0.000000000000000000e+00
0.000000000000000000e+00,9.400000000000000000e+01,9.400000000000000577e-01,1.172670342537652388e+01,-2.590760079965415130e+00,4.167550967012299878e+00,1.300584106616349267e+00,5.841066163492225627e-04,1.131788706154142760e-01,0.000000000000000000e+00
0.000000000000000000e+00,9.500000000000000000e+01,9.500000000000000666e-01,1.174905022781197061e+01,-2.617524364466565778e+00,4.209742099598747345e+00,1.298338785573716958e+00,-1.661214426283086354e-03,1.131788706154142760e-01,0.000000000000000000e+00
0.000000000000000000e+00,9.600000000000000000e+01,9.599999999999999645e-01,1.174342856250847866e+01,-2.662647832402745607e+00,4.238200099191015369e+00,1.300587652063765365e+00,5.876520637653204204e-04,1.131788706154142760e-01,0.000000000000000000e+00
0.000000000000000000e+00,9.700000000000000000e+01,9.699999999999999734e-01,1.176541635193936486e+01,-2.687776960704022944e+00,4.278829093349616919e+00,1.298338477563533822e+00,-1.661522436466222885e-03,1.131788706154142760e-01,0.000000000000000000e+00
0.000000000000000000e+00,9.800000000000000000e+01,9.799999999999999822e-01,1.175941430417264932e+01,-2.731346411627520787e+00,4.305724576775896928e+00,1.300591175069001793e+00,5.911750690017480991e-04,1.131788706154142760e-01,0.000000000000000000e+00
0.000000000000000000e+00,9.900000000000000000e+01,9.899999999999999911e-01,1.178105925505841434e+01,-2.754912753290463812e+00,4.344860875048693671e+00,1.298338200479034032e+00,-1.661799520966011912e-03,1.131788706154142760e-01,0.000000000000000000e+00
0.000000000000000000e+00,1.000000000000000000e+02,1.000000000000000000e+00,1.177459296563305102e+01,-2.796569640976446447e+00,4.369841308627856691e+00,1.300594676681098072e+00,5.946766810980275153e-04,1.191493506524573948e-01,0.000000000000000000e+00
0.000000000000000000e+00,1.010000000000000000e+02,1.010000000000000009e+00,1.179581547265535768e+01,-2.818233223868390702e+00,4.407148948611898653e+00,1.298337955429230473e+00,-1.662044570769571905e-03,1.191493506524573948e-01,0.000000000000000000e+00
0.000000000000000000e+00,1.020000000000000000e+02,1.020000000000000018e+00,1.178900832375563112e+01,-2.858509694708669446e+00,4.430737714017606521e+00,1.300598157714438763e+00,5.981577144387184575e-04,1.191493506524573948e-01,0.000000000000000000e+00
0.000000000000000000e+00,1.030000000000000000e+02,1.030000000000000027e+00,1.180992703276492861e+01,-2.878781885221287418e+00,4.466717980223259055e+00,1.298337736582819035e+00,-1.662263417181009117e-03,1.191493506524573948e-01,0.000000000000000000e+00
0.000000000000000000e+00,1.040000000000000000e+02,1.040000000000000036e+00,1.180279300106601958e+01,-2.917738977412828394e+00,4.488975300376132793e+00,1.300601618931257697e+00,6.016189312576525339e-04,1.191493506524573948e-01,0.000000000000000000e+00
0.000000000000000000e+00,1.050000000000000000e+02,1.050000000000000044e+00,1.182342169783450814e+01,-2.936680370750955227e+00,4.523686500777728270e+00,1.298337546012333865e+00,-1.662453987666179245e-03,1.191493506524573948e-01,0.000000000000000000e+00
0.000000000000000000e+00,1.060000000000000000e+02,1.060000000000000053e+00,1.181597419690964657e+01,-2.974376417715872467e+00,4.544670005892589515e+00,1.300605061187382283e+00,6.050611873822386855e-04,1.191493506524573948e-01,0.000000000000000000e+00
0.000000000000000000e+00,1.070000000000000000e+02,1.070000000000000062e+00,1.183632611497554166e+01,-2.992044920980531764e+00,4.578167905619023870e+00,1.298337382677261065e+00,-1.662617322738979553e-03,1.191493506524573948e-01,0.000000000000000000e+00
0.000000000000000000e+00,1.080000000000000000e+02,1.080000000000000071e+00,1.182857801411293153e+01,-3.028535674106665798e+00,4.597932741887356123e+00,1.300608485093112332e+00,6.084850931122876005e-04,1.191493506524573948e-01,0.000000000000000000e+00
0.000000000000000000e+00,1.090000000000000000e+02,1.090000000000000080e+00,1.184866584755295982e+01,-3.044986631140135902e+00,4.630270672034796142e+00,1.298337245760046610e+00,-1.662754239953434521e-03,1.191493506524573948e-01,0.000000000000000000e+00
0.000000000000000000e+00,1.100000000000000000e+02,1.100000000000000089e+00,1.184062948953669192e+01,-3.080325377224048644e+00,4.648869605659951887e+00,1.300611891145827315e+00,6.118911458272702220e-04,1.191493506524573948e-01,0.000000000000000000e+00
0.000000000000000000e+00,1.110000000000000000e+02,1.110000000000000098e+00,1.186046540770915669e+01,-3.095611686436627874e+00,4.680098568122949665e+00,1.298337134531029502e+00,-1.662865468970542437e-03,1.191493506524573948e-01,0.000000000000000000e+00
0.000000000000000000e+00,1.120000000000000000e+02,1.120000000000000107e+00,1.185215262653593626e+01,-3.129849359431874589e+00,4.697582085326300394e+00,1.300615279769008481e+00,6.152797690084366167e-04,1.191493506524573948e-01,0.000000000000000000e+00
0.000000000000000000e+00,1.130000000000000000e+02,1.130000000000000115e+00,1.187174828977955343e+01,-3.144021585519442663e+00,4.727750853436566203e+00,1.298337048312654840e+00,-1.662951687345204377e-03,1.191493506524573948e-01,0.000000000000000000e+00
0.000000000000000000e+00,1.140000000000000000e+02,1.140000000000000124e+00,1.186317042841788627e+01,-3.177206872777053714e+00,4.744167256643021524e+00,1.300618651328042885e+00,6.186513280428407313e-04,1.191493506524573948e-01,0.000000000000000000e+00
0.000000000000000000e+00,1.150000000000000000e+02,1.150000000000000133e+00,1.188253700430300341e+01,-3.190313352814221570e+00,4.773322471673884237e+00,1.298336986467152343e+00,-1.663013532847701370e-03,1.191493506524573948e-01,0.000000000000000000e+00
0.000000000000000000e+00,1.160000000000000000e+02,1.159999999999999920e+00,1.187370493241564695e+01,-3.222492796118233471e+00,4.788717971992204170e+00,1.300622006139780407e+00,6.220061397803622327e-04,1.191493506524573948e-01,0.000000000000000000e+00
0.000000000000000000e+00,1.170000000000000000e+02,1.169999999999999929e+00,1.189285311230720232e+01,-3.234579740396340775e+00,4.816904235647469612e+00,1.298336948390719670e+00,-1.663051609280374876e-03,1.191493506524573948e-01,0.000000000000000000e+00
0.000000000000000000e+00,1.180000000000000000e+02,1.179999999999999938e+00,1.188377724383164846e+01,-3.265797832103331189e+00,4.831323041742755287e+00,1.300625344480004886e+00,6.253444800048413299e-04,1.191493506524573948e-01,0.000000000000000000e+00
0.000000000000000000e+00,1.190000000000000000e+02,1.189999999999999947e+00,1.190271725959100202e+01,-3.276909420031718145e+00,4.858583004766059865e+00,1.298336933509302682e+00,-1.663066490697362454e-03,1.191493506524573948e-01,0.000000000000000000e+00
0.000000000000000000e+00,1.200000000000000000e+02,1.199999999999999956e+00,1.189335296901448658e+01,-3.306973806459069465e+00,4.871836257536051207e+00,1.300628666589378923e+00,6.286665893788789816e-04,1.244010843728837051e-01,0.000000000000000000e+00
0.000000000000000000e+00,1.210000000000000000e+02,1.209999999999999964e+00,1.191204244070827656e+01,-3.316927736200205423e+00,4.897989679503945482e+00,1.298336941422960633e+00,-1.663058577039411290e-03,1.244010843728837051e-01,0.000000000000000000e+00
0.000000000000000000e+00,1.220000000000000000e+02,1.219999999999999973e+00,1.190245857401931140e+01,-3.346134246516640598e+00,4.910369004295089823e+00,1.300631972305128059e+00,6.319723051280146109e-04,1.244010843728837051e-01,0.000000000000000000e+00
0.000000000000000000e+00,1.230000000000000000e+02,1.229999999999999982e+00,1.192096366745759717e+01,-3.355215127465638769e+00,4.935695165764228953e+00,1.298336971583859079e+00,-1.663028416140965859e-03,1.244010843728837051e-01,0.000000000000000000e+00
0.000000000000000000e+00,1.240000000000000000e+02,1.239999999999999991e+00,1.191116906633202177e+01,-3.383601320523895506e+00,4.947237958779455269e+00,1.300635262524098223e+00,6.352625240981790711e-04,1.244010843728837051e-01,0.000000000000000000e+00
0.000000000000000000e+00,1.250000000000000000e+02,1.250000000000000000e+00,1.192949843141185973e+01,-3.391846480276536457e+00,4.971772897889170650e+00,1.298337023048631078e+00,-1.662976951368966283e-03,1.244010843728837051e-01,0.000000000000000000e+00
0.000000000000000000e+00,1.260000000000000000e+02,1.260000000000000009e+00,1.191950156960914597e+01,-3.419448280949664021e+00,4.982514950920180041e+00,1.300638537150577090e+00,6.385371505770454092e-04,1.244010843728837051e-01,0.000000000000000000e+00
0.000000000000000000e+00,1.270000000000000000e+02,1.270000000000000018e+00,1.193766347816525020e+01,-3.426893432328386613e+00,5.006293145078148932e+00,1.298337095590089918e+00,-1.662904409910126446e-03,1.244010843728837051e-01,0.000000000000000000e+00
0.000000000000000000e+00,1.280000000000000000e+02,1.280000000000000027e+00,1.192747247399983301e+01,-3.453745204581189387e+00,5.016268712667318219e+00,1.300641796270446182e+00,6.417962704461377399e-04,1.244010843728837051e-01,0.000000000000000000e+00
0.000000000000000000e+00,1.290000000000000000e+02,1.290000000000000036e+00,1.194547483617607675e+01,-3.460424515603626183e+00,5.039323146577219248e+00,1.298337188798340147e+00,-1.662811201659897264e-03,1.244010843728837051e-01,0.000000000000000000e+00
0.000000000000000000e+00,1.300000000000000000e+02,1.300000000000000044e+00,1.193509746644089375e+01,-3.486559131004732581e+00,5.048565011284722459e+00,1.300645039999809072e+00,6.450399998090272646e-04,1.244010843728837051e-01,0.000000000000000000e+00
0.000000000000000000e+00,1.310000000000000000e+02,1.310000000000000053e+00,1.195294784553898282e+01,-3.492505292403532469e+00,5.070927241551739684e+00,1.298337302234247481e+00,-1.662697765752563228e-03,1.244010843728837051e-01,0.000000000000000000e+00
0.000000000000000000e+00,1.320000000000000000e+02,1.320000000000000062e+00,1.194239155939183661e+01,-3.517954195272735785e+00,5.079466776727821653e+00,1.300648268452784251e+00,6.482684527842064170e-04,1.244010843728837051e-01,0.000000000000000000e+00
0.000000000000000000e+00,1.330000000000000000e+02,1.330000000000000071e+00,1.196009718607130168e+01,-3.523198485104372502e+00,5.101166993585594334e+00,1.298337435462524114e+00,-1.662564537475930138e-03,1.244010843728837051e-01,0.000000000000000000e+00
0.000000000000000000e+00,1.340000000000000000e+02,1.340000000000000080e+00,1.194936911854792960e+01,-3.547991754678312404e+00,5.109034223589249635e+00,1.300651481735557891e+00,6.514817355578461644e-04,1.244010843728837051e-01,0.000000000000000000e+00
0.000000000000000000e+00,1.350000000000000000e+02,1.350000000000000089e+00,1.196693690455309067e+01,-3.552564100040346950e+00,5.130101309954403277e+00,1.298337588058481540e+00,-1.662411941518504577e-03,1.244010843728837051e-01,0.000000000000000000e+00
0.000000000000000000e+00,1.360000000000000000e+02,1.360000000000000098e+00,1.195604388962805587e+01,-3.576730509853323525e+00,5.137324967877775705e+00,1.300654679946258163e+00,6.546799462581187612e-04,1.244010843728837051e-01,0.000000000000000000e+00
0.000000000000000000e+00,1.370000000000000000e+02,1.370000000000000107e+00,1.197348044107205745e+01,-3.580659545825850110e+00,5.157786555862501565e+00,1.298337759608767294e+00,-1.662240391232749914e-03,1.244010843728837051e-01,0.000000000000000000e+00
0.000000000000000000e+00,1.380000000000000000e+02,1.380000000000000115e+00,1.196242902424971355e+01,-3.604226620453480301e+00,5.164394138845682214e+00,1.300657863176056583e+00,6.578631760565389897e-04,1.244010843728837051e-01,0.000000000000000000e+00
0.000000000000000000e+00,1.390000000000000000e+02,1.390000000000000124e+00,1.197974065445642466e+01,-3.607539746395665325e+00,5.184276663838555343e+00,1.298337949710771433e+00,-1.662050289228611533e-03,1.244010843728837051e-01,0.000000000000000000e+00
0.000000000000000000e+00,1.400000000000000000e+02,1.400000000000000133e+00,1.196851115238367136e+01,-3.630421956414133788e+00,5.190184336445924806e+00,1.300661031510090382e+00,6.610315100903374486e-04,1.283715653774013532e-01,0.000000000000000000e+00
0.000000000000000000e+00,1.410000000000000000e+02,1.409999999999999920e+00,1.198567908643681257e+01,-3.633038405786956027e+00,5.209407717340461375e+00,1.298338157906105739e+00,-1.661842093894305705e-03,1.283715653774013532e-01,0.000000000000000000e+00
0.000000000000000000e+00,1.420000000000000000e+02,1.419999999999999929e+00,1.197430566463202872e+01,-3.655382358554904787e+00,5.214760256770619051e+00,1.300664184940086399e+00,6.641849400863542030e-04,1.283715653774013532e-01,0.000000000000000000e+00
0.000000000000000000e+00,1.430000000000000000e+02,1.429999999999999938e+00,1.199136265591395656e+01,-3.657443484204349726e+00,5.233463148160089951e+00,1.298338384011601399e+00,-1.661615988398645882e-03,1.283715653774013532e-01,0.000000000000000000e+00
0.000000000000000000e+00,1.440000000000000000e+02,1.439999999999999947e+00,1.197985092210771541e+01,-3.679272658185519962e+00,5.238284043729535711e+00,1.300667323725161140e+00,6.673237251610952825e-04,1.283715653774013532e-01,0.000000000000000000e+00
0.000000000000000000e+00,1.450000000000000000e+02,1.449999999999999956e+00,1.199680233615288927e+01,-3.680801864174812810e+00,5.256489006052029289e+00,1.298338627433176296e+00,-1.661372566823748897e-03,1.283715653774013532e-01,0.000000000000000000e+00
0.000000000000000000e+00,1.460000000000000000e+02,1.459999999999999964e+00,1.198515766441328978e+01,-3.702138726592439255e+00,5.260800745366625897e+00,1.300670447860794221e+00,6.704478607941766199e-04,1.283715653774013532e-01,0.000000000000000000e+00
0.000000000000000000e+00,1.470000000000000000e+02,1.469999999999999973e+00,1.200000000000000000e+01,-3.703158417414209591e+00,5.278529369727176679e+00,1.298338887878110803e+00,-1.661112121889241067e-03,1.283715653774013532e-01,1.000000000000000000e+00
0.000000000000000000e+00,1.480000000000000000e+02,1.479999999999999982e+00,1.199067962489478489e+01,-3.722330203634249379e+00,5.283506564654074644e+00,1.300483175676140135e+00,4.831756761400907152e-04,1.283715653774013532e-01,0.000000000000000000e+00
0.000000000000000000e+00,1.490000000000000000e+02,1.489999999999999991e+00,1.200000000000000000e+01,-3.724009144742750355e+00,5.299998834915188084e+00,1.298546651788667461e+00,-1.453348211332583517e-03,1.283715653774013532e-01,1.000000000000000000e+00
0.000000000000000000e+00,1.500000000000000000e+02,1.500000000000000000e+00,1.199907761704905695e+01,-3.736823784456658082e+00,5.308530190663179660e+00,1.300067353313414387e+00,6.735331341434225294e-05,1.283715653774013532e-01,0.000000000000000000e+00
0.000000000000000000e+00,1.510000000000000000e+02,1.510000000000000009e+00,1.200000000000000000e+01,-3.744986314788600446e+00,5.319854835557510597e+00,1.299512625597696758e+00,-4.873744023032866579e-04,1.283715653774013532e-01,1.000000000000000000e+00
0.000000000000000000e+00,1.520000000000000000e+02,1.520000000000000018e+00,1.200000000000000000e+01,-3.744930304930431664e+00,5.336409794096478088e+00,1.299569902520092857e+00,-4.300974799071877186e-04,1.283715653774013532e-01,1.000000000000000000e+00
0.000000000000000000e+00,1.530000000000000000e+02,1.530000000000000027e+00,1.200000000000000000e+01,-3.752881582863458743e+00,5.347155765013855699e+00,1.300325389913330909e+00,3.253899133308646441e-04,1.283715653774013532e-01,1.000000000000000000e+00
0.000000000000000000e+00,1.540000000000000000e+02,1.540000000000000036e+00,1.199383955584895567e+01,-3.768755517514763564e+00,5.352155965119235859e+00,1.300283201051179782e+00,2.832010511797378172e-04,1.283715653774013532e-01,0.000000000000000000e+00
0.000000000000000000e+00,1.550000000000000000e+02,1.550000000000000044e+00,1.200000000000000000e+01,-3.771300409923747488e+00,5.365892014915362829e+00,1.298867397879507557e+00,-1.132602120492487430e-03,1.283715653774013532e-01,1.000000000000000000e+00
0.000000000000000000e+00,1.560000000000000000e+02,1.560000000000000053e+00,1.200000000000000000e+01,-3.775383400801676004e+00,5.378246214005597103e+00,1.299905976845278754e+00,-9.402315472128996987e-05,1.283715653774013532e-01,1.000000000000000000e+00
0.000000000000000000e+00,1.570000000000000000e+02,1.570000000000000062e+00,1.200000000000000000e+01,-3.780925279296099895e+00,5.389279343331206285e+00,1.300194976193943974e+00,1.949761939439298430e-04,1.283715653774013532e-01,1.000000000000000000e+00
0.000000000000000000e+00,1.580000000000000000e+02,1.580000000000000071e+00,1.199309753346309471e+01,-3.796714413721577142e+00,5.393009778709643598e+00,1.300326715796026988e+00,3.267157960269440053e-04,1.283715653774013532e-01,0.000000000000000000e+00
0.000000000000000000e+00,1.590000000000000000e+02,1.590000000000000080e+00,1.200000000000000000e+01,-3.798156590171320790e+00,5.406202296003699281e+00,1.298788504859698989e+00,-1.211495140301055429e-03,1.283715653774013532e-01,1.000000000000000000e+00
0.000000000000000000e+00,1.600000000000000000e+02,1.600000000000000089e+00,1.200000000000000000e+01,-3.802636509135388199e+00,5.416961615112704465e+00,1.299946620820844334e+00,-5.337917915571033234e-05,1.302749500732517662e-01,1.000000000000000000e+00
0.000000000000000000e+00,1.610000000000000000e+02,1.610000000000000098e+00,1.200000000000000000e+01,-3.806574504355330291e+00,5.427792865157828217e+00,1.300136910504099630e+00,1.369105040995854949e-04,1.302749500732517662e-01,1.000000000000000000e+00
0.000000000000000000e+00,1.620000000000000000e+02,1.620000000000000107e+00,1.199245233466595906e+01,-3.822220026589336683e+00,5.430352495518718570e+00,1.300366655104704838e+00,3.666551047047938994e-04,1.302749500732517662e-01,0.000000000000000000e+00
0.000000000000000000e+00,1.630000000000000000e+02,1.630000000000000115e+00,1.200000000000000000e+01,-3.822675697236667336e+00,5.442981196867657800e+00,1.298723588612939572e+00,-1.276411387060472080e-03,1.302749500732517662e-01,1.000000000000000000e+00
0.000000000000000000e+00,1.640000000000000000e+02,1.640000000000000124e+00,1.200000000000000000e+01,-3.827999906584730549e+00,5.452012603710760352e+00,1.299983338969667113e+00,-1.666103033293175884e-05,1.302749500732517662e-01,1.000000000000000000e+00
0.000000000000000000e+00,1.650000000000000000e+02,1.650000000000000133e+00,1.200000000000000000e+01,-3.829039593206442049e+00,5.463692497514538893e+00,1.300038926850461518e+00,3.892685046147370542e-05,1.302749500732517662e-01,1.000000000000000000e+00
0.000000000000000000e+00,1.660000000000000000e+02,1.660000000000000142e+00,1.199051147059686961e+01,-3.845566696429036035e+00,5.464544808032641754e+00,1.300500775236576700e+00,5.007752365766560132e-04,1.302749500732517662e-01,0.000000000000000000e+00
0.000000000000000000e+00,1.670000000000000000e+02,1.669999999999999929e+00,1.200000000000000000e+01,-3.844442290086253156e+00,5.477172336360212057e+00,1.298537125429427119e+00,-1.462874570572925137e-03,1.302749500732517662e-01,1.000000000000000000e+00
0.000000000000000000e+00,1.680000000000000000e+02,1.679999999999999938e+00,1.199847382875242729e+01,-3.855034538552275514e+00,5.481554359953828559e+00,1.300086579128926445e+00,8.657912892640062807e-05,1.302749500732517662e-01,0.000000000000000000e+00
0.000000000000000000e+00,1.690000000000000000e+02,1.689999999999999947e+00,1.200000000000000000e+01,-3.859829178253899151e+00,5.489640073099307571e+00,1.299434581125441301e+00,-5.654188745587429565e-04,1.302749500732517662e-01,1.000000000000000000e+00
0.000000000000000000e+00,1.700000000000000000e+02,1.699999999999999956e+00,1.200000000000000000e+01,-3.857816598347585835e+00,5.502124083901303919e+00,1.299627331935270025e+00,-3.726680647300195659e-04,1.302749500732517662e-01,1.000000000000000000e+00
0.000000000000000000e+00,1.710000000000000000e+02,1.709999999999999964e+00,1.200000000000000000e+01,-3.863291497363146476e+00,5.509261863194206299e+00,1.300329721938521699e+00,3.297219385216543230e-04,1.302749500732517662e-01,1.000000000000000000e+00
0.000000000000000000e+00,1.720000000000000000e+02,1.719999999999999973e+00,1.199379896406842150e+01,-3.876767336506552919e+00,5.510706834526381215e+00,1.300289333979763207e+00,2.893339797631622190e-04,1.302749500732517662e-01,0.000000000000000000e+00
0.000000000000000000e+00,1.730000000000000000e+02,1.729999999999999982e+00,1.200000000000000000e+01,-3.876896233635434452e+00,5.521027843772424504e+00,1.298867954269610214e+00,-1.132045730389830140e-03,1.302749500732517662e-01,1.000000000000000000e+00
0.000000000000000000e+00,1.740000000000000000e+02,1.739999999999999991e+00,1.200000000000000000e+01,-3.878868993414984256e+00,5.529866982653731888e+00,1.299917255330354182e+00,-8.274466964586224549e-05,1.302749500732517662e-01,1.000000000000000000e+00
0.000000000000000000e+00,1.750000000000000000e+02,1.750000000000000000e+00,1.200000000000000000e+01,-3.881981605666016133e+00,5.537709106664665093e+00,1.300188020781974707e+00,1.880207819746626541e-04,1.302749500732517662e-01,1.000000000000000000e+00
0.000000000000000000e+00,1.760000000000000000e+02,1.760000000000000009e+00,1.199298985224396752e+01,-3.895624111916068610e+00,5.538150781760415420e+00,1.300337370193221265e+00,3.373701932212203047e-04,1.302749500732517662e-01,0.000000000000000000e+00
0.000000000000000000e+00,1.770000000000000000e+02,1.770000000000000018e+00,1.200000000000000000e+01,-3.894808409747336331e+00,5.548248468029212788e+00,1.298782423557838239e+00,-1.217576442161805161e-03,1.302749500732517662e-01,1.000000000000000000e+00
0.000000000000000000e+00,1.780000000000000000e+02,1.780000000000000027e+00,1.200000000000000000e+01,-3.897623526761201607e+00,5.555663141916074466e+00,1.299961476459512433e+00,-3.852354048761164051e-05,1.302749500732517662e-01,1.000000000000000000e+00
0.000000000000000000e+00,1.790000000000000000e+02,1.790000000000000036e+00,1.200000000000000000e+01,-3.898968321986553853e+00,5.563880281544393291e+00,1.300111294810789797e+00,1.112948107897526739e-04,1.302749500732517662e-01,1.000000000000000000e+00
0.000000000000000000e+00,1.800000000000000000e+02,1.800000000000000044e+00,1.199207574640968765e+01,-3.912871960832631224e+00,5.563310864912964782e+00,1.300395760397303313e+00,3.957603973032686184e-04,1.311774179746940661e-01,0.000000000000000000e+00
0.000000000000000000e+00,1.810000000000000000e+02,1.810000000000000053e+00,1.200000000000000000e+01,-3.911114762291865166e+00,5.573239096031985973e+00,1.298690606182694829e+00,-1.309393817305215535e-03,1.311774179746940661e-01,1.000000000000000000e+00
0.000000000000000000e+00,1.820000000000000000e+02,1.820000000000000062e+00,1.200000000000000000e+01,-3.917685057117250125e+00,5.577295483048480662e+00,1.300011602613112771e+00,1.160261311272670071e-05,1.311774179746940661e-01,1.000000000000000000e+00
0.000000000000000000e+00,1.830000000000000000e+02,1.830000000000000071e+00,1.200000000000000000e+01,-3.924582227757170472e+00,5.580944866306517760e+00,1.299757944634443607e+00,-2.420553655564372519e-04,1.311774179746940661e-01,1.000000000000000000e+00
0.000000000000000000e+00,1.840000000000000000e+02,1.840000000000000080e+00,1.200000000000000000e+01,-3.919484397636447515e+00,5.592603005949194461e+00,1.299463888627541142e+00,-5.361113724589028351e-04,1.311774179746940661e-01,1.000000000000000000e+00
0.000000000000000000e+00,1.850000000000000000e+02,1.850000000000000089e+00,1.200000000000000000e+01,-3.923642477115138139e+00,5.597766716314466429e+00,1.300335221807479513e+00,3.352218074794688363e-04,1.311774179746940661e-01,1.000000000000000000e+00
0.000000000000000000e+00,1.860000000000000000e+02,1.860000000000000098e+00,1.199378700654985153e+01,-3.935810920456445317e+00,5.597288695475641340e+00,1.300293034531630809e+00,2.930345316307647607e-04,1.311774179746940661e-01,0.000000000000000000e+00
0.000000000000000000e+00,1.870000000000000000e+02,1.870000000000000107e+00,1.200000000000000000e+01,-3.934629705107504094e+00,5.605757155439391681e+00,1.298870062859186048e+00,-1.129937140813996876e-03,1.311774179746940661e-01,1.000000000000000000e+00
0.000000000000000000e+00,1.880000000000000000e+02,1.880000000000000115e+00,1.200000000000000000e+01,-3.935468446170232504e+00,5.612681912105689008e+00,1.299923961989173815e+00,-7.603801082622929641e-05,1.311774179746940661e-01,1.000000000000000000e+00
0.000000000000000000e+00,1.890000000000000000e+02,1.890000000000000124e+00,1.200000000000000000e+01,-3.937239876972348895e+00,5.618808681358099300e+00,1.300183541575156587e+00,1.835415751565427911e-04,1.311774179746940661e-01,1.000000000000000000e+00
0.000000000000000000e+00,1.900000000000000000e+02,1.900000000000000133e+00,1.199292622948898490e+01,-3.949721794308942435e+00,5.617463071876938052e+00,1.300344523105247063e+00,3.445231052470187905e-04,1.311774179746940661e-01,0.000000000000000000e+00
0.000000000000000000e+00,1.910000000000000000e+02,1.910000000000000142e+00,1.200000000000000000e+01,-3.947671757968006290e+00,5.625887161250439306e+00,1.298779422497883695e+00,-1.220577502116348967e-03,1.311774179746940661e-01,1.000000000000000000e+00
0.000000000000000000e+00,1.920000000000000000e+02,1.919999999999999929e+00,1.200000000000000000e+01,-3.949649879240723749e+00,5.631409496613997590e+00,1.299971011329092097e+00,-2.898867090794787771e-05,1.311774179746940661e-01,1.000000000000000000e+00
0.000000000000000000e+00,1.930000000000000000e+02,1.929999999999999938e+00,1.200000000000000000e+01,-3.949383841096820724e+00,5.638316867204592242e+00,1.300090706378094652e+00,9.070637809460713186e-05,1.311774179746940661e-01,1.000000000000000000e+00
0.000000000000000000e+00,1.940000000000000000e+02,1.939999999999999947e+00,1.199172259034136978e+01,-3.962451904130063429e+00,5.635971701127811428e+00,1.300423273965620297e+00,4.232739656202522127e-04,1.311774179746940661e-01,0.000000000000000000e+00
0.000000000000000000e+00,1.950000000000000000e+02,1.949999999999999956e+00,1.200000000000000000e+01,-3.959407110706762101e+00,5.644490692022163358e+00,1.298659301265516319e+00,-1.340698734483725119e-03,1.311774179746940661e-01,1.000000000000000000e+00
0.000000000000000000e+00,1.960000000000000000e+02,1.959999999999999964e+00,1.200000000000000000e+01,-3.966006172240324812e+00,5.646284027868123445e+00,1.300035850180335517e+00,3.585018033547271443e-05,1.311774179746940661e-01,1.000000000000000000e+00
0.000000000000000000e+00,1.970000000000000000e+02,1.969999999999999973e+00,1.200000000000000000e+01,-3.970794626696342977e+00,5.649178533517830836e+00,1.299677172743527009e+00,-3.228272564730350069e-04,1.311774179746940661e-01,1.000000000000000000e+00
0.000000000000000000e+00,1.980000000000000000e+02,1.979999999999999982e+00,1.200000000000000000e+01,-3.964901283391806697e+00,5.659237168790465233e+00,1.299489515354087521e+00,-5.104846459125234048e-04,1.311774179746940661e-01,1.000000000000000000e+00
0.000000000000000000e+00,1.990000000000000000e+02,1.989999999999999991e+00,1.200000000000000000e+01,-3.968114211329499597e+00,5.662945681839826939e+00,1.300341469204030265e+00,3.414692040302202969e-04,1.311774179746940661e-01,1.000000000000000000e+00
0.000000000000000000e+00,2.000000000000000000e+02,2.000000000000000000e+00,1.199378766872754021e+01,-3.979316818610112438e+00,5.661061061061752220e+00,1.300296145647840351e+00,2.961456478403068360e-04,1.317735352999946097e-01,0.000000000000000000e+00
0.000000000000000000e+00,2.010000000000000000e+02,2.010000000000000231e+00,1.200000000000000000e+01,-3.977174718291374145e+00,5.668169484887458864e+00,1.298873450911345540e+00,-1.126549088654504871e-03,1.317735352999946097e-01,1.000000000000000000e+00
0.000000000000000000e+00,2.020000000000000000e+02,2.020000000000000018e+00,1.200000000000000000e+01,-3.977194711853519582e+00,5.673679783217639994e+00,1.299929669479387595e+00,-7.033052061244937647e-05,1.317735352999946097e-01,1.000000000000000000e+00
0.000000000000000000e+00,2.030000000000000000e+02,2.030000000000000249e+00,1.200000000000000000e+01,-3.977959556474033764e+00,5.678562646264694536e+00,1.300179605287041351e+00,1.796052870413067382e-04,1.317735352999946097e-01,1.000000000000000000e+00
0.000000000000000000e+00,2.040000000000000000e+02,2.040000000000000036e+00,1.199287305118255276e+01,-3.989594612339111723e+00,5.675901684487615562e+00,1.300351213463588618e+00,3.512134635885733047e-04,1.317735352999946097e-01,0.000000000000000000e+00
0.000000000000000000e+00,2.050000000000000000e+02,2.049999999999999822e+00,1.200000000000000000e+01,-3.986629133165769279e+00,5.683103435514037294e+00,1.298777480163529674e+00,-1.222519836470370436e-03,1.317735352999946097e-01,1.000000000000000000e+00
0.000000000000000000e+00,2.060000000000000000e+02,2.060000000000000053e+00,1.200000000000000000e+01,-3.988100510410353294e+00,5.687162577118209938e+00,1.299979711331404442e+00,-2.028866859560274349e-05,1.317735352999946097e-01,1.000000000000000000e+00
0.000000000000000000e+00,2.070000000000000000e+02,2.069999999999999840e+00,1.200000000000000000e+01,-3.986378293774013759e+00,5.693295340407072302e+00,1.300066637941125869e+00,6.663794112582444029e-05,1.317735352999946097e-01,1.000000000000000000e+00
0.000000000000000000e+00,2.080000000000000000e+02,2.080000000000000071e+00,1.199123127981056669e+01,-3.998988436723085460e+00,5.689527068332526305e+00,1.300461251483017389e+00,4.612514830173441993e-04,1.317735352999946097e-01,0.000000000000000000e+00
0.000000000000000000e+00,2.090000000000000000e+02,2.089999999999999858e+00,1.200000000000000000e+01,-3.994865192297838430e+00,5.697089803400179342e+00,1.298616197682179729e+00,-1.383802317820315153e-03,1.317735352999946097e-01,1.000000000000000000e+00
0.000000000000000000e+00,2.100000000000000000e+02,2.100000000000000089e+00,1.199928547121207245e+01,-4.001621739521047161e+00,5.697115649359788314e+00,1.300067939085971069e+00,6.793908597102493729e-05,1.317735352999946097e-01,0.000000000000000000e+00
0.000000000000000000e+00,2.110000000000000000e+02,2.109999999999999876e+00,1.200000000000000000e+01,-4.004217263137672234e+00,5.699885343197161447e+00,1.299550380948552686e+00,-4.496190514473585864e-04,1.317735352999946097e-01,1.000000000000000000e+00
0.000000000000000000e+00,2.120000000000000000e+02,2.120000000000000107e+00,1.200000000000000000e+01,-3.998361965176200350e+00,5.708332878927873111e+00,1.299571204488136011e+00,-4.287955118640329744e-04,1.317735352999946097e-01,1.000000000000000000e+00
0.000000000000000000e+00,2.130000000000000000e+02,2.129999999999999893e+00,1.200000000000000000e+01,-4.000876714304959059e+00,5.710964824367889214e+00,1.300347396389367916e+00,3.473963893678710946e-04,1.317735352999946097e-01,1.000000000000000000e+00
0.000000000000000000e+00,2.140000000000000000e+02,2.140000000000000124e+00,1.199378520109774371e+01,-4.011377200334107052e+00,5.708044938920989964e+00,1.300299627802828706e+00,2.996278028286614159e-04,1.317735352999946097e-01,0.000000000000000000e+00
0.000000000000000000e+00,2.150000000000000000e+02,2.149999999999999911e+00,1.200000000000000000e+01,-4.008523546359972656e+00,5.714160880041457169e+00,1.298876230293050105e+00,-1.123769706949939717e-03,1.317735352999946097e-01,1.000000000000000000e+00
0.000000000000000000e+00,2.160000000000000000e+02,2.160000000000000142e+00,1.200000000000000000e+01,-4.007970108465576331e+00,5.718615429109338066e+00,1.299935062443558387e+00,-6.493755644165766228e-05,1.317735352999946097e-01,1.000000000000000000e+00
0.000000000000000000e+00,2.170000000000000000e+02,2.169999999999999929e+00,1.200000000000000000e+01,-4.007963067485814435e+00,5.722609066246418408e+00,1.300175230377966562e+00,1.752303779665176364e-04,1.317735352999946097e-01,1.000000000000000000e+00
0.000000000000000000e+00,2.180000000000000000e+02,2.180000000000000160e+00,1.199282422723590535e+01,-4.018987984488329168e+00,5.718975874280791238e+00,1.300357889060900440e+00,3.578890609003959611e-04,1.317735352999946097e-01,0.000000000000000000e+00
0.000000000000000000e+00,2.190000000000000000e+02,2.189999999999999947e+00,1.200000000000000000e+01,-4.015340569437638507e+00,5.725288081401920692e+00,1.298775781238465710e+00,-1.224218761534334732e-03,1.317735352999946097e-01,1.000000000000000000e+00
0.000000000000000000e+00,2.200000000000000000e+02,2.200000000000000178e+00,1.200000000000000000e+01,-4.016580974887292932e+00,5.728174261397516176e+00,1.299987727551095595e+00,-1.227244890444900705e-05,1.321632914903924372e-01,1.000000000000000000e+00
0.000000000000000000e+00,2.210000000000000000e+02,2.209999999999999964e+00,1.200000000000000000e+01,-4.013298016650407085e+00,5.734072497818511138e+00,1.300036625495462950e+00,3.662549546290527758e-05,1.321632914903924372e-01,1.000000000000000000e+00
0.000000000000000000e+00,2.220000000000000000e+02,2.220000000000000195e+00,1.199042085491521448e+01,-4.025895730627432556e+00,5.729035809978578975e+00,1.300524830204865090e+00,5.248302048650455021e-04,1.321632914903924372e-01,0.000000000000000000e+00
0.000000000000000000e+00,2.230000000000000000e+02,2.229999999999999982e+00,1.200000000000000000e+01,-4.020755967460194036e+00,5.736048001827191989e+00,1.298545749034020425e+00,-1.454250965979619892e-03,1.321632914903924372e-01,1.000000000000000000e+00
0.000000000000000000e+00,2.240000000000000000e+02,2.240000000000000213e+00,1.199776892073109025e+01,-4.028019164601454705e+00,5.734506307248920187e+00,1.300117236645677243e+00,1.172366456771989363e-04,1.321632914903924372e-01,0.000000000000000000e+00
0.000000000000000000e+00,2.250000000000000000e+02,2.250000000000000000e+00,1.200000000000000000e+01,-4.028181077347579020e+00,5.737745741845623471e+00,1.299350510216773946e+00,-6.494897832260981829e-04,1.321632914903924372e-01,1.000000000000000000e+00
0.000000000000000000e+00,2.260000000000000000e+02,2.260000000000000231e+00,1.200000000000000000e+01,-4.023198423885697927e+00,5.744430404555066261e+00,1.299699062552991169e+00,-3.009374470088754805e-04,1.321632914903924372e-01,1.000000000000000000e+00
0.000000000000000000e+00,2.270000000000000000e+02,2.270000000000000018e+00,1.200000000000000000e+01,-4.025011755381050271e+00,5.746398790668189704e+00,1.300336712837508291e+00,3.367128375082462099e-04,1.321632914903924372e-01,1.000000000000000000e+00
0.000000000000000000e+00,2.280000000000000000e+02,2.280000000000000249e+00,1.199373993208544320e+01,-4.035020903324547881e+00,5.742694667373047679e+00,1.300305510933262632e+00,3.055109332625871588e-04,1.321632914903924372e-01,0.000000000000000000e+00
0.000000000000000000e+00,2.290000000000000000e+02,2.290000000000000036e+00,1.200000000000000000e+01,-4.031605677239439522e+00,5.748101220733399686e+00,1.298874739840209180e+00,-1.125260159790864023e-03,1.321632914903924372e-01,1.000000000000000000e+00
0.000000000000000000e+00,2.300000000000000000e+02,2.300000000000000266e+00,1.200000000000000000e+01,-4.030732241097890522e+00,5.751704288151179512e+00,1.299943079722890582e+00,-5.692027710946234720e-05,1.321632914903924372e-01,1.000000000000000000e+00
0.000000000000000000e+00,2.310000000000000000e+02,2.310000000000000053e+00,1.200000000000000000e+01,-4.030037808793784926e+00,5.755120563220213370e+00,1.300165821420976364e+00,1.658214209763197999e-04,1.321632914903924372e-01,1.000000000000000000e+00
0.000000000000000000e+00,2.320000000000000000e+02,2.319999999999999840e+00,1.199271949418479188e+01,-4.040657668210846154e+00,5.750737431749816331e+00,1.300368072918694384e+00,3.680729186943398901e-04,1.321632914903924372e-01,0.000000000000000000e+00
0.000000000000000000e+00,2.330000000000000000e+02,2.330000000000000071e+00,1.200000000000000000e+01,-4.036458254439908799e+00,5.756424993615284258e+00,1.298768752479493527e+00,-1.231247520506517645e-03,1.321632914903924372e-01,1.000000000000000000e+00
0.000000000000000000e+00,2.340000000000000000e+02,2.339999999999999858e+00,1.200000000000000000e+01,-4.038294430799224344e+00,5.757925537584211995e+00,1.299999067994474400e+00,-9.320055256445414216e-07,1.321632914903924372e-01,1.000000000000000000e+00
0.000000000000000000e+00,2.350000000000000000e+02,2.350000000000000089e+00,1.200000000000000000e+01,-4.028720757851798062e+00,5.767168651793331158e+00,1.299944987391488560e+00,-5.501260851148437325e-05,1.321632914903924372e-01,1.000000000000000000e+00
0.000000000000000000e+00,2.360000000000000000e+02,2.359999999999999876e+00,1.200000000000000000e+01,-4.027485046257511137e+00,5.770653123281973329e+00,1.301005701227363254e+00,1.005701227363209327e-03,1.321632914903924372e-01,1.000000000000000000e+00
0.000000000000000000e+00,2.370000000000000000e+02,2.370000000000000107e+00,1.199518503377370315e+01,-4.036422894864675648e+00,5.767123532435022959e+00,1.301247108018000365e+00,1.247108018000320229e-03,1.321632914903924372e-01,0.000000000000000000e+00
0.000000000000000000e+00,2.380000000000000000e+02,2.379999999999999893e+00,1.199612873485026476e+01,-4.041186605960631617e+00,5.766393061361561934e+00,1.300033369427811891e+00,3.336942781184681905e-05,1.321632914903924372e-01,0.000000000000000000e+00
0.000000000000000000e+00,2.390000000000000000e+02,2.390000000000000124e+00,1.199756356304546578e+01,-4.045487782436869573e+00,5.765924588134507367e+00,1.299771493871875183e+00,-2.285061281248612630e-04,1.321632914903924372e-01,0.000000000000000000e+00
0.000000000000000000e+00,2.400000000000000000e+02,2.399999999999999911e+00,1.200000000000000000e+01,-4.038997237208169722e+00,5.772781611897296550e+00,1.299598970000790832e+00,-4.010299992092125621e-04,1.323434492689986863e-01,1.000000000000000000e+00
0.000000000000000000e+00,2.410000000000000000e+02,2.410000000000000142e+00,1.200000000000000000e+01,-4.042885398929153773e+00,5.772489641162142249e+00,1.300576129829975169e+00,5.761298299751249630e-04,1.323434492689986863e-01,1.000000000000000000e+00
0.000000000000000000e+00,2.420000000000000000e+02,2.419999999999999929e+00,1.199376618293992003e+01,-4.052490357790504483e+00,5.768237299112036531e+00,1.300303314660409271e+00,3.033146604092262777e-04,1.323434492689986863e-01,0.000000000000000000e+00
0.000000000000000000e+00,2.430000000000000000e+02,2.430000000000000160e+00,1.200000000000000000e+01,-4.048720728993376206e+00,5.773081265360379355e+00,1.298876915646263841e+00,-1.123084353736203411e-03,1.323434492689986863e-01,1.000000000000000000e+00
0.000000000000000000e+00,2.440000000000000000e+02,2.439999999999999947e+00,1.200000000000000000e+01,-4.047422884514337404e+00,5.776186542621323916e+00,1.299940811106684135e+00,-5.918889331590904135e-05,1.323434492689986863e-01,1.000000000000000000e+00
0.000000000000000000e+00,2.450000000000000000e+02,2.450000000000000178e+00,1.200000000000000000e+01,-4.046432821791594137e+00,5.779033864477824523e+00,1.300169203735620949e+00,1.692037356209041832e-04,1.323434492689986863e-01,1.000000000000000000e+00
0.000000000000000000e+00,2.460000000000000000e+02,2.459999999999999964e+00,1.199275214106121190e+01,-4.056675799465605969e+00,5.774152378639800354e+00,1.300365257304248789e+00,3.652573042487450294e-04,1.323434492689986863e-01,0.000000000000000000e+00
0.000000000000000000e+00,2.470000000000000000e+02,2.470000000000000195e+00,1.200000000000000000e+01,-4.052155222013081648e+00,5.779321697765741561e+00,1.298771365675719380e+00,-1.228634324280664103e-03,1.323434492689986863e-01,1.000000000000000000e+00
0.000000000000000000e+00,2.480000000000000000e+02,2.479999999999999982e+00,1.200000000000000000e+01,-4.053264383065940279e+00,5.780596620749333781e+00,1.299996432648519384e+00,-3.567351480660008178e-06,1.323434492689986863e-01,1.000000000000000000e+00
0.000000000000000000e+00,2.490000000000000000e+02,2.490000000000000213e+00,1.200000000000000000e+01,-4.044668347142924780e+00,5.788465314245996751e+00,1.299980595267923311e+00,-1.940473207673321099e-05,1.323434492689986863e-01,1.000000000000000000e+00
0.000000000000000000e+00,2.500000000000000000e+02,2.500000000000000000e+00,1.200000000000000000e+01,-4.042464865627450443e+00,5.791919918329009320e+00,1.300913464508681283e+00,9.134645086812387405e-04,1.323434492689986863e-01,1.000000000000000000e+00
0.000000000000000000e+00,2.510000000000000000e+02,2.510000000000000231e+00,1.199542283863695680e+01,-4.050911627278641625e+00,5.788048119727265295e+00,1.301218120891815211e+00,1.218120891815166473e-03,1.323434492689986863e-01,0.000000000000000000e+00
0.000000000000000000e+00,2.520000000000000000e+02,2.520000000000000018e+00,1.199582846989603802e+01,-4.055737380104353029e+00,5.786612165416103792e+00,1.300044007690590586e+00,4.400769059054177035e-05,1.323434492689986863e-01,0.000000000000000000e+00
0.000000000000000000e+00,2.530000000000000000e+02,2.530000000000000249e+00,1.199868665536147461e+01,-4.058726118368228164e+00,5.786392578633351214e+00,1.299694748343474426e+00,-3.052516565256180314e-04,1.323434492689986863e-01,0.000000000000000000e+00
0.000000000000000000e+00,2.540000000000000000e+02,2.540000000000000036e+00,1.200000000000000000e+01,-4.053838747398188502e+00,5.791520526228009835e+00,1.299756120624260269e+00,-2.438793757397750284e-04,1.323434492689986863e-01,1.000000000000000000e+00
0.000000000000000000e+00,2.550000000000000000e+02,2.550000000000000266e+00,1.200000000000000000e+01,-4.056136225596043587e+00,5.791696297417257000e+00,1.300440956644952628e+00,4.409566449525836873e-04,1.323434492689986863e-01,1.000000000000000000e+00
0.000000000000000000e+00,2.560000000000000000e+02,2.560000000000000053e+00,1.199389208132180329e+01,-4.065368172823571769e+00,5.787091544942166266e+00,1.300295638957539968e+00,2.956389575399231973e-04,1.323434492689986863e-01,0.000000000000000000e+00
0.000000000000000000e+00,2.570000000000000000e+02,2.569999999999999840e+00,1.200000000000000000e+01,-4.061411054437575885e+00,5.791470659005424793e+00,1.298889932837580252e+00,-1.110067162419792197e-03,1.323434492689986863e-01,1.000000000000000000e+00
0.000000000000000000e+00,2.580000000000000000e+02,2.580000000000000071e+00,1.200000000000000000e+01,-4.059642409338390934e+00,5.794317316377998850e+00,1.299933226065085989e+00,-6.677393491405503312e-05,1.323434492689986863e-01,1.000000000000000000e+00
0.000000000000000000e+00,2.590000000000000000e+02,2.589999999999999858e+00,1.200000000000000000e+01,-4.058591350534967113e+00,5.796638155126962566e+00,1.300181267879544134e+00,1.812678795440891832e-04,1.323434492689986863e-01,1.000000000000000000e+00
0.000000000000000000e+00,2.600000000000000000e+02,2.600000000000000089e+00,1.199286762132687123e+01,-4.068489551095561652e+00,5.791434547330042371e+00,1.300357381721098715e+00,3.573817210986707238e-04,1.325892750811711596e-01,0.000000000000000000e+00
0.000000000000000000e+00,2.610000000000000000e+02,2.609999999999999876e+00,1.200000000000000000e+01,-4.063788878223793866e+00,5.796182514976529809e+00,1.298782691867002015e+00,-1.217308132998029535e-03,1.325892750811711596e-01,1.000000000000000000e+00
0.000000000000000000e+00,2.620000000000000000e+02,2.620000000000000107e+00,1.200000000000000000e+01,-4.064081683603372852e+00,5.797482443239314165e+00,1.299989635630228291e+00,-1.036436977175370089e-05,1.325892750811711596e-01,1.000000000000000000e+00
0.000000000000000000e+00,2.630000000000000000e+02,2.629999999999999893e+00,1.200000000000000000e+01,-4.059481737707029581e+00,5.802096842526628606e+00,1.300029445739407707e+00,2.944573940766304077e-05,1.325892750811711596e-01,1.000000000000000000e+00
0.000000000000000000e+00,2.640000000000000000e+02,2.640000000000000124e+00,1.199016669288889680e+01,-4.071262976482180385e+00,5.795474754941963624e+00,1.300547158736852893e+00,5.471587368528485484e-04,1.325892750811711596e-01,0.000000000000000000e+00
0.000000000000000000e+00,2.650000000000000000e+02,2.649999999999999911e+00,1.200000000000000000e+01,-4.065010831413663261e+00,5.801156691923961439e+00,1.298525848883494760e+00,-1.474151116505284520e-03,1.325892750811711596e-01,1.000000000000000000e+00
0.000000000000000000e+00,2.660000000000000000e+02,2.660000000000000142e+00,1.199731874037497903e+01,-4.071636327374392295e+00,5.798000366678461859e+00,1.300135191010859614e+00,1.351910108595699711e-04,1.325892750811711596e-01,0.000000000000000000e+00
0.000000000000000000e+00,2.670000000000000000e+02,2.669999999999999929e+00,1.200000000000000000e+01,-4.070375415844210032e+00,5.800208796604551686e+00,1.299294523035275706e+00,-7.054769647243386288e-04,1.325892750811711596e-01,1.000000000000000000e+00
0.000000000000000000e+00,2.680000000000000000e+02,2.680000000000000160e+00,1.200000000000000000e+01,-4.064897716524479065e+00,5.805272732731788565e+00,1.299733760139446082e+00,-2.662398605539628704e-04,1.325892750811711596e-01,1.000000000000000000e+00
0.000000000000000000e+00,2.690000000000000000e+02,2.689999999999999947e+00,1.200000000000000000e+01,-4.065715892026311451e+00,5.806002168165652400e+00,1.300330677588213302e+00,3.306775882132573230e-04,1.325892750811711596e-01,1.000000000000000000e+00
0.000000000000000000e+00,2.700000000000000000e+02,2.700000000000000178e+00,1.199370994439520999e+01,-4.074868054354129576e+00,5.801003060850961290e+00,1.300309371607299092e+00,3.093716072990471133e-04,1.325892750811711596e-01,0.000000000000000000e+00
0.000000000000000000e+00,2.710000000000000000e+02,2.709999999999999964e+00,1.200000000000000000e+01,-4.070561708295997505e+00,5.805182792140965553e+00,1.298873671488790515e+00,-1.126328511209528926e-03,1.325892750811711596e-01,1.000000000000000000e+00
0.000000000000000000e+00,2.720000000000000000e+02,2.720000000000000195e+00,1.200000000000000000e+01,-4.068979956183458313e+00,5.807472599425227422e+00,1.299948477275552072e+00,-5.152272444797212358e-05,1.325892750811711596e-01,1.000000000000000000e+00
0.000000000000000000e+00,2.730000000000000000e+02,2.729999999999999982e+00,1.200000000000000000e+01,-4.067314619712655066e+00,5.809793775472217980e+00,1.300158634982382155e+00,1.586349823821109339e-04,1.325892750811711596e-01,1.000000000000000000e+00
0.000000000000000000e+00,2.740000000000000000e+02,2.740000000000000213e+00,1.199263516359804704e+01,-4.077189463207545828e+00,5.804195348331773197e+00,1.300375782828957050e+00,3.757828289570053215e-04,1.325892750811711596e-01,0.000000000000000000e+00
0.000000000000000000e+00,2.750000000000000000e+02,2.750000000000000000e+00,1.200000000000000000e+01,-4.072139556663479709e+00,5.808781255156227452e+00,1.298762538078030104e+00,-1.237461921969940093e-03,1.325892750811711596e-01,1.000000000000000000e+00
0.000000000000000000e+00,2.760000000000000000e+02,2.760000000000000231e+00,1.200000000000000000e+01,-4.074770212118196788e+00,5.808089259124002979e+00,1.300007471598310094e+00,7.471598310049287761e-06,1.325892750811711596e-01,1.000000000000000000e+00
0.000000000000000000e+00,2.770000000000000000e+02,2.770000000000000018e+00,1.200000000000000000e+01,-4.078710183675598344e+00,5.806477836753650479e+00,1.299800237658671698e+00,-1.997623413283466931e-04,1.325892750811711596e-01,1.000000000000000000e+00
0.000000000000000000e+00,2.780000000000000000e+02,2.780000000000000249e+00,1.200000000000000000e+01,-4.070111598970157729e+00,5.813419910210408048e+00,1.299463550813638069e+00,-5.364491863619758050e-04,1.325892750811711596e-01,1.000000000000000000e+00
0.000000000000000000e+00,2.790000000000000000e+02,2.790000000000000036e+00,1.200000000000000000e+01,-4.071067318328207563e+00,5.813804014822218313e+00,1.300354664675392735e+00,3.546646753926907536e-04,1.325892750811711596e-01,1.000000000000000000e+00
0.000000000000000000e+00,2.800000000000000000e+02,2.800000000000000266e+00,1.199376421695014905e+01,-4.080065411917600748e+00,5.808663859677952956e+00,1.300308411461909230e+00,3.084114619091860021e-04,1.326972635282154533e-01,0.000000000000000000e+00
0.000000000000000000e+00,2.810000000000000000e+02,2.810000000000000053e+00,1.200000000000000000e+01,-4.075670784606621133e+00,5.812663393234979381e+00,1.298881679094313402e+00,-1.118320905686642774e-03,1.326972635282154533e-01,1.000000000000000000e+00
0.000000000000000000e+00,2.820000000000000000e+02,2.819999999999999840e+00,1.200000000000000000e+01,-4.073968231300680642e+00,5.814800298526452416e+00,1.299949017525751316e+00,-5.098247424872859312e-05,1.326972635282154533e-01,1.000000000000000000e+00
0.000000000000000000e+00,2.830000000000000000e+02,2.830000000000000071e+00,1.200000000000000000e+01,-4.072196137214448619e+00,5.816964024767902863e+00,1.300160265923649749e+00,1.602659236497050443e-04,1.326972635282154533e-01,1.000000000000000000e+00
0.000000000000000000e+00,2.840000000000000000e+02,2.839999999999999858e+00,1.199264809159018164e+01,-4.081956128140852513e+00,5.811218183320573161e+00,1.300377358977858888e+00,3.773589778588437582e-04,1.326972635282154533e-01,0.000000000000000000e+00
0.000000000000000000e+00,2.850000000000000000e+02,2.850000000000000089e+00,1.200000000000000000e+01,-4.076799082711860756e+00,5.815656821824544132e+00,1.298766252574469870e+00,-1.233747425530173913e-03,1.326972635282154533e-01,1.000000000000000000e+00
0.000000000000000000e+00,2.860000000000000000e+02,2.859999999999999876e+00,1.200000000000000000e+01,-4.079513707986881954e+00,5.814691265900435724e+00,1.300010402270455501e+00,1.040227045545627504e-05,1.326972635282154533e-01,1.000000000000000000e+00
0.000000000000000000e+00,2.870000000000000000e+02,2.870000000000000107e+00,1.200000000000000000e+01,-4.083099385511508750e+00,5.813110686223130763e+00,1.299785062851087636e+00,-2.149371489124085599e-04,1.326972635282154533e-01,1.000000000000000000e+00
0.000000000000000000e+00,2.880000000000000000e+02,2.879999999999999893e+00,1.200000000000000000e+01,-4.074470571446508593e+00,5.819866915186620915e+00,1.299473433912074594e+00,-5.265660879254507876e-04,1.326972635282154533e-01,1.000000000000000000e+00
0.000000000000000000e+00,2.890000000000000000e+02,2.890000000000000124e+00,1.200000000000000000e+01,-4.075344312071368158e+00,5.820104663568939074e+00,1.300358102258783788e+00,3.581022587837434656e-04,1.326972635282154533e-01,1.000000000000000000e+00
0.000000000000000000e+00,2.900000000000000000e+02,2.899999999999999911e+00,1.199376377608913025e+01,-4.084251004368947946e+00,5.814828904774196339e+00,1.300310638096554339e+00,3.106380965542943073e-04,1.326972635282154533e-01,0.000000000000000000e+00
0.000000000000000000e+00,2.910000000000000000e+02,2.910000000000000142e+00,1.200000000000000000e+01,-4.079753235954613366e+00,5.818705563290864191e+00,1.298883754327720297e+00,-1.116245672279747581e-03,1.326972635282154533e-01,1.000000000000000000e+00
0.000000000000000000e+00,2.920000000000000000e+02,2.919999999999999929e+00,1.200000000000000000e+01,-4.078040504099812225e+00,5.820660055477254069e+00,1.299952420317146196e+00,-4.757968285384883700e-05,1.326972635282154533e-01,1.000000000000000000e+00
0.000000000000000000e+00,2.930000000000000000e+02,2.930000000000000160e+00,1.200000000000000000e+01,-4.076082429026344656e+00,5.822765697612178215e+00,1.300156024252080655e+00,1.560242520806109923e-04,1.326972635282154533e-01,1.000000000000000000e+00
0.000000000000000000e+00,2.940000000000000000e+02,2.939999999999999947e+00,1.199260007148428109e+01,-4.085792916967754707e+00,5.816872017671130379e+00,1.300382886107516622e+00,3.828861075165779226e-04,1.326972635282154533e-01,0.000000000000000000e+00
0.000000000000000000e+00,2.950000000000000000e+02,2.950000000000000178e+00,1.200000000000000000e+01,-4.080512144067050428e+00,5.821217951230424958e+00,1.298763760557896330e+00,-1.236239442103714836e-03,1.326972635282154533e-01,1.000000000000000000e+00
0.000000000000000000e+00,2.960000000000000000e+02,2.959999999999999964e+00,1.200000000000000000e+01,-4.083479985513831068e+00,5.819905379728351313e+00,1.300016502418187780e+00,1.650241818773601210e-05,1.326972635282154533e-01,1.000000000000000000e+00
0.000000000000000000e+00,2.970000000000000000e+02,2.970000000000000195e+00,1.200000000000000000e+01,-4.086576923364495073e+00,5.818489069377934086e+00,1.299758401403505736e+00,-2.415985964943079267e-04,1.326972635282154533e-01,1.000000000000000000e+00
0.000000000000000000e+00,2.980000000000000000e+02,2.979999999999999982e+00,1.200000000000000000e+01,-4.077972597627795182e+00,5.825062473910473493e+00,1.299486904779554752e+00,-5.130952204452920995e-04,1.326972635282154533e-01,1.000000000000000000e+00
0.000000000000000000e+00,2.990000000000000000e+02,2.990000000000000213e+00,1.200000000000000000e+01,-4.078784003052277285e+00,5.825180074971178179e+00,1.300361605308497648e+00,3.616053084976034171e-04,1.326972635282154533e-01,1.000000000000000000e+00
0.000000000000000000e+00,3.000000000000000000e+02,3.000000000000000000e+00,1.199376385168949533e+01,-4.087616213626691142e+00,5.819795650182069124e+00,1.300312815264262900e+00,3.128152642628556634e-04,1.327676427175476237e-01,0.000000000000000000e+00
0.000000000000000000e+00,3.010000000000000000e+02,3.010000000000000231e+00,1.200000000000000000e+01,-4.083033212514651566e+00,5.823574782775960301e+00,1.298885933300451434e+00,-1.114066699548610373e-03,1.327676427175476237e-01,1.000000000000000000e+00
0.000000000000000000e+00,3.020000000000000000e+02,3.020000000000000018e+00,1.200000000000000000e+01,-4.081331409546922195e+00,5.825369231242782497e+00,1.299955837083853982e+00,-4.416291614606215887e-05,1.327676427175476237e-01,1.000000000000000000e+00
0.000000000000000000e+00,3.030000000000000000e+02,3.030000000000000249e+00,1.200000000000000000e+01,-4.079196240329145517e+00,5.827446740757040722e+00,1.300151406972443358e+00,1.514069724433131370e-04,1.327676427175476237e-01,1.000000000000000000e+00
0.000000000000000000e+00,3.040000000000000000e+02,3.040000000000000036e+00,1.199254609795026560e+01,-4.088877311670827019e+00,5.821426805731950260e+00,1.300388810858364774e+00,3.888108583647298389e-04,1.327676427175476237e-01,0.000000000000000000e+00
0.000000000000000000e+00,3.050000000000000000e+02,3.050000000000000266e+00,1.200000000000000000e+01,-4.083485490285055697e+00,5.825705843301990150e+00,1.298760749904132039e+00,-1.239250095868005275e-03,1.327676427175476237e-01,1.000000000000000000e+00
0.000000000000000000e+00,3.060000000000000000e+02,3.060000000000000053e+00,1.200000000000000000e+01,-4.086676513862568250e+00,5.824100578788958593e+00,1.300022977996538209e+00,2.297799653816490206e-05,1.327676427175476237e-01,1.000000000000000000e+00
0.000000000000000000e+00,3.070000000000000000e+02,3.070000000000000284e+00,1.200000000000000000e+01,-4.089384989747633981e+00,5.822813025720647850e+00,1.299736601226636257e+00,-2.633987733637876971e-04,1.327676427175476237e-01,1.000000000000000000e+00
0.000000000000000000e+00,3.080000000000000000e+02,3.080000000000000071e+00,1.200000000000000000e+01,-4.080788048693960945e+00,5.829247594888925299e+00,1.299496921250965276e+00,-5.030787490347687907e-04,1.327676427175476237e-01,1.000000000000000000e+00
0.000000000000000000e+00,3.090000000000000000e+02,3.089999999999999858e+00,1.200000000000000000e+01,-4.081547887824962473e+00,5.829269339510428694e+00,1.300364801093430556e+00,3.648010934305112585e-04,1.327676427175476237e-01,1.000000000000000000e+00
0.000000000000000000e+00,3.100000000000000000e+02,3.100000000000000089e+00,1.199376290682929813e+01,-4.090321505826481463e+00,5.823796602265742806e+00,1.300315075307920010e+00,3.150753079199652973e-04,1.327676427175476237e-01,0.000000000000000000e+00
0.000000000000000000e+00,3.110000000000000000e+02,3.109999999999999876e+00,1.200000000000000000e+01,-4.085667000286465900e+00,5.827499298114894088e+00,1.298887970113582480e+00,-1.112029886417564839e-03,1.327676427175476237e-01,1.000000000000000000e+00
0.000000000000000000e+00,3.120000000000000000e+02,3.120000000000000107e+00,1.200000000000000000e+01,-4.083994704598135073e+00,5.829150828463760980e+00,1.299959252963119871e+00,-4.074703688017322634e-05,1.327676427175476237e-01,1.000000000000000000e+00
0.000000000000000000e+00,3.130000000000000000e+02,3.129999999999999893e+00,1.200000000000000000e+01,-4.081687003001903236e+00,5.831226284947160110e+00,1.300146329146729451e+00,1.463291467294070003e-04,1.327676427175476237e-01,1.000000000000000000e+00
0.000000000000000000e+00,3.140000000000000000e+02,3.140000000000000124e+00,1.199248662085727801e+01,-4.091356569738101356e+00,5.825096463892719179e+00,1.300395160594596033e+00,3.951605945959890676e-04,1.327676427175476237e-01,0.000000000000000000e+00
0.000000000000000000e+00,3.150000000000000000e+02,3.149999999999999911e+00,1.200000000000000000e+01,-4.085863902983255969e+00,5.829329563320171381e+00,1.298757197047557987e+00,-1.242802952442056963e-03,1.327676427175476237e-01,1.000000000000000000e+00
0.000000000000000000e+00,3.160000000000000000e+02,3.160000000000000142e+00,1.200000000000000000e+01,-4.089259345057496553e+00,5.827471806937687404e+00,1.300029707228937514e+00,2.970722893747002047e-05,1.327676427175476237e-01,1.000000000000000000e+00
0.000000000000000000e+00,3.170000000000000000e+02,3.169999999999999929e+00,1.200000000000000000e+01,-4.091647342614709970e+00,5.826293297733908361e+00,1.299718143642137225e+00,-2.818563578628197064e-04,1.327676427175476237e-01,1.000000000000000000e+00
0.000000000000000000e+00,3.180000000000000000e+02,3.180000000000000160e+00,1.200000000000000000e+01,-4.083050847769240654e+00,5.832619930048200452e+00,1.299504841877688888e+00,-4.951581223111567454e-04,1.327676427175476237e-01,1.000000000000000000e+00
0.000000000000000000e+00,3.190000000000000000e+02,3.189999999999999947e+00,1.200000000000000000e+01,-4.083768800854702619e+00,5.832564830617580576e+00,1.300367772461746618e+00,3.677724617465738532e-04,1.327676427175476237e-01,1.000000000000000000e+00
0.000000000000000000e+00,3.200000000000000000e+02,3.200000000000000178e+00,1.199376178560806672e+01,-4.092495166934517314e+00,5.827020999215525521e+00,1.300317332877020560e+00,3.173328770205152694e-04,1.328133223307514932e-01,0.000000000000000000e+00
0.000000000000000000e+00,3.210000000000000000e+02,3.209999999999999964e+00,1.200000000000000000e+01,-4.087780465433015209e+00,5.830663907675981861e+00,1.298890019464990608e+00,-1.109980535009436053e-03,1.328133223307514932e-01,1.000000000000000000e+00
0.000000000000000000e+00,3.220000000000000000e+02,3.220000000000000195e+00,1.200000000000000000e+01,-4.086154645959086729e+00,5.832184783287503116e+00,1.299962701875673421e+00,-3.729812432662349408e-05,1.328133223307514932e-01,1.000000000000000000e+00
0.000000000000000000e+00,3.230000000000000000e+02,3.229999999999999982e+00,1.200000000000000000e+01,-4.083673713057085486e+00,5.834282031982064076e+00,1.300140710476173744e+00,1.407104761736999166e-04,1.328133223307514932e-01,1.000000000000000000e+00
0.000000000000000000e+00,3.240000000000000000e+02,3.240000000000000213e+00,1.199241860019134620e+01,-4.093348173443933646e+00,5.828054013789916610e+00,1.300402104427495376e+00,4.021044274953311515e-04,1.328133223307514932e-01,0.000000000000000000e+00
0.000000000000000000e+00,3.250000000000000000e+02,3.250000000000000000e+00,1.200000000000000000e+01,-4.087760323910790028e+00,5.832259663568168939e+00,1.298752869649834274e+00,-1.247130350165770452e-03,1.328133223307514932e-01,1.000000000000000000e+00
0.000000000000000000e+00,3.260000000000000000e+02,3.260000000000000231e+00,1.200000000000000000e+01,-4.091357494622756441e+00,5.830173163013343540e+00,1.300036936914627628e+00,3.693691462758330601e-05,1.328133223307514932e-01,1.000000000000000000e+00
0.000000000000000000e+00,3.270000000000000000e+02,3.270000000000000018e+00,1.200000000000000000e+01,-4.093464757040788271e+00,5.829097958842592853e+00,1.299701450959189764e+00,-2.985490408102808857e-04,1.328133223307514932e-01,1.000000000000000000e+00
0.000000000000000000e+00,3.280000000000000000e+02,3.280000000000000249e+00,1.200000000000000000e+01,-4.084867613802026121e+00,5.835338344796305421e+00,1.299511612585551035e+00,-4.883874144490096825e-04,1.328133223307514932e-01,1.000000000000000000e+00
0.000000000000000000e+00,3.290000000000000000e+02,3.290000000000000036e+00,1.200000000000000000e+01,-4.085551953250857515e+00,5.835221270900100343e+00,1.300370655207889969e+00,3.706552078899250091e-04,1.328133223307514932e-01,1.000000000000000000e+00
0.000000000000000000e+00,3.300000000000000000e+02,3.300000000000000266e+00,1.199376027912632381e+01,-4.094241152453151678e+00,5.829619646797527643e+00,1.300319628654629467e+00,3.196286546294224706e-04,1.328133223307514932e-01,0.000000000000000000e+00
0.000000000000000000e+00,3.310000000000000000e+02,3.310000000000000053e+00,1.200000000000000000e+01,-4.089475364827815262e+00,5.833216257179730135e+00,1.298892006717651260e+00,-1.107993282348784803e-03,1.328133223307514932e-01,1.000000000000000000e+00
0.000000000000000000e+00,3.320000000000000000e+02,3.320000000000000284e+00,1.200000000000000000e+01,-4.087910251514054849e+00,5.834616047528179195e+00,1.299966131865658348e+00,-3.386813434169688719e-05,1.328133223307514932e-01,1.000000000000000000e+00
0.000000000000000000e+00,3.330000000000000000e+02,3.330000000000000071e+00,1.200000000000000000e+01,-4.085253233892483848e+00,5.836755934958258507e+00,1.300134559109942245e+00,1.345591099422005499e-04,1.328133223307514932e-01,1.000000000000000000e+00
0.000000000000000000e+00,3.340000000000000000e+02,3.339999999999999858e+00,1.199234250749275610e+01,-4.094947430415734502e+00,5.830438085745892174e+00,1.300409657577938027e+00,4.096575779379829640e-04,1.328133223307514932e-01,0.000000000000000000e+00
0.000000000000000000e+00,3.350000000000000000e+02,3.350000000000000089e+00,1.200000000000000000e+01,-4.089268613504970062e+00,5.834631480760239519e+00,1.298747779307825923e+00,-1.252220692174121908e-03,1.328133223307514932e-01,1.000000000000000000e+00
0.000000000000000000e+00,3.360000000000000000e+02,3.359999999999999876e+00,1.200000000000000000e+01,-4.093064139523192146e+00,5.832336254218087213e+00,1.300044580515457682e+00,4.458051545763730417e-05,1.328133223307514932e-01,1.000000000000000000e+00
0.000000000000000000e+00,3.370000000000000000e+02,3.370000000000000107e+00,1.200000000000000000e+01,-4.094923894084530502e+00,5.831358959696848920e+00,1.299686312075386541e+00,-3.136879246135038102e-04,1.328133223307514932e-01,1.000000000000000000e+00
0.000000000000000000e+00,3.380000000000000000e+02,3.379999999999999893e+00,1.200000000000000000e+01,-4.086325734973764945e+00,5.837530276789141936e+00,1.299517472725000289e+00,-4.825272749997555621e-04,1.328133223307514932e-01,1.000000000000000000e+00
0.000000000000000000e+00,3.390000000000000000e+02,3.390000000000000124e+00,1.200000000000000000e+01,-4.086983216978479660e+00,5.837363196677300081e+00,1.300373434586554300e+00,3.734345865542554321e-04,1.328133223307514932e-01,1.000000000000000000e+00
0.000000000000000000e+00,3.400000000000000000e+02,3.399999999999999911e+00,1.199375876965298993e+01,-4.095642523933880064e+00,5.831714999652076514e+00,1.300321916661745014e+00,3.219166617449698009e-04,1.328429649345913843e-01,0.000000000000000000e+00
0.000000000000000000e+00,3.410000000000000000e+02,3.410000000000000142e+00,1.200000000000000000e+01,-4.090833096124288915e+00,5.835276031505390648e+00,1.298894014353394244e+00,-1.105985646605800454e-03,1.328429649345913843e-01,1.000000000000000000e+00
0.000000000000000000e+00,3.420000000000000000e+02,3.419999999999999929e+00,1.200000000000000000e+01,-4.089342745338577778e+00,5.836560600489810291e+00,1.299969574014487872e+00,-3.042598551217245983e-05,1.328429649345913843e-01,1.000000000000000000e+00
0.000000000000000000e+00,3.430000000000000000e+02,3.430000000000000160e+00,1.200000000000000000e+01,-4.086501418910168049e+00,5.838763906020538741e+00,1.300127748674510419e+00,1.277486745103750820e-04,1.328429649345913843e-01,1.000000000000000000e+00
0.000000000000000000e+00,3.440000000000000000e+02,3.439999999999999947e+00,1.199225477407398444e+01,-4.096230380931104698e+00,5.832360797014645826e+00,1.300418049258707853e+00,4.180492587078088462e-04,1.328429649345913843e-01,0.000000000000000000e+00
0.000000000000000000e+00,3.450000000000000000e+02,3.450000000000000178e+00,1.200000000000000000e+01,-4.090461043736935309e+00,5.836556132489232773e+00,1.298741630681399917e+00,-1.258369318600127684e-03,1.328429649345913843e-01,1.000000000000000000e+00
0.000000000000000000e+00,3.460000000000000000e+02,3.459999999999999964e+00,1.200000000000000000e+01,-4.094459919630208944e+00,5.834062969795446918e+00,1.300052887330300333e+00,5.288733030028858195e-05,1.328429649345913843e-01,1.000000000000000000e+00
0.000000000000000000e+00,3.470000000000000000e+02,3.470000000000000195e+00,1.200000000000000000e+01,-4.096092880071282138e+00,5.833183320734489641e+00,1.299671996082229830e+00,-3.280039177702143149e-04,1.328429649345913843e-01,1.000000000000000000e+00
0.000000000000000000e+00,3.480000000000000000e+02,3.479999999999999982e+00,1.200000000000000000e+01,-4.087494624348758876e+00,5.839298520086866340e+00,1.299522761173002694e+00,-4.772388269973504293e-04,1.328429649345913843e-01,1.000000000000000000e+00
0.000000000000000000e+00,3.490000000000000000e+02,3.490000000000000213e+00,1.200000000000000000e+01,-4.088130778668387144e+00,5.839090961999083618e+00,1.300376170907519224e+00,3.761709075191799201e-04,1.328429649345913843e-01,1.000000000000000000e+00
0.000000000000000000e+00,3.500000000000000000e+02,3.500000000000000000e+00,1.199375705371723555e+01,-4.096766693317197117e+00,5.833404824396434485e+00,1.300324227672392752e+00,3.242276723927073334e-04,1.328429649345913843e-01,0.000000000000000000e+00
0.000000000000000000e+00,3.510000000000000000e+02,3.510000000000000231e+00,1.200000000000000000e+01,-4.091919589165473603e+00,5.836938966958771680e+00,1.298895987080036285e+00,-1.104012919963759387e-03,1.328429649345913843e-01,1.000000000000000000e+00
0.000000000000000000e+00,3.520000000000000000e+02,3.520000000000000018e+00,1.200000000000000000e+01,-4.090516950649678130e+00,5.838111954621932220e+00,1.299972998777321642e+00,-2.700122267840221468e-05,1.328429649345913843e-01,1.000000000000000000e+00
0.000000000000000000e+00,3.530000000000000000e+02,3.530000000000000249e+00,1.200000000000000000e+01,-4.087479673929711232e+00,5.840398877411129064e+00,1.300120222078728016e+00,1.202220787279717484e-04,1.328429649345913843e-01,1.000000000000000000e+00
0.000000000000000000e+00,3.540000000000000000e+02,3.540000000000000036e+00,1.199215394549012359e+01,-4.097258683708432159e+00,5.833912044609467884e+00,1.300427424107763796e+00,4.274241077637519481e-04,1.328429649345913843e-01,0.000000000000000000e+00
0.000000000000000000e+00,3.550000000000000000e+02,3.550000000000000266e+00,1.200000000000000000e+01,-4.091397426557553452e+00,5.838121985038582373e+00,1.298734274666046185e+00,-1.265725333953859888e-03,1.328429649345913843e-01,1.000000000000000000e+00
0.000000000000000000e+00,3.560000000000000000e+02,3.560000000000000053e+00,1.199994397634778132e+01,-4.095605204347060990e+00,5.835438556579815028e+00,1.300061899805035726e+00,6.189980503568115466e-05,1.328429649345913843e-01,0.000000000000000000e+00
0.000000000000000000e+00,3.570000000000000000e+02,3.570000000000000284e+00,1.200000000000000000e+01,-4.096967537554386141e+00,5.834697769204184148e+00,1.299653055477708374e+00,-3.469445222916700544e-04,1.328429649345913843e-01,1.000000000000000000e+00
0.000000000000000000e+00,3.580000000000000000e+02,3.580000000000000071e+00,1.200000000000000000e+01,-4.088429999644676016e+00,5.840726208837359934e+00,1.299533546218205160e+00,-4.664537817948843923e-04,1.328429649345913843e-01,1.000000000000000000e+00
0.000000000000000000e+00,3.590000000000000000e+02,3.589999999999999858e+00,1.200000000000000000e+01,-4.089050338894476333e+00,5.840485144909767001e+00,1.300378941203924388e+00,3.789412039243433838e-04,1.328429649345913843e-01,1.000000000000000000e+00
0.000000000000000000e+00,3.600000000000000000e+02,3.600000000000000089e+00,1.199375551123822170e+01,-4.097667452485213246e+00,5.834768427857151885e+00,1.300326523141030810e+00,3.265231410307656290e-04,1.328622006628449592e-01,0.000000000000000000e+00
0.000000000000000000e+00,3.610000000000000000e+02,3.609999999999999876e+00,1.200000000000000000e+01,-4.092787656637812077e+00,5.838282524793045880e+00,1.298897991509031957e+00,-1.102008490968087173e-03,1.328622006628449592e-01,1.000000000000000000e+00
0.000000000000000000e+00,3.620000000000000000e+02,3.620000000000000107e+00,1.200000000000000000e+01,-4.091486181498622976e+00,5.839344766169575429e+00,1.299976417968655262e+00,-2.358203134478209506e-05,1.328622006628449592e-01,1.000000000000000000e+00
0.000000000000000000e+00,3.630000000000000000e+02,3.629999999999999893e+00,1.200000000000000000e+01,-4.088235215150623603e+00,5.841737268600899924e+00,1.300111829649695183e+00,1.118296496951387553e-04,1.328622006628449592e-01,1.000000000000000000e+00
0.000000000000000000e+00,3.640000000000000000e+02,3.640000000000000124e+00,1.199203529613037844e+01,-4.098081422974589216e+00,5.835164608458200952e+00,1.300438120106900630e+00,4.381201069005857818e-04,1.328622006628449592e-01,0.000000000000000000e+00
0.000000000000000000e+00,3.650000000000000000e+02,3.649999999999999911e+00,1.200000000000000000e+01,-4.092123230603958994e+00,5.839401988017465683e+00,1.298725309948963513e+00,-1.274690051036531102e-03,1.328622006628449592e-01,1.000000000000000000e+00
0.000000000000000000e+00,3.660000000000000000e+02,3.660000000000000142e+00,1.199960827923767681e+01,-4.096551745099809239e+00,5.836529408636853766e+00,1.300071914093622327e+00,7.191409362228284863e-05,1.328622006628449592e-01,0.000000000000000000e+00
0.000000000000000000e+00,3.670000000000000000e+02,3.669999999999999929e+00,1.200000000000000000e+01,-4.097366131226073627e+00,5.836126242781241480e+00,1.299607868018505030e+00,-3.921319814950141591e-04,1.328622006628449592e-01,1.000000000000000000e+00
0.000000000000000000e+00,3.680000000000000000e+02,3.680000000000000160e+00,1.200000000000000000e+01,-4.089182916722030825e+00,5.841875866932133121e+00,1.299572195177748357e+00,-4.278048222516872556e-04,1.328622006628449592e-01,1.000000000000000000e+00
0.000000000000000000e+00,3.690000000000000000e+02,3.689999999999999947e+00,1.200000000000000000e+01,-4.089785575582054911e+00,5.841611204132644453e+00,1.300381192666603125e+00,3.811926666030807098e-04,1.328622006628449592e-01,1.000000000000000000e+00
0.000000000000000000e+00,3.700000000000000000e+02,3.700000000000000178e+00,1.199375309342967988e+01,-4.098388630580684477e+00,5.835869134729834151e+00,1.300328876787284482e+00,3.288767872844378104e-04,1.328622006628449592e-01,0.000000000000000000e+00
0.000000000000000000e+00,3.710000000000000000e+02,3.709999999999999964e+00,1.200000000000000000e+01,-4.093479549981275056e+00,5.839369126384749364e+00,1.298899894124849075e+00,-1.100105875150969581e-03,1.328622006628449592e-01,1.000000000000000000e+00
0.000000000000000000e+00,3.720000000000000000e+02,3.720000000000000195e+00,1.200000000000000000e+01,-4.092295433333081434e+00,5.840317637622943536e+00,1.299979861749743559e+00,-2.013825025648507960e-05,1.328622006628449592e-01,1.000000000000000000e+00
0.000000000000000000e+00,3.730000000000000000e+02,3.729999999999999982e+00,1.200000000000000000e+01,-4.088802801417918964e+00,5.842842785761378721e+00,1.300102243992169448e+00,1.022439921694040521e-04,1.328622006628449592e-01,1.000000000000000000e+00
0.000000000000000000e+00,3.740000000000000000e+02,3.740000000000000213e+00,1.199189126282957396e+01,-4.098738289387459766e+00,5.836176956329341081e+00,1.300450726339216212e+00,4.507263392161675597e-04,1.328622006628449592e-01,0.000000000000000000e+00
0.000000000000000000e+00,3.750000000000000000e+02,3.750000000000000000e+00,1.200000000000000000e+01,-4.092673500839116407e+00,5.840455968663083475e+00,1.298714039694478739e+00,-1.285960305521305358e-03,1.328622006628449592e-01,1.000000000000000000e+00
0.000000000000000000e+00,3.760000000000000000e+02,3.760000000000000231e+00,1.199925117092707083e+01,-4.097341772111957603e+00,5.837388654085755135e+00,1.300083323048290662e+00,8.332304829061776275e-05,1.328622006628449592e-01,0.000000000000000000e+00
0.000000000000000000e+00,3.770000000000000000e+02,3.770000000000000018e+00,1.200000000000000000e+01,-4.097618165780628985e+00,5.837323573045306802e+00,1.299560519908288914e+00,-4.394800917111307825e-04,1.328622006628449592e-01,1.000000000000000000e+00
0.000000000000000000e+00,3.780000000000000000e+02,3.780000000000000249e+00,1.200000000000000000e+01,-4.089802406050436545e+00,5.842792492681713412e+00,1.299610070297931852e+00,-3.899297020681924408e-04,1.328622006628449592e-01,1.000000000000000000e+00
0.000000000000000000e+00,3.790000000000000000e+02,3.790000000000000036e+00,1.200000000000000000e+01,-4.090371385890998468e+00,5.842522138023925393e+00,1.300381707422326061e+00,3.817074223260163990e-04,1.328622006628449592e-01,1.000000000000000000e+00
0.000000000000000000e+00,3.800000000000000000e+02,3.800000000000000266e+00,1.199374822434839061e+01,-4.098965199669014403e+00,5.836758229512792440e+00,1.300331379532713161e+00,3.313795327131163759e-04,1.328746873123440031e-01,0.000000000000000000e+00
0.000000000000000000e+00,3.810000000000000000e+02,3.810000000000000053e+00,1.200000000000000000e+01,-4.094028351127221299e+00,5.840249726544176845e+00,1.298901552969344397e+00,-1.098447030655647083e-03,1.328746873123440031e-01,1.000000000000000000e+00
0.000000000000000000e+00,3.820000000000000000e+02,3.820000000000000284e+00,1.200000000000000000e+01,-4.092986405028627317e+00,5.841074039282579733e+00,1.299983448843252898e+00,-1.655115674714657814e-05,1.328746873123440031e-01,1.000000000000000000e+00
0.000000000000000000e+00,3.830000000000000000e+02,3.830000000000000071e+00,1.200000000000000000e+01,-4.089200483037457978e+00,5.843773525554932569e+00,1.300090666709526666e+00,9.066670952662114757e-05,1.328746873123440031e-01,1.000000000000000000e+00
0.000000000000000000e+00,3.840000000000000000e+02,3.839999999999999858e+00,1.199170253935553276e+01,-4.099260255530932540e+00,5.836996818257622621e+00,1.300466691080852222e+00,4.666910808521773646e-04,1.328746873123440031e-01,0.000000000000000000e+00
0.000000000000000000e+00,3.850000000000000000e+02,3.850000000000000089e+00,1.200000000000000000e+01,-4.093068416233305307e+00,5.841337555250378344e+00,1.298698745068106453e+00,-1.301254931893591760e-03,1.328746873123440031e-01,1.000000000000000000e+00
0.000000000000000000e+00,3.860000000000000000e+02,3.859999999999999876e+00,1.199884279660902919e+01,-4.098015778959443800e+00,5.838054564245980238e+00,1.300097228955807038e+00,9.722895580699386642e-05,1.328746873123440031e-01,0.000000000000000000e+00
0.000000000000000000e+00,3.870000000000000000e+02,3.870000000000000107e+00,1.200000000000000000e+01,-4.097725664887440722e+00,5.838352925730311505e+00,1.299507225216503858e+00,-4.927747834961859752e-04,1.328746873123440031e-01,1.000000000000000000e+00
0.000000000000000000e+00,3.880000000000000000e+02,3.879999999999999893e+00,1.200000000000000000e+01,-4.090322924108535041e+00,5.843515672025524132e+00,1.299649922122356749e+00,-3.500778776432955652e-04,1.328746873123440031e-01,1.000000000000000000e+00
0.000000000000000000e+00,3.890000000000000000e+02,3.890000000000000124e+00,1.200000000000000000e+01,-4.090835893919638977e+00,5.843260501421096542e+00,1.300379993321187477e+00,3.799933211874328975e-04,1.328746873123440031e-01,1.000000000000000000e+00
0.000000000000000000e+00,3.900000000000000000e+02,3.899999999999999911e+00,1.199374009107103589e+01,-4.099425478307111348e+00,5.837476814205138531e+00,1.300334097531015143e+00,3.340975310150984257e-04,1.328746873123440031e-01,0.000000000000000000e+00
0.000000000000000000e+00,3.910000000000000000e+02,3.910000000000000142e+00,1.200000000000000000e+01,-4.094461231922939426e+00,5.840964923233340045e+00,1.298902877630336183e+00,-1.097122369663861008e-03,1.328746873123440031e-01,1.000000000000000000e+00
0.000000000000000000e+00,3.920000000000000000e+02,3.919999999999999929e+00,1.200000000000000000e+01,-4.093595782503689051e+00,5.841646797476769848e+00,1.299987219548672801e+00,-1.278045132724336952e-05,1.328746873123440031e-01,1.000000000000000000e+00
0.000000000000000000e+00,3.930000000000000000e+02,3.930000000000000160e+00,1.200000000000000000e+01,-4.089430034227795829e+00,5.844584966871367193e+00,1.300076147928451720e+00,7.614792845167528412e-05,1.328746873123440031e-01,1.000000000000000000e+00
0.000000000000000000e+00,3.940000000000000000e+02,3.939999999999999947e+00,1.199143856313329337e+01,-4.099670808552904333e+00,5.837663603594487327e+00,1.300488429471739149e+00,4.884294717391046703e-04,1.328746873123440031e-01,0.000000000000000000e+00
0.000000000000000000e+00,3.950000000000000000e+02,3.950000000000000178e+00,1.200000000000000000e+01,-4.093315922713833821e+00,5.842095609034338999e+00,1.298676759385417601e+00,-1.323240614582443797e-03,1.328746873123440031e-01,1.000000000000000000e+00
0.000000000000000000e+00,3.960000000000000000e+02,3.959999999999999964e+00,1.199834572074288097e+01,-4.098608132372773660e+00,5.838556763303107466e+00,1.300115333091021785e+00,1.153330910217409411e-04,1.328746873123440031e-01,0.000000000000000000e+00
0.000000000000000000e+00,3.970000000000000000e+02,3.970000000000000195e+00,1.200000000000000000e+01,-4.097686670424385724e+00,5.839267644242877253e+00,1.299443493027527596e+00,-5.565069724724480693e-04,1.328746873123440031e-01,1.000000000000000000e+00
0.000000000000000000e+00,3.980000000000000000e+02,3.979999999999999982e+00,1.200000000000000000e+01,-4.090781382053247484e+00,5.844071047838662381e+00,1.299694318232432977e+00,-3.056817675670675527e-04,1.328746873123440031e-01,1.000000000000000000e+00
0.000000000000000000e+00,3.990000000000000000e+02,3.990000000000000213e+00,1.200000000000000000e+01,-4.091200843407455601e+00,5.843861229970294779e+00,1.300374757602607900e+00,3.747576026078558442e-04,1.328746873123440031e-01,1.000000000000000000e+00
0.000000000000000000e+00,4.000000000000000000e+02,4.000000000000000000e+00,1.199372642447409731e+01,-4.099792157267432735e+00,5.838058101909940234e+00,1.300337174908407167e+00,3.371749084071229419e-04,1.328828019137201222e-01,0.000000000000000000e+00
0.000000000000000000e+00,4.010000000000000000e+02,4.009999999999999787e+00,1.200000000000000000e+01,-4.094798801212236050e+00,5.841548305131341934e+00,1.298903655058059270e+00,-1.096344941940774476e-03,1.328828019137201222e-01,1.000000000000000000e+00
0.000000000000000000e+00,4.020000000000000000e+02,4.020000000000000462e+00,1.200000000000000000e+01,-4.094170769964242673e+00,5.842050276504278550e+00,1.299991332214288864e+00,-8.667785711180542307e-06,1.328828019137201222e-01,1.000000000000000000e+00
0.000000000000000000e+00,4.030000000000000000e+02,4.030000000000000249e+00,1.200000000000000000e+01,-4.089439375300442769e+00,5.845358401786874047e+00,1.300056192217180939e+00,5.619221718089484341e-05,1.328828019137201222e-01,1.000000000000000000e+00
0.000000000000000000e+00,4.040000000000000000e+02,4.040000000000000036e+00,1.199100900278082982e+01,-4.099982417837547466e+00,5.838213446917166038e+00,1.300523129976523196e+00,5.231299765231511856e-04,1.328828019137201222e-01,0.000000000000000000e+00
0.000000000000000000e+00,4.050000000000000000e+02,4.049999999999999822e+00,1.200000000000000000e+01,-4.093384511846283935e+00,5.842795394858632640e+00,1.298640333331347652e+00,-1.359666668652392829e-03,1.328828019137201222e-01,1.000000000000000000e+00
0.000000000000000000e+00,4.060000000000000000e+02,4.060000000000000497e+00,1.199764968290675782e+01,-4.099165485023692490e+00,5.838906091638606632e+00,1.300142719941571823e+00,1.427199415717783637e-04,1.328828019137201222e-01,0.000000000000000000e+00
0.000000000000000000e+00,4.070000000000000000e+02,4.070000000000000284e+00,1.200000000000000000e+01,-4.097447701619432614e+00,5.840146158902333795e+00,1.299356248916061940e+00,-6.437510839381044292e-04,1.328828019137201222e-01,1.000000000000000000e+00
0.000000000000000000e+00,4.080000000000000000e+02,4.080000000000000071e+00,1.200000000000000000e+01,-4.091239853496154488e+00,5.844457089605031186e+00,1.299750412521900156e+00,-2.495874780998885711e-04,1.328828019137201222e-01,1.000000000000000000e+00
0.000000000000000000e+00,4.090000000000000000e+02,4.089999999999999858e+00,1.200000000000000000e+01,-4.091478741811937603e+00,5.844355826406686383e+00,1.300361786784124618e+00,3.617867841245736571e-04,1.328828019137201222e-01,1.000000000000000000e+00
0.000000000000000000e+00,4.100000000000000000e+02,4.099999999999999645e+00,1.199369781176813810e+01,-4.100084251261438162e+00,5.838528285469402945e+00,1.300341215579311482e+00,3.412155793114379776e-04,1.328828019137201222e-01,0.000000000000000000e+00
0.000000000000000000e+00,4.110000000000000000e+02,4.110000000000000320e+00,1.200000000000000000e+01,-4.095053338794516051e+00,5.842029836384307728e+00,1.298902919531057520e+00,-1.097080468942523979e-03,1.328828019137201222e-01,1.000000000000000000e+00
0.000000000000000000e+00,4.120000000000000000e+02,4.120000000000000107e+00,1.200000000000000000e+01,-4.094835617382300619e+00,5.842237006844102076e+00,1.299996335739920461e+00,-3.664260079583314678e-06,1.328828019137201222e-01,1.000000000000000000e+00
0.000000000000000000e+00,4.130000000000000000e+02,4.129999999999999893e+00,1.200000000000000000e+01,-4.088782455429384122e+00,5.846435774279417075e+00,1.300020335557751316e+00,2.033555775127204868e-05,1.328828019137201222e-01,1.000000000000000000e+00
0.000000000000000000e+00,4.140000000000000000e+02,4.139999999999999680e+00,1.198986705309370038e+01,-4.100143837173781947e+00,5.838717328431831888e+00,1.300616178810463763e+00,6.161788104637189178e-04,1.328828019137201222e-01,0.000000000000000000e+00
0.000000000000000000e+00,4.150000000000000000e+02,4.150000000000000355e+00,1.200000000000000000e+01,-4.092975286070032581e+00,5.843676581695916639e+00,1.298544268882382724e+00,-1.455731117617320436e-03,1.328828019137201222e-01,1.000000000000000000e+00
0.000000000000000000e+00,4.160000000000000000e+02,4.160000000000000142e+00,1.199613685157486387e+01,-4.099830691173417918e+00,5.839039190549528691e+00,1.300210290141878833e+00,2.102901418787883614e-04,1.328828019137201222e-01,0.000000000000000000e+00
0.000000000000000000e+00,4.170000000000000000e+02,4.169999999999999929e+00,1.200000000000000000e+01,-4.096644438166359592e+00,5.841271387596281173e+00,1.299174475974315790e+00,-8.255240256842544255e-04,1.328828019137201222e-01,1.000000000000000000e+00
0.000000000000000000e+00,4.180000000000000000e+02,4.179999999999999716e+00,1.200000000000000000e+01,-4.092039081307744297e+00,5.844473590776925853e+00,1.299855454784347497e+00,-1.445452156525472986e-04,1.328828019137201222e-01,1.000000000000000000e+00
0.000000000000000000e+00,4.190000000000000000e+02,4.190000000000000391e+00,1.200000000000000000e+01,-4.091620313530937914e+00,5.844810245218598155e+00,1.300309190817634963e+00,3.091908176349189574e-04,1.328828019137201222e-01,1.000000000000000000e+00
0.000000000000000000e+00,4.200000000000000000e+02,4.200000000000000178e+00,1.199355350959541866e+01,-4.100324380158357762e+00,5.838903427972606863e+00,1.300352521162678077e+00,3.525211626780322405e-04,1.328881411654021516e-01,0.000000000000000000e+00
0.000000000000000000e+00,4.210000000000000000e+02,4.209999999999999964e+00,1.200000000000000000e+01,-4.095180287192577318e+00,5.842470866115195172e+00,1.298890340755394224e+00,-1.109659244605820660e-03,1.328881411654021516e-01,1.000000000000000000e+00
0.000000000000000000e+00,4.220000000000000000e+02,4.219999999999999751e+00,1.200000000000000000e+01,-4.096970700958770806e+00,5.841292677773063602e+00,1.300008007454412695e+00,8.007454412650716336e-06,1.328881411654021516e-01,1.000000000000000000e+00
0.000000000000000000e+00,4.230000000000000000e+02,4.230000000000000426e+00,1.200000000000000000e+01,-4.100592109731316270e+00,5.838860638738156084e+00,1.299834643054197603e+00,-1.653569458024417571e-04,1.328881411654021516e-01,1.000000000000000000e+00
0.000000000000000000e+00,4.240000000000000000e+02,4.240000000000000213e+00,1.200000000000000000e+01,-4.091306127672421411e+00,5.845258928971973411e+00,1.299481700219718316e+00,-5.182997802817279620e-04,1.328881411654021516e-01,1.000000000000000000e+00
0.000000000000000000e+00,4.250000000000000000e+02,4.250000000000000000e+00,1.200000000000000000e+01,-4.091854318950856495e+00,5.844927868413580363e+00,1.300393986630853149e+00,3.939866308531048134e-04,1.328881411654021516e-01,1.000000000000000000e+00
0.000000000000000000e+00,4.260000000000000000e+02,4.259999999999999787e+00,1.199374042687735553e+01,-4.100421711435895844e+00,5.839108613300566297e+00,1.300342273511156055e+00,3.422735111560104571e-04,1.328881411654021516e-01,0.000000000000000000e+00
0.000000000000000000e+00,4.270000000000000000e+02,4.270000000000000462e+00,1.200000000000000000e+01,-4.095392776810722779e+00,5.842591438825875727e+00,1.298910942134463564e+00,-1.089057865536480207e-03,1.328881411654021516e-01,1.000000000000000000e+00
0.000000000000000000e+00,4.280000000000000000e+02,4.280000000000000249e+00,1.200000000000000000e+01,-4.095596222407461795e+00,5.842493414665457685e+00,1.299999328917758712e+00,-6.710822413324990521e-07,1.328881411654021516e-01,1.000000000000000000e+00
0.000000000000000000e+00,4.290000000000000000e+02,4.290000000000000036e+00,1.200000000000000000e+01,-4.085688180229831268e+00,5.849313183094322355e+00,1.299981268029769765e+00,-1.873197023027906027e-05,1.328881411654021516e-01,1.000000000000000000e+00
0.000000000000000000e+00,4.300000000000000000e+02,4.299999999999999822e+00,1.200000000000000000e+01,-4.082449352239783558e+00,5.851569222013363714e+00,1.300954075868369308e+00,9.540758683692640574e-04,1.328881411654021516e-01,1.000000000000000000e+00
0.000000000000000000e+00,4.310000000000000000e+02,4.310000000000000497e+00,1.199556678302225343e+01,-4.089931424476474398e+00,5.846488004363438407e+00,1.301273190127839596e+00,1.273190127839551877e-03,1.328881411654021516e-01,0.000000000000000000e+00
0.000000000000000000e+00,4.320000000000000000e+02,4.320000000000000284e+00,1.199390482444638550e+01,-4.095368242426523864e+00,5.842805621925639237e+00,1.300121747109346915e+00,1.217471093468702747e-04,1.328881411654021516e-01,0.000000000000000000e+00
0.000000000000000000e+00,4.330000000000000000e+02,4.330000000000000071e+00,1.200000000000000000e+01,-4.094368947867828901e+00,5.843526353923747862e+00,1.299432976981974575e+00,-5.670230180254698382e-04,1.328881411654021516e-01,1.000000000000000000e+00
0.000000000000000000e+00,4.340000000000000000e+02,4.339999999999999858e+00,1.199857232087603975e+01,-4.099478831398843504e+00,5.840066110796911403e+00,1.300110389856321991e+00,1.103898563219463114e-04,1.328881411654021516e-01,0.000000000000000000e+00
0.000000000000000000e+00,4.350000000000000000e+02,4.350000000000000533e+00,1.200000000000000000e+01,-4.098774393860302290e+00,5.840583385574397823e+00,1.299475793705000770e+00,-5.242062949992742915e-04,1.328881411654021516e-01,1.000000000000000000e+00
0.000000000000000000e+00,4.360000000000000000e+02,4.360000000000000320e+00,1.200000000000000000e+01,-4.091634805161657340e+00,5.845502987897640779e+00,1.299681799913836144e+00,-3.182000861639000533e-04,1.328881411654021516e-01,1.000000000000000000e+00
0.000000000000000000e+00,4.370000000000000000e+02,4.370000000000000107e+00,1.200000000000000000e+01,-4.092068499809865756e+00,5.845240218326503978e+00,1.300383194800732056e+00,3.831948007320118421e-04,1.328881411654021516e-01,1.000000000000000000e+00
0.000000000000000000e+00,4.380000000000000000e+02,4.379999999999999893e+00,1.199372789483459556e+01,-4.100640129171472026e+00,5.839408213744975207e+00,1.300342243387190511e+00,3.422433871904662084e-04,1.328881411654021516e-01,0.000000000000000000e+00
0.000000000000000000e+00,4.390000000000000000e+02,4.389999999999999680e+00,1.200000000000000000e+01,-4.095602298831711785e+00,5.842887508411747532e+00,1.298908856857278860e+00,-1.091143142721184844e-03,1.328881411654021516e-01,1.000000000000000000e+00
0.000000000000000000e+00,4.400000000000000000e+02,4.400000000000000355e+00,1.200000000000000000e+01,-4.095704717597583588e+00,5.842849191580508084e+00,1.299998865645306534e+00,-1.134354693510530865e-06,1.328891656233729124e-01,1.000000000000000000e+00
0.000000000000000000e+00,4.410000000000000000e+02,4.410000000000000142e+00,1.200000000000000000e+01,-4.086322907437975438e+00,5.849299696438635898e+00,1.299990277334340583e+00,-9.722665659461782184e-06,1.328891656233729124e-01,1.000000000000000000e+00
0.000000000000000000e+00,4.420000000000000000e+02,4.419999999999999929e+00,1.200000000000000000e+01,-4.082780782129432851e+00,5.851754245382219111e+00,1.300911104831387277e+00,9.111048313872327498e-04,1.328891656233729124e-01,1.000000000000000000e+00
0.000000000000000000e+00,4.430000000000000000e+02,4.429999999999999716e+00,1.199567016242709094e+01,-4.090182937579935007e+00,5.846718881519995747e+00,1.301259525442455711e+00,1.259525442455666777e-03,1.328891656233729124e-01,0.000000000000000000e+00
0.000000000000000000e+00,4.440000000000000000e+02,4.440000000000000391e+00,1.199389674339711043e+01,-4.095691296343511034e+00,5.842978900289726774e+00,1.300125302226213142e+00,1.253022262130976117e-04,1.328891656233729124e-01,0.000000000000000000e+00
0.000000000000000000e+00,4.450000000000000000e+02,4.450000000000000178e+00,1.200000000000000000e+01,-4.094565515624108976e+00,5.843777724725637945e+00,1.299418555579281653e+00,-5.814444207183910862e-04,1.328891656233729124e-01,1.000000000000000000e+00
0.000000000000000000e+00,4.460000000000000000e+02,4.459999999999999964e+00,1.199860809765241676e+01,-4.099645972343022748e+00,5.840329338957255700e+00,1.300108749735039870e+00,1.087497350398258789e-04,1.328891656233729124e-01,0.000000000000000000e+00
0.000000000000000000e+00,4.470000000000000000e+02,4.469999999999999751e+00,1.200000000000000000e+01,-4.098985934064071301e+00,5.840808142508334910e+00,1.299480050975886147e+00,-5.199490241138970958e-04,1.328891656233729124e-01,1.000000000000000000e+00
0.000000000000000000e+00,4.480000000000000000e+02,4.480000000000000426e+00,1.200000000000000000e+01,-4.091804188090049088e+00,5.845748676427990453e+00,1.299677943183473960e+00,-3.220568165260839777e-04,1.328891656233729124e-01,1.000000000000000000e+00
0.000000000000000000e+00,4.490000000000000000e+02,4.490000000000000213e+00,1.200000000000000000e+01,-4.092241647084711609e+00,5.845475579983518521e+00,1.300383110274646814e+00,3.831102746467696107e-04,1.328891656233729124e-01,1.000000000000000000e+00
0.000000000000000000e+00,4.500000000000000000e+02,4.500000000000000000e+00,1.199372931699586431e+01,-4.100808554825786878e+00,5.839639211291893339e+00,1.300341435855498551e+00,3.414358554985064131e-04,1.328891656233729124e-01,0.000000000000000000e+00
0.000000000000000000e+00,4.510000000000000000e+02,4.509999999999999787e+00,1.200000000000000000e+01,-4.095771831716239930e+00,5.843110332720798716e+00,1.298908298791506155e+00,-1.091701208493889297e-03,1.328891656233729124e-01,1.000000000000000000e+00
0.000000000000000000e+00,4.520000000000000000e+02,4.520000000000000462e+00,1.200000000000000000e+01,-4.095688594061578591e+00,5.843191787114219160e+00,1.299997726186615354e+00,-2.273813384690015482e-06,1.328891656233729124e-01,1.000000000000000000e+00
0.000000000000000000e+00,4.530000000000000000e+02,4.530000000000000249e+00,1.200000000000000000e+01,-4.088792672123112482e+00,5.847934256882741266e+00,1.300007004505594033e+00,7.004505593988241685e-06,1.328891656233729124e-01,1.000000000000000000e+00
0.000000000000000000e+00,4.540000000000000000e+02,4.540000000000000036e+00,1.198909854634361949e+01,-4.100695009051184670e+00,5.839813280758648695e+00,1.300683931291958473e+00,6.839312919584283890e-04,1.328891656233729124e-01,0.000000000000000000e+00
0.000000000000000000e+00,4.550000000000000000e+02,4.549999999999999822e+00,1.200000000000000000e+01,-4.093163852370385491e+00,5.844989113355134158e+00,1.298484646993112612e+00,-1.515353006887432130e-03,1.328891656233729124e-01,1.000000000000000000e+00
0.000000000000000000e+00,4.560000000000000000e+02,4.560000000000000497e+00,1.199523129334468940e+01,-4.100653030449161740e+00,5.839887113331460711e+00,1.300257655807280699e+00,2.576558072806545141e-04,1.328891656233729124e-01,0.000000000000000000e+00
0.000000000000000000e+00,4.570000000000000000e+02,4.570000000000000284e+00,1.200000000000000000e+01,-4.096693158013121838e+00,5.842618410110870464e+00,1.299072439406729229e+00,-9.275605932708153034e-04,1.328891656233729124e-01,1.000000000000000000e+00
0.000000000000000000e+00,4.580000000000000000e+02,4.580000000000000071e+00,1.200000000000000000e+01,-4.093232014493733750e+00,5.845008166329137111e+00,1.299913740533737316e+00,-8.625946626272806839e-05,1.328891656233729124e-01,1.000000000000000000e+00
0.000000000000000000e+00,4.590000000000000000e+02,4.589999999999999858e+00,1.200000000000000000e+01,-4.092059493360657108e+00,5.845831615032993867e+00,1.300253975967157860e+00,2.539759671578156741e-04,1.328891656233729124e-01,1.000000000000000000e+00
0.000000000000000000e+00,4.600000000000000000e+02,4.600000000000000533e+00,1.199331320682787450e+01,-4.100923353772422786e+00,5.839787076013671197e+00,1.300369856830791315e+00,3.698568307912708519e-04,1.328938576231390167e-01,0.000000000000000000e+00
0.000000000000000000e+00,4.610000000000000000e+02,4.610000000000000320e+00,1.200000000000000000e+01,-4.095599390718416721e+00,5.843449884327288402e+00,1.298867928830899965e+00,-1.132071169100079544e-03,1.328938576231390167e-01,1.000000000000000000e+00
0.000000000000000000e+00,4.620000000000000000e+02,4.620000000000000107e+00,1.200000000000000000e+01,-4.098276233314400052e+00,5.841638023530585144e+00,1.300024750531418860e+00,2.475053141881566887e-05,1.328938576231390167e-01,1.000000000000000000e+00
0.000000000000000000e+00,4.630000000000000000e+02,4.629999999999999893e+00,1.200000000000000000e+01,-4.100763826445072091e+00,5.839955206315034175e+00,1.299763248847123132e+00,-2.367511528769128404e-04,1.328938576231390167e-01,1.000000000000000000e+00
0.000000000000000000e+00,4.640000000000000000e+02,4.639999999999999680e+00,1.200000000000000000e+01,-4.091815454598127566e+00,5.846096592517588952e+00,1.299520246635408105e+00,-4.797533645919394019e-04,1.328938576231390167e-01,1.000000000000000000e+00
0.000000000000000000e+00,4.650000000000000000e+02,4.650000000000000355e+00,1.200000000000000000e+01,-4.092372655873553811e+00,5.845733940385416716e+00,1.300398249203497780e+00,3.982492034977358486e-04,1.328938576231390167e-01,1.000000000000000000e+00
0.000000000000000000e+00,4.660000000000000000e+02,4.660000000000000142e+00,1.199374056967214841e+01,-4.100928785254917663e+00,5.839897476051294944e+00,1.300344491630308408e+00,3.444916303083633835e-04,1.328938576231390167e-01,0.000000000000000000e+00
0.000000000000000000e+00,4.670000000000000000e+02,4.669999999999999929e+00,1.200000000000000000e+01,-4.095877461775010886e+00,5.843371296320537311e+00,1.298913138397203682e+00,-1.086861602796362902e-03,1.328938576231390167e-01,1.000000000000000000e+00
0.000000000000000000e+00,4.680000000000000000e+02,4.679999999999999716e+00,1.200000000000000000e+01,-4.097089592976185912e+00,5.842559259783569381e+00,1.300002595459147869e+00,2.595459147824996649e-06,1.328938576231390167e-01,1.000000000000000000e+00
0.000000000000000000e+00,4.690000000000000000e+02,4.690000000000000391e+00,1.199937776239824672e+01,-4.101573707644755373e+00,5.839508016669905821e+00,1.299884569251757327e+00,-1.154307482427174847e-04,1.328938576231390167e-01,0.000000000000000000e+00
0.000000000000000000e+00,4.700000000000000000e+02,4.700000000000000178e+00,1.200000000000000000e+01,-4.091377446446047728e+00,5.846500874468035569e+00,1.299386742036437337e+00,-6.132579635627077863e-04,1.328938576231390167e-01,1.000000000000000000e+00
0.000000000000000000e+00,4.710000000000000000e+02,4.709999999999999964e+00,1.200000000000000000e+01,-4.092424607955986282e+00,5.845800725147667798e+00,1.300445950813093887e+00,4.459508130938427684e-04,1.328938576231390167e-01,1.000000000000000000e+00
0.000000000000000000e+00,4.720000000000000000e+02,4.719999999999999751e+00,1.199376737260142711e+01,-4.100960743896351346e+00,5.839975745237159899e+00,1.300344074202177236e+00,3.440742021771914239e-04,1.328938576231390167e-01,0.000000000000000000e+00
0.000000000000000000e+00,4.730000000000000000e+02,4.730000000000000426e+00,1.200000000000000000e+01,-4.095920302878760744e+00,5.843439975693835109e+00,1.298917122493993492e+00,-1.082877506006552082e-03,1.328938576231390167e-01,1.000000000000000000e+00
0.000000000000000000e+00,4.740000000000000000e+02,4.740000000000000213e+00,1.200000000000000000e+01,-4.097153522783779422e+00,5.842611408537515594e+00,1.300002872689989930e+00,2.872689989885657269e-06,1.328938576231390167e-01,1.000000000000000000e+00
0.000000000000000000e+00,4.750000000000000000e+02,4.750000000000000000e+00,1.199945078721211011e+01,-4.101584822734509750e+00,5.839594246369204100e+00,1.299882683205755951e+00,-1.173167942440933587e-04,1.328938576231390167e-01,0.000000000000000000e+00
0.000000000000000000e+00,4.760000000000000000e+02,4.759999999999999787e+00,1.200000000000000000e+01,-4.091461545054701610e+00,5.846535162563688992e+00,1.299396862476658310e+00,-6.031375233417346493e-04,1.328938576231390167e-01,1.000000000000000000e+00
0.000000000000000000e+00,4.770000000000000000e+02,4.770000000000000462e+00,1.200000000000000000e+01,-4.092452037718184776e+00,5.845871820712003064e+00,1.300441903487714157e+00,4.419034877141125861e-04,1.328938576231390167e-01,1.000000000000000000e+00
0.000000000000000000e+00,4.780000000000000000e+02,4.780000000000000249e+00,1.199376408627004764e+01,-4.100989899680114625e+00,5.840043730437723291e+00,1.300345490572495155e+00,3.454905724951107260e-04,1.328938576231390167e-01,0.000000000000000000e+00
0.000000000000000000e+00,4.790000000000000000e+02,4.790000000000000036e+00,1.200000000000000000e+01,-4.095940363708690413e+00,5.843512301290455291e+00,1.298917970489620544e+00,-1.082029510379500792e-03,1.328938576231390167e-01,1.000000000000000000e+00
0.000000000000000000e+00,4.800000000000000000e+02,4.799999999999999822e+00,1.200000000000000000e+01,-4.097375982834042141e+00,5.842543398916244968e+00,1.300004837389537204e+00,4.837389537160063924e-06,1.328928353538734175e-01,1.000000000000000000e+00
0.000000000000000000e+00,4.810000000000000000e+02,4.810000000000000497e+00,1.199995631819449926e+01,-4.101446389308272877e+00,5.839771367515815825e+00,1.299864722820774476e+00,-1.352771792255680339e-04,1.328928353538734175e-01,0.000000000000000000e+00
0.000000000000000000e+00,4.820000000000000000e+02,4.820000000000000284e+00,1.200000000000000000e+01,-4.091893375936299648e+00,5.846320350754052875e+00,1.299462122551442889e+00,-5.378774485571558017e-04,1.328928353538734175e-01,1.000000000000000000e+00
0.000000000000000000e+00,4.830000000000000000e+02,4.830000000000000071e+00,1.200000000000000000e+01,-4.092460481008427742e+00,5.845944983524950622e+00,1.300403268075139174e+00,4.032680751391293228e-04,1.328928353538734175e-01,1.000000000000000000e+00
0.000000000000000000e+00,4.840000000000000000e+02,4.839999999999999858e+00,1.199373846705465851e+01,-4.101016215552936828e+00,5.840102968441729381e+00,1.300348268737528734e+00,3.482687375286896980e-04,1.328928353538734175e-01,0.000000000000000000e+00
0.000000000000000000e+00,4.850000000000000000e+02,4.850000000000000533e+00,1.200000000000000000e+01,-4.095942852636031084e+00,5.843586188564414030e+00,1.298916490620591446e+00,-1.083509379408598150e-03,1.328928353538734175e-01,1.000000000000000000e+00
0.000000000000000000e+00,4.860000000000000000e+02,4.860000000000000320e+00,1.200000000000000000e+01,-4.097638372177935473e+00,5.842437830293200740e+00,1.300008046595648503e+00,8.046595648458776395e-06,1.328928353538734175e-01,1.000000000000000000e+00
0.000000000000000000e+00,4.870000000000000000e+02,4.870000000000000107e+00,1.200000000000000000e+01,-4.101294182641622044e+00,5.839947893679756419e+00,1.299842380272576037e+00,-1.576197274240076496e-04,1.328928353538734175e-01,1.000000000000000000e+00
0.000000000000000000e+00,4.880000000000000000e+02,4.879999999999999893e+00,1.200000000000000000e+01,-4.091937940783385130e+00,5.846360709935510158e+00,1.299484494216897934e+00,-5.155057831021103709e-04,1.328928353538734175e-01,1.000000000000000000e+00
0.000000000000000000e+00,4.890000000000000000e+02,4.889999999999999680e+00,1.200000000000000000e+01,-4.092478340682117910e+00,5.846002097218876870e+00,1.300402136795377972e+00,4.021367953779275695e-04,1.328928353538734175e-01,1.000000000000000000e+00
0.000000000000000000e+00,4.900000000000000000e+02,4.900000000000000355e+00,1.199373499882327998e+01,-4.101036134499945085e+00,5.840157184400067258e+00,1.300349685291784407e+00,3.496852917843629172e-04,1.328928353538734175e-01,0.000000000000000000e+00
0.000000000000000000e+00,4.910000000000000000e+02,4.910000000000000142e+00,1.200000000000000000e+01,-4.095953907025603691e+00,5.843645017520843865e+00,1.298917309057709968e+00,-1.082690942290076563e-03,1.328928353538734175e-01,1.000000000000000000e+00
0.000000000000000000e+00,4.920000000000000000e+02,4.919999999999999929e+00,1.200000000000000000e+01,-4.097775051950923064e+00,5.842409277346736651e+00,1.300009996033137050e+00,9.996033137005255753e-06,1.328928353538734175e-01,1.000000000000000000e+00
0.000000000000000000e+00,4.930000000000000000e+02,4.929999999999999716e+00,1.200000000000000000e+01,-4.101239413942501244e+00,5.840048942813853117e+00,1.299831949702250355e+00,-1.680502977496889372e-04,1.328928353538734175e-01,1.000000000000000000e+00
0.000000000000000000e+00,4.940000000000000000e+02,4.940000000000000391e+00,1.200000000000000000e+01,-4.091948445616800711e+00,5.846415744614860799e+00,1.299492769099636735e+00,-5.072309003633090896e-04,1.328928353538734175e-01,1.000000000000000000e+00
0.000000000000000000e+00,4.950000000000000000e+02,4.950000000000000178e+00,1.200000000000000000e+01,-4.092494161384581552e+00,5.846052161018882920e+00,1.300403949293538419e+00,4.039492935383748318e-04,1.328928353538734175e-01,1.000000000000000000e+00
0.000000000000000000e+00,4.960000000000000000e+02,4.959999999999999964e+00,1.199373450881875591e+01,-4.101051960421691511e+00,5.840205937311294448e+00,1.300350915941125951e+00,3.509159411259066275e-04,1.328928353538734175e-01,0.000000000000000000e+00
0.000000000000000000e+00,4.970000000000000000e+02,4.969999999999999751e+00,1.200000000000000000e+01,-4.095962981230373501e+00,5.843697114761987166e+00,1.298918433635380731e+00,-1.081566364619312992e-03,1.328928353538734175e-01,1.000000000000000000e+00
0.000000000000000000e+00,4.980000000000000000e+02,4.980000000000000426e+00,1.200000000000000000e+01,-4.097885834967293306e+00,5.842390530793106329e+00,1.300011770151160206e+00,1.177015116016200125e-05,1.328928353538734175e-01,1.000000000000000000e+00
0.000000000000000000e+00,4.990000000000000000e+02,4.990000000000000213e+00,1.200000000000000000e+01,-4.101199681373503658e+00,5.840131960286941037e+00,1.299823696230742343e+00,-1.763037692577018589e-04,1.328928353538734175e-01,1.000000000000000000e+00
0.000000000000000000e+00,5.000000000000000000e+02,5.000000000000000000e+00,1.200000000000000000e+01,-4.091956988960339991e+00,5.846464541751996258e+00,1.299499215879654113e+00,-5.007841203459317825e-04,1.328904132533007820e-01,1.000000000000000000e+00
0.000000000000000000e+00,5.010000000000000000e+02,5.009999999999999787e+00,1.200000000000000000e+01,-4.092506458337743069e+00,5.846097218771576287e+00,1.300405607821921050e+00,4.056078219210057512e-04,1.328904132533007820e-01,1.000000000000000000e+00
0.000000000000000000e+00,5.020000000000000000e+02,5.020000000000000462e+00,1.199373388292030818e+01,-4.101064455371333572e+00,5.840249711513766151e+00,1.300352153150143852e+00,3.521531501438079914e-04,1.328904132533007820e-01,0.000000000000000000e+00
0.000000000000000000e+00,5.030000000000000000e+02,5.030000000000000249e+00,1.200000000000000000e+01,-4.095968751127296414e+00,5.843744370528214382e+00,1.298919540280144114e+00,-1.080459719855930700e-03,1.328904132533007820e-01,1.000000000000000000e+00
0.000000000000000000e+00,5.040000000000000000e+02,5.040000000000000036e+00,1.200000000000000000e+01,-4.097984979312864873e+00,5.842372797790111427e+00,1.300013543704081176e+00,1.354370408113148017e-05,1.328904132533007820e-01,1.000000000000000000e+00
0.000000000000000000e+00,5.050000000000000000e+02,5.049999999999999822e+00,1.200000000000000000e+01,-4.101164729124507247e+00,5.840204905911113187e+00,1.299816266149566246e+00,-1.837338504337981959e-04,1.328904132533007820e-01,1.000000000000000000e+00
0.000000000000000000e+00,5.060000000000000000e+02,5.060000000000000497e+00,1.200000000000000000e+01,-4.091963199109670768e+00,5.846508278988654439e+00,1.299504883186755055e+00,-4.951168132449890180e-04,1.328904132533007820e-01,1.000000000000000000e+00
0.000000000000000000e+00,5.070000000000000000e+02,5.070000000000000284e+00,1.200000000000000000e+01,-4.092515682193466731e+00,5.846137865536080724e+00,1.300407190979670169e+00,4.071909796701245199e-04,1.328904132533007820e-01,1.000000000000000000e+00
0.000000000000000000e+00,5.080000000000000000e+02,5.080000000000000071e+00,1.199373314341428198e+01,-4.101074001585510942e+00,5.840289129396937895e+00,1.300353394016829256e+00,3.533940168292115658e-04,1.328904132533007820e-01,0.000000000000000000e+00
0.000000000000000000e+00,5.090000000000000000e+02,5.089999999999999858e+00,1.200000000000000000e+01,-4.095971597983727897e+00,5.843787388854008391e+00,1.298920634018391418e+00,-1.079365981608626512e-03,1.328904132533007820e-01,1.000000000000000000e+00
0.000000000000000000e+00,5.100000000000000000e+02,5.100000000000000533e+00,1.200000000000000000e+01,-4.098074570900236857e+00,5.842355497354564164e+00,1.300015318830845645e+00,1.531883084560092811e-05,1.328904132533007820e-01,1.000000000000000000e+00
0.000000000000000000e+00,5.110000000000000000e+02,5.110000000000000320e+00,1.200000000000000000e+01,-4.101133030906436439e+00,5.840269652075434692e+00,1.299809493647191339e+00,-1.905063528087058700e-04,1.328904132533007820e-01,1.000000000000000000e+00
0.000000000000000000e+00,5.120000000000000000e+02,5.120000000000000107e+00,1.200000000000000000e+01,-4.091967272559183577e+00,5.846547632468468869e+00,1.299509958510510099e+00,-4.900414894899451923e-04,1.328904132533007820e-01,1.000000000000000000e+00
0.000000000000000000e+00,5.130000000000000000e+02,5.129999999999999893e+00,1.200000000000000000e+01,-4.092522229796865751e+00,5.846174623041573426e+00,1.300408716533523190e+00,4.087165335231457419e-04,1.328904132533007820e-01,1.000000000000000000e+00
0.000000000000000000e+00,5.140000000000000000e+02,5.139999999999999680e+00,1.199373234610529337e+01,-4.101080969626406336e+00,5.840324713697765624e+00,1.300354635881427967e+00,3.546358814279226834e-04,1.328904132533007820e-01,0.000000000000000000e+00
0.000000000000000000e+00,5.150000000000000000e+02,5.150000000000000355e+00,1.200000000000000000e+01,-4.095971925047119377e+00,5.843826653534004656e+00,1.298921719280375253e+00,-1.078280719624791217e-03,1.328904132533007820e-01,1.000000000000000000e+00
0.000000000000000000e+00,5.160000000000000000e+02,5.160000000000000142e+00,1.200000000000000000e+01,-4.098155908818635673e+00,5.842338484071749605e+00,1.300017090710076761e+00,1.709071007671703057e-05,1.328904132533007820e-01,1.000000000000000000e+00
0.000000000000000000e+00,5.170000000000000000e+02,5.169999999999999929e+00,1.200000000000000000e+01,-4.101103778403123457e+00,5.840327479437042335e+00,1.299803285345808579e+00,-1.967146541914654989e-04,1.328904132533007820e-01,1.000000000000000000e+00
0.000000000000000000e+00,5.180000000000000000e+02,5.179999999999999716e+00,1.200000000000000000e+01,-4.091969419886781978e+00,5.846583170243368599e+00,1.299514554352779516e+00,-4.854456472205281869e-04,1.328904132533007820e-01,1.000000000000000000e+00
0.000000000000000000e+00,5.190000000000000000e+02,5.190000000000000391e+00,1.200000000000000000e+01,-4.092526436232938991e+00,5.846207958880949462e+00,1.300410196372960847e+00,4.101963729608026910e-04,1.328904132533007820e-01,1.000000000000000000e+00
0.000000000000000000e+00,5.200000000000000000e+02,5.200000000000000178e+00,1.199373147310687493e+01,-4.101085644021496890e+00,5.840356951567716948e+00,1.300355877734157950e+00,3.558777341579055786e-04,1.328967113748246442e-01,0.000000000000000000e+00
0.000000000000000000e+00,5.210000000000000000e+02,5.209999999999999964e+00,1.200000000000000000e+01,-4.095969989438869696e+00,5.843862655796896455e+00,1.298922797628837333e+00,-1.077202371162711003e-03,1.328967113748246442e-01,1.000000000000000000e+00
0.000000000000000000e+00,5.220000000000000000e+02,5.219999999999999751e+00,1.200000000000000000e+01,-4.098230362661675841e+00,5.842321473594036974e+00,1.300018864615950509e+00,1.886461595046462492e-05,1.328967113748246442e-01,1.000000000000000000e+00
0.000000000000000000e+00,5.230000000000000000e+02,5.230000000000000426e+00,1.200000000000000000e+01,-4.101076217037030069e+00,5.840379543013279218e+00,1.299797536810551213e+00,-2.024631894488315709e-04,1.328967113748246442e-01,1.000000000000000000e+00
0.000000000000000000e+00,5.240000000000000000e+02,5.240000000000000213e+00,1.200000000000000000e+01,-4.091969809549047099e+00,5.846615402134907491e+00,1.299518773884427603e+00,-4.812261155724417705e-04,1.328967113748246442e-01,1.000000000000000000e+00
0.000000000000000000e+00,5.250000000000000000e+02,5.250000000000000000e+00,1.200000000000000000e+01,-4.092528563659051599e+00,5.846238305291721282e+00,1.300411642539497592e+00,4.116425394975475882e-04,1.328967113748246442e-01,1.000000000000000000e+00
0.000000000000000000e+00,5.260000000000000000e+02,5.259999999999999787e+00,1.199373055434220703e+01,-4.101088372180536901e+00,5.840386203945580945e+00,1.300357121818332296e+00,3.571218183322510953e-04,1.328967113748246442e-01,0.000000000000000000e+00
0.000000000000000000e+00,5.270000000000000000e+02,5.270000000000000462e+00,1.200000000000000000e+01,-4.095966170071914547e+00,5.843895722358237954e+00,1.298923865191721427e+00,-1.076134808278617072e-03,1.328967113748246442e-01,1.000000000000000000e+00
0.000000000000000000e+00,5.280000000000000000e+02,5.280000000000000249e+00,1.200000000000000000e+01,-4.098298525961975081e+00,5.842304633381564472e+00,1.300020630176075942e+00,2.063017607589756608e-05,1.328967113748246442e-01,1.000000000000000000e+00
0.000000000000000000e+00,5.290000000000000000e+02,5.290000000000000036e+00,1.200000000000000000e+01,-4.101050159212961788e+00,5.840426532597321696e+00,1.299792216065555062e+00,-2.077839344449827763e-04,1.328967113748246442e-01,1.000000000000000000e+00
0.000000000000000000e+00,5.300000000000000000e+02,5.299999999999999822e+00,1.200000000000000000e+01,-4.091968703556829290e+00,5.846644698483993707e+00,1.299522661154050684e+00,-4.773388459493599356e-04,1.328967113748246442e-01,1.000000000000000000e+00
0.000000000000000000e+00,5.310000000000000000e+02,5.310000000000000497e+00,1.200000000000000000e+01,-4.092528930071251736e+00,5.846265982673863881e+00,1.300413054459278239e+00,4.130544592781948410e-04,1.328967113748246442e-01,1.000000000000000000e+00
0.000000000000000000e+00,5.320000000000000000e+02,5.320000000000000284e+00,1.199372966100483318e+01,-4.101089359162519266e+00,5.840412856876053382e+00,1.300358361541806840e+00,3.583615418067953584e-04,1.328967113748246442e-01,0.000000000000000000e+00
0.000000000000000000e+00,5.330000000000000000e+02,5.330000000000000071e+00,1.200000000000000000e+01,-4.095960705480724329e+00,5.843926205003286967e+00,1.298924932666329024e+00,-1.075067333671020364e-03,1.328967113748246442e-01,1.000000000000000000e+00
0.000000000000000000e+00,5.340000000000000000e+02,5.339999999999999858e+00,1.200000000000000000e+01,-4.098361178984130326e+00,5.842287933421106416e+00,1.300022387535470170e+00,2.238753547012528600e-05,1.328967113748246442e-01,1.000000000000000000e+00
0.000000000000000000e+00,5.350000000000000000e+02,5.350000000000000533e+00,1.200000000000000000e+01,-4.101025263400757126e+00,5.840469174863044621e+00,1.299787269643720045e+00,-2.127303562799998105e-04,1.328967113748246442e-01,1.000000000000000000e+00
0.000000000000000000e+00,5.360000000000000000e+02,5.360000000000000320e+00,1.200000000000000000e+01,-4.091966247083948183e+00,5.846671442377165739e+00,1.299526272174946762e+00,-4.737278250532828139e-04,1.328967113748246442e-01,1.000000000000000000e+00
0.000000000000000000e+00,5.370000000000000000e+02,5.370000000000000107e+00,1.200000000000000000e+01,-4.092527729512915435e+00,5.846291330254418384e+00,1.300414439939335809e+00,4.144399393357645067e-04,1.328967113748246442e-01,1.000000000000000000e+00
0.000000000000000000e+00,5.380000000000000000e+02,5.379999999999999893e+00,1.199372875079713019e+01,-4.101088824644694597e+00,5.840437221913669319e+00,1.300359599446324399e+00,3.595994463243545880e-04,1.328967113748246442e-01,0.000000000000000000e+00
0.000000000000000000e+00,5.390000000000000000e+02,5.389999999999999680e+00,1.200000000000000000e+01,-4.095953782730380688e+00,5.843954427709010524e+00,1.298925995607083550e+00,-1.074004392916494410e-03,1.328967113748246442e-01,1.000000000000000000e+00
0.000000000000000000e+00,5.400000000000000000e+02,5.400000000000000355e+00,1.200000000000000000e+01,-4.098419073681140112e+00,5.842271301494534441e+00,1.300024139005070190e+00,2.413900507014510310e-05,1.328948776347806948e-01,1.000000000000000000e+00
0.000000000000000000e+00,5.410000000000000000e+02,5.410000000000000142e+00,1.200000000000000000e+01,-4.101001273079892151e+00,5.840508078155263405e+00,1.299782644039332968e+00,-2.173559606670760758e-04,1.328948776347806948e-01,1.000000000000000000e+00
0.000000000000000000e+00,5.420000000000000000e+02,5.419999999999999929e+00,1.200000000000000000e+01,-4.091962610049450610e+00,5.846695941174771427e+00,1.299529651876125236e+00,-4.703481238748086213e-04,1.328948776347806948e-01,1.000000000000000000e+00
0.000000000000000000e+00,5.430000000000000000e+02,5.429999999999999716e+00,1.200000000000000000e+01,-4.092525168142436165e+00,5.846314621530283695e+00,1.300415801676284344e+00,4.158016762842997593e-04,1.328948776347806948e-01,1.000000000000000000e+00
0.000000000000000000e+00,5.440000000000000000e+02,5.440000000000000391e+00,1.199372785234588079e+01,-4.101086966500194109e+00,5.840459569340549884e+00,1.300360834262690002e+00,3.608342626899574412e-04,1.328948776347806948e-01,0.000000000000000000e+00
0.000000000000000000e+00,5.450000000000000000e+02,5.450000000000000178e+00,1.200000000000000000e+01,-4.095945617326570698e+00,5.843980640017109707e+00,1.298927055864129265e+00,-1.072944135870779192e-03,1.328948776347806948e-01,1.000000000000000000e+00
0.000000000000000000e+00,5.460000000000000000e+02,5.459999999999999964e+00,1.200000000000000000e+01,-4.098472641022556928e+00,5.842254831172578378e+00,1.300025881596754695e+00,2.588159675465107057e-05,1.328948776347806948e-01,1.000000000000000000e+00
0.000000000000000000e+00,5.470000000000000000e+02,5.469999999999999751e+00,1.200000000000000000e+01,-4.100978065211619672e+00,5.840543706758984932e+00,1.299778314753131658e+00,-2.216852468683860877e-04,1.328948776347806948e-01,1.000000000000000000e+00
0.000000000000000000e+00,5.480000000000000000e+02,5.480000000000000426e+00,1.200000000000000000e+01,-4.091957921185959357e+00,5.846718478760045024e+00,1.299532829689697966e+00,-4.671703103020785619e-04,1.328948776347806948e-01,1.000000000000000000e+00
0.000000000000000000e+00,5.490000000000000000e+02,5.490000000000000213e+00,1.200000000000000000e+01,-4.092521400794072228e+00,5.846336114521534455e+00,1.300417144043539253e+00,4.171440435392081980e-04,1.328948776347806948e-01,1.000000000000000000e+00
0.000000000000000000e+00,5.500000000000000000e+02,5.500000000000000000e+00,1.199372692146928721e+01,-4.101083934770778150e+00,5.840480152613982234e+00,1.300362067440773650e+00,3.620674407736057532e-04,1.328948776347806948e-01,0.000000000000000000e+00
0.000000000000000000e+00,5.510000000000000000e+02,5.509999999999999787e+00,1.200000000000000000e+01,-4.095936321457841700e+00,5.844005113632002590e+00,1.298928110809357328e+00,-1.071889190642716372e-03,1.328948776347806948e-01,1.000000000000000000e+00
0.000000000000000000e+00,5.520000000000000000e+02,5.520000000000000462e+00,1.200000000000000000e+01,-4.098522516182107722e+00,5.842238428856229682e+00,1.300027620232513836e+00,2.762023251379197575e-05,1.328948776347806948e-01,1.000000000000000000e+00
0.000000000000000000e+00,5.530000000000000000e+02,5.530000000000000249e+00,1.200000000000000000e+01,-4.100955461727036067e+00,5.840576516226477111e+00,1.299774235098995590e+00,-2.257649010044548987e-04,1.328948776347806948e-01,1.000000000000000000e+00
0.000000000000000000e+00,5.540000000000000000e+02,5.540000000000000036e+00,1.200000000000000000e+01,-4.091952319631922741e+00,5.846739286550105774e+00,1.299535838323473858e+00,-4.641616765261868949e-04,1.328948776347806948e-01,1.000000000000000000e+00
0.000000000000000000e+00,5.550000000000000000e+02,5.549999999999999822e+00,1.200000000000000000e+01,-4.092516588235819874e+00,5.846356018859747650e+00,1.300418468323595533e+00,4.184683235954889113e-04,1.328948776347806948e-01,1.000000000000000000e+00
0.000000000000000000e+00,5.560000000000000000e+02,5.560000000000000497e+00,1.199372598499107490e+01,-4.101079884181852542e+00,5.840499178655432111e+00,1.300363297824168818e+00,3.632978241687734311e-04,1.328948776347806948e-01,0.000000000000000000e+00
0.000000000000000000e+00,5.570000000000000000e+02,5.570000000000000284e+00,1.200000000000000000e+01,-4.095926067189883391e+00,5.844028036925701386e+00,1.298929162108299895e+00,-1.070837891700149314e-03,1.328948776347806948e-01,1.000000000000000000e+00
0.000000000000000000e+00,5.580000000000000000e+02,5.580000000000000071e+00,1.200000000000000000e+01,-4.098569000285134045e+00,5.842222188047265341e+00,1.300029352029988594e+00,2.935202998854968826e-05,1.328948776347806948e-01,1.000000000000000000e+00
0.000000000000000000e+00,5.590000000000000000e+02,5.589999999999999858e+00,1.200000000000000000e+01,-4.100933421813362401e+00,5.840606827604006845e+00,1.299770389243624091e+00,-2.296107563759530734e-04,1.328948776347806948e-01,1.000000000000000000e+00
0.000000000000000000e+00,5.600000000000000000e+02,5.600000000000000533e+00,1.200000000000000000e+01,-4.091945937636771724e+00,5.846758560937256100e+00,1.299538695173049430e+00,-4.613048269506148102e-04,1.328919154190659757e-01,1.000000000000000000e+00
0.000000000000000000e+00,5.610000000000000000e+02,5.610000000000000320e+00,1.200000000000000000e+01,-4.092510878350319459e+00,5.846374514106319253e+00,1.300419774659105521e+00,4.197746591054762888e-04,1.328919154190659757e-01,1.000000000000000000e+00
0.000000000000000000e+00,5.620000000000000000e+02,5.620000000000000107e+00,1.199372508377349078e+01,-4.101074956993066678e+00,5.840516824863822620e+00,1.300364523743140044e+00,3.645237431399994676e-04,1.328919154190659757e-01,0.000000000000000000e+00
0.000000000000000000e+00,5.630000000000000000e+02,5.629999999999999893e+00,1.200000000000000000e+01,-4.095915025351128058e+00,5.844049561878883914e+00,1.298930212241112603e+00,-1.069787758887441598e-03,1.328919154190659757e-01,1.000000000000000000e+00
0.000000000000000000e+00,5.640000000000000000e+02,5.639999999999999680e+00,1.200000000000000000e+01,-4.098612323887860676e+00,5.842206214108809803e+00,1.300031072527020992e+00,3.107252702094775998e-05,1.328919154190659757e-01,1.000000000000000000e+00
0.000000000000000000e+00,5.650000000000000000e+02,5.650000000000000355e+00,1.200000000000000000e+01,-4.100911942253120834e+00,5.840634900584531941e+00,1.299766766607496127e+00,-2.332333925039176137e-04,1.328919154190659757e-01,1.000000000000000000e+00
0.000000000000000000e+00,5.660000000000000000e+02,5.660000000000000142e+00,1.200000000000000000e+01,-4.091938850387647264e+00,5.846776502438090439e+00,1.299541412319960010e+00,-4.585876800400345843e-04,1.328919154190659757e-01,1.000000000000000000e+00
0.000000000000000000e+00,5.670000000000000000e+02,5.669999999999999929e+00,1.200000000000000000e+01,-4.092504358821452470e+00,5.846391786792676015e+00,1.300421067189867053e+00,4.210671898670081958e-04,1.328919154190659757e-01,1.000000000000000000e+00
0.000000000000000000e+00,5.680000000000000000e+02,5.679999999999999716e+00,1.199372414251640429e+01,-4.101069239391447852e+00,5.840533273469429965e+00,1.300365747864643318e+00,3.657478646432732461e-04,1.328919154190659757e-01,0.000000000000000000e+00
0.000000000000000000e+00,5.690000000000000000e+02,5.690000000000000391e+00,1.200000000000000000e+01,-4.095903221608096167e+00,5.844069906937717995e+00,1.298931256638768073e+00,-1.068743361231971889e-03,1.328919154190659757e-01,1.000000000000000000e+00
0.000000000000000000e+00,5.700000000000000000e+02,5.700000000000000178e+00,1.200000000000000000e+01,-4.098652994692880469e+00,5.842190390565741964e+00,1.300032789989133519e+00,3.278998913347486166e-05,1.328919154190659757e-01,1.000000000000000000e+00
0.000000000000000000e+00,5.710000000000000000e+02,5.709999999999999964e+00,1.200000000000000000e+01,-4.100890862934865488e+00,5.840661070651231412e+00,1.299763327969838844e+00,-2.366720301612001975e-04,1.328919154190659757e-01,1.000000000000000000e+00
0.000000000000000000e+00,5.720000000000000000e+02,5.719999999999999751e+00,1.200000000000000000e+01,-4.091931163984296127e+00,5.846793259594096348e+00,1.299544015786071594e+00,-4.559842139284508988e-04,1.328919154190659757e-01,1.000000000000000000e+00
0.000000000000000000e+00,5.730000000000000000e+02,5.730000000000000426e+00,1.200000000000000000e+01,-4.092497147061483709e+00,5.846407972997086588e+00,1.300422345618413189e+00,4.223456184131446634e-04,1.328919154190659757e-01,1.000000000000000000e+00
0.000000000000000000e+00,5.740000000000000000e+02,5.740000000000000213e+00,1.199372320142440174e+01,-4.101062844281800679e+00,5.840548659007543719e+00,1.300366968566706527e+00,3.669685667064825907e-04,1.328919154190659757e-01,0.000000000000000000e+00
0.000000000000000000e+00,5.750000000000000000e+02,5.750000000000000000e+00,1.200000000000000000e+01,-4.095890797596923427e+00,5.844089182458099607e+00,1.298932297720874152e+00,-1.067702279125892773e-03,1.328919154190659757e-01,1.000000000000000000e+00
0.000000000000000000e+00,5.760000000000000000e+02,5.759999999999999787e+00,1.200000000000000000e+01,-4.098691157292887688e+00,5.842174821324043421e+00,1.300034500001654436e+00,3.450000165439170985e-05,1.328919154190659757e-01,1.000000000000000000e+00
0.000000000000000000e+00,5.770000000000000000e+02,5.770000000000000462e+00,1.200000000000000000e+01,-4.100870208558578867e+00,5.840685519412802229e+00,1.299760068424079318e+00,-2.399315759207265586e-04,1.328919154190659757e-01,1.000000000000000000e+00
0.000000000000000000e+00,5.780000000000000000e+02,5.780000000000000249e+00,1.200000000000000000e+01,-4.091922960512134999e+00,5.846808970507980874e+00,1.299546512220449035e+00,-4.534877795510094955e-04,1.328919154190659757e-01,1.000000000000000000e+00
0.000000000000000000e+00,5.790000000000000000e+02,5.790000000000000036e+00,1.200000000000000000e+01,-4.092489333345540992e+00,5.846423201054070873e+00,1.300423610773411287e+00,4.236107734112426471e-04,1.328919154190659757e-01,1.000000000000000000e+00
0.000000000000000000e+00,5.800000000000000000e+02,5.799999999999999822e+00,1.199372223156705530e+01,-4.101055829864524327e+00,5.840563127658851883e+00,1.300368185685172095e+00,3.681856851720510804e-04,1.328975985170544882e-01,0.000000000000000000e+00
0.000000000000000000e+00,5.810000000000000000e+02,5.810000000000000497e+00,1.200000000000000000e+01,-4.095877782584897986e+00,5.844107550417399821e+00,1.298933335537328038e+00,-1.066664462672006763e-03,1.328975985170544882e-01,1.000000000000000000e+00
0.000000000000000000e+00,5.820000000000000000e+02,5.820000000000000284e+00,1.200000000000000000e+01,-4.098727150585049550e+00,5.842159452576888512e+00,1.300036208010078020e+00,3.620801007797602722e-05,1.328975985170544882e-01,1.000000000000000000e+00
0.000000000000000000e+00,5.830000000000000000e+02,5.830000000000000071e+00,1.200000000000000000e+01,-4.100849881813216413e+00,5.840708487693049733e+00,1.299756962883713562e+00,-2.430371162864819468e-04,1.328975985170544882e-01,1.000000000000000000e+00
0.000000000000000000e+00,5.840000000000000000e+02,5.839999999999999858e+00,1.200000000000000000e+01,-4.091914284397270229e+00,5.846823775293885639e+00,1.299548919125740332e+00,-4.510808742597127718e-04,1.328975985170544882e-01,1.000000000000000000e+00
0.000000000000000000e+00,5.850000000000000000e+02,5.850000000000000533e+00,1.200000000000000000e+01,-4.092480968649288897e+00,5.846437602922320842e+00,1.300424866089086251e+00,4.248660890862065997e-04,1.328975985170544882e-01,1.000000000000000000e+00
0.000000000000000000e+00,5.860000000000000000e+02,5.860000000000000320e+00,1.199372125068049932e+01,-4.101048334562485742e+00,5.840576748007042518e+00,1.300369401844626349e+00,3.694018446263047650e-04,1.328975985170544882e-01,0.000000000000000000e+00
0.000000000000000000e+00,5.870000000000000000e+02,5.870000000000000107e+00,1.200000000000000000e+01,-4.095864341088629956e+00,5.844125058083185387e+00,1.298934365658492851e+00,-1.065634341507193383e-03,1.328975985170544882e-01,1.000000000000000000e+00
0.000000000000000000e+00,5.880000000000000000e+02,5.879999999999999893e+00,1.200000000000000000e+01,-4.098760999901954527e+00,5.842144423442238832e+00,1.300037905190092768e+00,3.790519009272408368e-05,1.328975985170544882e-01,1.000000000000000000e+00
0.000000000000000000e+00,5.890000000000000000e+02,5.889999999999999680e+00,1.200000000000000000e+01,-4.100829981621939346e+00,5.840730060943135626e+00,1.299754016014031288e+00,-2.459839859687562580e-04,1.328975985170544882e-01,1.000000000000000000e+00
0.000000000000000000e+00,5.900000000000000000e+02,5.900000000000000355e+00,1.200000000000000000e+01,-4.091905255036378364e+00,5.846837742151649309e+00,1.299551233800596561e+00,-4.487661994034830570e-04,1.328975985170544882e-01,1.000000000000000000e+00
0.000000000000000000e+00,5.910000000000000000e+02,5.910000000000000142e+00,1.200000000000000000e+01,-4.092472179348881411e+00,5.846451238852363730e+00,1.300426106710906859e+00,4.261067109068150671e-04,1.328975985170544882e-01,1.000000000000000000e+00
0.000000000000000000e+00,5.920000000000000000e+02,5.919999999999999929e+00,1.199372031712962006e+01,-4.101040390417929338e+00,5.840589641681160238e+00,1.300370611361359785e+00,3.706113613597405987e-04,1.328975985170544882e-01,0.000000000000000000e+00
0.000000000000000000e+00,5.930000000000000000e+02,5.929999999999999716e+00,1.200000000000000000e+01,-4.095850534328063119e+00,5.844141804027065845e+00,1.298935397037458195e+00,-1.064602962541849607e-03,1.328975985170544882e-01,1.000000000000000000e+00
0.000000000000000000e+00,5.940000000000000000e+02,5.940000000000000391e+00,1.200000000000000000e+01,-4.098792871966754348e+00,5.842129757268716972e+00,1.300039591957520724e+00,3.959195752067934393e-05,1.328975985170544882e-01,1.000000000000000000e+00
0.000000000000000000e+00,5.950000000000000000e+02,5.950000000000000178e+00,1.200000000000000000e+01,-4.100810463149869634e+00,5.840750404300194099e+00,1.299751217749950172e+00,-2.487822500498726441e-04,1.328975985170544882e-01,1.000000000000000000e+00
0.000000000000000000e+00,5.960000000000000000e+02,5.959999999999999964e+00,1.200000000000000000e+01,-4.091895900483992321e+00,5.846850983458587336e+00,1.299553466784882261e+00,-4.465332151177836550e-04,1.328975985170544882e-01,1.000000000000000000e+00
0.000000000000000000e+00,5.970000000000000000e+02,5.969999999999999751e+00,1.200000000000000000e+01,-4.092462998460655754e+00,5.846464214984901986e+00,1.300427335899003722e+00,4.273358990036779659e-04,1.328975985170544882e-01,1.000000000000000000e+00
0.000000000000000000e+00,5.980000000000000000e+02,5.980000000000000426e+00,1.199371938792829262e+01,-4.101032060017361758e+00,5.840601891823976821e+00,1.300371816879561937e+00,3.718168795618925770e-04,1.328975985170544882e-01,0.000000000000000000e+00
0.000000000000000000e+00,5.990000000000000000e+02,5.990000000000000213e+00,1.200000000000000000e+01,-4.095836395179380141e+00,5.844157889022540076e+00,1.298936425217310120e+00,-1.063574782689924447e-03,1.328975985170544882e-01,1.000000000000000000e+00
0.000000000000000000e+00,6.000000000000000000e+02,6.000000000000000000e+00,1.200000000000000000e+01,-4.098822996921484219e+00,5.842115417213570083e+00,1.300041270721053799e+00,4.127072105375440003e-05,1.328955139874815894e-01,1.000000000000000000e+00
0.000000000000000000e+00,6.010000000000000000e+02,6.009999999999999787e+00,1.200000000000000000e+01,-4.100791294705572909e+00,5.840769657493931177e+00,1.299748551041545852e+00,-2.514489584541923506e-04,1.328955139874815894e-01,1.000000000000000000e+00
0.000000000000000000e+00,6.020000000000000000e+02,6.020000000000000462e+00,1.200000000000000000e+01,-4.091886280452031954e+00,5.846863573889974575e+00,1.299555626579780743e+00,-4.443734202193017069e-04,1.328955139874815894e-01,1.000000000000000000e+00
0.000000000000000000e+00,6.030000000000000000e+02,6.030000000000000249e+00,1.200000000000000000e+01,-4.092453490278800565e+00,5.846476600388151645e+00,1.300428553078476046e+00,4.285530784760016587e-04,1.328955139874815894e-01,1.000000000000000000e+00
0.000000000000000000e+00,6.040000000000000000e+02,6.040000000000000036e+00,1.199371849093332010e+01,-4.101023405188479742e+00,5.840613566769945919e+00,1.300373017262239639e+00,3.730172622395944160e-04,1.328955139874815894e-01,0.000000000000000000e+00
0.000000000000000000e+00,6.050000000000000000e+02,6.049999999999999822e+00,1.200000000000000000e+01,-4.095822005650756381e+00,5.844173365229926809e+00,1.298937451832903545e+00,-1.062548167096499796e-03,1.328955139874815894e-01,1.000000000000000000e+00
0.000000000000000000e+00,6.060000000000000000e+02,6.060000000000000497e+00,1.200000000000000000e+01,-4.098851423629377599e+00,5.842101475784993170e+00,1.300042938388370484e+00,4.293838837043928436e-05,1.328955139874815894e-01,1.000000000000000000e+00
0.000000000000000000e+00,6.070000000000000000e+02,6.070000000000000284e+00,1.200000000000000000e+01,-4.100772472726503359e+00,5.840787926624518178e+00,1.299746015939414967e+00,-2.539840605850773869e-04,1.328955139874815894e-01,1.000000000000000000e+00
0.000000000000000000e+00,6.080000000000000000e+02,6.080000000000000071e+00,1.200000000000000000e+01,-4.091876417830978774e+00,5.846875599223538167e+00,1.299557718271345141e+00,-4.422817286549030058e-04,1.328955139874815894e-01,1.000000000000000000e+00
0.000000000000000000e+00,6.090000000000000000e+02,6.089999999999999858e+00,1.200000000000000000e+01,-4.092443681347710971e+00,5.846488476154840797e+00,1.300429760639246091e+00,4.297606392460462388e-04,1.328955139874815894e-01,1.000000000000000000e+00
0.000000000000000000e+00,6.100000000000000000e+02,6.100000000000000533e+00,1.199371757246893289e+01,-4.101014452649304864e+00,5.840624745351503222e+00,1.300374214441517573e+00,3.742144415175285843e-04,1.328955139874815894e-01,0.000000000000000000e+00
0.000000000000000000e+00,6.110000000000000000e+02,6.110000000000000320e+00,1.200000000000000000e+01,-4.095807350137524949e+00,5.844188338352863887e+00,1.298938473612503142e+00,-1.061526387496902757e-03,1.328955139874815894e-01,1.000000000000000000e+00
0.000000000000000000e+00,6.120000000000000000e+02,6.120000000000000107e+00,1.200000000000000000e+01,-4.098878423326768328e+00,5.842087840384716735e+00,1.300044600830090324e+00,4.460083009028004142e-05,1.328955139874815894e-01,1.000000000000000000e+00
0.000000000000000000e+00,6.130000000000000000e+02,6.129999999999999893e+00,1.200000000000000000e+01,-4.100753946181530551e+00,5.840805337608931502e+00,1.299743590102056867e+00,-2.564098979431772563e-04,1.328955139874815894e-01,1.000000000000000000e+00
0.000000000000000000e+00,6.140000000000000000e+02,6.140000000000000568e+00,1.200000000000000000e+01,-4.091866361671922192e+00,5.846887114963330134e+00,1.299559751021089671e+00,-4.402489789103736229e-04,1.328955139874815894e-01,1.000000000000000000e+00
0.000000000000000000e+00,6.150000000000000000e+02,6.150000000000000355e+00,1.200000000000000000e+01,-4.092433623703611190e+00,5.846499893842684870e+00,1.300430957842352520e+00,4.309578423524751400e-04,1.328955139874815894e-01,1.000000000000000000e+00
0.000000000000000000e+00,6.160000000000000000e+02,6.160000000000000142e+00,1.199371666020287108e+01,-4.101005252364548603e+00,5.840635478678768422e+00,1.300375407298848707e+00,3.754072988486623075e-04,1.328955139874815894e-01,0.000000000000000000e+00
0.000000000000000000e+00,6.170000000000000000e+02,6.169999999999999929e+00,1.200000000000000000e+01,-4.095792498889976763e+00,5.844202843798685265e+00,1.298939492178255328e+00,-1.060507821744716139e-03,1.328955139874815894e-01,1.000000000000000000e+00
0.000000000000000000e+00,6.180000000000000000e+02,6.179999999999999716e+00,1.200000000000000000e+01,-4.098904036513982163e+00,5.842074564986926788e+00,1.300046254973631576e+00,4.625497363153208141e-05,1.328955139874815894e-01,1.000000000000000000e+00
0.000000000000000000e+00,6.190000000000000000e+02,6.190000000000000391e+00,1.200000000000000000e+01,-4.100735728685137360e+00,5.840821961067361734e+00,1.299741273291574739e+00,-2.587267084253053184e-04,1.328955139874815894e-01,1.000000000000000000e+00
0.000000000000000000e+00,6.200000000000000000e+02,6.200000000000000178e+00,1.200000000000000000e+01,-4.091856160682992183e+00,5.846898166013514420e+00,1.299561727146774981e+00,-4.382728532250634856e-04,1.328924060139933250e-01,1.000000000000000000e+00
0.000000000000000000e+00,6.210000000000000000e+02,6.209999999999999964e+00,1.200000000000000000e+01,-4.092423369617010032e+00,5.846510894246625512e+00,1.300432143487591397e+00,4.321434875913521267e-04,1.328924060139933250e-01,1.000000000000000000e+00
0.000000000000000000e+00,6.220000000000000000e+02,6.219999999999999751e+00,1.199371579509361752e+01,-4.100995854271315189e+00,5.840645807505946863e+00,1.300376594208501047e+00,3.765942085010021145e-04,1.328924060139933250e-01,0.000000000000000000e+00
0.000000000000000000e+00,6.230000000000000000e+02,6.230000000000000426e+00,1.200000000000000000e+01,-4.095777532411199573e+00,5.844216899806062848e+00,1.298940509941176158e+00,-1.059490058823886471e-03,1.328924060139933250e-01,1.000000000000000000e+00
0.000000000000000000e+00,6.240000000000000000e+02,6.240000000000000213e+00,1.200000000000000000e+01,-4.098928284390001231e+00,5.842061706841949587e+00,1.300047896277609416e+00,4.789627760937165135e-05,1.328924060139933250e-01,1.000000000000000000e+00
0.000000000000000000e+00,6.250000000000000000e+02,6.250000000000000000e+00,1.200000000000000000e+01,-4.100717850997665614e+00,5.840837846175060299e+00,1.299739066708507806e+00,-2.609332914922379842e-04,1.328924060139933250e-01,1.000000000000000000e+00
0.000000000000000000e+00,6.260000000000000000e+02,6.259999999999999787e+00,1.200000000000000000e+01,-4.091845813031845580e+00,5.846908822338463985e+00,1.299563646841319642e+00,-4.363531586804025864e-04,1.328924060139933250e-01,1.000000000000000000e+00
0.000000000000000000e+00,6.270000000000000000e+02,6.270000000000000462e+00,1.200000000000000000e+01,-4.092412920079043559e+00,5.846521543914999341e+00,1.300433320892828704e+00,4.333208928286591544e-04,1.328924060139933250e-01,1.000000000000000000e+00
0.000000000000000000e+00,6.280000000000000000e+02,6.280000000000000249e+00,1.199371489664070900e+01,-4.100986260769499125e+00,5.840655795962112151e+00,1.300377778143903873e+00,3.777781439038285782e-04,1.328924060139933250e-01,0.000000000000000000e+00
0.000000000000000000e+00,6.290000000000000000e+02,6.290000000000000036e+00,1.200000000000000000e+01,-4.095762390479605664e+00,5.844230611935999242e+00,1.298941522038149055e+00,-1.058477961850989857e-03,1.328924060139933250e-01,1.000000000000000000e+00
0.000000000000000000e+00,6.300000000000000000e+02,6.299999999999999822e+00,1.200000000000000000e+01,-4.098951414319404130e+00,5.842049159655979373e+00,1.300049533584812567e+00,4.953358481252223555e-05,1.328924060139933250e-01,1.000000000000000000e+00
0.000000000000000000e+00,6.310000000000000000e+02,6.310000000000000497e+00,1.200000000000000000e+01,-4.100700222963763686e+00,5.840853116219225427e+00,1.299736948979448359e+00,-2.630510205516856104e-04,1.328924060139933250e-01,1.000000000000000000e+00
0.000000000000000000e+00,6.320000000000000000e+02,6.320000000000000284e+00,1.200000000000000000e+01,-4.091835361564465146e+00,5.846919114919669980e+00,1.299565521758684117e+00,-4.344782413159276047e-04,1.328924060139933250e-01,1.000000000000000000e+00
0.000000000000000000e+00,6.330000000000000000e+02,6.330000000000000071e+00,1.200000000000000000e+01,-4.092402319008366263e+00,5.846531871808662295e+00,1.300434488613249062e+00,4.344886132490177744e-04,1.328924060139933250e-01,1.000000000000000000e+00
0.000000000000000000e+00,6.340000000000000000e+02,6.339999999999999858e+00,1.199371400563091505e+01,-4.100976513742828899e+00,5.840665473140379760e+00,1.300378957496327370e+00,3.789574963273256714e-04,1.328924060139933250e-01,0.000000000000000000e+00
0.000000000000000000e+00,6.350000000000000000e+02,6.350000000000000533e+00,1.200000000000000000e+01,-4.095747145590780569e+00,5.844243987102990978e+00,1.298942530868895773e+00,-1.057469131104271653e-03,1.328924060139933250e-01,1.000000000000000000e+00
0.000000000000000000e+00,6.360000000000000000e+02,6.360000000000000320e+00,1.200000000000000000e+01,-4.098973426682356980e+00,5.842036978482015641e+00,1.300051162371143487e+00,5.116237114344279746e-05,1.328924060139933250e-01,1.000000000000000000e+00
0.000000000000000000e+00,6.370000000000000000e+02,6.370000000000000107e+00,1.200000000000000000e+01,-4.100682877624157285e+00,5.840867802725576929e+00,1.299734922594561137e+00,-2.650774054389071210e-04,1.328924060139933250e-01,1.000000000000000000e+00
0.000000000000000000e+00,6.380000000000000000e+02,6.379999999999999893e+00,1.200000000000000000e+01,-4.091824828338745945e+00,5.846929081638533532e+00,1.299567351133004367e+00,-4.326488669956773947e-04,1.328924060139933250e-01,1.000000000000000000e+00
0.000000000000000000e+00,6.390000000000000000e+02,6.390000000000000568e+00,1.200000000000000000e+01,-4.092391591364462400e+00,5.846541912688024034e+00,1.300435646906739517e+00,4.356469067394730388e-04,1.328924060139933250e-01,1.000000000000000000e+00
0.000000000000000000e+00,6.400000000000000000e+02,6.400000000000000355e+00,1.199371309319588619e+01,-4.100966609102040472e+00,5.840674892558358700e+00,1.300380132187385573e+00,3.801321873855290079e-04,1.328978984955898890e-01,0.000000000000000000e+00
0.000000000000000000e+00,6.410000000000000000e+02,6.410000000000000142e+00,1.200000000000000000e+01,-4.095731766225159554e+00,5.844257096503746141e+00,1.298943536414938205e+00,-1.056463585061839794e-03,1.328978984955898890e-01,1.000000000000000000e+00
0.000000000000000000e+00,6.420000000000000000e+02,6.419999999999999929e+00,1.200000000000000000e+01,-4.098994472508350029e+00,5.842025108537785449e+00,1.300052787993392300e+00,5.278799339225592746e-05,1.328978984955898890e-01,1.000000000000000000e+00
0.000000000000000000e+00,6.430000000000000000e+02,6.429999999999999716e+00,1.200000000000000000e+01,-4.100665756224262104e+00,5.840881993405442785e+00,1.299732974966435028e+00,-2.670250335650159457e-04,1.328978984955898890e-01,1.000000000000000000e+00
0.000000000000000000e+00,6.440000000000000000e+02,6.440000000000000391e+00,1.200000000000000000e+01,-4.091814207692190841e+00,5.846938772865248879e+00,1.299569142895712570e+00,-4.308571042874742574e-04,1.328978984955898890e-01,1.000000000000000000e+00
0.000000000000000000e+00,6.450000000000000000e+02,6.450000000000000178e+00,1.200000000000000000e+01,-4.092380731320293563e+00,5.846551716032737822e+00,1.300436798451892528e+00,4.367984518924838966e-04,1.328978984955898890e-01,1.000000000000000000e+00
0.000000000000000000e+00,6.460000000000000000e+02,6.459999999999999964e+00,1.199371217576669757e+01,-4.100956627263900423e+00,5.840684043719552854e+00,1.300381304866027321e+00,3.813048660272766455e-04,1.328978984955898890e-01,0.000000000000000000e+00
0.000000000000000000e+00,6.470000000000000000e+02,6.469999999999999751e+00,1.200000000000000000e+01,-4.095716358684041936e+00,5.844269910984129623e+00,1.298944534383254634e+00,-1.055465616745410173e-03,1.328978984955898890e-01,1.000000000000000000e+00
0.000000000000000000e+00,6.480000000000000000e+02,6.480000000000000426e+00,1.200000000000000000e+01,-4.099014506763404064e+00,5.842013623298670133e+00,1.300054402022769340e+00,5.440202276929539948e-05,1.328978984955898890e-01,1.000000000000000000e+00
0.000000000000000000e+00,6.490000000000000000e+02,6.490000000000000213e+00,1.200000000000000000e+01,-4.100648939913959623e+00,5.840895674493191692e+00,1.299731112459408644e+00,-2.688875405914004091e-04,1.328978984955898890e-01,1.000000000000000000e+00
0.000000000000000000e+00,6.500000000000000000e+02,6.500000000000000000e+00,1.200000000000000000e+01,-4.091803568996359886e+00,5.846948182003989913e+00,1.299570890998791306e+00,-4.291090012087384054e-04,1.328978984955898890e-01,1.000000000000000000e+00
0.000000000000000000e+00,6.510000000000000000e+02,6.509999999999999787e+00,1.200000000000000000e+01,-4.092369813729478167e+00,5.846561270633144680e+00,1.300437938317020592e+00,4.379383170205475295e-04,1.328978984955898890e-01,1.000000000000000000e+00
0.000000000000000000e+00,6.520000000000000000e+02,6.520000000000000462e+00,1.199371130899919002e+01,-4.100946553431179531e+00,5.840692975894613781e+00,1.300382470023766501e+00,3.824700237664568903e-04,1.328978984955898890e-01,0.000000000000000000e+00
0.000000000000000000e+00,6.530000000000000000e+02,6.530000000000000249e+00,1.200000000000000000e+01,-4.095700936420689331e+00,5.844282459642914596e+00,1.298945533291711918e+00,-1.054466708288126497e-03,1.328978984955898890e-01,1.000000000000000000e+00
0.000000000000000000e+00,6.540000000000000000e+02,6.540000000000000036e+00,1.200000000000000000e+01,-4.099033575024868981e+00,5.842002529054789228e+00,1.300056004890489003e+00,5.600489048895873623e-05,1.328978984955898890e-01,1.000000000000000000e+00
0.000000000000000000e+00,6.550000000000000000e+02,6.549999999999999822e+00,1.200000000000000000e+01,-4.100632397846613486e+00,5.840908903761857118e+00,1.299729332317746788e+00,-2.706676822532561033e-04,1.328978984955898890e-01,1.000000000000000000e+00
0.000000000000000000e+00,6.560000000000000000e+02,6.560000000000000497e+00,1.200000000000000000e+01,-4.091792901059892351e+00,5.846957352593512347e+00,1.299572600141991829e+00,-4.273998580082150056e-04,1.328978984955898890e-01,1.000000000000000000e+00
0.000000000000000000e+00,6.570000000000000000e+02,6.570000000000000284e+00,1.200000000000000000e+01,-4.092358827851582781e+00,5.846570618943260023e+00,1.300439069237750322e+00,4.390692377502780630e-04,1.328978984955898890e-01,1.000000000000000000e+00
0.000000000000000000e+00,6.580000000000000000e+02,6.580000000000000071e+00,1.199371045082519416e+01,-4.100936406724799532e+00,5.840701710350010067e+00,1.300383630316655159e+00,3.836303166551147115e-04,1.328978984955898890e-01,0.000000000000000000e+00
0.000000000000000000e+00,6.590000000000000000e+02,6.589999999999999858e+00,1.200000000000000000e+01,-4.095685490379648463e+00,5.844294782289881418e+00,1.298946528845851711e+00,-1.053471154148333255e-03,1.328978984955898890e-01,1.000000000000000000e+00
0.000000000000000000e+00,6.600000000000000000e+02,6.600000000000000533e+00,1.200000000000000000e+01,-4.099051791294860969e+00,5.841991780695164671e+00,1.300057599019699861e+00,5.759901969981662262e-05,1.328957655285161188e-01,1.000000000000000000e+00
0.000000000000000000e+00,6.610000000000000000e+02,6.610000000000000320e+00,1.200000000000000000e+01,-4.100616115822891317e+00,5.840921723115209296e+00,1.299727624868226350e+00,-2.723751317736944344e-04,1.328957655285161188e-01,1.000000000000000000e+00
0.000000000000000000e+00,6.620000000000000000e+02,6.620000000000000107e+00,1.200000000000000000e+01,-4.091782227964510632e+00,5.846966299659714039e+00,1.299574273188331297e+00,-4.257268116687473736e-04,1.328957655285161188e-01,1.000000000000000000e+00
0.000000000000000000e+00,6.630000000000000000e+02,6.629999999999999893e+00,1.200000000000000000e+01,-4.092347799461552249e+00,5.846579774157022236e+00,1.300440190292975640e+00,4.401902929755951988e-04,1.328957655285161188e-01,1.000000000000000000e+00
0.000000000000000000e+00,6.640000000000000000e+02,6.640000000000000568e+00,1.199370962920054673e+01,-4.100926211650102182e+00,5.840710260489076155e+00,1.300384784626813950e+00,3.847846268139054615e-04,1.328957655285161188e-01,0.000000000000000000e+00
0.000000000000000000e+00,6.650000000000000000e+02,6.650000000000000355e+00,1.200000000000000000e+01,-4.095670065999191145e+00,5.844306877359812802e+00,1.298947522672384114e+00,-1.052477327615930491e-03,1.328957655285161188e-01,1.000000000000000000e+00
0.000000000000000000e+00,6.660000000000000000e+02,6.660000000000000142e+00,1.200000000000000000e+01,-4.099069129494164798e+00,5.841981424953818447e+00,1.300059181305356359e+00,5.918130535631505040e-05,1.328957655285161188e-01,1.000000000000000000e+00
0.000000000000000000e+00,6.670000000000000000e+02,6.669999999999999929e+00,1.200000000000000000e+01,-4.100600087628375690e+00,5.840934165074254558e+00,1.299725993987705497e+00,-2.740060122945475740e-04,1.328957655285161188e-01,1.000000000000000000e+00
0.000000000000000000e+00,6.680000000000000000e+02,6.679999999999999716e+00,1.200000000000000000e+01,-4.091771540433224885e+00,5.846975057213288807e+00,1.299575912038847036e+00,-4.240879611530079529e-04,1.328957655285161188e-01,1.000000000000000000e+00
0.000000000000000000e+00,6.690000000000000000e+02,6.690000000000000391e+00,1.200000000000000000e+01,-4.092336720133500805e+00,5.846588769105731664e+00,1.300441303655357483e+00,4.413036553574389842e-04,1.328957655285161188e-01,1.000000000000000000e+00
0.000000000000000000e+00,6.700000000000000000e+02,6.700000000000000178e+00,1.199370878878962365e+01,-4.100915960991557974e+00,5.840718657729050634e+00,1.300385935016306727e+00,3.859350163066821437e-04,1.328957655285161188e-01,0.000000000000000000e+00
0.000000000000000000e+00,6.710000000000000000e+02,6.709999999999999964e+00,1.200000000000000000e+01,-4.095654613202861505e+00,5.844318805028288821e+00,1.298948511441798459e+00,-1.051488558201585377e-03,1.328957655285161188e-01,1.000000000000000000e+00
0.000000000000000000e+00,6.720000000000000000e+02,6.719999999999999751e+00,1.200000000000000000e+01,-4.099085757196538893e+00,5.841971372525845752e+00,1.300060757839640369e+00,6.075783964032410722e-05,1.328957655285161188e-01,1.000000000000000000e+00
0.000000000000000000e+00,6.730000000000000000e+02,6.730000000000000426e+00,1.200000000000000000e+01,-4.100584282216482634e+00,5.840946275692257217e+00,1.299724424406546675e+00,-2.755755934533699048e-04,1.328957655285161188e-01,1.000000000000000000e+00
0.000000000000000000e+00,6.740000000000000000e+02,6.740000000000000213e+00,1.200000000000000000e+01,-4.091760860100676744e+00,5.846983634735847701e+00,1.299577520871132874e+00,-4.224791288671703171e-04,1.328957655285161188e-01,1.000000000000000000e+00
0.000000000000000000e+00,6.750000000000000000e+02,6.750000000000000000e+00,1.200000000000000000e+01,-4.092325612273946867e+00,5.846597612224373464e+00,1.300442408313851494e+00,4.424083138514500746e-04,1.328957655285161188e-01,1.000000000000000000e+00
0.000000000000000000e+00,6.760000000000000000e+02,6.759999999999999787e+00,1.199370795749477558e+01,-4.100905675994860111e+00,5.840726910791652848e+00,1.300387080374741267e+00,3.870803747412221441e-04,1.328957655285161188e-01,0.000000000000000000e+00
0.000000000000000000e+00,6.770000000000000000e+02,6.770000000000000462e+00,1.200000000000000000e+01,-4.095639174197923893e+00,5.844330559177061346e+00,1.298949496779489010e+00,-1.050503220511034286e-03,1.328957655285161188e-01,1.000000000000000000e+00
0.000000000000000000e+00,6.780000000000000000e+02,6.780000000000000249e+00,1.200000000000000000e+01,-4.099101660749691511e+00,5.841961655027008149e+00,1.300062325525209284e+00,6.232552520923917427e-05,1.328957655285161188e-01,1.000000000000000000e+00
0.000000000000000000e+00,6.790000000000000000e+02,6.790000000000000036e+00,1.200000000000000000e+01,-4.100568709212964791e+00,5.840958070180866990e+00,1.299722918481023726e+00,-2.770815189763187192e-04,1.328957655285161188e-01,1.000000000000000000e+00
0.000000000000000000e+00,6.800000000000000000e+02,6.799999999999999822e+00,1.200000000000000000e+01,-4.091750210962221246e+00,5.846992037141848009e+00,1.299579099737521615e+00,-4.209002624784297097e-04,1.328926130530660998e-01,1.000000000000000000e+00
0.000000000000000000e+00,6.810000000000000000e+02,6.810000000000000497e+00,1.200000000000000000e+01,-4.092314502189467795e+00,5.846606306390970786e+00,1.300443502891336145e+00,4.435028913361005465e-04,1.328926130530660998e-01,1.000000000000000000e+00
0.000000000000000000e+00,6.820000000000000000e+02,6.820000000000000284e+00,1.199370717648521456e+01,-4.100895381452807520e+00,5.840735023145604998e+00,1.300388219077619478e+00,3.882190776194338611e-04,1.328926130530660998e-01,0.000000000000000000e+00
0.000000000000000000e+00,6.830000000000000000e+02,6.830000000000000071e+00,1.200000000000000000e+01,-4.095623804901276976e+00,5.844342121541471258e+00,1.298950481091960540e+00,-1.049518908039503984e-03,1.328926130530660998e-01,1.000000000000000000e+00
0.000000000000000000e+00,6.840000000000000000e+02,6.839999999999999858e+00,1.200000000000000000e+01,-4.099116818659263473e+00,5.841952306734666145e+00,1.300063879794619348e+00,6.387979461930370917e-05,1.328926130530660998e-01,1.000000000000000000e+00
0.000000000000000000e+00,6.850000000000000000e+02,6.850000000000000533e+00,1.200000000000000000e+01,-4.100553394509113048e+00,5.840969549977589992e+00,1.299721479212640141e+00,-2.785207873599038209e-04,1.328926130530660998e-01,1.000000000000000000e+00
0.000000000000000000e+00,6.860000000000000000e+02,6.860000000000000320e+00,1.200000000000000000e+01,-4.091739568466383759e+00,5.847000299969103310e+00,1.299580646974736187e+00,-4.193530252638577593e-04,1.328926130530660998e-01,1.000000000000000000e+00
0.000000000000000000e+00,6.870000000000000000e+02,6.870000000000000107e+00,1.200000000000000000e+01,-4.092303366772974016e+00,5.846614885748529389e+00,1.300444590649717513e+00,4.445906497174689775e-04,1.328926130530660998e-01,1.000000000000000000e+00
0.000000000000000000e+00,6.880000000000000000e+02,6.879999999999999893e+00,1.199370636387455669e+01,-4.100885056336760037e+00,5.840743027112092811e+00,1.300389354226828775e+00,3.893542268287308872e-04,1.328926130530660998e-01,0.000000000000000000e+00
0.000000000000000000e+00,6.890000000000000000e+02,6.890000000000000568e+00,1.200000000000000000e+01,-4.095608421157458601e+00,5.844353567251180159e+00,1.298951459495894856e+00,-1.048540504105188731e-03,1.328926130530660998e-01,1.000000000000000000e+00
0.000000000000000000e+00,6.900000000000000000e+02,6.900000000000000355e+00,1.200000000000000000e+01,-4.099131389094478273e+00,5.841943236587809452e+00,1.300065429698329833e+00,6.542969832978862144e-05,1.328926130530660998e-01,1.000000000000000000e+00
0.000000000000000000e+00,6.910000000000000000e+02,6.910000000000000142e+00,1.200000000000000000e+01,-4.100538266827619793e+00,5.840980780642940573e+00,1.299720091879468686e+00,-2.799081205313580512e-04,1.328926130530660998e-01,1.000000000000000000e+00
0.000000000000000000e+00,6.920000000000000000e+02,6.919999999999999929e+00,1.200000000000000000e+01,-4.091728957590223814e+00,5.847008422567377295e+00,1.299582170338291265e+00,-4.178296617087795539e-04,1.328926130530660998e-01,1.000000000000000000e+00
0.000000000000000000e+00,6.930000000000000000e+02,6.929999999999999716e+00,1.200000000000000000e+01,-4.092292230011710608e+00,5.846623349974166217e+00,1.300445669892172251e+00,4.456698921722068718e-04,1.328926130530660998e-01,1.000000000000000000e+00
0.000000000000000000e+00,6.940000000000000000e+02,6.940000000000000391e+00,1.199370556074797456e+01,-4.100874723227470042e+00,5.840750922988440230e+00,1.300390484206494612e+00,3.904842064945679425e-04,1.328926130530660998e-01,0.000000000000000000e+00
0.000000000000000000e+00,6.950000000000000000e+02,6.950000000000000178e+00,1.200000000000000000e+01,-4.095593076667794818e+00,5.844364874973033253e+00,1.298952434392576905e+00,-1.047565607423139866e-03,1.328926130530660998e-01,1.000000000000000000e+00
0.000000000000000000e+00,6.960000000000000000e+02,6.959999999999999964e+00,1.200000000000000000e+01,-4.099145343328344460e+00,5.841934479326633678e+00,1.300066970676643674e+00,6.697067664362954531e-05,1.328926130530660998e-01,1.000000000000000000e+00
0.000000000000000000e+00,6.970000000000000000e+02,6.969999999999999751e+00,1.200000000000000000e+01,-4.100523353059099207e+00,5.840991758541008494e+00,1.299718759987040562e+00,-2.812400129594827547e-04,1.328926130530660998e-01,1.000000000000000000e+00
0.000000000000000000e+00,6.980000000000000000e+02,6.980000000000000426e+00,1.200000000000000000e+01,-4.091718383019885330e+00,5.847016416175994991e+00,1.299583667866364589e+00,-4.163321336354552926e-04,1.328926130530660998e-01,1.000000000000000000e+00
0.000000000000000000e+00,6.990000000000000000e+02,6.990000000000000213e+00,1.200000000000000000e+01,-4.092281098925803384e+00,5.846631708400507499e+00,1.300446740819228841e+00,4.467408192287969371e-04,1.328926130530660998e-01,1.000000000000000000e+00
0.000000000000000000e+00,7.000000000000000000e+02,7.000000000000000000e+00,1.199370473835156581e+01,-4.100864360992190427e+00,5.840758739064342286e+00,1.300391608974312163e+00,3.916089743121187183e-04,1.328980358701437048e-01,0.000000000000000000e+00
0.000000000000000000e+00,7.010000000000000000e+02,7.009999999999999787e+00,1.200000000000000000e+01,-4.095577723320069197e+00,5.844376091160905951e+00,1.298953405759856849e+00,-1.046594240143194909e-03,1.328980358701437048e-01,1.000000000000000000e+00
0.000000000000000000e+00,7.020000000000000000e+02,7.020000000000000462e+00,1.200000000000000000e+01,-4.099158769773443289e+00,5.841925987695150368e+00,1.300068508063682682e+00,6.850806368263739898e-05,1.328980358701437048e-01,1.000000000000000000e+00
0.000000000000000000e+00,7.030000000000000000e+02,7.030000000000000249e+00,1.200000000000000000e+01,-4.100508605148555752e+00,5.841002529504569551e+00,1.299717475472772277e+00,-2.825245272277676634e-04,1.328980358701437048e-01,1.000000000000000000e+00
0.000000000000000000e+00,7.040000000000000000e+02,7.040000000000000036e+00,1.200000000000000000e+01,-4.091707825199854653e+00,5.847024306853846554e+00,1.299585144862260400e+00,-4.148551377396447748e-04,1.328980358701437048e-01,1.000000000000000000e+00
0.000000000000000000e+00,7.050000000000000000e+02,7.049999999999999822e+00,1.200000000000000000e+01,-4.092269951955354479e+00,5.846639988182971592e+00,1.300447805926425726e+00,4.478059264256817329e-04,1.328980358701437048e-01,1.000000000000000000e+00
0.000000000000000000e+00,7.060000000000000000e+02,7.060000000000000497e+00,1.199370391285173554e+01,-4.100854033654348640e+00,5.840766443673573782e+00,1.300392731209681241e+00,3.927312096811963471e-04,1.328980358701437048e-01,0.000000000000000000e+00
0.000000000000000000e+00,7.070000000000000000e+02,7.070000000000000284e+00,1.200000000000000000e+01,-4.095562451038330387e+00,5.844387166166145064e+00,1.298954369407094411e+00,-1.045630592905633094e-03,1.328980358701437048e-01,1.000000000000000000e+00
0.000000000000000000e+00,7.080000000000000000e+02,7.080000000000000071e+00,1.200000000000000000e+01,-4.099171618359053859e+00,5.841917807587132749e+00,1.300070033587951812e+00,7.003358795176772844e-05,1.328980358701437048e-01,1.000000000000000000e+00
0.000000000000000000e+00,7.090000000000000000e+02,7.089999999999999858e+00,1.200000000000000000e+01,-4.100494092481899777e+00,5.841013057446979850e+00,1.299716243777016444e+00,-2.837562229835999261e-04,1.328980358701437048e-01,1.000000000000000000e+00
0.000000000000000000e+00,7.100000000000000000e+02,7.100000000000000533e+00,1.200000000000000000e+01,-4.091697338677482421e+00,5.847032068420780604e+00,1.299586595043656256e+00,-4.134049563437880437e-04,1.328980358701437048e-01,1.000000000000000000e+00
0.000000000000000000e+00,7.110000000000000000e+02,7.110000000000000320e+00,1.200000000000000000e+01,-4.092258850041656792e+00,5.846648158534001993e+00,1.300448860377080962e+00,4.488603770809174165e-04,1.328980358701437048e-01,1.000000000000000000e+00
0.000000000000000000e+00,7.120000000000000000e+02,7.120000000000000107e+00,1.199370313878260852e+01,-4.100843714184902566e+00,5.840774065987673680e+00,1.300393845438637896e+00,3.938454386378520411e-04,1.328980358701437048e-01,0.000000000000000000e+00
0.000000000000000000e+00,7.130000000000000000e+02,7.129999999999999893e+00,1.200000000000000000e+01,-4.095547260330528516e+00,5.844398110090197385e+00,1.298955333644229215e+00,-1.044666355770829114e-03,1.328980358701437048e-01,1.000000000000000000e+00
0.000000000000000000e+00,7.140000000000000000e+02,7.140000000000000568e+00,1.200000000000000000e+01,-4.099183897390628495e+00,5.841909943541870653e+00,1.300071547677048134e+00,7.154767704808939754e-05,1.328980358701437048e-01,1.000000000000000000e+00
0.000000000000000000e+00,7.150000000000000000e+02,7.150000000000000355e+00,1.200000000000000000e+01,-4.100479787194271530e+00,5.841023371435747791e+00,1.299715064552644073e+00,-2.849354473559717604e-04,1.328980358701437048e-01,1.000000000000000000e+00
0.000000000000000000e+00,7.160000000000000000e+02,7.160000000000000142e+00,1.200000000000000000e+01,-4.091686901548247768e+00,5.847039725653402797e+00,1.299588021599511034e+00,-4.119784004890103546e-04,1.328980358701437048e-01,1.000000000000000000e+00
0.000000000000000000e+00,7.170000000000000000e+02,7.169999999999999929e+00,1.200000000000000000e+01,-4.092247770235818649e+00,5.846656244731624597e+00,1.300449906764977293e+00,4.499067649772481303e-04,1.328980358701437048e-01,1.000000000000000000e+00
0.000000000000000000e+00,7.180000000000000000e+02,7.179999999999999716e+00,1.199370237453732813e+01,-4.100833409432957488e+00,5.840781610688427605e+00,1.300394954347546816e+00,3.949543475467720555e-04,1.328980358701437048e-01,0.000000000000000000e+00
0.000000000000000000e+00,7.190000000000000000e+02,7.190000000000000391e+00,1.200000000000000000e+01,-4.095532130485747935e+00,5.844408946271492766e+00,1.298956294282283430e+00,-1.043705717716614245e-03,1.328980358701437048e-01,1.000000000000000000e+00
0.000000000000000000e+00,7.200000000000000000e+02,7.200000000000000178e+00,1.200000000000000000e+01,-4.099195681423136506e+00,5.841902353516555735e+00,1.300073052779809002e+00,7.305277980895752421e-05,1.328959077844803771e-01,1.000000000000000000e+00
0.000000000000000000e+00,7.210000000000000000e+02,7.209999999999999964e+00,1.200000000000000000e+01,-4.100465681400890183e+00,5.841033485643098544e+00,1.299713930900510572e+00,-2.860690994894721229e-04,1.328959077844803771e-01,1.000000000000000000e+00
0.000000000000000000e+00,7.220000000000000000e+02,7.219999999999999751e+00,1.200000000000000000e+01,-4.091676527723365986e+00,5.847047277624151107e+00,1.299589425704001933e+00,-4.105742959981117934e-04,1.328959077844803771e-01,1.000000000000000000e+00
0.000000000000000000e+00,7.230000000000000000e+02,7.230000000000000426e+00,1.200000000000000000e+01,-4.092236727683344455e+00,5.846664244820656720e+00,1.300450944119183383e+00,4.509441191833385432e-04,1.328959077844803771e-01,1.000000000000000000e+00
0.000000000000000000e+00,7.240000000000000000e+02,7.240000000000000213e+00,1.199370164782308201e+01,-4.100823133644859730e+00,5.840789076257025592e+00,1.300396056836177205e+00,3.960568361771610313e-04,1.328959077844803771e-01,0.000000000000000000e+00
0.000000000000000000e+00,7.250000000000000000e+02,7.250000000000000000e+00,1.200000000000000000e+01,-4.095517096612694807e+00,5.844419658740036105e+00,1.298957252927638084e+00,-1.042747072361960292e-03,1.328959077844803771e-01,1.000000000000000000e+00
0.000000000000000000e+00,7.260000000000000000e+02,7.259999999999999787e+00,1.200000000000000000e+01,-4.099206926439526555e+00,5.841895075508740653e+00,1.300074545822843763e+00,7.454582284371902290e-05,1.328959077844803771e-01,1.000000000000000000e+00
0.000000000000000000e+00,7.270000000000000000e+02,7.270000000000000462e+00,1.200000000000000000e+01,-4.100451766092220396e+00,5.841043413944703389e+00,1.299712847495998691e+00,-2.871525040013533925e-04,1.328959077844803771e-01,1.000000000000000000e+00
0.000000000000000000e+00,7.280000000000000000e+02,7.280000000000000249e+00,1.200000000000000000e+01,-4.091666199313426233e+00,5.847054744119860814e+00,1.299590808592781643e+00,-4.091914072184010820e-04,1.328959077844803771e-01,1.000000000000000000e+00
0.000000000000000000e+00,7.290000000000000000e+02,7.290000000000000036e+00,1.200000000000000000e+01,-4.092225704285545440e+00,5.846672178567119182e+00,1.300451974537548017e+00,4.519745375479722327e-04,1.328959077844803771e-01,1.000000000000000000e+00
0.000000000000000000e+00,7.300000000000000000e+02,7.299999999999999822e+00,1.199370090335030525e+01,-4.100812870172152458e+00,5.840796481305516430e+00,1.300397155015422301e+00,3.971550154222569518e-04,1.328959077844803771e-01,0.000000000000000000e+00
0.000000000000000000e+00,7.310000000000000000e+02,7.310000000000000497e+00,1.200000000000000000e+01,-4.095502099475412550e+00,5.844430295093359540e+00,1.298958206300032447e+00,-1.041793699967596964e-03,1.328959077844803771e-01,1.000000000000000000e+00
0.000000000000000000e+00,7.320000000000000000e+02,7.320000000000000284e+00,1.200000000000000000e+01,-4.099217756471672303e+00,5.841888031564341333e+00,1.300076032935117754e+00,7.603293511770914392e-05,1.328959077844803771e-01,1.000000000000000000e+00
0.000000000000000000e+00,7.330000000000000000e+02,7.330000000000000071e+00,1.200000000000000000e+01,-4.100438020582475751e+00,5.841053177257058415e+00,1.299711802495370883e+00,-2.881975046291618270e-04,1.328959077844803771e-01,1.000000000000000000e+00
0.000000000000000000e+00,7.340000000000000000e+02,7.339999999999999858e+00,1.200000000000000000e+01,-4.091655930148625941e+00,5.847062122298056330e+00,1.299592172602995532e+00,-4.078273970045120933e-04,1.328959077844803771e-01,1.000000000000000000e+00
0.000000000000000000e+00,7.350000000000000000e+02,7.350000000000000533e+00,1.200000000000000000e+01,-4.092214714260043351e+00,5.846680042722664616e+00,1.300452996967118580e+00,4.529969671185352098e-04,1.328959077844803771e-01,1.000000000000000000e+00
0.000000000000000000e+00,7.360000000000000000e+02,7.360000000000000320e+00,1.199370016881316836e+01,-4.100802632361269850e+00,5.840803823044210752e+00,1.300398247787931005e+00,3.982477879309609392e-04,1.328959077844803771e-01,0.000000000000000000e+00
0.000000000000000000e+00,7.370000000000000000e+02,7.370000000000000107e+00,1.200000000000000000e+01,-4.095487173299138028e+00,5.844440838119785653e+00,1.298959156006655569e+00,-1.040843993344475749e-03,1.328959077844803771e-01,1.000000000000000000e+00
0.000000000000000000e+00,7.380000000000000000e+02,7.379999999999999893e+00,1.200000000000000000e+01,-4.099228145378860155e+00,5.841881245644216847e+00,1.300077511045500067e+00,7.751104550002274607e-05,1.328959077844803771e-01,1.000000000000000000e+00
0.000000000000000000e+00,7.390000000000000000e+02,7.390000000000000568e+00,1.200000000000000000e+01,-4.100424452074530102e+00,5.841062776596944950e+00,1.299710798738992645e+00,-2.892012610073990686e-04,1.328959077844803771e-01,1.000000000000000000e+00
0.000000000000000000e+00,7.400000000000000000e+02,7.400000000000000355e+00,1.200000000000000000e+01,-4.091645737401310434e+00,5.847069406226953703e+00,1.299593517300154488e+00,-4.064826998455561835e-04,1.328927334888317657e-01,1.000000000000000000e+00
0.000000000000000000e+00,7.410000000000000000e+02,7.410000000000000142e+00,1.200000000000000000e+01,-4.092203776885155797e+00,5.846687829791268776e+00,1.300454009990745785e+00,4.540099907457406658e-04,1.328927334888317657e-01,1.000000000000000000e+00
0.000000000000000000e+00,7.420000000000000000e+02,7.419999999999999929e+00,1.199369948548576836e+01,-4.100792438263873407e+00,5.840811094696415573e+00,1.300399333524480783e+00,3.993335244807383333e-04,1.328927334888317657e-01,0.000000000000000000e+00
0.000000000000000000e+00,7.430000000000000000e+02,7.429999999999999716e+00,1.200000000000000000e+01,-4.095472367378741652e+00,5.844451259545104804e+00,1.298960104445941122e+00,-1.039895554058922755e-03,1.328927334888317657e-01,1.000000000000000000e+00
0.000000000000000000e+00,7.440000000000000000e+02,7.440000000000000391e+00,1.200000000000000000e+01,-4.099238063415506339e+00,5.841874743442051710e+00,1.300078975571442585e+00,7.897557144254108152e-05,1.328927334888317657e-01,1.000000000000000000e+00
0.000000000000000000e+00,7.450000000000000000e+02,7.450000000000000178e+00,1.200000000000000000e+01,-4.100411083853697569e+00,5.841072201259644991e+00,1.299709839387066967e+00,-2.901606129330769335e-04,1.328927334888317657e-01,1.000000000000000000e+00
0.000000000000000000e+00,7.460000000000000000e+02,7.459999999999999964e+00,1.200000000000000000e+01,-4.091635589919583538e+00,5.847076622334732576e+00,1.299594840640210025e+00,-4.051593597900193799e-04,1.328927334888317657e-01,1.000000000000000000e+00
0.000000000000000000e+00,7.470000000000000000e+02,7.469999999999999751e+00,1.200000000000000000e+01,-4.092192861971518880e+00,5.846695565429858021e+00,1.300455016894864313e+00,4.550168948642685507e-04,1.328927334888317657e-01,1.000000000000000000e+00
0.000000000000000000e+00,7.480000000000000000e+02,7.480000000000000426e+00,1.199369877088058978e+01,-4.100782259923493100e+00,5.840818320279400844e+00,1.300400415412108046e+00,4.004154121080016893e-04,1.328927334888317657e-01,0.000000000000000000e+00
0.000000000000000000e+00,7.490000000000000000e+02,7.490000000000000213e+00,1.200000000000000000e+01,-4.095457590398641656e+00,5.844461626635153451e+00,1.298961046760827465e+00,-1.038953239172579757e-03,1.328927334888317657e-01,1.000000000000000000e+00
0.000000000000000000e+00,7.500000000000000000e+02,7.500000000000000000e+00,1.200000000000000000e+01,-4.099247626623703233e+00,5.841868450234104948e+00,1.300080435682075208e+00,8.043568207516393898e-05,1.328927334888317657e-01,1.000000000000000000e+00
0.000000000000000000e+00,7.510000000000000000e+02,7.509999999999999787e+00,1.200000000000000000e+01,-4.100397855437591943e+00,5.841081497201527917e+00,1.299708913276946376e+00,-2.910867230536684502e-04,1.328927334888317657e-01,1.000000000000000000e+00
0.000000000000000000e+00,7.520000000000000000e+02,7.520000000000000462e+00,1.200000000000000000e+01,-4.091625508164813851e+00,5.847083761101905530e+00,1.299596148761933634e+00,-4.038512380664105450e-04,1.328927334888317657e-01,1.000000000000000000e+00
0.000000000000000000e+00,7.530000000000000000e+02,7.530000000000000249e+00,1.200000000000000000e+01,-4.092181988171130769e+00,5.846703241262496853e+00,1.300456015878925786e+00,4.560158789257418022e-04,1.328927334888317657e-01,1.000000000000000000e+00
0.000000000000000000e+00,7.540000000000000000e+02,7.540000000000000036e+00,1.199369806626125623e+01,-4.100772114784668965e+00,5.840825492151553000e+00,1.300401491823210520e+00,4.014918232104758289e-04,1.328927334888317657e-01,0.000000000000000000e+00
0.000000000000000000e+00,7.550000000000000000e+02,7.549999999999999822e+00,1.200000000000000000e+01,-4.095442891068787006e+00,5.844471910263073333e+00,1.298961985349806225e+00,-1.038014650193819222e-03,1.328927334888317657e-01,1.000000000000000000e+00
0.000000000000000000e+00,7.560000000000000000e+02,7.560000000000000497e+00,1.200000000000000000e+01,-4.099256801997989363e+00,5.841862392718634389e+00,1.300081886794934860e+00,8.188679493481565430e-05,1.328927334888317657e-01,1.000000000000000000e+00
0.000000000000000000e+00,7.570000000000000000e+02,7.570000000000000284e+00,1.200000000000000000e+01,-4.100384790853077277e+00,5.841090652010874962e+00,1.299708023832431003e+00,-2.919761675690413227e-04,1.328927334888317657e-01,1.000000000000000000e+00
0.000000000000000000e+00,7.580000000000000000e+02,7.580000000000000071e+00,1.200000000000000000e+01,-4.091615491833763052e+00,5.847090826675962916e+00,1.299597439493794138e+00,-4.025605062059067762e-04,1.328927334888317657e-01,1.000000000000000000e+00
0.000000000000000000e+00,7.590000000000000000e+02,7.589999999999999858e+00,1.200000000000000000e+01,-4.092171157482733967e+00,5.846710859777077829e+00,1.300457007152632238e+00,4.570071526321939359e-04,1.328927334888317657e-01,1.000000000000000000e+00
0.000000000000000000e+00,7.600000000000000000e+02,7.600000000000000533e+00,1.199369734290196376e+01,-4.100761977021267768e+00,5.840832631755037418e+00,1.300402562738032453e+00,4.025627380324081628e-04,1.328981262487372861e-01,0.000000000000000000e+00
0.000000000000000000e+00,7.610000000000000000e+02,7.610000000000000320e+00,1.200000000000000000e+01,-4.095428216697160728e+00,5.844482150173872625e+00,1.298962920193863724e+00,-1.037079806136320670e-03,1.328981262487372861e-01,1.000000000000000000e+00
0.000000000000000000e+00,7.620000000000000000e+02,7.620000000000000107e+00,1.200000000000000000e+01,-4.099265649782591225e+00,5.841856533282987485e+00,1.300083334243424815e+00,8.333424342477080415e-05,1.328981262487372861e-01,1.000000000000000000e+00
0.000000000000000000e+00,7.630000000000000000e+02,7.629999999999999893e+00,1.200000000000000000e+01,-4.100371848460990343e+00,5.841099697707713645e+00,1.299707165312287138e+00,-2.928346877129062165e-04,1.328981262487372861e-01,1.000000000000000000e+00
0.000000000000000000e+00,7.640000000000000000e+02,7.640000000000000568e+00,1.200000000000000000e+01,-4.091605517854806529e+00,5.847097838300277850e+00,1.299598717079457622e+00,-4.012829205424228718e-04,1.328981262487372861e-01,1.000000000000000000e+00
0.000000000000000000e+00,7.650000000000000000e+02,7.650000000000000355e+00,1.200000000000000000e+01,-4.092160343810977707e+00,5.846718442209533961e+00,1.300457993134830570e+00,4.579931348305255057e-04,1.328981262487372861e-01,1.000000000000000000e+00
0.000000000000000000e+00,7.660000000000000000e+02,7.660000000000000142e+00,1.199369661696607814e+01,-4.100751905740273706e+00,5.840839701956412000e+00,1.300403630868366855e+00,4.036308683668110575e-04,1.328981262487372861e-01,0.000000000000000000e+00
0.000000000000000000e+00,7.670000000000000000e+02,7.669999999999999929e+00,1.200000000000000000e+01,-4.095413652387233761e+00,5.844492291373254211e+00,1.298963847180669262e+00,-1.036152819330782293e-03,1.328981262487372861e-01,1.000000000000000000e+00
0.000000000000000000e+00,7.680000000000000000e+02,7.679999999999999716e+00,1.200000000000000000e+01,-4.099274127404899382e+00,5.841850904229850094e+00,1.300084769833735887e+00,8.476983373584268122e-05,1.328981262487372861e-01,1.000000000000000000e+00
0.000000000000000000e+00,7.690000000000000000e+02,7.690000000000000391e+00,1.200000000000000000e+01,-4.100359091999679073e+00,5.841108593788088221e+00,1.299706342035224838e+00,-2.936579647752068922e-04,1.328981262487372861e-01,1.000000000000000000e+00
0.000000000000000000e+00,7.700000000000000000e+02,7.700000000000000178e+00,1.200000000000000000e+01,-4.091595636058674046e+00,5.847104764915975750e+00,1.299599975411904307e+00,-4.000245880957375988e-04,1.328981262487372861e-01,1.000000000000000000e+00
0.000000000000000000e+00,7.710000000000000000e+02,7.709999999999999964e+00,1.200000000000000000e+01,-4.092149604473670266e+00,5.846725952317521013e+00,1.300458969080974470e+00,4.589690809744251254e-04,1.328981262487372861e-01,1.000000000000000000e+00
0.000000000000000000e+00,7.720000000000000000e+02,7.719999999999999751e+00,1.199369594231678704e+01,-4.100741871079658374e+00,5.840846726102975950e+00,1.300404690732964497e+00,4.046907329644522378e-04,1.328981262487372861e-01,0.000000000000000000e+00
0.000000000000000000e+00,7.730000000000000000e+02,7.730000000000000426e+00,1.200000000000000000e+01,-4.095399195200421616e+00,5.844502338725482637e+00,1.298964774479521189e+00,-1.035225520478855188e-03,1.328981262487372861e-01,1.000000000000000000e+00
0.000000000000000000e+00,7.740000000000000000e+02,7.740000000000000213e+00,1.200000000000000000e+01,-4.099282228638255532e+00,5.841845512610485791e+00,1.300086193984321792e+00,8.619398432174740776e-05,1.328981262487372861e-01,1.000000000000000000e+00
0.000000000000000000e+00,7.750000000000000000e+02,7.750000000000000000e+00,1.200000000000000000e+01,-4.100346495687094972e+00,5.841117360623440113e+00,1.299705554739209568e+00,-2.944452607904768371e-04,1.328981262487372861e-01,1.000000000000000000e+00
0.000000000000000000e+00,7.760000000000000000e+02,7.759999999999999787e+00,1.200000000000000000e+01,-4.091585821885987073e+00,5.847111626001321838e+00,1.299601217143661724e+00,-3.987828563383200020e-04,1.328981262487372861e-01,1.000000000000000000e+00
0.000000000000000000e+00,7.770000000000000000e+02,7.770000000000000462e+00,1.200000000000000000e+01,-4.092138912930971983e+00,5.846733410874754178e+00,1.300459937519925280e+00,4.599375199252353497e-04,1.328981262487372861e-01,1.000000000000000000e+00
0.000000000000000000e+00,7.780000000000000000e+02,7.780000000000000249e+00,1.199369527762324950e+01,-4.100731876180028657e+00,5.840853704602031016e+00,1.300405745052152451e+00,4.057450521524064158e-04,1.328981262487372861e-01,0.000000000000000000e+00
0.000000000000000000e+00,7.790000000000000000e+02,7.790000000000000036e+00,1.200000000000000000e+01,-4.095384821056435420e+00,5.844512311208393207e+00,1.298965697980035250e+00,-1.034302019964794539e-03,1.328981262487372861e-01,1.000000000000000000e+00
0.000000000000000000e+00,7.800000000000000000e+02,7.799999999999999822e+00,1.200000000000000000e+01,-4.099290010654236482e+00,5.841840321753139165e+00,1.300087609169700453e+00,8.760916970040888430e-05,1.328960158578215422e-01,1.000000000000000000e+00
0.000000000000000000e+00,7.810000000000000000e+02,7.810000000000000497e+00,1.200000000000000000e+01,-4.100334055735620709e+00,5.841126003198957584e+00,1.299704797931183986e+00,-2.952020688160583717e-04,1.328960158578215422e-01,1.000000000000000000e+00
0.000000000000000000e+00,7.820000000000000000e+02,7.820000000000000284e+00,1.200000000000000000e+01,-4.091576086282108449e+00,5.847118416410159725e+00,1.299602442755497300e+00,-3.975572445027442114e-04,1.328960158578215422e-01,1.000000000000000000e+00
0.000000000000000000e+00,7.830000000000000000e+02,7.830000000000000071e+00,1.200000000000000000e+01,-4.092128281323433647e+00,5.846740811867907617e+00,1.300460897486095391e+00,4.608974860953463093e-04,1.328960158578215422e-01,1.000000000000000000e+00
0.000000000000000000e+00,7.840000000000000000e+02,7.839999999999999858e+00,1.199369465025648473e+01,-4.100721932437036088e+00,5.840860631902078381e+00,1.300406792740928186e+00,4.067927409281413276e-04,1.328960158578215422e-01,0.000000000000000000e+00
0.000000000000000000e+00,7.850000000000000000e+02,7.850000000000000533e+00,1.200000000000000000e+01,-4.095370561950046451e+00,5.844522189127331124e+00,1.298966619262802880e+00,-1.033380737197164834e-03,1.328960158578215422e-01,1.000000000000000000e+00
0.000000000000000000e+00,7.860000000000000000e+02,7.860000000000000320e+00,1.200000000000000000e+01,-4.099297425855637833e+00,5.841835366375844885e+00,1.300089012354261886e+00,8.901235426184150867e-05,1.328960158578215422e-01,1.000000000000000000e+00
0.000000000000000000e+00,7.870000000000000000e+02,7.870000000000000107e+00,1.200000000000000000e+01,-4.100321762030496586e+00,5.841134530540679215e+00,1.299704076375754802e+00,-2.959236242452423227e-04,1.328960158578215422e-01,1.000000000000000000e+00
0.000000000000000000e+00,7.880000000000000000e+02,7.879999999999999893e+00,1.200000000000000000e+01,-4.091566409327988652e+00,5.847125151832512913e+00,1.299603653335264397e+00,-3.963466647356472805e-04,1.328960158578215422e-01,1.000000000000000000e+00
0.000000000000000000e+00,7.890000000000000000e+02,7.890000000000000568e+00,1.200000000000000000e+01,-4.092117688817495491e+00,5.846748171566836128e+00,1.300461851025654925e+00,4.618510256548802317e-04,1.328960158578215422e-01,1.000000000000000000e+00
0.000000000000000000e+00,7.900000000000000000e+02,7.900000000000000355e+00,1.199369400539830544e+01,-4.100712020487737419e+00,5.840867523220737212e+00,1.300407835933036660e+00,4.078359330366154722e-04,1.328960158578215422e-01,0.000000000000000000e+00
0.000000000000000000e+00,7.910000000000000000e+02,7.910000000000000142e+00,1.200000000000000000e+01,-4.095356356403716092e+00,5.844532016474799363e+00,1.298967535118396910e+00,-1.032464881603134543e-03,1.328960158578215422e-01,1.000000000000000000e+00
0.000000000000000000e+00,7.920000000000000000e+02,7.919999999999999929e+00,1.200000000000000000e+01,-4.099304574994905082e+00,5.841830579424307501e+00,1.300090409651933676e+00,9.040965193363170727e-05,1.328960158578215422e-01,1.000000000000000000e+00
0.000000000000000000e+00,7.930000000000000000e+02,7.930000000000000604e+00,1.200000000000000000e+01,-4.100309600588963654e+00,5.841142954057545467e+00,1.299703380281520770e+00,-2.966197184792740416e-04,1.328960158578215422e-01,1.000000000000000000e+00
0.000000000000000000e+00,7.940000000000000000e+02,7.940000000000000391e+00,1.200000000000000000e+01,-4.091556802543220073e+00,5.847131826189961856e+00,1.299604850338044626e+00,-3.951496619554184520e-04,1.328960158578215422e-01,1.000000000000000000e+00
0.000000000000000000e+00,7.950000000000000000e+02,7.950000000000000178e+00,1.200000000000000000e+01,-4.092107147307950221e+00,5.846755483598604641e+00,1.300462797092115208e+00,4.627970921151636219e-04,1.328960158578215422e-01,1.000000000000000000e+00
0.000000000000000000e+00,7.960000000000000000e+02,7.959999999999999964e+00,1.199369337042831418e+01,-4.100702151480213331e+00,5.840874372659479619e+00,1.300408873543447807e+00,4.088735434477630548e-04,1.328960158578215422e-01,0.000000000000000000e+00
0.000000000000000000e+00,7.970000000000000000e+02,7.969999999999999751e+00,1.200000000000000000e+01,-4.095342236188666440e+00,5.844541773203746793e+00,1.298968447128977299e+00,-1.031552871022745066e-03,1.328960158578215422e-01,1.000000000000000000e+00
0.000000000000000000e+00,7.980000000000000000e+02,7.980000000000000426e+00,1.200000000000000000e+01,-4.099311430029215941e+00,5.841825981743229868e+00,1.300091798025894807e+00,9.179802589476260266e-05,1.328960158578215422e-01,1.000000000000000000e+00
0.000000000000000000e+00,7.990000000000000000e+02,7.990000000000000213e+00,1.200000000000000000e+01,-4.100297577595441112e+00,5.841151271140181400e+00,1.299702712473448596e+00,-2.972875265514485221e-04,1.328960158578215422e-01,1.000000000000000000e+00
0.000000000000000000e+00,8.000000000000000000e+02,8.000000000000000000e+00,1.200000000000000000e+01,-4.091547281288180571e+00,5.847138430559697397e+00,1.299606033231639923e+00,-3.939667683601211223e-04,1.328928230999499860e-01,1.000000000000000000e+00
0.000000000000000000e+00,8.010000000000000000e+02,8.009999999999999787e+00,1.200000000000000000e+01,-4.092096674241714638e+00,5.846762737579933145e+00,1.300463734252661929e+00,4.637342526618848382e-04,1.328928230999499860e-01,1.000000000000000000e+00
0.000000000000000000e+00,8.020000000000000000e+02,8.019999999999999574e+00,1.199369278673469807e+01,-4.100692341773756411e+00,5.840881170547886470e+00,1.300409903933351874e+00,4.099039333518295081e-04,1.328928230999499860e-01,0.000000000000000000e+00
0.000000000000000000e+00,8.030000000000000000e+02,8.029999999999999361e+00,1.200000000000000000e+01,-4.095328248956819905e+00,5.844551428198940357e+00,1.298969357684591985e+00,-1.030642315408059062e-03,1.328928230999499860e-01,1.000000000000000000e+00
0.000000000000000000e+00,8.040000000000000000e+02,8.040000000000000924e+00,1.200000000000000000e+01,-4.099317961529886922e+00,5.841821594929163197e+00,1.300093172873493463e+00,9.317287349341896174e-05,1.328928230999499860e-01,1.000000000000000000e+00
0.000000000000000000e+00,8.050000000000000000e+02,8.050000000000000711e+00,1.200000000000000000e+01,-4.100285715141896326e+00,5.841159468102933516e+00,1.299702075903445220e+00,-2.979240965548246578e-04,1.328928230999499860e-01,1.000000000000000000e+00
0.000000000000000000e+00,8.060000000000000000e+02,8.060000000000000497e+00,1.200000000000000000e+01,-4.091537812285921838e+00,5.847144989108183033e+00,1.299607199915525424e+00,-3.928000844746204478e-04,1.328928230999499860e-01,1.000000000000000000e+00
0.000000000000000000e+00,8.070000000000000000e+02,8.070000000000000284e+00,1.200000000000000000e+01,-4.092086237012139804e+00,5.846769957186118027e+00,1.300464665832228306e+00,4.646658322282615217e-04,1.328928230999499860e-01,1.000000000000000000e+00
0.000000000000000000e+00,8.080000000000000000e+02,8.080000000000000071e+00,1.199369217138083066e+01,-4.100682561002389370e+00,5.840887938994738349e+00,1.300410930360571315e+00,4.109303605712710805e-04,1.328928230999499860e-01,0.000000000000000000e+00
0.000000000000000000e+00,8.090000000000000000e+02,8.089999999999999858e+00,1.200000000000000000e+01,-4.095314300784528072e+00,5.844561047030320644e+00,1.298970261959295325e+00,-1.029738040704719637e-03,1.328928230999499860e-01,1.000000000000000000e+00
0.000000000000000000e+00,8.100000000000000000e+02,8.099999999999999645e+00,1.200000000000000000e+01,-4.099324260946053400e+00,5.841817357680391787e+00,1.300094543460503349e+00,9.454346050330464379e-05,1.328928230999499860e-01,1.000000000000000000e+00
0.000000000000000000e+00,8.110000000000000000e+02,8.109999999999999432e+00,1.200000000000000000e+01,-4.100273959646648869e+00,5.841167582848912687e+00,1.299701461664117819e+00,-2.985383358822257804e-04,1.328928230999499860e-01,1.000000000000000000e+00
0.000000000000000000e+00,8.120000000000000000e+02,8.120000000000000995e+00,1.200000000000000000e+01,-4.091528415169357835e+00,5.847151489621412956e+00,1.299608355699632067e+00,-3.916443003679770385e-04,1.328928230999499860e-01,1.000000000000000000e+00
0.000000000000000000e+00,8.130000000000000000e+02,8.130000000000000782e+00,1.200000000000000000e+01,-4.092075852950632253e+00,5.846777131753110979e+00,1.300465589962515711e+00,4.655899625156667554e-04,1.328928230999499860e-01,1.000000000000000000e+00
0.000000000000000000e+00,8.140000000000000000e+02,8.140000000000000568e+00,1.199369156581943940e+01,-4.100672825365370144e+00,5.840894668087050157e+00,1.300411951181190240e+00,4.119511811901954701e-04,1.328928230999499860e-01,0.000000000000000000e+00
0.000000000000000000e+00,8.150000000000000000e+02,8.150000000000000355e+00,1.200000000000000000e+01,-4.095300439231826850e+00,5.844570598301011444e+00,1.298971162348857344e+00,-1.028837651142699983e-03,1.328928230999499860e-01,1.000000000000000000e+00
0.000000000000000000e+00,8.160000000000000000e+02,8.160000000000000142e+00,1.200000000000000000e+01,-4.099330297007994339e+00,5.841813292516059519e+00,1.300095905177495181e+00,9.590517749513693957e-05,1.328928230999499860e-01,1.000000000000000000e+00
0.000000000000000000e+00,8.170000000000000000e+02,8.169999999999999929e+00,1.200000000000000000e+01,-4.100262333738641907e+00,5.841175600995195616e+00,1.299700872872496138e+00,-2.991271275039064648e-04,1.328928230999499860e-01,1.000000000000000000e+00
0.000000000000000000e+00,8.180000000000000000e+02,8.179999999999999716e+00,1.200000000000000000e+01,-4.091519088093400036e+00,5.847157934436822302e+00,1.299609498415689846e+00,-3.905015843101988793e-04,1.328928230999499860e-01,1.000000000000000000e+00
0.000000000000000000e+00,8.190000000000000000e+02,8.189999999999999503e+00,1.200000000000000000e+01,-4.092065522584409365e+00,5.846784261972045371e+00,1.300466506873453554e+00,4.665068734535093853e-04,1.328928230999499860e-01,1.000000000000000000e+00
0.000000000000000000e+00,8.200000000000000000e+02,8.199999999999999289e+00,1.199369094131145985e+01,-4.100663107711429944e+00,5.840901377430506081e+00,1.300412966391606862e+00,4.129663916068171403e-04,1.328982010711801942e-01,0.000000000000000000e+00
0.000000000000000000e+00,8.210000000000000000e+02,8.210000000000000853e+00,1.200000000000000000e+01,-4.095286610300709285e+00,5.844580119965461229e+00,1.298972058837648547e+00,-1.027941162351497795e-03,1.328982010711801942e-01,1.000000000000000000e+00
0.000000000000000000e+00,8.220000000000000000e+02,8.220000000000000639e+00,1.200000000000000000e+01,-4.099336114151707733e+00,5.841809370013741010e+00,1.300097263363284572e+00,9.726336328452767077e-05,1.328982010711801942e-01,1.000000000000000000e+00
0.000000000000000000e+00,8.230000000000000000e+02,8.230000000000000426e+00,1.200000000000000000e+01,-4.100250799996961071e+00,5.841183549106001571e+00,1.299700305217036167e+00,-2.996947829638774152e-04,1.328982010711801942e-01,1.000000000000000000e+00
0.000000000000000000e+00,8.240000000000000000e+02,8.240000000000000213e+00,1.200000000000000000e+01,-4.091509807298460366e+00,5.847164340753661982e+00,1.299610631776375147e+00,-3.893682236248974249e-04,1.328982010711801942e-01,1.000000000000000000e+00
0.000000000000000000e+00,8.250000000000000000e+02,8.250000000000000000e+00,1.200000000000000000e+01,-4.092055218367059766e+00,5.846791367611031021e+00,1.300467418936466224e+00,4.674189364661796020e-04,1.328982010711801942e-01,1.000000000000000000e+00
0.000000000000000000e+00,8.260000000000000000e+02,8.259999999999999787e+00,1.199369031412026132e+01,-4.100653465446168155e+00,5.840908028647345596e+00,1.300413978733393261e+00,4.139787333932165581e-04,1.328982010711801942e-01,0.000000000000000000e+00
0.000000000000000000e+00,8.270000000000000000e+02,8.269999999999999574e+00,1.200000000000000000e+01,-4.095272897548582591e+00,5.844589555729840846e+00,1.298972947379546605e+00,-1.027052620453439147e-03,1.328982010711801942e-01,1.000000000000000000e+00
0.000000000000000000e+00,8.280000000000000000e+02,8.279999999999999361e+00,1.200000000000000000e+01,-4.099341678855209281e+00,5.841805613976016609e+00,1.300098609867925248e+00,9.860986792520343158e-05,1.328982010711801942e-01,1.000000000000000000e+00
0.000000000000000000e+00,8.290000000000000000e+02,8.290000000000000924e+00,1.200000000000000000e+01,-4.100239418962913440e+00,5.841191386606141123e+00,1.299699762023762251e+00,-3.002379762377938022e-04,1.328982010711801942e-01,1.000000000000000000e+00
0.000000000000000000e+00,8.300000000000000000e+02,8.300000000000000711e+00,1.200000000000000000e+01,-4.091500620775613939e+00,5.847170676561120217e+00,1.299611749884947987e+00,-3.882501150520578648e-04,1.328982010711801942e-01,1.000000000000000000e+00
0.000000000000000000e+00,8.310000000000000000e+02,8.310000000000000497e+00,1.200000000000000000e+01,-4.092044996822971292e+00,5.846798410806787416e+00,1.300468321486295764e+00,4.683214862957196800e-04,1.328982010711801942e-01,1.000000000000000000e+00
0.000000000000000000e+00,8.320000000000000000e+02,8.320000000000000284e+00,1.199368973759810331e+01,-4.100643868396555369e+00,5.840914643180624033e+00,1.300414982704208411e+00,4.149827042083664708e-04,1.328982010711801942e-01,0.000000000000000000e+00
0.000000000000000000e+00,8.330000000000000000e+02,8.330000000000000071e+00,1.200000000000000000e+01,-4.095259297187786807e+00,5.844598908967905793e+00,1.298973836029200468e+00,-1.026163970799576219e-03,1.328982010711801942e-01,1.000000000000000000e+00
0.000000000000000000e+00,8.340000000000000000e+02,8.339999999999999858e+00,1.199999617637543103e+01,-4.099346977980464324e+00,5.841802034156432732e+00,1.300099945098502019e+00,9.994509850197452749e-05,1.328982010711801942e-01,0.000000000000000000e+00
0.000000000000000000e+00,8.350000000000000000e+02,8.349999999999999645e+00,1.200000000000000000e+01,-4.100223707359917036e+00,5.841202181834402651e+00,1.299698882196201000e+00,-3.011178037990447365e-04,1.328982010711801942e-01,1.000000000000000000e+00
0.000000000000000000e+00,8.360000000000000000e+02,8.359999999999999432e+00,1.200000000000000000e+01,-4.091491873461633233e+00,5.847176706969909432e+00,1.299613292321767810e+00,-3.867076782322342865e-04,1.328982010711801942e-01,1.000000000000000000e+00
0.000000000000000000e+00,8.370000000000000000e+02,8.370000000000000995e+00,1.200000000000000000e+01,-4.092034836674574905e+00,5.846805407227191331e+00,1.300469180771317124e+00,4.691807713170792482e-04,1.328982010711801942e-01,1.000000000000000000e+00
0.000000000000000000e+00,8.380000000000000000e+02,8.380000000000000782e+00,1.199368917902123499e+01,-4.100634318790202570e+00,5.840921220589833318e+00,1.300415980440023045e+00,4.159804400230004973e-04,1.328982010711801942e-01,0.000000000000000000e+00
0.000000000000000000e+00,8.390000000000000000e+02,8.390000000000000568e+00,1.200000000000000000e+01,-4.095245790110502604e+00,5.844608193814223362e+00,1.298974721514559949e+00,-1.025278485440095366e-03,1.328982010711801942e-01,1.000000000000000000e+00
0.000000000000000000e+00,8.400000000000000000e+02,8.400000000000000355e+00,1.199997023448955780e+01,-4.099352053451808864e+00,5.841798602906070670e+00,1.300101270976300905e+00,1.012709763008601271e-04,1.328961102863831234e-01,0.000000000000000000e+00
0.000000000000000000e+00,8.410000000000000000e+02,8.410000000000000142e+00,1.200000000000000000e+01,-4.100182431595152721e+00,5.841230464460068106e+00,1.299695927625356795e+00,-3.040723746432494323e-04,1.328961102863831234e-01,1.000000000000000000e+00
0.000000000000000000e+00,8.420000000000000000e+02,8.419999999999999929e+00,1.200000000000000000e+01,-4.091485461459332562e+00,5.847181137465485179e+00,1.299617340897248896e+00,-3.826591027511483389e-04,1.328961102863831234e-01,1.000000000000000000e+00
0.000000000000000000e+00,8.430000000000000000e+02,8.429999999999999716e+00,1.200000000000000000e+01,-4.092024784661655978e+00,5.846812327730312120e+00,1.300469811107889173e+00,4.698111078891287207e-04,1.328961102863831234e-01,1.000000000000000000e+00
0.000000000000000000e+00,8.440000000000000000e+02,8.439999999999999503e+00,1.199368871155287586e+01,-4.100624829462144127e+00,5.840927754874476463e+00,1.300416967489906206e+00,4.169674899061615037e-04,1.328961102863831234e-01,0.000000000000000000e+00
0.000000000000000000e+00,8.450000000000000000e+02,8.449999999999999289e+00,1.200000000000000000e+01,-4.095232440320302203e+00,5.844617369196924983e+00,1.298975609641905393e+00,-1.024390358094651177e-03,1.328961102863831234e-01,1.000000000000000000e+00
0.000000000000000000e+00,8.460000000000000000e+02,8.460000000000000853e+00,1.199994491377467831e+01,-4.099356826930601549e+00,5.841795376491813130e+00,1.300102581352275299e+00,1.025813522752550000e-04,1.328961102863831234e-01,0.000000000000000000e+00
0.000000000000000000e+00,8.470000000000000000e+02,8.470000000000000639e+00,1.200000000000000000e+01,-4.100142171367226140e+00,5.841258050473078001e+00,1.299693061451354659e+00,-3.069385486453857226e-04,1.328961102863831234e-01,1.000000000000000000e+00
0.000000000000000000e+00,8.480000000000000000e+02,8.480000000000000426e+00,1.200000000000000000e+01,-4.091479245102433104e+00,5.847185432275474604e+00,1.299621289820137804e+00,-3.787101798622405369e-04,1.328961102863831234e-01,1.000000000000000000e+00
0.000000000000000000e+00,8.490000000000000000e+02,8.490000000000000213e+00,1.200000000000000000e+01,-4.092014787295624068e+00,5.846819209063529144e+00,1.300470422188331643e+00,4.704221883315984343e-04,1.328961102863831234e-01,1.000000000000000000e+00
0.000000000000000000e+00,8.500000000000000000e+02,8.500000000000000000e+00,1.199368823557763797e+01,-4.100615380976455171e+00,5.840934259473963053e+00,1.300417949102631088e+00,4.179491026310433455e-04,1.328961102863831234e-01,0.000000000000000000e+00
0.000000000000000000e+00,8.510000000000000000e+02,8.509999999999999787e+00,1.200000000000000000e+01,-4.095219157144281752e+00,5.844626497296053103e+00,1.298976492877498279e+00,-1.023507122501765565e-03,1.328961102863831234e-01,1.000000000000000000e+00
0.000000000000000000e+00,8.520000000000000000e+02,8.519999999999999574e+00,1.199991994712813614e+01,-4.099361416165984373e+00,5.841792274477858982e+00,1.300103885120227787e+00,1.038851202277424335e-04,1.328961102863831234e-01,0.000000000000000000e+00
0.000000000000000000e+00,8.530000000000000000e+02,8.529999999999999361e+00,1.200000000000000000e+01,-4.100102587063547688e+00,5.841285172373036794e+00,1.299690246819514616e+00,-3.097531804854281035e-04,1.328961102863831234e-01,1.000000000000000000e+00
0.000000000000000000e+00,8.540000000000000000e+02,8.540000000000000924e+00,1.200000000000000000e+01,-4.091473254424484729e+00,5.847189571004642872e+00,1.299625172392654848e+00,-3.748276073451961565e-04,1.328961102863831234e-01,1.000000000000000000e+00
0.000000000000000000e+00,8.550000000000000000e+02,8.550000000000000711e+00,1.200000000000000000e+01,-4.092004855615217984e+00,5.846826043826373720e+00,1.300471011076498984e+00,4.710110764989394738e-04,1.328961102863831234e-01,1.000000000000000000e+00
0.000000000000000000e+00,8.560000000000000000e+02,8.560000000000000497e+00,1.199368777885188209e+01,-4.100605983213561068e+00,5.840940727778434649e+00,1.300418924203331494e+00,4.189242033314499736e-04,1.328961102863831234e-01,0.000000000000000000e+00
0.000000000000000000e+00,8.570000000000000000e+02,8.570000000000000284e+00,1.200000000000000000e+01,-4.095205971068660133e+00,5.844635557398852654e+00,1.298977372891317872e+00,-1.022627108682172548e-03,1.328961102863831234e-01,1.000000000000000000e+00
0.000000000000000000e+00,8.580000000000000000e+02,8.580000000000000071e+00,1.199989541550033678e+01,-4.099365793965854543e+00,5.841789315615028677e+00,1.300105179298724600e+00,1.051792987245558919e-04,1.328961102863831234e-01,0.000000000000000000e+00
0.000000000000000000e+00,8.590000000000000000e+02,8.589999999999999858e+00,1.200000000000000000e+01,-4.100063765389553083e+00,5.841311770976326478e+00,1.299687494075468797e+00,-3.125059245312478140e-04,1.328961102863831234e-01,1.000000000000000000e+00
0.000000000000000000e+00,8.600000000000000000e+02,8.599999999999999645e+00,1.200000000000000000e+01,-4.091467487157492755e+00,5.847193555337949711e+00,1.299628980121066091e+00,-3.710198789339536063e-04,1.328929765698926568e-01,1.000000000000000000e+00
0.000000000000000000e+00,8.610000000000000000e+02,8.609999999999999432e+00,1.200000000000000000e+01,-4.091995005513462402e+00,5.846832821275400605e+00,1.300471578000751638e+00,4.715780007515935068e-04,1.328929765698926568e-01,1.000000000000000000e+00
0.000000000000000000e+00,8.620000000000000000e+02,8.620000000000000995e+00,1.199368738167503068e+01,-4.100596651267832904e+00,5.840947149590018483e+00,1.300419891240522929e+00,4.198912405228849565e-04,1.328929765698926568e-01,0.000000000000000000e+00
0.000000000000000000e+00,8.630000000000000000e+02,8.630000000000000782e+00,1.200000000000000000e+01,-4.095192927444148090e+00,5.844644518601482375e+00,1.298978252030560832e+00,-1.021747969439212866e-03,1.328929765698926568e-01,1.000000000000000000e+00
0.000000000000000000e+00,8.640000000000000000e+02,8.640000000000000568e+00,1.199987145737240013e+01,-4.099369934623682710e+00,5.841786517619008912e+00,1.300106459448449048e+00,1.064594484490033466e-04,1.328929765698926568e-01,0.000000000000000000e+00
0.000000000000000000e+00,8.650000000000000000e+02,8.650000000000000355e+00,1.200000000000000000e+01,-4.100025872089632983e+00,5.841337733000449006e+00,1.299684818871387204e+00,-3.151811286128403111e-04,1.328929765698926568e-01,1.000000000000000000e+00
0.000000000000000000e+00,8.660000000000000000e+02,8.660000000000000142e+00,1.200000000000000000e+01,-4.091461883761961182e+00,5.847197426122413333e+00,1.299632696761883643e+00,-3.673032381164009763e-04,1.328929765698926568e-01,1.000000000000000000e+00
0.000000000000000000e+00,8.670000000000000000e+02,8.669999999999999929e+00,1.200000000000000000e+01,-4.091985203203067911e+00,5.846839564631908459e+00,1.300472128800830962e+00,4.721288008309176831e-04,1.328929765698926568e-01,1.000000000000000000e+00
0.000000000000000000e+00,8.680000000000000000e+02,8.679999999999999716e+00,1.199368696223823250e+01,-4.100587353845806859e+00,5.840953546417512854e+00,1.300420853530071863e+00,4.208535300718185823e-04,1.328929765698926568e-01,0.000000000000000000e+00
0.000000000000000000e+00,8.690000000000000000e+02,8.689999999999999503e+00,1.200000000000000000e+01,-4.095179932274723988e+00,5.844653445315437068e+00,1.298979125610794316e+00,-1.020874389205728150e-03,1.328929765698926568e-01,1.000000000000000000e+00
0.000000000000000000e+00,8.700000000000000000e+02,8.700000000000001066e+00,1.199984775931421943e+01,-4.099373912020868538e+00,5.841783830026665569e+00,1.300107734787008695e+00,1.077347870086509118e-04,1.328929765698926568e-01,0.000000000000000000e+00
0.000000000000000000e+00,8.710000000000000000e+02,8.710000000000000853e+00,1.200000000000000000e+01,-4.099988491675235380e+00,5.841363342819889226e+00,1.299682184259969286e+00,-3.178157400307579650e-04,1.328929765698926568e-01,1.000000000000000000e+00
0.000000000000000000e+00,8.720000000000000000e+02,8.720000000000000639e+00,1.200000000000000000e+01,-4.091456495368650970e+00,5.847201148492598755e+00,1.299636363054075705e+00,-3.636369459243393720e-04,1.328929765698926568e-01,1.000000000000000000e+00
0.000000000000000000e+00,8.730000000000000000e+02,8.730000000000000426e+00,1.200000000000000000e+01,-4.091975465568555848e+00,5.846846262462194410e+00,1.300472658471452991e+00,4.726584714529469267e-04,1.328929765698926568e-01,1.000000000000000000e+00
0.000000000000000000e+00,8.740000000000000000e+02,8.740000000000000213e+00,1.199368656216798357e+01,-4.100578106075949414e+00,5.840959908028198200e+00,1.300421809422716013e+00,4.218094227159685516e-04,1.328929765698926568e-01,0.000000000000000000e+00
0.000000000000000000e+00,8.750000000000000000e+02,8.750000000000000000e+00,1.200000000000000000e+01,-4.095167031858551354e+00,5.844662305977328387e+00,1.298979996101163881e+00,-1.020003898836163714e-03,1.328929765698926568e-01,1.000000000000000000e+00
0.000000000000000000e+00,8.760000000000000000e+02,8.759999999999999787e+00,1.199982446404697711e+01,-4.099377698389196745e+00,5.841781271953380816e+00,1.300109000781675572e+00,1.090007816755278469e-04,1.328929765698926568e-01,0.000000000000000000e+00
0.000000000000000000e+00,8.770000000000000000e+02,8.769999999999999574e+00,1.200000000000000000e+01,-4.099951797834655132e+00,5.841388481705981128e+00,1.299679606496914941e+00,-3.203935030851035037e-04,1.328929765698926568e-01,1.000000000000000000e+00
0.000000000000000000e+00,8.780000000000000000e+02,8.779999999999999361e+00,1.200000000000000000e+01,-4.091451294742511458e+00,5.847204741180823007e+00,1.299639961974727198e+00,-3.600380252728463404e-04,1.328929765698926568e-01,1.000000000000000000e+00
0.000000000000000000e+00,8.790000000000000000e+02,8.790000000000000924e+00,1.200000000000000000e+01,-4.091965791816564391e+00,5.846852915403678352e+00,1.300473169686101826e+00,4.731696861017820055e-04,1.328929765698926568e-01,1.000000000000000000e+00
0.000000000000000000e+00,8.800000000000000000e+02,8.800000000000000711e+00,1.199368615258774895e+01,-4.100568880351112888e+00,5.840966253403005126e+00,1.300422759000557038e+00,4.227590005569936693e-04,1.328982687928800532e-01,0.000000000000000000e+00
0.000000000000000000e+00,8.810000000000000000e+02,8.810000000000000497e+00,1.200000000000000000e+01,-4.095154171628013096e+00,5.844671138014829737e+00,1.298980863474886505e+00,-1.019136525113539804e-03,1.328982687928800532e-01,1.000000000000000000e+00
0.000000000000000000e+00,8.820000000000000000e+02,8.820000000000000284e+00,1.199980138123067697e+01,-4.099381328019579662e+00,5.841778820021588103e+00,1.300110262785148185e+00,1.102627851481408072e-04,1.328982687928800532e-01,0.000000000000000000e+00
0.000000000000000000e+00,8.830000000000000000e+02,8.830000000000000071e+00,1.200000000000000000e+01,-4.099915533370650955e+00,5.841413325723202377e+00,1.299677064183030195e+00,-3.229358169698492986e-04,1.328982687928800532e-01,1.000000000000000000e+00
0.000000000000000000e+00,8.840000000000000000e+02,8.839999999999999858e+00,1.200000000000000000e+01,-4.091446279688644161e+00,5.847208205791846858e+00,1.299643518743552661e+00,-3.564812564473829326e-04,1.328982687928800532e-01,1.000000000000000000e+00
0.000000000000000000e+00,8.850000000000000000e+02,8.849999999999999645e+00,1.200000000000000000e+01,-4.091956154356522823e+00,5.846859542434024171e+00,1.300473662664566099e+00,4.736626645660546586e-04,1.328982687928800532e-01,1.000000000000000000e+00
0.000000000000000000e+00,8.860000000000000000e+02,8.859999999999999432e+00,1.199368575047916075e+01,-4.100559732048686179e+00,5.840972544748709971e+00,1.300423704972025085e+00,4.237049720250407603e-04,1.328982687928800532e-01,0.000000000000000000e+00
0.000000000000000000e+00,8.870000000000000000e+02,8.870000000000000995e+00,1.200000000000000000e+01,-4.095141433295799160e+00,5.844679885610206682e+00,1.298981723916183384e+00,-1.018276083816660460e-03,1.328982687928800532e-01,1.000000000000000000e+00
0.000000000000000000e+00,8.880000000000000000e+02,8.880000000000000782e+00,1.199977879184735308e+01,-4.099384775724634444e+00,5.841776491561571305e+00,1.300111512792485824e+00,1.115127924857794994e-04,1.328982687928800532e-01,0.000000000000000000e+00
0.000000000000000000e+00,8.890000000000000000e+02,8.890000000000000568e+00,1.200000000000000000e+01,-4.099880063302646427e+00,5.841437625209983331e+00,1.299674586425254574e+00,-3.254135747454700578e-04,1.328982687928800532e-01,1.000000000000000000e+00
0.000000000000000000e+00,8.900000000000000000e+02,8.900000000000000355e+00,1.200000000000000000e+01,-4.091441449135222896e+00,5.847211543122676325e+00,1.299646997578785435e+00,-3.530024212146098961e-04,1.328982687928800532e-01,1.000000000000000000e+00
0.000000000000000000e+00,8.910000000000000000e+02,8.910000000000000142e+00,1.200000000000000000e+01,-4.091946607464009844e+00,5.846866106481169112e+00,1.300474137514825657e+00,4.741375148256121719e-04,1.328982687928800532e-01,1.000000000000000000e+00
0.000000000000000000e+00,8.920000000000000000e+02,8.919999999999999929e+00,1.199368540656201354e+01,-4.100550631388733436e+00,5.840978802507963863e+00,1.300424642021090094e+00,4.246420210900492265e-04,1.328982687928800532e-01,0.000000000000000000e+00
0.000000000000000000e+00,8.930000000000000000e+02,8.929999999999999716e+00,1.200000000000000000e+01,-4.095128811552787518e+00,5.844688552462506514e+00,1.298982585157985703e+00,-1.017414842014341403e-03,1.328982687928800532e-01,1.000000000000000000e+00
0.000000000000000000e+00,8.940000000000000000e+02,8.939999999999999503e+00,1.199975664483595317e+01,-4.099388025886939069e+00,5.841774297323048870e+00,1.300112751327138660e+00,1.127513271386160199e-04,1.328982687928800532e-01,0.000000000000000000e+00
0.000000000000000000e+00,8.950000000000000000e+02,8.950000000000001066e+00,1.200000000000000000e+01,-4.099845296293410435e+00,5.841461442724585673e+00,1.299672169918036246e+00,-3.278300819637980368e-04,1.328982687928800532e-01,1.000000000000000000e+00
0.000000000000000000e+00,8.960000000000000000e+02,8.960000000000000853e+00,1.200000000000000000e+01,-4.091436778759781845e+00,5.847214769884969243e+00,1.299650407438360356e+00,-3.495925616396888813e-04,1.328982687928800532e-01,1.000000000000000000e+00
0.000000000000000000e+00,8.970000000000000000e+02,8.970000000000000639e+00,1.200000000000000000e+01,-4.091937122972369778e+00,5.846872626883709678e+00,1.300474596623585999e+00,4.745966235859544469e-04,1.328982687928800532e-01,1.000000000000000000e+00
0.000000000000000000e+00,8.980000000000000000e+02,8.980000000000000426e+00,1.199368508062747907e+01,-4.100541579129426850e+00,5.840985026224648102e+00,1.300425572911080740e+00,4.255729110806960591e-04,1.328982687928800532e-01,0.000000000000000000e+00
0.000000000000000000e+00,8.990000000000000000e+02,8.990000000000000213e+00,1.200000000000000000e+01,-4.095116280767858719e+00,5.844697156170643559e+00,1.298983443315985919e+00,-1.016556684014124912e-03,1.328982687928800532e-01,1.000000000000000000e+00
0.000000000000000000e+00,9.000000000000000000e+02,9.000000000000000000e+00,1.199973487159899754e+01,-4.099391119917156878e+00,5.841772209030635210e+00,1.300113980904177513e+00,1.139809041774686449e-04,1.328961966701442121e-01,0.000000000000000000e+00
0.000000000000000000e+00,9.010000000000000000e+02,9.009999999999999787e+00,1.200000000000000000e+01,-4.099811149322579951e+00,5.841484835128986752e+00,1.299669804102384196e+00,-3.301958976158481107e-04,1.328961966701442121e-01,1.000000000000000000e+00
0.000000000000000000e+00,9.020000000000000000e+02,9.019999999999999574e+00,1.200000000000000000e+01,-4.091432281434710383e+00,5.847217877334535352e+00,1.299653756464508536e+00,-3.462435354915083252e-04,1.328961966701442121e-01,1.000000000000000000e+00
0.000000000000000000e+00,9.030000000000000000e+02,9.029999999999999361e+00,1.200000000000000000e+01,-4.091927711507200804e+00,5.846879096434234313e+00,1.300475038732308075e+00,4.750387323080307311e-04,1.328961966701442121e-01,1.000000000000000000e+00
0.000000000000000000e+00,9.040000000000000000e+02,9.040000000000000924e+00,1.199368479949109201e+01,-4.100532585253564122e+00,5.840991209131090045e+00,1.300426496603606097e+00,4.264966036060524601e-04,1.328961966701442121e-01,0.000000000000000000e+00
0.000000000000000000e+00,9.050000000000000000e+02,9.050000000000000711e+00,1.200000000000000000e+01,-4.095103870925136391e+00,5.844705676279476236e+00,1.298984299956926547e+00,-1.015700043073497483e-03,1.328961966701442121e-01,1.000000000000000000e+00
0.000000000000000000e+00,9.060000000000000000e+02,9.060000000000000497e+00,1.199971352710961092e+01,-4.099394012094530915e+00,5.841770258028249785e+00,1.300115198587488585e+00,1.151985874885408379e-04,1.328961966701442121e-01,0.000000000000000000e+00
0.000000000000000000e+00,9.070000000000000000e+02,9.070000000000000284e+00,1.200000000000000000e+01,-4.099777662300739145e+00,5.841507775175276862e+00,1.299667498674361710e+00,-3.325013256383346771e-04,1.328961966701442121e-01,1.000000000000000000e+00
0.000000000000000000e+00,9.080000000000000000e+02,9.080000000000000071e+00,1.200000000000000000e+01,-4.091427922716432519e+00,5.847220889094599805e+00,1.299657040747460135e+00,-3.429592525399094427e-04,1.328961966701442121e-01,1.000000000000000000e+00
0.000000000000000000e+00,9.090000000000000000e+02,9.089999999999999858e+00,1.200000000000000000e+01,-4.091918350611774002e+00,5.846885530551205079e+00,1.300475467218948022e+00,4.754672189479780542e-04,1.328961966701442121e-01,1.000000000000000000e+00
0.000000000000000000e+00,9.100000000000000000e+02,9.099999999999999645e+00,1.199368450913877737e+01,-4.100523628886478811e+00,5.840997365559546850e+00,1.300427415301841361e+00,4.274153018413162641e-04,1.328961966701442121e-01,0.000000000000000000e+00
0.000000000000000000e+00,9.110000000000000000e+02,9.109999999999999432e+00,1.200000000000000000e+01,-4.095091519730670093e+00,5.844714155461774752e+00,1.298985152008147459e+00,-1.014847991852585452e-03,1.328961966701442121e-01,1.000000000000000000e+00
0.000000000000000000e+00,9.120000000000000000e+02,9.120000000000000995e+00,1.199969244263792589e+01,-4.099396778489007964e+00,5.841768392312062019e+00,1.300116410485151697e+00,1.164104851516523098e-04,1.328961966701442121e-01,0.000000000000000000e+00
0.000000000000000000e+00,9.130000000000000000e+02,9.130000000000000782e+00,1.200000000000000000e+01,-4.099744637625562405e+00,5.841530398111716593e+00,1.299665230185215403e+00,-3.347698147846411842e-04,1.328961966701442121e-01,1.000000000000000000e+00
0.000000000000000000e+00,9.140000000000000000e+02,9.140000000000000568e+00,1.200000000000000000e+01,-4.091423734812710045e+00,5.847223783186681345e+00,1.299660279662281148e+00,-3.397203377188962037e-04,1.328961966701442121e-01,1.000000000000000000e+00
0.000000000000000000e+00,9.150000000000000000e+02,9.150000000000000355e+00,1.200000000000000000e+01,-4.091909051374988060e+00,5.846891921706292905e+00,1.300475878929917561e+00,4.758789299175170129e-04,1.328961966701442121e-01,1.000000000000000000e+00
0.000000000000000000e+00,9.160000000000000000e+02,9.160000000000000142e+00,1.199368423699082165e+01,-4.100514720037480743e+00,5.841003488720409642e+00,1.300428327921772542e+00,4.283279217724977883e-04,1.328961966701442121e-01,0.000000000000000000e+00
0.000000000000000000e+00,9.170000000000000000e+02,9.169999999999999929e+00,1.200000000000000000e+01,-4.095079257618313484e+00,5.844722572950963979e+00,1.298986001090943976e+00,-1.013998909056068598e-03,1.328961966701442121e-01,1.000000000000000000e+00
0.000000000000000000e+00,9.180000000000000000e+02,9.179999999999999716e+00,1.199967169707283610e+01,-4.099399393309603568e+00,5.841766629586489401e+00,1.300117613616756040e+00,1.176136167559960199e-04,1.328961966701442121e-01,0.000000000000000000e+00
0.000000000000000000e+00,9.190000000000000000e+02,9.189999999999999503e+00,1.200000000000000000e+01,-4.099712160421094431e+00,5.841552645750825334e+00,1.299663008643814566e+00,-3.369913561854787076e-04,1.328961966701442121e-01,1.000000000000000000e+00
0.000000000000000000e+00,9.200000000000000000e+02,9.200000000000001066e+00,1.200000000000000000e+01,-4.091419713393968038e+00,5.847226562622438450e+00,1.299663464866264828e+00,-3.365351337352162631e-04,1.328932053332542440e-01,1.000000000000000000e+00
0.000000000000000000e+00,9.210000000000000000e+02,9.210000000000000853e+00,1.200000000000000000e+01,-4.091899828842930020e+00,5.846898259653327656e+00,1.300476274291775702e+00,4.762742917756579430e-04,1.328932053332542440e-01,1.000000000000000000e+00
0.000000000000000000e+00,9.220000000000000000e+02,9.220000000000000639e+00,1.199368402099031350e+01,-4.100505873376135035e+00,5.841009568625876724e+00,1.300429232991140438e+00,4.292329911403935938e-04,1.328932053332542440e-01,0.000000000000000000e+00
0.000000000000000000e+00,9.230000000000000000e+02,9.230000000000000426e+00,1.200000000000000000e+01,-4.095067127830619214e+00,5.844730899206775909e+00,1.298986849367062657e+00,-1.013150632937387385e-03,1.328932053332542440e-01,1.000000000000000000e+00
0.000000000000000000e+00,9.240000000000000000e+02,9.240000000000000213e+00,1.199965141848437788e+01,-4.099401834890428198e+00,5.841764984725148047e+00,1.300118803746069585e+00,1.188037460695401393e-04,1.328932053332542440e-01,0.000000000000000000e+00
0.000000000000000000e+00,9.250000000000000000e+02,9.250000000000000000e+00,1.200000000000000000e+01,-4.099680382655360056e+00,5.841574414160416673e+00,1.299660848315975059e+00,-3.391516840249853004e-04,1.328932053332542440e-01,1.000000000000000000e+00
0.000000000000000000e+00,9.260000000000000000e+02,9.259999999999999787e+00,1.200000000000000000e+01,-4.091415796713291364e+00,5.847229269686545550e+00,1.299666581463220449e+00,-3.334185367795949873e-04,1.328932053332542440e-01,1.000000000000000000e+00
0.000000000000000000e+00,9.270000000000000000e+02,9.269999999999999574e+00,1.200000000000000000e+01,-4.091890650324652157e+00,5.846904566792400004e+00,1.300476659357189257e+00,4.766593571892130399e-04,1.328932053332542440e-01,1.000000000000000000e+00
0.000000000000000000e+00,9.280000000000000000e+02,9.279999999999999361e+00,1.199368378279263858e+01,-4.100497058753066248e+00,5.841015625932607591e+00,1.300430133715093639e+00,4.301337150935946596e-04,1.328932053332542440e-01,0.000000000000000000e+00
0.000000000000000000e+00,9.290000000000000000e+02,9.290000000000000924e+00,1.200000000000000000e+01,-4.095055040385973122e+00,5.844739195826128331e+00,1.298987692365216606e+00,-1.012307634783438104e-03,1.328932053332542440e-01,1.000000000000000000e+00
0.000000000000000000e+00,9.300000000000000000e+02,9.300000000000000711e+00,1.199963132353120798e+01,-4.099404162305740229e+00,5.841763417330394503e+00,1.300119989694061839e+00,1.199896940617950492e-04,1.328932053332542440e-01,0.000000000000000000e+00
0.000000000000000000e+00,9.310000000000000000e+02,9.310000000000000497e+00,1.200000000000000000e+01,-4.099648947357589002e+00,5.841595947611082806e+00,1.299658716554434434e+00,-3.412834455656099664e-04,1.328932053332542440e-01,1.000000000000000000e+00
0.000000000000000000e+00,9.320000000000000000e+02,9.320000000000000284e+00,1.200000000000000000e+01,-4.091412051300700625e+00,5.847231858907229629e+00,1.299669664451284845e+00,-3.303355487151993231e-04,1.328932053332542440e-01,1.000000000000000000e+00
0.000000000000000000e+00,9.330000000000000000e+02,9.330000000000000071e+00,1.200000000000000000e+01,-4.091881532514952013e+00,5.846910831751672255e+00,1.300477027608668568e+00,4.770276086685232286e-04,1.328932053332542440e-01,1.000000000000000000e+00
0.000000000000000000e+00,9.340000000000000000e+02,9.339999999999999858e+00,1.199368356263487101e+01,-4.100488290834167771e+00,5.841021650657811648e+00,1.300431028459912763e+00,4.310284599127189864e-04,1.328932053332542440e-01,0.000000000000000000e+00
0.000000000000000000e+00,9.350000000000000000e+02,9.349999999999999645e+00,1.200000000000000000e+01,-4.095043040038238047e+00,5.844747432237116236e+00,1.298988532465071843e+00,-1.011467534928200962e-03,1.328932053332542440e-01,1.000000000000000000e+00
0.000000000000000000e+00,9.360000000000000000e+02,9.359999999999999432e+00,1.199961154541969854e+01,-4.099406351748598354e+00,5.841761943743292385e+00,1.300121167076381035e+00,1.211670763809902240e-04,1.328932053332542440e-01,0.000000000000000000e+00
0.000000000000000000e+00,9.370000000000000000e+02,9.370000000000000995e+00,1.200000000000000000e+01,-4.099618013925678817e+00,5.841617137089364142e+00,1.299656628321868013e+00,-3.433716781320317324e-04,1.328932053332542440e-01,1.000000000000000000e+00
0.000000000000000000e+00,9.380000000000000000e+02,9.380000000000000782e+00,1.200000000000000000e+01,-4.091408445373402536e+00,5.847234352068774399e+00,1.299672698205845078e+00,-3.273017941549660748e-04,1.328932053332542440e-01,1.000000000000000000e+00
0.000000000000000000e+00,9.390000000000000000e+02,9.390000000000000568e+00,1.200000000000000000e+01,-4.091872474355973566e+00,5.846917055290982823e+00,1.300477382162614326e+00,4.773821626142815688e-04,1.328932053332542440e-01,1.000000000000000000e+00
0.000000000000000000e+00,9.400000000000000000e+02,9.400000000000000355e+00,1.199368333203396908e+01,-4.100479542932355059e+00,5.841027661095655965e+00,1.300431917330907350e+00,4.319173309073054412e-04,1.328983317263325858e-01,0.000000000000000000e+00
0.000000000000000000e+00,9.410000000000000000e+02,9.410000000000000142e+00,1.200000000000000000e+01,-4.095031073726365101e+00,5.844755644780579296e+00,1.298989369584339304e+00,-1.010630415660740411e-03,1.328983317263325858e-01,1.000000000000000000e+00
0.000000000000000000e+00,9.420000000000000000e+02,9.419999999999999929e+00,1.199959190922520236e+01,-4.099408429549260546e+00,5.841760545978571528e+00,1.300122341095528267e+00,1.223410955282222545e-04,1.328983317263325858e-01,0.000000000000000000e+00
0.000000000000000000e+00,9.430000000000000000e+02,9.429999999999999716e+00,1.200000000000000000e+01,-4.099587357013478872e+00,5.841638136813010362e+00,1.299654564457869199e+00,-3.454355421308452634e-04,1.328983317263325858e-01,1.000000000000000000e+00
0.000000000000000000e+00,9.440000000000000000e+02,9.439999999999999503e+00,1.200000000000000000e+01,-4.091404988300490153e+00,5.847236742807589316e+00,1.299675704820985489e+00,-3.242951790145554014e-04,1.328983317263325858e-01,1.000000000000000000e+00
0.000000000000000000e+00,9.450000000000000000e+02,9.450000000000001066e+00,1.200000000000000000e+01,-4.091863449327791891e+00,5.846923255601066849e+00,1.300477722103007938e+00,4.777221030078937503e-04,1.328983317263325858e-01,1.000000000000000000e+00
0.000000000000000000e+00,9.460000000000000000e+02,9.460000000000000853e+00,1.199368310810640281e+01,-4.100470868465813545e+00,5.841033620740153864e+00,1.300432802929130993e+00,4.328029291309487547e-04,1.328983317263325858e-01,0.000000000000000000e+00
0.000000000000000000e+00,9.470000000000000000e+02,9.470000000000000639e+00,1.200000000000000000e+01,-4.095019220962261564e+00,5.844763779092456701e+00,1.298990200109757076e+00,-1.009799890242968345e-03,1.328983317263325858e-01,1.000000000000000000e+00
0.000000000000000000e+00,9.480000000000000000e+02,9.480000000000000426e+00,1.199957267876021660e+01,-4.099410377613009970e+00,5.841759236462197968e+00,1.300123503959902616e+00,1.235039599025711254e-04,1.328983317263325858e-01,0.000000000000000000e+00
0.000000000000000000e+00,9.490000000000000000e+02,9.490000000000000213e+00,1.200000000000000000e+01,-4.099557312588893332e+00,5.841658716947764063e+00,1.299652551744537421e+00,-3.474482554626234787e-04,1.328983317263325858e-01,1.000000000000000000e+00
0.000000000000000000e+00,9.500000000000000000e+02,9.500000000000000000e+00,1.200000000000000000e+01,-4.091401665268683985e+00,5.847239041276973026e+00,1.299678651361279247e+00,-3.213486387207975525e-04,1.328983317263325858e-01,1.000000000000000000e+00
0.000000000000000000e+00,9.510000000000000000e+02,9.509999999999999787e+00,1.200000000000000000e+01,-4.091854509658983119e+00,5.846929396964924308e+00,1.300478048882312443e+00,4.780488823123985043e-04,1.328983317263325858e-01,1.000000000000000000e+00
0.000000000000000000e+00,9.520000000000000000e+02,9.519999999999999574e+00,1.199368293856274015e+01,-4.100462239226991379e+00,5.841039548913452784e+00,1.300433680137036419e+00,4.336801370363740915e-04,1.328983317263325858e-01,0.000000000000000000e+00
0.000000000000000000e+00,9.530000000000000000e+02,9.529999999999999361e+00,1.200000000000000000e+01,-4.095007476225597465e+00,5.844771838972587119e+00,1.298991031332607182e+00,-1.008968667392862173e-03,1.328983317263325858e-01,1.000000000000000000e+00
0.000000000000000000e+00,9.540000000000000000e+02,9.540000000000000924e+00,1.199955380666165894e+01,-4.099412178935040174e+00,5.841758026850476959e+00,1.300124656211626650e+00,1.246562116266058950e-04,1.328983317263325858e-01,0.000000000000000000e+00
0.000000000000000000e+00,9.550000000000000000e+02,9.550000000000000711e+00,1.200000000000000000e+01,-4.099527800071293804e+00,5.841678932650212985e+00,1.299650587360766885e+00,-3.494126392331597941e-04,1.328983317263325858e-01,1.000000000000000000e+00
0.000000000000000000e+00,9.560000000000000000e+02,9.560000000000000497e+00,1.200000000000000000e+01,-4.091398458274518646e+00,5.847241259822704151e+00,1.299681545727897847e+00,-3.184542721021976774e-04,1.328983317263325858e-01,1.000000000000000000e+00
0.000000000000000000e+00,9.570000000000000000e+02,9.570000000000000284e+00,1.200000000000000000e+01,-4.091845628072881880e+00,5.846935498071119675e+00,1.300478364266069331e+00,4.783642660692866144e-04,1.328983317263325858e-01,1.000000000000000000e+00
0.000000000000000000e+00,9.580000000000000000e+02,9.580000000000000071e+00,1.199368278480168115e+01,-4.100453655712647638e+00,5.841045445298165717e+00,1.300434551628892432e+00,4.345516288923878534e-04,1.328983317263325858e-01,0.000000000000000000e+00
0.000000000000000000e+00,9.590000000000000000e+02,9.589999999999999858e+00,1.200000000000000000e+01,-4.094995814826173586e+00,5.844779841336833037e+00,1.298991859544853966e+00,-1.008140455146078196e-03,1.328983317263325858e-01,1.000000000000000000e+00
0.000000000000000000e+00,9.600000000000000000e+02,9.599999999999999645e+00,1.199953523272018607e+01,-4.099413869798613774e+00,5.841756892337983231e+00,1.300125800271774157e+00,1.258002717741124599e-04,1.328962767516932431e-01,0.000000000000000000e+00
0.000000000000000000e+00,9.610000000000000000e+02,9.609999999999999432e+00,1.200000000000000000e+01,-4.099498754063436223e+00,5.841698828686518574e+00,1.299648662043404013e+00,-3.513379565960317308e-04,1.328962767516932431e-01,1.000000000000000000e+00
0.000000000000000000e+00,9.620000000000000000e+02,9.620000000000000995e+00,1.200000000000000000e+01,-4.091395383581602374e+00,5.847243387341511500e+00,1.299684394333372683e+00,-3.156056666273610034e-04,1.328962767516932431e-01,1.000000000000000000e+00
0.000000000000000000e+00,9.630000000000000000e+02,9.630000000000000782e+00,1.200000000000000000e+01,-4.091836815227744673e+00,5.846941551652061975e+00,1.300478666661667226e+00,4.786666616671819696e-04,1.328962767516932431e-01,1.000000000000000000e+00
0.000000000000000000e+00,9.640000000000000000e+02,9.640000000000000568e+00,1.199368267335386840e+01,-4.100445127993959993e+00,5.841051303029105135e+00,1.300435416361351404e+00,4.354163613513595266e-04,1.328962767516932431e-01,0.000000000000000000e+00
0.000000000000000000e+00,9.650000000000000000e+02,9.650000000000000355e+00,1.200000000000000000e+01,-4.094984266667966999e+00,5.844787765748609587e+00,1.298992686275832309e+00,-1.007313724167735458e-03,1.328962767516932431e-01,1.000000000000000000e+00
0.000000000000000000e+00,9.660000000000000000e+02,9.660000000000000142e+00,1.199951701005896254e+01,-4.099415405985689986e+00,5.841755863204981303e+00,1.300126933210430380e+00,1.269332104303355635e-04,1.328962767516932431e-01,0.000000000000000000e+00
0.000000000000000000e+00,9.670000000000000000e+02,9.669999999999999929e+00,1.200000000000000000e+01,-4.099470212509180200e+00,5.841718379119813953e+00,1.299646785164187968e+00,-3.532148358120767995e-04,1.328962767516932431e-01,1.000000000000000000e+00
0.000000000000000000e+00,9.680000000000000000e+02,9.679999999999999716e+00,1.200000000000000000e+01,-4.091392407318607205e+00,5.847245447031288457e+00,1.299687193459133416e+00,-3.128065408666280689e-04,1.328962767516932431e-01,1.000000000000000000e+00
0.000000000000000000e+00,9.690000000000000000e+02,9.689999999999999503e+00,1.200000000000000000e+01,-4.091828048719638566e+00,5.846947573057104997e+00,1.300478959389385292e+00,4.789593893852472917e-04,1.328962767516932431e-01,1.000000000000000000e+00
0.000000000000000000e+00,9.700000000000000000e+02,9.700000000000001066e+00,1.199368255070164579e+01,-4.100436635186701650e+00,5.841057136412837636e+00,1.300436276530915425e+00,4.362765309153804338e-04,1.328962767516932431e-01,0.000000000000000000e+00
0.000000000000000000e+00,9.710000000000000000e+02,9.710000000000000853e+00,1.200000000000000000e+01,-4.094972769953917791e+00,5.844795654509217009e+00,1.298993508499449501e+00,-1.006491500550543705e-03,1.328962767516932431e-01,1.000000000000000000e+00
0.000000000000000000e+00,9.720000000000000000e+02,9.720000000000000639e+00,1.199949898152034145e+01,-4.099416855761175427e+00,5.841754892757292872e+00,1.300128061085513487e+00,1.280610855134423076e-04,1.328962767516932431e-01,0.000000000000000000e+00
0.000000000000000000e+00,9.730000000000000000e+02,9.730000000000000426e+00,1.200000000000000000e+01,-4.099442002804662977e+00,5.841737702063556803e+00,1.299644935134772972e+00,-3.550648652270727013e-04,1.328962767516932431e-01,1.000000000000000000e+00
0.000000000000000000e+00,9.740000000000000000e+02,9.740000000000000213e+00,1.200000000000000000e+01,-4.091389569206157262e+00,5.847247411740641887e+00,1.299689960027597291e+00,-3.100399724027536053e-04,1.328962767516932431e-01,1.000000000000000000e+00
0.000000000000000000e+00,9.750000000000000000e+02,9.750000000000000000e+00,1.200000000000000000e+01,-4.091819339842443171e+00,5.846953554586105994e+00,1.300479238557947337e+00,4.792385579472924206e-04,1.328962767516932431e-01,1.000000000000000000e+00
0.000000000000000000e+00,9.760000000000000000e+02,9.759999999999999787e+00,1.199368244423974517e+01,-4.100428187374594025e+00,5.841062938577951336e+00,1.300437131032049720e+00,4.371310320496757384e-04,1.328962767516932431e-01,0.000000000000000000e+00
0.000000000000000000e+00,9.770000000000000000e+02,9.769999999999999574e+00,1.200000000000000000e+01,-4.094961355179703055e+00,5.844803486779519552e+00,1.298994327825904183e+00,-1.005672174095861848e-03,1.328962767516932431e-01,1.000000000000000000e+00
0.000000000000000000e+00,9.780000000000000000e+02,9.779999999999999361e+00,1.199948122400440376e+01,-4.099418194795719117e+00,5.841753997669646203e+00,1.300129180909159077e+00,1.291809091590323533e-04,1.328962767516932431e-01,0.000000000000000000e+00
0.000000000000000000e+00,9.790000000000000000e+02,9.790000000000000924e+00,1.200000000000000000e+01,-4.099414207052014980e+00,5.841756741368948624e+00,1.299643121630905007e+00,-3.568783690950372289e-04,1.328962767516932431e-01,1.000000000000000000e+00
0.000000000000000000e+00,9.800000000000000000e+02,9.800000000000000711e+00,1.200000000000000000e+01,-4.091386862238387323e+00,5.847249286284425196e+00,1.299692685991133523e+00,-3.073140088665216041e-04,1.328933992451572232e-01,1.000000000000000000e+00
0.000000000000000000e+00,9.810000000000000000e+02,9.810000000000000497e+00,1.200000000000000000e+01,-4.091810702960810175e+00,5.846959486431627440e+00,1.300479504854866741e+00,4.795048548666969168e-04,1.328933992451572232e-01,1.000000000000000000e+00
0.000000000000000000e+00,9.820000000000000000e+02,9.820000000000000284e+00,1.199368239005569237e+01,-4.100419798864245458e+00,5.841068699757951066e+00,1.300437978458027111e+00,4.379784580270662531e-04,1.328933992451572232e-01,0.000000000000000000e+00
0.000000000000000000e+00,9.830000000000000000e+02,9.830000000000000071e+00,1.200000000000000000e+01,-4.094950063880241409e+00,5.844811234161191749e+00,1.298995146275244261e+00,-1.004853724755783162e-03,1.328933992451572232e-01,1.000000000000000000e+00
0.000000000000000000e+00,9.840000000000000000e+02,9.839999999999999858e+00,1.199946385704379459e+01,-4.099419404783827936e+00,5.841753190490353909e+00,1.300130288611345719e+00,1.302886113456747097e-04,1.328933992451572232e-01,0.000000000000000000e+00
0.000000000000000000e+00,9.850000000000000000e+02,9.849999999999999645e+00,1.200000000000000000e+01,-4.099386965364094415e+00,5.841775401189843286e+00,1.299641357778631878e+00,-3.586422213681661475e-04,1.328933992451572232e-01,1.000000000000000000e+00
0.000000000000000000e+00,9.860000000000000000e+02,9.859999999999999432e+00,1.200000000000000000e+01,-4.091384222099928358e+00,5.847251114681006001e+00,1.299695357614717883e+00,-3.046423852821611433e-04,1.328933992451572232e-01,1.000000000000000000e+00
0.000000000000000000e+00,9.870000000000000000e+02,9.870000000000000995e+00,1.200000000000000000e+01,-4.091802106294369246e+00,5.846965390347585334e+00,1.300479764583444720e+00,4.797645834446750968e-04,1.328933992451572232e-01,1.000000000000000000e+00
0.000000000000000000e+00,9.880000000000000000e+02,9.880000000000000782e+00,1.199368231269088447e+01,-4.100411440370637095e+00,5.841074439995608714e+00,1.300438821923678878e+00,4.388219236788337696e-04,1.328933992451572232e-01,0.000000000000000000e+00
0.000000000000000000e+00,9.890000000000000000e+02,9.890000000000000568e+00,1.200000000000000000e+01,-4.094938809293307003e+00,5.844818956026387013e+00,1.298995959564140268e+00,-1.004040435859776537e-03,1.328933992451572232e-01,1.000000000000000000e+00
0.000000000000000000e+00,9.900000000000000000e+02,9.900000000000000355e+00,1.199944661988608630e+01,-4.099420534002540251e+00,5.841752438188318131e+00,1.300131392696406429e+00,1.313926964063849567e-04,1.328933992451572232e-01,0.000000000000000000e+00
0.000000000000000000e+00,9.910000000000000000e+02,9.910000000000000142e+00,1.200000000000000000e+01,-4.099359960664915370e+00,5.841793898479134661e+00,1.299639614128970777e+00,-3.603858710292673351e-04,1.328933992451572232e-01,1.000000000000000000e+00
0.000000000000000000e+00,9.920000000000000000e+02,9.919999999999999929e+00,1.200000000000000000e+01,-4.091381726906496930e+00,5.847252843506666409e+00,1.299698005983735083e+00,-3.019940162649614734e-04,1.328933992451572232e-01,1.000000000000000000e+00
0.000000000000000000e+00,9.930000000000000000e+02,9.929999999999999716e+00,1.200000000000000000e+01,-4.091793566454613895e+00,5.846971254995181333e+00,1.300480010089689387e+00,4.800100896893422231e-04,1.328933992451572232e-01,1.000000000000000000e+00
0.000000000000000000e+00,9.940000000000000000e+02,9.939999999999999503e+00,1.199368225137745547e+01,-4.100403126183014280e+00,5.841080149542342781e+00,1.300439659802333336e+00,4.396598023332920491e-04,1.328933992451572232e-01,0.000000000000000000e+00
0.000000000000000000e+00,9.950000000000000000e+02,9.950000000000001066e+00,1.200000000000000000e+01,-4.094927634983856812e+00,5.844826622593665810e+00,1.298996770012805779e+00,-1.003229987194265149e-03,1.328933992451572232e-01,1.000000000000000000e+00
0.000000000000000000e+00,9.960000000000000000e+02,9.960000000000000853e+00,1.199942963807880858e+01,-4.099421561894224020e+00,5.841751754858707457e+00,1.300132488895540561e+00,1.324888955405167934e-04,1.328933992451572232e-01,0.000000000000000000e+00
0.000000000000000000e+00,9.970000000000000000e+02,9.970000000000000639e+00,1.200000000000000000e+01,-4.099333340633672051e+00,5.841812132219370568e+00,1.299637904599175720e+00,-3.620954008243248978e-04,1.328933992451572232e-01,1.000000000000000000e+00
0.000000000000000000e+00,9.980000000000000000e+02,9.980000000000000426e+00,1.200000000000000000e+01,-4.091379340450014723e+00,5.847254497553166175e+00,1.299700616621609406e+00,-2.993833783906385548e-04,1.328933992451572232e-01,1.000000000000000000e+00
0.000000000000000000e+00,9.990000000000000000e+02,9.990000000000000213e+00,1.200000000000000000e+01,-4.091785082164557608e+00,5.846977081264101095e+00,1.300480244922723294e+00,4.802449227232497009e-04,1.328933992451572232e-01,1.000000000000000000e+00
0.000000000000000000e+00,1.000000000000000000e+03,1.000000000000000000e+01,1.199368217798762792e+01,-4.100394830334725071e+00,5.841085846179778329e+00,1.300440492219916422e+00,4.404922199163774366e-04,1.328983904895139345e-01,0.000000000000000000e+00
0.000000000000000000e+00,1.001000000000000000e+03,1.000999999999999979e+01,1.200000000000000000e+01,-4.094916489097757406e+00,5.844834269358890388e+00,1.298997577501090017e+00,-1.002422498910027215e-03,1.328983904895139345e-01,1.000000000000000000e+00
0.000000000000000000e+00,1.002000000000000000e+03,1.001999999999999957e+01,1.199941274828344540e+01,-4.099422508967323964e+00,5.841751126481082856e+00,1.300133582291974399e+00,1.335822919743545611e-04,1.328983904895139345e-01,0.000000000000000000e+00
0.000000000000000000e+00,1.003000000000000000e+03,1.002999999999999936e+01,1.200000000000000000e+01,-4.099306901527064895e+00,5.841830241828938064e+00,1.299636211696713950e+00,-3.637883032860944610e-04,1.328983904895139345e-01,1.000000000000000000e+00
0.000000000000000000e+00,1.004000000000000000e+03,1.004000000000000092e+01,1.200000000000000000e+01,-4.091377081195875398e+00,5.847256064212705162e+00,1.299703209503320966e+00,-2.967904966790779753e-04,1.328983904895139345e-01,1.000000000000000000e+00
0.000000000000000000e+00,1.005000000000000000e+03,1.005000000000000071e+01,1.200000000000000000e+01,-4.091776627853492165e+00,5.846982886676064695e+00,1.300480467274171881e+00,4.804672741718363227e-04,1.328983904895139345e-01,1.000000000000000000e+00
0.000000000000000000e+00,1.006000000000000000e+03,1.006000000000000050e+01,1.199368210990158978e+01,-4.100386604617011876e+00,5.841091494495938008e+00,1.300441321683474705e+00,4.413216834746602757e-04,1.328983904895139345e-01,0.000000000000000000e+00
0.000000000000000000e+00,1.007000000000000000e+03,1.007000000000000028e+01,1.200000000000000000e+01,-4.094905449409497855e+00,5.844841843128017800e+00,1.298998378599393710e+00,-1.001621400606333978e-03,1.328983904895139345e-01,1.000000000000000000e+00
0.000000000000000000e+00,1.008000000000000000e+03,1.008000000000000007e+01,1.199939620056639455e+01,-4.099423362792452785e+00,5.841750561586452228e+00,1.300134665263644962e+00,1.346652636449174878e-04,1.328983904895139345e-01,0.000000000000000000e+00
0.000000000000000000e+00,1.009000000000000000e+03,1.008999999999999986e+01,1.200000000000000000e+01,-4.099280956728775571e+00,5.841848012907878918e+00,1.299634560344730350e+00,-3.654396552696947964e-04,1.328983904895139345e-01,1.000000000000000000e+00
0.000000000000000000e+00,1.010000000000000000e+03,1.009999999999999964e+01,1.200000000000000000e+01,-4.091374921899245898e+00,5.847257562129296815e+00,1.299705753907095751e+00,-2.942460929042933770e-04,1.328983904895139345e-01,1.000000000000000000e+00
0.000000000000000000e+00,1.011000000000000000e+03,1.010999999999999943e+01,1.200000000000000000e+01,-4.091768253996484361e+00,5.846988636698437602e+00,1.300480679814077778e+00,4.806798140777335249e-04,1.328983904895139345e-01,1.000000000000000000e+00
0.000000000000000000e+00,1.012000000000000000e+03,1.012000000000000099e+01,1.199368209225868931e+01,-4.100378422102459730e+00,5.841097112921898926e+00,1.300442143246709925e+00,4.421432467098806995e-04,1.328983904895139345e-01,0.000000000000000000e+00
0.000000000000000000e+00,1.013000000000000000e+03,1.013000000000000078e+01,1.200000000000000000e+01,-4.094894510137999433e+00,5.844849347864419897e+00,1.298999180228996408e+00,-1.000819771003635950e-03,1.328983904895139345e-01,1.000000000000000000e+00
0.000000000000000000e+00,1.014000000000000000e+03,1.014000000000000057e+01,1.199937994988534129e+01,-4.099424105633691084e+00,5.841750072316868270e+00,1.300135738377546257e+00,1.357383775462128739e-04,1.328983904895139345e-01,0.000000000000000000e+00
0.000000000000000000e+00,1.015000000000000000e+03,1.015000000000000036e+01,1.200000000000000000e+01,-4.099255431989456966e+00,5.841865496266628099e+00,1.299632948012985567e+00,-3.670519870144772767e-04,1.328983904895139345e-01,1.000000000000000000e+00
0.000000000000000000e+00,1.016000000000000000e+03,1.016000000000000014e+01,1.200000000000000000e+01,-4.091372849548672974e+00,5.847259000218346436e+00,1.299708257112563992e+00,-2.917428874360528113e-04,1.328983904895139345e-01,1.000000000000000000e+00
0.000000000000000000e+00,1.017000000000000000e+03,1.016999999999999993e+01,1.200000000000000000e+01,-4.091759934104715057e+00,5.846994349466545060e+00,1.300480883818130096e+00,4.808838181300512105e-04,1.328983904895139345e-01,1.000000000000000000e+00
0.000000000000000000e+00,1.018000000000000000e+03,1.017999999999999972e+01,1.199368208790454382e+01,-4.100370283039596941e+00,5.841102701296311928e+00,1.300442959505950569e+00,4.429595059505242460e-04,1.328983904895139345e-01,0.000000000000000000e+00
0.000000000000000000e+00,1.019000000000000000e+03,1.018999999999999950e+01,1.200000000000000000e+01,-4.094883647401585058e+00,5.844856799917256929e+00,1.298999978842722891e+00,-1.000021157277153350e-03,1.328983904895139345e-01,1.000000000000000000e+00
0.000000000000000000e+00,1.020000000000000000e+03,1.020000000000000107e+01,1.199936394230430459e+01,-4.099424770019013842e+00,5.841749636423218206e+00,1.300136803974843769e+00,1.368039748437244185e-04,1.328963511993082880e-01,0.000000000000000000e+00
0.000000000000000000e+00,1.021000000000000000e+03,1.021000000000000085e+01,1.200000000000000000e+01,-4.099230273542867842e+00,5.841882728700190874e+00,1.299631366400406218e+00,-3.686335995938261334e-04,1.328963511993082880e-01,1.000000000000000000e+00
0.000000000000000000e+00,1.022000000000000000e+03,1.022000000000000064e+01,1.200000000000000000e+01,-4.091370882417143306e+00,5.847260365987848374e+00,1.299710724391263117e+00,-2.892756087369274809e-04,1.328963511993082880e-01,1.000000000000000000e+00
0.000000000000000000e+00,1.023000000000000000e+03,1.023000000000000043e+01,1.200000000000000000e+01,-4.091751678858353891e+00,5.847000017684253592e+00,1.300481077496093096e+00,4.810774960930519484e-04,1.328963511993082880e-01,1.000000000000000000e+00
0.000000000000000000e+00,1.024000000000000000e+03,1.024000000000000021e+01,1.199368212313106241e+01,-4.100362197557322119e+00,5.841108252701214809e+00,1.300443769415130735e+00,4.437694151306903478e-04,1.328963511993082880e-01,0.000000000000000000e+00
0.000000000000000000e+00,1.025000000000000000e+03,1.025000000000000000e+01,1.200000000000000000e+01,-4.094872891006503757e+00,5.844864178903791618e+00,1.299000775941054009e+00,-9.992240589460354983e-04,1.328963511993082880e-01,1.000000000000000000e+00
0.000000000000000000e+00,1.026000000000000000e+03,1.025999999999999979e+01,1.199934822898651454e+01,-4.099425313269598803e+00,5.841749283119882286e+00,1.300137859134641083e+00,1.378591346410384944e-04,1.328963511993082880e-01,0.000000000000000000e+00
0.000000000000000000e+00,1.027000000000000000e+03,1.026999999999999957e+01,1.200000000000000000e+01,-4.099205516564391694e+00,5.841899686153574578e+00,1.299629824541523204e+00,-3.701754584768401912e-04,1.328963511993082880e-01,1.000000000000000000e+00
0.000000000000000000e+00,1.028000000000000000e+03,1.027999999999999936e+01,1.200000000000000000e+01,-4.091368986804006624e+00,5.847261682507018499e+00,1.299713152295427943e+00,-2.868477045721018470e-04,1.328963511993082880e-01,1.000000000000000000e+00
0.000000000000000000e+00,1.029000000000000000e+03,1.029000000000000092e+01,1.200000000000000000e+01,-4.091743465944809088e+00,5.847005656626843795e+00,1.300481264151023275e+00,4.812641510232307240e-04,1.328963511993082880e-01,1.000000000000000000e+00
0.000000000000000000e+00,1.030000000000000000e+03,1.030000000000000071e+01,1.199368214496620411e+01,-4.100354144740174789e+00,5.841113781453264764e+00,1.300444575161253447e+00,4.445751612534021291e-04,1.328963511993082880e-01,0.000000000000000000e+00
0.000000000000000000e+00,1.031000000000000000e+03,1.031000000000000050e+01,1.200000000000000000e+01,-4.094862179626112209e+00,5.844871526792462468e+00,1.299001568552129893e+00,-9.984314478701517004e-04,1.328963511993082880e-01,1.000000000000000000e+00
0.000000000000000000e+00,1.032000000000000000e+03,1.032000000000000028e+01,1.199933266187407810e+01,-4.099425797573071684e+00,5.841748969860197427e+00,1.300138909868168602e+00,1.389098681685574377e-04,1.328963511993082880e-01,0.000000000000000000e+00
0.000000000000000000e+00,1.033000000000000000e+03,1.033000000000000007e+01,1.200000000000000000e+01,-4.099181006086996426e+00,5.841916474662134817e+00,1.299628302305618543e+00,-3.716976943815009093e-04,1.328963511993082880e-01,1.000000000000000000e+00
0.000000000000000000e+00,1.034000000000000000e+03,1.033999999999999986e+01,1.200000000000000000e+01,-4.091367208250371590e+00,5.847262918629632544e+00,1.299715556017697171e+00,-2.844439823028732661e-04,1.328963511993082880e-01,1.000000000000000000e+00
0.000000000000000000e+00,1.035000000000000000e+03,1.034999999999999964e+01,1.200000000000000000e+01,-4.091735306834462627e+00,5.847011258461475514e+00,1.300481439320669619e+00,4.814393206695743999e-04,1.328963511993082880e-01,1.000000000000000000e+00
0.000000000000000000e+00,1.036000000000000000e+03,1.035999999999999943e+01,1.199368218078985926e+01,-4.100346134723237945e+00,5.841119280634220701e+00,1.300445375620917554e+00,4.453756209175097069e-04,1.328963511993082880e-01,0.000000000000000000e+00
0.000000000000000000e+00,1.037000000000000000e+03,1.037000000000000099e+01,1.200000000000000000e+01,-4.094851543788272430e+00,5.844878822710649402e+00,1.299002358279200742e+00,-9.976417207993026892e-04,1.328963511993082880e-01,1.000000000000000000e+00
0.000000000000000000e+00,1.038000000000000000e+03,1.038000000000000078e+01,1.199931731584617189e+01,-4.099426200055311220e+00,5.841748712311973790e+00,1.300139953183978125e+00,1.399531839780809861e-04,1.328963511993082880e-01,0.000000000000000000e+00
0.000000000000000000e+00,1.039000000000000000e+03,1.039000000000000057e+01,1.200000000000000000e+01,-4.099156820839289672e+00,5.841933040374328812e+00,1.299626809033707753e+00,-3.731909662922916482e-04,1.328963511993082880e-01,1.000000000000000000e+00
0.000000000000000000e+00,1.040000000000000000e+03,1.040000000000000036e+01,1.200000000000000000e+01,-4.091365536968194050e+00,5.847264081063851648e+00,1.299717927840693843e+00,-2.820721593062014421e-04,1.328935668385554381e-01,1.000000000000000000e+00
0.000000000000000000e+00,1.041000000000000000e+03,1.041000000000000014e+01,1.200000000000000000e+01,-4.091727215321064648e+00,5.847016813761114484e+00,1.300481603964746657e+00,4.816039647466130447e-04,1.328935668385554381e-01,1.000000000000000000e+00
0.000000000000000000e+00,1.042000000000000000e+03,1.041999999999999993e+01,1.199368226517028013e+01,-4.100338181504400659e+00,5.841124740678741212e+00,1.300446169442891931e+00,4.461694428918860922e-04,1.328935668385554381e-01,0.000000000000000000e+00
0.000000000000000000e+00,1.043000000000000000e+03,1.042999999999999972e+01,1.200000000000000000e+01,-4.094841023612731057e+00,5.844886039218457618e+00,1.299003147028102712e+00,-9.968529718973329068e-04,1.328935668385554381e-01,1.000000000000000000e+00
0.000000000000000000e+00,1.044000000000000000e+03,1.043999999999999950e+01,1.199930230338281234e+01,-4.099426505190833403e+00,5.841748521111606252e+00,1.300140985150242123e+00,1.409851502420789160e-04,1.328935668385554381e-01,0.000000000000000000e+00
0.000000000000000000e+00,1.045000000000000000e+03,1.045000000000000107e+01,1.200000000000000000e+01,-4.099133091115800376e+00,5.841949294152334105e+00,1.299625356910485419e+00,-3.746430895146257711e-04,1.328935668385554381e-01,1.000000000000000000e+00
0.000000000000000000e+00,1.046000000000000000e+03,1.046000000000000085e+01,1.200000000000000000e+01,-4.091363905988611549e+00,5.847265215635312430e+00,1.299720254991600044e+00,-2.797450084000008275e-04,1.328935668385554381e-01,1.000000000000000000e+00
0.000000000000000000e+00,1.047000000000000000e+03,1.047000000000000064e+01,1.200000000000000000e+01,-4.091719160390868915e+00,5.847022343747033446e+00,1.300481764646156613e+00,4.817646461565683325e-04,1.328935668385554381e-01,1.000000000000000000e+00
0.000000000000000000e+00,1.048000000000000000e+03,1.048000000000000043e+01,1.199368232508186516e+01,-4.100330256475348989e+00,5.841130181158781021e+00,1.300446959666510249e+00,4.469596665102049116e-04,1.328935668385554381e-01,0.000000000000000000e+00
0.000000000000000000e+00,1.049000000000000000e+03,1.049000000000000021e+01,1.200000000000000000e+01,-4.094830534978175507e+00,5.844893233873438732e+00,1.299003930679378360e+00,-9.960693206216841844e-04,1.328935668385554381e-01,1.000000000000000000e+00
0.000000000000000000e+00,1.050000000000000000e+03,1.050000000000000000e+01,1.199928738131851347e+01,-4.099426753058359907e+00,5.841748368830276483e+00,1.300142014012096503e+00,1.420140120964585861e-04,1.328935668385554381e-01,0.000000000000000000e+00
0.000000000000000000e+00,1.051000000000000000e+03,1.050999999999999979e+01,1.200000000000000000e+01,-4.099109528686056159e+00,5.841965433205244196e+00,1.299623918957093061e+00,-3.760810429069838534e-04,1.328935668385554381e-01,1.000000000000000000e+00
0.000000000000000000e+00,1.052000000000000000e+03,1.051999999999999957e+01,1.200000000000000000e+01,-4.091362403003560466e+00,5.847266262357929456e+00,1.299722565727182477e+00,-2.774342728175671624e-04,1.328935668385554381e-01,1.000000000000000000e+00
0.000000000000000000e+00,1.053000000000000000e+03,1.052999999999999936e+01,1.200000000000000000e+01,-4.091711158606635479e+00,5.847027837104099568e+00,1.300481912772088577e+00,4.819127720885330035e-04,1.328935668385554381e-01,1.000000000000000000e+00
0.000000000000000000e+00,1.054000000000000000e+03,1.054000000000000092e+01,1.199368239895800947e+01,-4.100322373620193694e+00,5.841135592525031228e+00,1.300447744669487316e+00,4.477446694872710964e-04,1.328935668385554381e-01,0.000000000000000000e+00
0.000000000000000000e+00,1.055000000000000000e+03,1.055000000000000071e+01,1.200000000000000000e+01,-4.094820120487874249e+00,5.844900377542852077e+00,1.299004711507142140e+00,-9.952884928579042167e-04,1.328935668385554381e-01,1.000000000000000000e+00
0.000000000000000000e+00,1.056000000000000000e+03,1.056000000000000050e+01,1.199927266889892863e+01,-4.099426925795338406e+00,5.841748267709913733e+00,1.300143035594589325e+00,1.430355945892802794e-04,1.328935668385554381e-01,0.000000000000000000e+00
0.000000000000000000e+00,1.057000000000000000e+03,1.057000000000000028e+01,1.200000000000000000e+01,-4.099086271694858397e+00,5.841981363030215313e+00,1.299622508228900575e+00,-3.774917710994696307e-04,1.328935668385554381e-01,1.000000000000000000e+00
0.000000000000000000e+00,1.058000000000000000e+03,1.058000000000000007e+01,1.200000000000000000e+01,-4.091360987579663266e+00,5.847267248906757864e+00,1.299724846505272424e+00,-2.751534947276201848e-04,1.328935668385554381e-01,1.000000000000000000e+00
0.000000000000000000e+00,1.059000000000000000e+03,1.058999999999999986e+01,1.200000000000000000e+01,-4.091703208504024580e+00,5.847033294842496787e+00,1.300482052305254266e+00,4.820523052542213804e-04,1.328935668385554381e-01,1.000000000000000000e+00
0.000000000000000000e+00,1.060000000000000000e+03,1.059999999999999964e+01,1.199368245898639707e+01,-4.100314507553168397e+00,5.841140992154167044e+00,1.300448524595633648e+00,4.485245956336036954e-04,1.328984454540455273e-01,0.000000000000000000e+00
0.000000000000000000e+00,1.061000000000000000e+03,1.060999999999999943e+01,1.200000000000000000e+01,-4.094809729281156940e+00,5.844907505035479289e+00,1.299005489363720844e+00,-9.945106362791999999e-04,1.328984454540455273e-01,1.000000000000000000e+00
0.000000000000000000e+00,1.062000000000000000e+03,1.062000000000000099e+01,1.199925801184088847e+01,-4.099427039467769873e+00,5.841748206762658491e+00,1.300144054883209943e+00,1.440548832098986765e-04,1.328984454540455273e-01,0.000000000000000000e+00
0.000000000000000000e+00,1.063000000000000000e+03,1.063000000000000078e+01,1.200000000000000000e+01,-4.099063131999421294e+00,5.841997212364538505e+00,1.299621108526713975e+00,-3.788914732860693135e-04,1.328984454540455273e-01,1.000000000000000000e+00
0.000000000000000000e+00,1.064000000000000000e+03,1.064000000000000057e+01,1.200000000000000000e+01,-4.091359685934413903e+00,5.847268157361273921e+00,1.299727115770874519e+00,-2.728842291255251240e-04,1.328984454540455273e-01,1.000000000000000000e+00
0.000000000000000000e+00,1.065000000000000000e+03,1.065000000000000036e+01,1.200000000000000000e+01,-4.091695285343077693e+00,5.847038733907429453e+00,1.300482180677315025e+00,4.821806773149805991e-04,1.328984454540455273e-01,1.000000000000000000e+00
0.000000000000000000e+00,1.066000000000000000e+03,1.066000000000000014e+01,1.199368252284373781e+01,-4.100306708696868974e+00,5.841146345562705733e+00,1.300449301870320706e+00,4.493018703206619335e-04,1.328984454540455273e-01,0.000000000000000000e+00
0.000000000000000000e+00,1.067000000000000000e+03,1.066999999999999993e+01,1.200000000000000000e+01,-4.094799437713204426e+00,5.844914564120621492e+00,1.299006260981575789e+00,-9.937390184242556046e-04,1.328984454540455273e-01,1.000000000000000000e+00
0.000000000000000000e+00,1.068000000000000000e+03,1.067999999999999972e+01,1.199924364895950468e+01,-4.099427086254558539e+00,5.841748191358616893e+00,1.300145064394673700e+00,1.450643946736551726e-04,1.328984454540455273e-01,0.000000000000000000e+00
0.000000000000000000e+00,1.069000000000000000e+03,1.068999999999999950e+01,1.200000000000000000e+01,-4.099040405110396357e+00,5.842012779029635006e+00,1.299619743255269411e+00,-3.802567447306337556e-04,1.328984454540455273e-01,1.000000000000000000e+00
0.000000000000000000e+00,1.070000000000000000e+03,1.070000000000000107e+01,1.200000000000000000e+01,-4.091358459321322805e+00,5.847269014229805606e+00,1.299729344554376276e+00,-2.706554456237686423e-04,1.328984454540455273e-01,1.000000000000000000e+00
0.000000000000000000e+00,1.071000000000000000e+03,1.071000000000000085e+01,1.200000000000000000e+01,-4.091687438078388972e+00,5.847044120800894085e+00,1.300482301685135011e+00,4.823016851349670731e-04,1.328984454540455273e-01,1.000000000000000000e+00
0.000000000000000000e+00,1.072000000000000000e+03,1.072000000000000064e+01,1.199368263344537766e+01,-4.100298951188835694e+00,5.841151670447401578e+00,1.300450071695930854e+00,4.500716959308093124e-04,1.328984454540455273e-01,0.000000000000000000e+00
0.000000000000000000e+00,1.073000000000000000e+03,1.073000000000000043e+01,1.200000000000000000e+01,-4.094789239729638375e+00,5.844921558943082296e+00,1.299007032966349229e+00,-9.929670336508156225e-04,1.328984454540455273e-01,1.000000000000000000e+00
0.000000000000000000e+00,1.074000000000000000e+03,1.074000000000000021e+01,1.199922953675902981e+01,-4.099427048027210141e+00,5.841748233903040877e+00,1.300146064722542238e+00,1.460647225421940476e-04,1.328984454540455273e-01,0.000000000000000000e+00
0.000000000000000000e+00,1.075000000000000000e+03,1.075000000000000000e+01,1.200000000000000000e+01,-4.099018020831722176e+00,5.842028111057341988e+00,1.299618410069104169e+00,-3.815899308958758951e-04,1.328984454540455273e-01,1.000000000000000000e+00
0.000000000000000000e+00,1.076000000000000000e+03,1.075999999999999979e+01,1.200000000000000000e+01,-4.091357299023208327e+00,5.847269825483769168e+00,1.299731539737658537e+00,-2.684602623415077716e-04,1.328984454540455273e-01,1.000000000000000000e+00
0.000000000000000000e+00,1.077000000000000000e+03,1.076999999999999957e+01,1.200000000000000000e+01,-4.091679640916915162e+00,5.847049473176712198e+00,1.300482416183330825e+00,4.824161833307805125e-04,1.328984454540455273e-01,1.000000000000000000e+00
0.000000000000000000e+00,1.078000000000000000e+03,1.077999999999999936e+01,1.199368275492195934e+01,-4.100291235053293626e+00,5.841156966795106875e+00,1.300450836600414828e+00,4.508366004147834616e-04,1.328984454540455273e-01,0.000000000000000000e+00
0.000000000000000000e+00,1.079000000000000000e+03,1.079000000000000092e+01,1.200000000000000000e+01,-4.094779112149060651e+00,5.844928505367733784e+00,1.299007801914480620e+00,-9.921980855194245663e-04,1.328984454540455273e-01,1.000000000000000000e+00
0.000000000000000000e+00,1.080000000000000000e+03,1.080000000000000071e+01,1.199921562617554116e+01,-4.099426954450417604e+00,5.841748314100957629e+00,1.300147058139050849e+00,1.470581390508041153e-04,1.328964205247512298e-01,0.000000000000000000e+00
0.000000000000000000e+00,1.081000000000000000e+03,1.081000000000000050e+01,1.200000000000000000e+01,-4.098995933584926199e+00,5.842043239635471785e+00,1.299617101409350495e+00,-3.828985906495496749e-04,1.328964205247512298e-01,1.000000000000000000e+00
0.000000000000000000e+00,1.082000000000000000e+03,1.082000000000000028e+01,1.200000000000000000e+01,-4.091356224601213398e+00,5.847270577744130726e+00,1.299733705789214433e+00,-2.662942107856114404e-04,1.328964205247512298e-01,1.000000000000000000e+00
0.000000000000000000e+00,1.083000000000000000e+03,1.083000000000000007e+01,1.200000000000000000e+01,-4.091671904543393801e+00,5.847054783730118110e+00,1.300482522255151041e+00,4.825222551509966706e-04,1.328964205247512298e-01,1.000000000000000000e+00
0.000000000000000000e+00,1.084000000000000000e+03,1.083999999999999986e+01,1.199368291334321235e+01,-4.100283570459429150e+00,5.841162227654895567e+00,1.300451595536963101e+00,4.515955369630564320e-04,1.328964205247512298e-01,0.000000000000000000e+00
0.000000000000000000e+00,1.085000000000000000e+03,1.084999999999999964e+01,1.200000000000000000e+01,-4.094769084666602055e+00,5.844935383082566993e+00,1.299008569301191685e+00,-9.914306988083598782e-04,1.328964205247512298e-01,1.000000000000000000e+00
0.000000000000000000e+00,1.086000000000000000e+03,1.085999999999999943e+01,1.199920196646904991e+01,-4.099426764310022619e+00,5.841748460159423395e+00,1.300148041733984572e+00,1.480417339845274682e-04,1.328964205247512298e-01,0.000000000000000000e+00
0.000000000000000000e+00,1.087000000000000000e+03,1.087000000000000099e+01,1.200000000000000000e+01,-4.098974175729205527e+00,5.842058142630926376e+00,1.299615825986327522e+00,-3.841740136725224630e-04,1.328964205247512298e-01,1.000000000000000000e+00
0.000000000000000000e+00,1.088000000000000000e+03,1.088000000000000078e+01,1.200000000000000000e+01,-4.091355202379514111e+00,5.847271294058456803e+00,1.299735839537170090e+00,-2.641604628299543123e-04,1.328964205247512298e-01,1.000000000000000000e+00
0.000000000000000000e+00,1.089000000000000000e+03,1.089000000000000057e+01,1.200000000000000000e+01,-4.091664206758128586e+00,5.847060067654632043e+00,1.300482623201026033e+00,4.826232010259889904e-04,1.328964205247512298e-01,1.000000000000000000e+00
0.000000000000000000e+00,1.090000000000000000e+03,1.090000000000000036e+01,1.199368305629052678e+01,-4.100275936453754433e+00,5.841167467365059984e+00,1.300452350681310154e+00,4.523506813101096924e-04,1.328964205247512298e-01,0.000000000000000000e+00
0.000000000000000000e+00,1.091000000000000000e+03,1.091000000000000014e+01,1.200000000000000000e+01,-4.094759096399900322e+00,5.844942233747781657e+00,1.299009332210636414e+00,-9.906677893636306464e-04,1.328964205247512298e-01,1.000000000000000000e+00
0.000000000000000000e+00,1.092000000000000000e+03,1.091999999999999993e+01,1.199918841696450755e+01,-4.099426534911052578e+00,5.841748632868443813e+00,1.300149021474793276e+00,1.490214747932316897e-04,1.328964205247512298e-01,0.000000000000000000e+00
0.000000000000000000e+00,1.093000000000000000e+03,1.092999999999999972e+01,1.200000000000000000e+01,-4.098952605409915684e+00,5.842072917103179108e+00,1.299614564847443088e+00,-3.854351525569565950e-04,1.328964205247512298e-01,1.000000000000000000e+00
0.000000000000000000e+00,1.094000000000000000e+03,1.093999999999999950e+01,1.200000000000000000e+01,-4.091354282769262163e+00,5.847271939942864094e+00,1.299737954888281699e+00,-2.620451117183453249e-04,1.328964205247512298e-01,1.000000000000000000e+00
0.000000000000000000e+00,1.095000000000000000e+03,1.095000000000000107e+01,1.200000000000000000e+01,-4.091656559170380625e+00,5.847065317017147379e+00,1.300482714081194757e+00,4.827140811947128185e-04,1.328964205247512298e-01,1.000000000000000000e+00
0.000000000000000000e+00,1.096000000000000000e+03,1.096000000000000085e+01,1.199368321110781110e+01,-4.100268343211971533e+00,5.841172678974435151e+00,1.300453100896230563e+00,4.531008962305183019e-04,1.328964205247512298e-01,0.000000000000000000e+00
0.000000000000000000e+00,1.097000000000000000e+03,1.097000000000000064e+01,1.200000000000000000e+01,-4.094749177878593827e+00,5.844949036484498706e+00,1.299010092238423786e+00,-9.899077615762585935e-04,1.328964205247512298e-01,1.000000000000000000e+00
0.000000000000000000e+00,1.098000000000000000e+03,1.098000000000000043e+01,1.199917505059978140e+01,-4.099426244748788584e+00,5.841748846953913166e+00,1.300149994369649953e+00,1.499943696499084211e-04,1.328964205247512298e-01,0.000000000000000000e+00
0.000000000000000000e+00,1.099000000000000000e+03,1.099000000000000021e+01,1.200000000000000000e+01,-4.098931298134481871e+00,5.842087511399851607e+00,1.299613327015300523e+00,-3.866729846995209385e-04,1.328964205247512298e-01,1.000000000000000000e+00
0.000000000000000000e+00,1.100000000000000000e+03,1.100000000000000000e+01,1.200000000000000000e+01,-4.091353453236262538e+00,5.847272523980167946e+00,1.299740044440791831e+00,-2.599555592082136712e-04,1.328937137643469713e-01,1.000000000000000000e+00
0.000000000000000000e+00,1.101000000000000000e+03,1.100999999999999979e+01,1.200000000000000000e+01,-4.091648975087716522e+00,5.847070522718945895e+00,1.300482796124303730e+00,4.827961243036860139e-04,1.328937137643469713e-01,1.000000000000000000e+00
0.000000000000000000e+00,1.102000000000000000e+03,1.101999999999999957e+01,1.199368341109189728e+01,-4.100260804468990550e+00,5.841177853093293848e+00,1.300453844877916154e+00,4.538448779161097235e-04,1.328937137643469713e-01,0.000000000000000000e+00
0.000000000000000000e+00,1.103000000000000000e+03,1.102999999999999936e+01,1.200000000000000000e+01,-4.094739368031783400e+00,5.844955764663263942e+00,1.299010851195403937e+00,-9.891488045961072118e-04,1.328937137643469713e-01,1.000000000000000000e+00
0.000000000000000000e+00,1.104000000000000000e+03,1.104000000000000092e+01,1.199916197396670725e+01,-4.099425880611881290e+00,5.841749111464605626e+00,1.300150956603264074e+00,1.509566032640297095e-04,1.328937137643469713e-01,0.000000000000000000e+00
0.000000000000000000e+00,1.105000000000000000e+03,1.105000000000000071e+01,1.200000000000000000e+01,-4.098910376106703168e+00,5.842101841914805860e+00,1.299612123889430038e+00,-3.878761105700068157e-04,1.328937137643469713e-01,1.000000000000000000e+00
0.000000000000000000e+00,1.106000000000000000e+03,1.106000000000000050e+01,1.200000000000000000e+01,-4.091352644137985273e+00,5.847273093822207279e+00,1.299742096214993037e+00,-2.579037850070076132e-04,1.328937137643469713e-01,1.000000000000000000e+00
0.000000000000000000e+00,1.107000000000000000e+03,1.107000000000000028e+01,1.200000000000000000e+01,-4.091641424158879659e+00,5.847075705524915179e+00,1.300482876155104162e+00,4.828761551041171884e-04,1.328937137643469713e-01,1.000000000000000000e+00
0.000000000000000000e+00,1.108000000000000000e+03,1.108000000000000007e+01,1.199368358530290024e+01,-4.100253292161101015e+00,5.841183008918047648e+00,1.300454585600645974e+00,4.545856006459292331e-04,1.328937137643469713e-01,0.000000000000000000e+00
0.000000000000000000e+00,1.109000000000000000e+03,1.108999999999999986e+01,1.200000000000000000e+01,-4.094729584953864965e+00,5.844962474322743518e+00,1.299011605106425549e+00,-9.883948935744957254e-04,1.328937137643469713e-01,1.000000000000000000e+00
0.000000000000000000e+00,1.110000000000000000e+03,1.109999999999999964e+01,1.199914895800207226e+01,-4.099425476150038605e+00,5.841749403368012850e+00,1.300151916203388103e+00,1.519162033880583351e-04,1.328937137643469713e-01,0.000000000000000000e+00
0.000000000000000000e+00,1.111000000000000000e+03,1.110999999999999943e+01,1.200000000000000000e+01,-4.098889572891422972e+00,5.842116090941801509e+00,1.299610930457684610e+00,-3.890695423154344468e-04,1.328937137643469713e-01,1.000000000000000000e+00
0.000000000000000000e+00,1.112000000000000000e+03,1.112000000000000099e+01,1.200000000000000000e+01,-4.091351951605201265e+00,5.847273583703979760e+00,1.299744136330481137e+00,-2.558636695189075994e-04,1.328937137643469713e-01,1.000000000000000000e+00
0.000000000000000000e+00,1.113000000000000000e+03,1.113000000000000078e+01,1.200000000000000000e+01,-4.091633922899684528e+00,5.847080854147447049e+00,1.300482944753564407e+00,4.829447535643627276e-04,1.328937137643469713e-01,1.000000000000000000e+00
0.000000000000000000e+00,1.114000000000000000e+03,1.114000000000000057e+01,1.199368377149368214e+01,-4.100245820023162402e+00,5.841188137065396191e+00,1.300455321446492896e+00,4.553214464928512228e-04,1.328937137643469713e-01,0.000000000000000000e+00
0.000000000000000000e+00,1.115000000000000000e+03,1.115000000000000036e+01,1.200000000000000000e+01,-4.094719870437639742e+00,5.844969136880293625e+00,1.299012356205230700e+00,-9.876437947693439412e-04,1.328937137643469713e-01,1.000000000000000000e+00
0.000000000000000000e+00,1.116000000000000000e+03,1.116000000000000014e+01,1.199913611665643387e+01,-4.099425015769235792e+00,5.841749733349457685e+00,1.300152869074338913e+00,1.528690743388683160e-04,1.328937137643469713e-01,0.000000000000000000e+00
0.000000000000000000e+00,1.117000000000000000e+03,1.116999999999999993e+01,1.200000000000000000e+01,-4.098869018806708731e+00,5.842130169328854095e+00,1.299609759050976532e+00,-3.902409490235125844e-04,1.328937137643469713e-01,1.000000000000000000e+00
0.000000000000000000e+00,1.118000000000000000e+03,1.117999999999999972e+01,1.200000000000000000e+01,-4.091351331159540194e+00,5.847274024064857301e+00,1.299746152012282163e+00,-2.538479877178811961e-04,1.328937137643469713e-01,1.000000000000000000e+00
0.000000000000000000e+00,1.119000000000000000e+03,1.118999999999999950e+01,1.200000000000000000e+01,-4.091626469691737711e+00,5.847085969698744279e+00,1.300483006278700504e+00,4.830062787004596458e-04,1.328937137643469713e-01,1.000000000000000000e+00
0.000000000000000000e+00,1.120000000000000000e+03,1.120000000000000107e+01,1.199368394213675160e+01,-4.100238363153121846e+00,5.841193254577762950e+00,1.300456052574275434e+00,4.560525742753895884e-04,1.328984969216920609e-01,0.000000000000000000e+00
0.000000000000000000e+00,1.121000000000000000e+03,1.121000000000000085e+01,1.200000000000000000e+01,-4.094710174464315067e+00,5.844975786565452580e+00,1.299013104323597068e+00,-9.868956764029768181e-04,1.328984969216920609e-01,1.000000000000000000e+00
0.000000000000000000e+00,1.122000000000000000e+03,1.122000000000000064e+01,1.199912330295039986e+01,-4.099424512030428680e+00,5.841750092816275775e+00,1.300153820118942649e+00,1.538201189426047222e-04,1.328984969216920609e-01,0.000000000000000000e+00
0.000000000000000000e+00,1.123000000000000000e+03,1.123000000000000043e+01,1.200000000000000000e+01,-4.098848537515629609e+00,5.842144197732495492e+00,1.299608594505768489e+00,-3.914054942315559060e-04,1.328984969216920609e-01,1.000000000000000000e+00
0.000000000000000000e+00,1.124000000000000000e+03,1.124000000000000021e+01,1.200000000000000000e+01,-4.091350815978350930e+00,5.847274392217938654e+00,1.299748160547704368e+00,-2.518394522956768355e-04,1.328984969216920609e-01,1.000000000000000000e+00
0.000000000000000000e+00,1.125000000000000000e+03,1.125000000000000000e+01,1.200000000000000000e+01,-4.091619040516349948e+00,5.847091068626548704e+00,1.300483057479846716e+00,4.830574798466713560e-04,1.328984969216920609e-01,1.000000000000000000e+00
0.000000000000000000e+00,1.126000000000000000e+03,1.125999999999999979e+01,1.199368411519896860e+01,-4.100230970804950026e+00,5.841198327767366472e+00,1.300456781338433565e+00,4.567813384335206450e-04,1.328984969216920609e-01,0.000000000000000000e+00
0.000000000000000000e+00,1.127000000000000000e+03,1.126999999999999957e+01,1.200000000000000000e+01,-4.094700572198462396e+00,5.844982371958363565e+00,1.299013846335937972e+00,-9.861536640620727212e-04,1.328984969216920609e-01,1.000000000000000000e+00
0.000000000000000000e+00,1.128000000000000000e+03,1.127999999999999936e+01,1.199911074631442176e+01,-4.099423960925983934e+00,5.841750484525440434e+00,1.300154761970443440e+00,1.547619704433955690e-04,1.328984969216920609e-01,0.000000000000000000e+00
0.000000000000000000e+00,1.129000000000000000e+03,1.129000000000000092e+01,1.200000000000000000e+01,-4.098828410114903953e+00,5.842157983832580115e+00,1.299607458963400575e+00,-3.925410365994697059e-04,1.328984969216920609e-01,1.000000000000000000e+00
0.000000000000000000e+00,1.130000000000000000e+03,1.130000000000000071e+01,1.200000000000000000e+01,-4.091350356459762416e+00,5.847274722097065336e+00,1.299750134380234456e+00,-2.498656197655879652e-04,1.328984969216920609e-01,1.000000000000000000e+00
0.000000000000000000e+00,1.131000000000000000e+03,1.131000000000000050e+01,1.200000000000000000e+01,-4.091611683006776801e+00,5.847096118334604853e+00,1.300483103217640934e+00,4.831032176408900369e-04,1.328984969216920609e-01,1.000000000000000000e+00
0.000000000000000000e+00,1.132000000000000000e+03,1.132000000000000028e+01,1.199368433166151071e+01,-4.100223618020523375e+00,5.841203373709837443e+00,1.300457503070737486e+00,4.575030707374416750e-04,1.328984969216920609e-01,0.000000000000000000e+00
0.000000000000000000e+00,1.133000000000000000e+03,1.133000000000000007e+01,1.200000000000000000e+01,-4.094691057324915562e+00,5.844988897379934656e+00,1.299014588575653217e+00,-9.854114243468270473e-04,1.328984969216920609e-01,1.000000000000000000e+00
0.000000000000000000e+00,1.134000000000000000e+03,1.133999999999999986e+01,1.199909840435390329e+01,-4.099423344112700818e+00,5.841750921026855892e+00,1.300155695247843912e+00,1.556952478438677900e-04,1.328984969216920609e-01,0.000000000000000000e+00
0.000000000000000000e+00,1.135000000000000000e+03,1.134999999999999964e+01,1.200000000000000000e+01,-4.098808569198414631e+00,5.842171573749840086e+00,1.299606350203623251e+00,-3.936497963767937591e-04,1.328984969216920609e-01,1.000000000000000000e+00
0.000000000000000000e+00,1.136000000000000000e+03,1.135999999999999943e+01,1.200000000000000000e+01,-4.091349947775065665e+00,5.847275017010488796e+00,1.299752080118114161e+00,-2.479198818858829867e-04,1.328984969216920609e-01,1.000000000000000000e+00
0.000000000000000000e+00,1.137000000000000000e+03,1.137000000000000099e+01,1.200000000000000000e+01,-4.091604371986142574e+00,5.847101136052779147e+00,1.300483143965434518e+00,4.831439654344737988e-04,1.328984969216920609e-01,1.000000000000000000e+00
0.000000000000000000e+00,1.138000000000000000e+03,1.138000000000000078e+01,1.199368455679491063e+01,-4.100216304624107799e+00,5.841208392526588966e+00,1.300458220238714713e+00,4.582202387146683265e-04,1.328984969216920609e-01,0.000000000000000000e+00
0.000000000000000000e+00,1.139000000000000000e+03,1.139000000000000057e+01,1.200000000000000000e+01,-4.094681607274665680e+00,5.844995378273834419e+00,1.299015327766851691e+00,-9.846722331483537261e-04,1.328984969216920609e-01,1.000000000000000000e+00
0.000000000000000000e+00,1.140000000000000000e+03,1.140000000000000036e+01,1.199908623189712742e+01,-4.099422689005968401e+00,5.841751383562465705e+00,1.300156622163274101e+00,1.566221632740560921e-04,1.328964851586804663e-01,0.000000000000000000e+00
0.000000000000000000e+00,1.141000000000000000e+03,1.141000000000000014e+01,1.200000000000000000e+01,-4.098788975232813492e+00,5.842184994533782039e+00,1.299605261256920663e+00,-3.947387430793813934e-04,1.328964851586804663e-01,1.000000000000000000e+00
0.000000000000000000e+00,1.142000000000000000e+03,1.141999999999999993e+01,1.200000000000000000e+01,-4.091349610369563017e+00,5.847275262971580290e+00,1.299754001637019263e+00,-2.459983629807815930e-04,1.328964851586804663e-01,1.000000000000000000e+00
0.000000000000000000e+00,1.143000000000000000e+03,1.142999999999999972e+01,1.200000000000000000e+01,-4.091597118128724730e+00,5.847106114480885353e+00,1.300483177719829131e+00,4.831777198290865272e-04,1.328964851586804663e-01,1.000000000000000000e+00
0.000000000000000000e+00,1.144000000000000000e+03,1.143999999999999950e+01,1.199368481645315043e+01,-4.100209040816025663e+00,5.841213377242848281e+00,1.300458931796395490e+00,4.589317963954453461e-04,1.328964851586804663e-01,0.000000000000000000e+00
0.000000000000000000e+00,1.145000000000000000e+03,1.145000000000000107e+01,1.200000000000000000e+01,-4.094672251623634907e+00,5.845001794407115980e+00,1.299016065361029870e+00,-9.839346389701741913e-04,1.328964851586804663e-01,1.000000000000000000e+00
0.000000000000000000e+00,1.146000000000000000e+03,1.146000000000000085e+01,1.199907427642065372e+01,-4.099421955744579904e+00,5.841751899411172566e+00,1.300157539818128871e+00,1.575398181288267807e-04,1.328964851586804663e-01,0.000000000000000000e+00
0.000000000000000000e+00,1.147000000000000000e+03,1.147000000000000064e+01,1.200000000000000000e+01,-4.098769657963137192e+00,5.842198225837631043e+00,1.299604200531799592e+00,-3.957994682004528642e-04,1.328964851586804663e-01,1.000000000000000000e+00
0.000000000000000000e+00,1.148000000000000000e+03,1.148000000000000043e+01,1.200000000000000000e+01,-4.091349310539207806e+00,5.847275483045146771e+00,1.299755896021225210e+00,-2.441039787748344736e-04,1.328964851586804663e-01,1.000000000000000000e+00
0.000000000000000000e+00,1.149000000000000000e+03,1.149000000000000021e+01,1.200000000000000000e+01,-4.091589899362280569e+00,5.847111068723259919e+00,1.300483207783859729e+00,4.832077838596848807e-04,1.328964851586804663e-01,1.000000000000000000e+00
0.000000000000000000e+00,1.150000000000000000e+03,1.150000000000000000e+01,1.199368505876253721e+01,-4.100201805604816840e+00,5.841218342220994231e+00,1.300459639906943021e+00,4.596399069429768502e-04,1.328964851586804663e-01,0.000000000000000000e+00
0.000000000000000000e+00,1.151000000000000000e+03,1.150999999999999979e+01,1.200000000000000000e+01,-4.094662929910613869e+00,5.845008187149995038e+00,1.299016798497751424e+00,-9.832015022486206846e-04,1.328964851586804663e-01,1.000000000000000000e+00
0.000000000000000000e+00,1.152000000000000000e+03,1.151999999999999957e+01,1.199906240338738428e+01,-4.099421197615044754e+00,5.841752432110791204e+00,1.300158454138391040e+00,1.584541383909954249e-04,1.328964851586804663e-01,0.000000000000000000e+00
0.000000000000000000e+00,1.153000000000000000e+03,1.152999999999999936e+01,1.200000000000000000e+01,-4.098750485672377764e+00,5.842211357782717940e+00,1.299603150051266143e+00,-3.968499487339016696e-04,1.328964851586804663e-01,1.000000000000000000e+00
0.000000000000000000e+00,1.154000000000000000e+03,1.154000000000000092e+01,1.200000000000000000e+01,-4.091349102998933951e+00,5.847275639799709879e+00,1.299757776183432245e+00,-2.422238165677992328e-04,1.328964851586804663e-01,1.000000000000000000e+00
0.000000000000000000e+00,1.155000000000000000e+03,1.155000000000000071e+01,1.200000000000000000e+01,-4.091582727396815500e+00,5.847115990775159311e+00,1.300483228795875412e+00,4.832287958753678225e-04,1.328964851586804663e-01,1.000000000000000000e+00
0.000000000000000000e+00,1.156000000000000000e+03,1.156000000000000050e+01,1.199368531100074620e+01,-4.100194609200889850e+00,5.841223280483459845e+00,1.300460343423157861e+00,4.603434231578162894e-04,1.328964851586804663e-01,0.000000000000000000e+00
0.000000000000000000e+00,1.157000000000000000e+03,1.157000000000000028e+01,1.200000000000000000e+01,-4.094653672639503306e+00,5.845014535638585862e+00,1.299017528762729690e+00,-9.824712372703547913e-04,1.328964851586804663e-01,1.000000000000000000e+00
0.000000000000000000e+00,1.158000000000000000e+03,1.158000000000000007e+01,1.199905068390806484e+01,-4.099420394374662990e+00,5.841752995521154013e+00,1.300159362134694296e+00,1.593621346942519779e-04,1.328964851586804663e-01,0.000000000000000000e+00
0.000000000000000000e+00,1.159000000000000000e+03,1.158999999999999986e+01,1.200000000000000000e+01,-4.098731530937576473e+00,5.842224340719186060e+00,1.299602118540930551e+00,-3.978814590694934594e-04,1.328964851586804663e-01,1.000000000000000000e+00
0.000000000000000000e+00,1.160000000000000000e+03,1.159999999999999964e+01,1.200000000000000000e+01,-4.091348972541545059e+00,5.847275743644937407e+00,1.299759635009079872e+00,-2.403649909201721613e-04,1.328938439802436200e-01,1.000000000000000000e+00
0.000000000000000000e+00,1.161000000000000000e+03,1.160999999999999943e+01,1.200000000000000000e+01,-4.091575615123749898e+00,5.847120871820469468e+00,1.300483242246358140e+00,4.832422463580954286e-04,1.328938439802436200e-01,1.000000000000000000e+00
0.000000000000000000e+00,1.162000000000000000e+03,1.162000000000000099e+01,1.199368560538614226e+01,-4.100187465114988328e+00,5.841228182791754264e+00,1.300461041081893310e+00,4.610410818932653143e-04,1.328938439802436200e-01,0.000000000000000000e+00
0.000000000000000000e+00,1.163000000000000000e+03,1.163000000000000078e+01,1.200000000000000000e+01,-4.094644517728805333e+00,5.845020813932814363e+00,1.299018257886480621e+00,-9.817421135194237536e-04,1.328938439802436200e-01,1.000000000000000000e+00
0.000000000000000000e+00,1.164000000000000000e+03,1.164000000000000057e+01,1.199903921961689690e+01,-4.099419534750972538e+00,5.841753597362268735e+00,1.300160260090712505e+00,1.602600907124607232e-04,1.328938439802436200e-01,0.000000000000000000e+00
0.000000000000000000e+00,1.165000000000000000e+03,1.165000000000000036e+01,1.200000000000000000e+01,-4.098712909274469851e+00,5.842237095614900788e+00,1.299601116740231266e+00,-3.988832597687785864e-04,1.328938439802436200e-01,1.000000000000000000e+00
0.000000000000000000e+00,1.166000000000000000e+03,1.166000000000000014e+01,1.200000000000000000e+01,-4.091348846830266339e+00,5.847275844074826701e+00,1.299761461174141708e+00,-2.385388258583365229e-04,1.328938439802436200e-01,1.000000000000000000e+00
0.000000000000000000e+00,1.167000000000000000e+03,1.166999999999999993e+01,1.200000000000000000e+01,-4.091568532779401579e+00,5.847125732220788130e+00,1.300483255224059942e+00,4.832552240598975146e-04,1.328938439802436200e-01,1.000000000000000000e+00
0.000000000000000000e+00,1.168000000000000000e+03,1.167999999999999972e+01,1.199368587279594855e+01,-4.100180345731528675e+00,5.841233068034533460e+00,1.300461735799793406e+00,4.617357997933613234e-04,1.328938439802436200e-01,0.000000000000000000e+00
0.000000000000000000e+00,1.169000000000000000e+03,1.168999999999999950e+01,1.200000000000000000e+01,-4.094635385165358521e+00,5.845027076775383357e+00,1.299018982022182023e+00,-9.810179778180216914e-04,1.328938439802436200e-01,1.000000000000000000e+00
0.000000000000000000e+00,1.170000000000000000e+03,1.170000000000000107e+01,1.199902779301579336e+01,-4.099418647227501822e+00,5.841754218135534416e+00,1.300161155848638561e+00,1.611558486385167299e-04,1.328938439802436200e-01,0.000000000000000000e+00
0.000000000000000000e+00,1.171000000000000000e+03,1.171000000000000085e+01,1.200000000000000000e+01,-4.098694371268195802e+00,5.842249793117102463e+00,1.299600121239588235e+00,-3.998787604118092531e-04,1.328938439802436200e-01,1.000000000000000000e+00
0.000000000000000000e+00,1.172000000000000000e+03,1.172000000000000064e+01,1.200000000000000000e+01,-4.091348829769033912e+00,5.847275870003020515e+00,1.299763279129289684e+00,-2.367208707103607424e-04,1.328938439802436200e-01,1.000000000000000000e+00
0.000000000000000000e+00,1.173000000000000000e+03,1.173000000000000043e+01,1.200000000000000000e+01,-4.091561496819168475e+00,5.847130560727268112e+00,1.300483257547055072e+00,4.832575470550271035e-04,1.328938439802436200e-01,1.000000000000000000e+00
0.000000000000000000e+00,1.174000000000000000e+03,1.174000000000000021e+01,1.199368615037014685e+01,-4.100173264581459698e+00,5.841237926965466620e+00,1.300462425964730384e+00,4.624259647303397003e-04,1.328938439802436200e-01,0.000000000000000000e+00
0.000000000000000000e+00,1.175000000000000000e+03,1.175000000000000000e+01,1.200000000000000000e+01,-4.094626316037710545e+00,5.845033296063014916e+00,1.299019703365261735e+00,-9.802966347383090806e-04,1.328938439802436200e-01,1.000000000000000000e+00
0.000000000000000000e+00,1.176000000000000000e+03,1.175999999999999979e+01,1.199901651353174259e+01,-4.099417718143238965e+00,5.841754867201147228e+00,1.300162045381697329e+00,1.620453816972844407e-04,1.328938439802436200e-01,0.000000000000000000e+00
0.000000000000000000e+00,1.177000000000000000e+03,1.176999999999999957e+01,1.200000000000000000e+01,-4.098676040733343129e+00,5.842262348521146897e+00,1.299599143751494656e+00,-4.008562485053879243e-04,1.328938439802436200e-01,1.000000000000000000e+00
0.000000000000000000e+00,1.178000000000000000e+03,1.177999999999999936e+01,1.200000000000000000e+01,-4.091348872974901241e+00,5.847275854538838580e+00,1.299765076737182445e+00,-2.349232628175990101e-04,1.328938439802436200e-01,1.000000000000000000e+00
0.000000000000000000e+00,1.179000000000000000e+03,1.179000000000000092e+01,1.200000000000000000e+01,-4.091554505502097427e+00,5.847135358534266913e+00,1.300483253956928209e+00,4.832539569281646408e-04,1.328938439802436200e-01,1.000000000000000000e+00
0.000000000000000000e+00,1.180000000000000000e+03,1.180000000000000071e+01,1.199368641084717346e+01,-4.100166197171899007e+00,5.841242776345371368e+00,1.300463111747474310e+00,4.631117474742652007e-04,1.328985451568055753e-01,0.000000000000000000e+00
0.000000000000000000e+00,1.181000000000000000e+03,1.181000000000000050e+01,1.200000000000000000e+01,-4.094617261057286406e+00,5.845039505524011858e+00,1.299020421732630215e+00,-9.795782673698294474e-04,1.328985451568055753e-01,1.000000000000000000e+00
0.000000000000000000e+00,1.182000000000000000e+03,1.182000000000000028e+01,1.199900524022181081e+01,-4.099416757221446161e+00,5.841755537906577089e+00,1.300162933521053166e+00,1.629335210531213107e-04,1.328985451568055753e-01,0.000000000000000000e+00
0.000000000000000000e+00,1.183000000000000000e+03,1.183000000000000007e+01,1.200000000000000000e+01,-4.098657750589643101e+00,5.842274876148541018e+00,1.299598169962758565e+00,-4.018300372414795874e-04,1.328985451568055753e-01,1.000000000000000000e+00
0.000000000000000000e+00,1.184000000000000000e+03,1.183999999999999986e+01,1.200000000000000000e+01,-4.091349016092343582e+00,5.847275770567901709e+00,1.299766870377324413e+00,-2.331296226756318646e-04,1.328985451568055753e-01,1.000000000000000000e+00
0.000000000000000000e+00,1.185000000000000000e+03,1.184999999999999964e+01,1.200000000000000000e+01,-4.091547535435609895e+00,5.847140141658869972e+00,1.300483240569151100e+00,4.832405691510555101e-04,1.328985451568055753e-01,1.000000000000000000e+00
0.000000000000000000e+00,1.186000000000000000e+03,1.185999999999999943e+01,1.199368667245885689e+01,-4.100159191750149645e+00,5.841247583173020175e+00,1.300463795440952586e+00,4.637954409525413269e-04,1.328985451568055753e-01,0.000000000000000000e+00
0.000000000000000000e+00,1.187000000000000000e+03,1.187000000000000099e+01,1.200000000000000000e+01,-4.094608294369273871e+00,5.845045654433833171e+00,1.299021134122353427e+00,-9.788658776466174771e-04,1.328985451568055753e-01,1.000000000000000000e+00
0.000000000000000000e+00,1.188000000000000000e+03,1.188000000000000078e+01,1.199899419456643734e+01,-4.099415763657178857e+00,5.841756230815192019e+00,1.300163812999779900e+00,1.638129997798554172e-04,1.328985451568055753e-01,0.000000000000000000e+00
0.000000000000000000e+00,1.189000000000000000e+03,1.189000000000000057e+01,1.200000000000000000e+01,-4.098639770106849767e+00,5.842287191769112376e+00,1.299597220947072751e+00,-4.027790529272934350e-04,1.328985451568055753e-01,1.000000000000000000e+00
0.000000000000000000e+00,1.190000000000000000e+03,1.190000000000000036e+01,1.200000000000000000e+01,-4.091349199110489998e+00,5.847275659145431348e+00,1.299768633652870209e+00,-2.313663471298355034e-04,1.328985451568055753e-01,1.000000000000000000e+00
0.000000000000000000e+00,1.191000000000000000e+03,1.191000000000000014e+01,1.200000000000000000e+01,-4.091540633104141733e+00,5.847144878289828540e+00,1.300483223264354393e+00,4.832232643543488138e-04,1.328985451568055753e-01,1.000000000000000000e+00
0.000000000000000000e+00,1.192000000000000000e+03,1.191999999999999993e+01,1.199368697450056054e+01,-4.100152224137645796e+00,5.841252363989576146e+00,1.300464472489561096e+00,4.644724895610519155e-04,1.328985451568055753e-01,0.000000000000000000e+00
0.000000000000000000e+00,1.193000000000000000e+03,1.192999999999999972e+01,1.200000000000000000e+01,-4.094599409423970826e+00,5.845051747272784759e+00,1.299021846631515320e+00,-9.781533684847243393e-04,1.328985451568055753e-01,1.000000000000000000e+00
0.000000000000000000e+00,1.194000000000000000e+03,1.193999999999999950e+01,1.199898333500555481e+01,-4.099414718989883077e+00,5.841756958556155510e+00,1.300164684459861331e+00,1.646844598612862143e-04,1.328985451568055753e-01,0.000000000000000000e+00
0.000000000000000000e+00,1.195000000000000000e+03,1.195000000000000107e+01,1.200000000000000000e+01,-4.098622033922017849e+00,5.842299340104633920e+00,1.299596294574772770e+00,-4.037054252272742616e-04,1.328985451568055753e-01,1.000000000000000000e+00
0.000000000000000000e+00,1.196000000000000000e+03,1.196000000000000085e+01,1.200000000000000000e+01,-4.091349420829859085e+00,5.847275521095149919e+00,1.299770372971545740e+00,-2.296270284543044937e-04,1.328985451568055753e-01,1.000000000000000000e+00
0.000000000000000000e+00,1.197000000000000000e+03,1.197000000000000064e+01,1.200000000000000000e+01,-4.091533773880414948e+00,5.847149585279812989e+00,1.300483202160212848e+00,4.832021602128033777e-04,1.328985451568055753e-01,1.000000000000000000e+00
0.000000000000000000e+00,1.198000000000000000e+03,1.198000000000000043e+01,1.199368728325976008e+01,-4.100145293980148153e+00,5.841257119037508438e+00,1.300465145306811898e+00,4.651453068118538425e-04,1.328985451568055753e-01,0.000000000000000000e+00
0.000000000000000000e+00,1.199000000000000000e+03,1.199000000000000021e+01,1.200000000000000000e+01,-4.094590584193143812e+00,5.845057799113480890e+00,1.299022556098051284e+00,-9.774439019487601854e-04,1.328985451568055753e-01,1.000000000000000000e+00
0.000000000000000000e+00,1.200000000000000000e+03,1.200000000000000000e+01,1.199897261955086769e+01,-4.099413648823669654e+00,5.841757703609742336e+00,1.300165550060356612e+00,1.655500603565673856e-04,1.328965454805366431e-01,0.000000000000000000e+00
0.000000000000000000e+00,1.201000000000000000e+03,1.200999999999999979e+01,1.200000000000000000e+01,-4.098604507133488895e+00,5.842311345034516989e+00,1.299595384355549221e+00,-4.046156444508230976e-04,1.328965454805366431e-01,1.000000000000000000e+00
0.000000000000000000e+00,1.202000000000000000e+03,1.201999999999999957e+01,1.200000000000000000e+01,-4.091349702340960626e+00,5.847275341987558051e+00,1.299772091754925363e+00,-2.279082450746816590e-04,1.328965454805366431e-01,1.000000000000000000e+00
0.000000000000000000e+00,1.203000000000000000e+03,1.203000000000000114e+01,1.200000000000000000e+01,-4.091526968413005783e+00,5.847154255344841012e+00,1.300483175189979024e+00,4.831751899789793470e-04,1.328965454805366431e-01,1.000000000000000000e+00
0.000000000000000000e+00,1.204000000000000000e+03,1.204000000000000092e+01,1.199368762437138258e+01,-4.100138411505666269e+00,5.841261841321736981e+00,1.300465812849283420e+00,4.658128492833757406e-04,1.328965454805366431e-01,0.000000000000000000e+00
0.000000000000000000e+00,1.205000000000000000e+03,1.205000000000000071e+01,1.200000000000000000e+01,-4.094581848127644363e+00,5.845063789807199761e+00,1.299023263949994789e+00,-9.767360500052557626e-04,1.328965454805366431e-01,1.000000000000000000e+00
0.000000000000000000e+00,1.206000000000000000e+03,1.206000000000000050e+01,1.199896209403279634e+01,-4.099412514530255791e+00,5.841758492409947046e+00,1.300166406914781581e+00,1.664069147815361305e-04,1.328965454805366431e-01,0.000000000000000000e+00
0.000000000000000000e+00,1.207000000000000000e+03,1.207000000000000028e+01,1.200000000000000000e+01,-4.098587217141093753e+00,5.842323187815379626e+00,1.299594498420992394e+00,-4.055015790076499371e-04,1.328965454805366431e-01,1.000000000000000000e+00
0.000000000000000000e+00,1.208000000000000000e+03,1.208000000000000007e+01,1.200000000000000000e+01,-4.091350009895378115e+00,5.847275144916797451e+00,1.299773787317154206e+00,-2.262126828458388417e-04,1.328965454805366431e-01,1.000000000000000000e+00
0.000000000000000000e+00,1.209000000000000000e+03,1.208999999999999986e+01,1.200000000000000000e+01,-4.091520194770097874e+00,5.847158903492208459e+00,1.300483145661030626e+00,4.831456610305817634e-04,1.328965454805366431e-01,1.000000000000000000e+00
0.000000000000000000e+00,1.210000000000000000e+03,1.209999999999999964e+01,1.199368794649548242e+01,-4.100131555687076990e+00,5.841266545228135598e+00,1.300466477266254639e+00,4.664772662545946247e-04,1.328965454805366431e-01,0.000000000000000000e+00
0.000000000000000000e+00,1.211000000000000000e+03,1.210999999999999943e+01,1.200000000000000000e+01,-4.094573141167630048e+00,5.845069760448676099e+00,1.299023967380920297e+00,-9.760326190797474766e-04,1.328965454805366431e-01,1.000000000000000000e+00
0.000000000000000000e+00,1.212000000000000000e+03,1.212000000000000099e+01,1.199895162910969049e+01,-4.099411366031018744e+00,5.841759290796276538e+00,1.300167260909830258e+00,1.672609098302135777e-04,1.328965454805366431e-01,0.000000000000000000e+00
0.000000000000000000e+00,1.213000000000000000e+03,1.213000000000000078e+01,1.200000000000000000e+01,-4.098570040297200734e+00,5.842334953046499635e+00,1.299593619616336237e+00,-4.063803836638069100e-04,1.328965454805366431e-01,1.000000000000000000e+00
0.000000000000000000e+00,1.214000000000000000e+03,1.214000000000000057e+01,1.200000000000000000e+01,-4.091350402162251321e+00,5.847274889744126902e+00,1.299775471779642588e+00,-2.245282203574561208e-04,1.328965454805366431e-01,1.000000000000000000e+00
0.000000000000000000e+00,1.215000000000000000e+03,1.215000000000000036e+01,1.200000000000000000e+01,-4.091513464725356819e+00,5.847163521672015918e+00,1.300483107824116580e+00,4.831078241165354115e-04,1.328965454805366431e-01,1.000000000000000000e+00
0.000000000000000000e+00,1.216000000000000000e+03,1.216000000000000014e+01,1.199368827680972771e+01,-4.100124736766119327e+00,5.841271223756131725e+00,1.300467137404246687e+00,4.671374042466425180e-04,1.328965454805366431e-01,0.000000000000000000e+00
0.000000000000000000e+00,1.217000000000000000e+03,1.216999999999999993e+01,1.200000000000000000e+01,-4.094564493767130386e+00,5.845075690206598118e+00,1.299024667963941226e+00,-9.753320360588180193e-04,1.328965454805366431e-01,1.000000000000000000e+00
0.000000000000000000e+00,1.218000000000000000e+03,1.217999999999999972e+01,1.199894129419106648e+01,-4.099410184232970877e+00,5.841760111840380354e+00,1.300168109060880095e+00,1.681090608800506203e-04,1.328965454805366431e-01,0.000000000000000000e+00
0.000000000000000000e+00,1.219000000000000000e+03,1.218999999999999950e+01,1.200000000000000000e+01,-4.098553046563014668e+00,5.842346592866334731e+00,1.299592756393211035e+00,-4.072436067890095046e-04,1.328965454805366431e-01,1.000000000000000000e+00
0.000000000000000000e+00,1.220000000000000000e+03,1.220000000000000107e+01,1.200000000000000000e+01,-4.091350861335224742e+00,5.847274588656497407e+00,1.299777138284287314e+00,-2.228617157127299464e-04,1.328939603823522386e-01,1.000000000000000000e+00
0.000000000000000000e+00,1.221000000000000000e+03,1.221000000000000085e+01,1.200000000000000000e+01,-4.091506790814828598e+00,5.847168101310117549e+00,1.300483063424396679e+00,4.830634243966347441e-04,1.328939603823522386e-01,1.000000000000000000e+00
0.000000000000000000e+00,1.222000000000000000e+03,1.222000000000000064e+01,1.199368864661082590e+01,-4.100117968062294338e+00,5.841275867796873911e+00,1.300467792034905035e+00,4.677920349049902171e-04,1.328939603823522386e-01,0.000000000000000000e+00
0.000000000000000000e+00,1.223000000000000000e+03,1.223000000000000043e+01,1.200000000000000000e+01,-4.094555942980984575e+00,5.845081553730640422e+00,1.299025367360853167e+00,-9.746326391468773664e-04,1.328939603823522386e-01,1.000000000000000000e+00
0.000000000000000000e+00,1.224000000000000000e+03,1.224000000000000021e+01,1.199893118669884373e+01,-4.099408959503492156e+00,5.841760962139018076e+00,1.300168947736280334e+00,1.689477362802893623e-04,1.328939603823522386e-01,0.000000000000000000e+00
0.000000000000000000e+00,1.225000000000000000e+03,1.225000000000000000e+01,1.200000000000000000e+01,-4.098536345883356802e+00,5.842358032053262207e+00,1.299591918930961487e+00,-4.080810690385572315e-04,1.328939603823522386e-01,1.000000000000000000e+00
0.000000000000000000e+00,1.226000000000000000e+03,1.225999999999999979e+01,1.200000000000000000e+01,-4.091351312349367220e+00,5.847274293014021573e+00,1.299778776053211793e+00,-2.212239467882515243e-04,1.328939603823522386e-01,1.000000000000000000e+00
0.000000000000000000e+00,1.227000000000000000e+03,1.226999999999999957e+01,1.200000000000000000e+01,-4.091500143808135981e+00,5.847172662402678966e+00,1.300483019817944896e+00,4.830198179448519369e-04,1.328939603823522386e-01,1.000000000000000000e+00
0.000000000000000000e+00,1.228000000000000000e+03,1.228000000000000114e+01,1.199368898838292274e+01,-4.100111222335281802e+00,5.841280495981818532e+00,1.300468444022545356e+00,4.684440225453112561e-04,1.328939603823522386e-01,0.000000000000000000e+00
0.000000000000000000e+00,1.229000000000000000e+03,1.229000000000000092e+01,1.200000000000000000e+01,-4.094547410438655888e+00,5.845087404639164319e+00,1.299026061840403257e+00,-9.739381595967877558e-04,1.328939603823522386e-01,1.000000000000000000e+00
0.000000000000000000e+00,1.230000000000000000e+03,1.230000000000000071e+01,1.199892109880242685e+01,-4.099407716087809739e+00,5.841761825093263916e+00,1.300169784617121627e+00,1.697846171215822153e-04,1.328939603823522386e-01,0.000000000000000000e+00
0.000000000000000000e+00,1.231000000000000000e+03,1.231000000000000050e+01,1.200000000000000000e+01,-4.098519702492692041e+00,5.842369431915136246e+00,1.299591085151770464e+00,-4.089148482295801301e-04,1.328939603823522386e-01,1.000000000000000000e+00
0.000000000000000000e+00,1.232000000000000000e+03,1.232000000000000028e+01,1.200000000000000000e+01,-4.091351866486161448e+00,5.847273926680658818e+00,1.299780408198792259e+00,-2.195918012077857639e-04,1.328939603823522386e-01,1.000000000000000000e+00
0.000000000000000000e+00,1.233000000000000000e+03,1.233000000000000007e+01,1.200000000000000000e+01,-4.091493540076230673e+00,5.847177193757008062e+00,1.300482966099748339e+00,4.829660997482942975e-04,1.328939603823522386e-01,1.000000000000000000e+00
0.000000000000000000e+00,1.234000000000000000e+03,1.233999999999999986e+01,1.199368933868802678e+01,-4.100104512947917890e+00,5.841285099178041840e+00,1.300469091763266860e+00,4.690917632668156756e-04,1.328939603823522386e-01,0.000000000000000000e+00
0.000000000000000000e+00,1.235000000000000000e+03,1.234999999999999964e+01,1.200000000000000000e+01,-4.094538936598242529e+00,5.845093215258669872e+00,1.299026753559655578e+00,-9.732464403444662793e-04,1.328939603823522386e-01,1.000000000000000000e+00
0.000000000000000000e+00,1.236000000000000000e+03,1.235999999999999943e+01,1.199891113599871773e+01,-4.099406441994299044e+00,5.841762708919470803e+00,1.300170615738388324e+00,1.706157383882800360e-04,1.328939603823522386e-01,0.000000000000000000e+00
0.000000000000000000e+00,1.237000000000000000e+03,1.237000000000000099e+01,1.200000000000000000e+01,-4.098503234722503663e+00,5.842380711497370704e+00,1.299590266231936742e+00,-4.097337680633028612e-04,1.328939603823522386e-01,1.000000000000000000e+00
0.000000000000000000e+00,1.238000000000000000e+03,1.238000000000000078e+01,1.200000000000000000e+01,-4.091352471560544934e+00,5.847273525366325941e+00,1.299782023121180075e+00,-2.179768788199698548e-04,1.328939603823522386e-01,1.000000000000000000e+00
0.000000000000000000e+00,1.239000000000000000e+03,1.239000000000000057e+01,1.200000000000000000e+01,-4.091486977788618695e+00,5.847181696627765213e+00,1.300482907383990749e+00,4.829073839907049859e-04,1.328939603823522386e-01,1.000000000000000000e+00
0.000000000000000000e+00,1.240000000000000000e+03,1.240000000000000036e+01,1.199368967052281398e+01,-4.100097815759012221e+00,5.841289693904809788e+00,1.300469735436546426e+00,4.697354365463812798e-04,1.328985903990870521e-01,0.000000000000000000e+00
0.000000000000000000e+00,1.241000000000000000e+03,1.241000000000000014e+01,1.200000000000000000e+01,-4.094530472817670130e+00,5.845099018874213570e+00,1.299027442325411119e+00,-9.725576745889252805e-04,1.328985903990870521e-01,1.000000000000000000e+00
0.000000000000000000e+00,1.242000000000000000e+03,1.241999999999999993e+01,1.199890116243309635e+01,-4.099405144601369066e+00,5.841763608568706800e+00,1.300171445867831732e+00,1.714458678316876927e-04,1.328985903990870521e-01,0.000000000000000000e+00
0.000000000000000000e+00,1.243000000000000000e+03,1.242999999999999972e+01,1.200000000000000000e+01,-4.098486782951775709e+00,5.842391980016945929e+00,1.299589448570324102e+00,-4.105514296759427140e-04,1.328985903990870521e-01,1.000000000000000000e+00
0.000000000000000000e+00,1.244000000000000000e+03,1.243999999999999950e+01,1.200000000000000000e+01,-4.091353173374717933e+00,5.847273057741711355e+00,1.299783636468493597e+00,-2.163635315064471598e-04,1.328985903990870521e-01,1.000000000000000000e+00
0.000000000000000000e+00,1.245000000000000000e+03,1.245000000000000107e+01,1.200000000000000000e+01,-4.091480434091216090e+00,5.847186186662138851e+00,1.300482839182581118e+00,4.828391825810740556e-04,1.328985903990870521e-01,1.000000000000000000e+00
0.000000000000000000e+00,1.246000000000000000e+03,1.246000000000000085e+01,1.199369000234485583e+01,-4.100091178141481940e+00,5.841294247757731206e+00,1.300470377282497481e+00,4.703772824974361555e-04,1.328985903990870521e-01,0.000000000000000000e+00
0.000000000000000000e+00,1.247000000000000000e+03,1.247000000000000064e+01,1.200000000000000000e+01,-4.094522092351973619e+00,5.845104765368923871e+00,1.299028125242863485e+00,-9.718747571365593529e-04,1.328985903990870521e-01,1.000000000000000000e+00
0.000000000000000000e+00,1.248000000000000000e+03,1.248000000000000043e+01,1.199889139275682837e+01,-4.099403825829944559e+00,5.841764522737762810e+00,1.300172267825733918e+00,1.722678257338738916e-04,1.328985903990870521e-01,0.000000000000000000e+00
0.000000000000000000e+00,1.249000000000000000e+03,1.249000000000000021e+01,1.200000000000000000e+01,-4.098470606593943799e+00,5.842403059986064129e+00,1.299588652326085558e+00,-4.113476739144861227e-04,1.328985903990870521e-01,1.000000000000000000e+00
0.000000000000000000e+00,1.250000000000000000e+03,1.250000000000000000e+01,1.200000000000000000e+01,-4.091353901806361826e+00,5.847272571780359307e+00,1.299785222810235119e+00,-2.147771897649253248e-04,1.328985903990870521e-01,1.000000000000000000e+00
0.000000000000000000e+00,1.251000000000000000e+03,1.250999999999999979e+01,1.200000000000000000e+01,-4.091473954476146702e+00,5.847190632727351733e+00,1.300482768367074549e+00,4.827683670745042122e-04,1.328985903990870521e-01,1.000000000000000000e+00
0.000000000000000000e+00,1.252000000000000000e+03,1.251999999999999957e+01,1.199369037198935573e+01,-4.100084576595340202e+00,5.841298776813141913e+00,1.300471012842736585e+00,4.710128427365400938e-04,1.328985903990870521e-01,0.000000000000000000e+00
0.000000000000000000e+00,1.253000000000000000e+03,1.253000000000000114e+01,1.200000000000000000e+01,-4.094513788455038217e+00,5.845110459356957833e+00,1.299028808204084173e+00,-9.711917959158711255e-04,1.328985903990870521e-01,1.000000000000000000e+00
0.000000000000000000e+00,1.254000000000000000e+03,1.254000000000000092e+01,1.199888178609803191e+01,-4.099402467149379170e+00,5.841765464103249705e+00,1.300173082273246461e+00,1.730822732464165625e-04,1.328985903990870521e-01,0.000000000000000000e+00
0.000000000000000000e+00,1.255000000000000000e+03,1.255000000000000071e+01,1.200000000000000000e+01,-4.098454641879716753e+00,5.842413995035624197e+00,1.299587875441672979e+00,-4.121245583270649604e-04,1.328985903990870521e-01,1.000000000000000000e+00
0.000000000000000000e+00,1.256000000000000000e+03,1.256000000000000050e+01,1.200000000000000000e+01,-4.091354659107270919e+00,5.847272065943787567e+00,1.299786788397848447e+00,-2.132116021515972903e-04,1.328985903990870521e-01,1.000000000000000000e+00
0.000000000000000000e+00,1.257000000000000000e+03,1.257000000000000028e+01,1.200000000000000000e+01,-4.091467514805289696e+00,5.847195051340771776e+00,1.300482694716871945e+00,4.826947168719009085e-04,1.328985903990870521e-01,1.000000000000000000e+00
0.000000000000000000e+00,1.258000000000000000e+03,1.258000000000000007e+01,1.199369074664573809e+01,-4.100078010609698786e+00,5.841303281420135995e+00,1.300471644482792399e+00,4.716444827923549354e-04,1.328985903990870521e-01,0.000000000000000000e+00
0.000000000000000000e+00,1.259000000000000000e+03,1.258999999999999986e+01,1.200000000000000000e+01,-4.094505539576122288e+00,5.845116115583683047e+00,1.299029488147857458e+00,-9.705118521425859512e-04,1.328985903990870521e-01,1.000000000000000000e+00
0.000000000000000000e+00,1.260000000000000000e+03,1.259999999999999964e+01,1.199887230310926789e+01,-4.099401092680739822e+00,5.841766416159678066e+00,1.300173891322632613e+00,1.738913226325689010e-04,1.328966018326122323e-01,0.000000000000000000e+00
0.000000000000000000e+00,1.261000000000000000e+03,1.260999999999999943e+01,1.200000000000000000e+01,-4.098438857549742131e+00,5.842424806552387828e+00,1.299587111822380514e+00,-4.128881776195303388e-04,1.328966018326122323e-01,1.000000000000000000e+00
0.000000000000000000e+00,1.262000000000000000e+03,1.262000000000000099e+01,1.200000000000000000e+01,-4.091355466868378699e+00,5.847271525459261987e+00,1.299788336295743640e+00,-2.116637042564040172e-04,1.328966018326122323e-01,1.000000000000000000e+00
0.000000000000000000e+00,1.263000000000000000e+03,1.263000000000000078e+01,1.200000000000000000e+01,-4.091461125691263412e+00,5.847199435242195875e+00,1.300482616116163781e+00,4.826161161637365637e-04,1.328966018326122323e-01,1.000000000000000000e+00
0.000000000000000000e+00,1.264000000000000000e+03,1.264000000000000057e+01,1.199369115173290190e+01,-4.100071490436336674e+00,5.841307754566549271e+00,1.300472271162740334e+00,4.722711627402897960e-04,1.328966018326122323e-01,0.000000000000000000e+00
0.000000000000000000e+00,1.265000000000000000e+03,1.265000000000000036e+01,1.200000000000000000e+01,-4.094497375039113152e+00,5.845121713986437761e+00,1.299030166479308246e+00,-9.698335206917985118e-04,1.328966018326122323e-01,1.000000000000000000e+00
0.000000000000000000e+00,1.266000000000000000e+03,1.266000000000000014e+01,1.199886298810923790e+01,-4.099399664916232311e+00,5.841767404573592337e+00,1.300174692099853591e+00,1.746920998535461678e-04,1.328966018326122323e-01,0.000000000000000000e+00
0.000000000000000000e+00,1.267000000000000000e+03,1.266999999999999993e+01,1.200000000000000000e+01,-4.098423278924265389e+00,5.842435477215128792e+00,1.299586369346687142e+00,-4.136306533129019414e-04,1.328966018326122323e-01,1.000000000000000000e+00
0.000000000000000000e+00,1.268000000000000000e+03,1.267999999999999972e+01,1.200000000000000000e+01,-4.091356291294304448e+00,5.847270973452512344e+00,1.299789864021910546e+00,-2.101359780894984652e-04,1.328966018326122323e-01,1.000000000000000000e+00
0.000000000000000000e+00,1.269000000000000000e+03,1.268999999999999950e+01,1.200000000000000000e+01,-4.091454765351360656e+00,5.847203799336404551e+00,1.300482535876862356e+00,4.825358768623111416e-04,1.328966018326122323e-01,1.000000000000000000e+00
0.000000000000000000e+00,1.270000000000000000e+03,1.270000000000000107e+01,1.199369153642552099e+01,-4.100064995017937086e+00,5.841312210658465176e+00,1.300472895017241948e+00,4.728950172419033038e-04,1.328966018326122323e-01,0.000000000000000000e+00
0.000000000000000000e+00,1.271000000000000000e+03,1.271000000000000085e+01,1.200000000000000000e+01,-4.094489235167086072e+00,5.845127295397539058e+00,1.299030840443813783e+00,-9.691595561862609287e-04,1.328966018326122323e-01,1.000000000000000000e+00
0.000000000000000000e+00,1.272000000000000000e+03,1.272000000000000064e+01,1.199885371622645813e+01,-4.099398230912938423e+00,5.841768397143931146e+00,1.300175490453990168e+00,1.754904539901236404e-04,1.328966018326122323e-01,0.000000000000000000e+00
0.000000000000000000e+00,1.273000000000000000e+03,1.273000000000000043e+01,1.200000000000000000e+01,-4.098407788937335816e+00,5.842446087119416376e+00,1.299585631564205812e+00,-4.143684357942323260e-04,1.328966018326122323e-01,1.000000000000000000e+00
0.000000000000000000e+00,1.274000000000000000e+03,1.274000000000000021e+01,1.200000000000000000e+01,-4.091357194788461271e+00,5.847270367228588839e+00,1.299791383052456784e+00,-2.086169475432608778e-04,1.328966018326122323e-01,1.000000000000000000e+00
0.000000000000000000e+00,1.275000000000000000e+03,1.275000000000000000e+01,1.200000000000000000e+01,-4.091448445587988481e+00,5.847208135552782515e+00,1.300482447883768433e+00,4.824478837683887633e-04,1.328966018326122323e-01,1.000000000000000000e+00
0.000000000000000000e+00,1.276000000000000000e+03,1.275999999999999979e+01,1.199369192776890181e+01,-4.100058534624432482e+00,5.841316642674986959e+00,1.300473514889925575e+00,4.735148899255303689e-04,1.328966018326122323e-01,0.000000000000000000e+00
0.000000000000000000e+00,1.277000000000000000e+03,1.276999999999999957e+01,1.200000000000000000e+01,-4.094481150341659159e+00,5.845132839034195449e+00,1.299031511599137545e+00,-9.684884008624994323e-04,1.328966018326122323e-01,1.000000000000000000e+00
0.000000000000000000e+00,1.278000000000000000e+03,1.278000000000000114e+01,1.199884455528152571e+01,-4.099396772626394458e+00,5.841769406223914274e+00,1.300176283407503686e+00,1.762834075036412429e-04,1.328966018326122323e-01,0.000000000000000000e+00
0.000000000000000000e+00,1.279000000000000000e+03,1.279000000000000092e+01,1.200000000000000000e+01,-4.098392455215388530e+00,5.842456590000212557e+00,1.299584906673122653e+00,-4.150933268773915330e-04,1.328966018326122323e-01,1.000000000000000000e+00
0.000000000000000000e+00,1.280000000000000000e+03,1.280000000000000071e+01,1.200000000000000000e+01,-4.091358157012030539e+00,5.847269720706551155e+00,1.299792886758127430e+00,-2.071132418726140401e-04,1.328940651647144977e-01,1.000000000000000000e+00
0.000000000000000000e+00,1.281000000000000000e+03,1.281000000000000050e+01,1.200000000000000000e+01,-4.091442178634729920e+00,5.847212435523407414e+00,1.300482354130176654e+00,4.823541301766098854e-04,1.328940651647144977e-01,1.000000000000000000e+00
0.000000000000000000e+00,1.282000000000000000e+03,1.282000000000000028e+01,1.199369235626922503e+01,-4.100052122411023348e+00,5.841321041618924070e+00,1.300474129582034566e+00,4.741295820345214906e-04,1.328940651647144977e-01,0.000000000000000000e+00
0.000000000000000000e+00,1.283000000000000000e+03,1.283000000000000007e+01,1.200000000000000000e+01,-4.094473156876806463e+00,5.845138320052258862e+00,1.299032181548143150e+00,-9.678184518568944128e-04,1.328940651647144977e-01,1.000000000000000000e+00
0.000000000000000000e+00,1.284000000000000000e+03,1.283999999999999986e+01,1.199883559909511810e+01,-4.099395281819708359e+00,5.841770437454523623e+00,1.300177067401312225e+00,1.770674013121809054e-04,1.328940651647144977e-01,0.000000000000000000e+00
0.000000000000000000e+00,1.285000000000000000e+03,1.284999999999999964e+01,1.200000000000000000e+01,-4.098377383032802079e+00,5.842466913830718589e+00,1.299584204374720109e+00,-4.157956252799355212e-04,1.328940651647144977e-01,1.000000000000000000e+00
0.000000000000000000e+00,1.286000000000000000e+03,1.285999999999999943e+01,1.200000000000000000e+01,-4.091359100119097647e+00,5.847269087149113531e+00,1.299794364818916748e+00,-2.056351810832968141e-04,1.328940651647144977e-01,1.000000000000000000e+00
0.000000000000000000e+00,1.287000000000000000e+03,1.287000000000000099e+01,1.200000000000000000e+01,-4.091435935756577713e+00,5.847216718905300148e+00,1.300482262244668341e+00,4.822622446682967023e-04,1.328940651647144977e-01,1.000000000000000000e+00
0.000000000000000000e+00,1.288000000000000000e+03,1.288000000000000078e+01,1.199369275585109662e+01,-4.100045731457741205e+00,5.841325425902419433e+00,1.300474741909363630e+00,4.747419093635851794e-04,1.328940651647144977e-01,0.000000000000000000e+00
0.000000000000000000e+00,1.289000000000000000e+03,1.289000000000000057e+01,1.200000000000000000e+01,-4.094465177848496396e+00,5.845143791080241513e+00,1.299032846664770036e+00,-9.671533352300087927e-04,1.328940651647144977e-01,1.000000000000000000e+00
0.000000000000000000e+00,1.290000000000000000e+03,1.290000000000000036e+01,1.199882664804459331e+01,-4.099393779203758470e+00,5.841771476655130080e+00,1.300177849974728961e+00,1.778499747289163935e-04,1.328940651647144977e-01,0.000000000000000000e+00
0.000000000000000000e+00,1.291000000000000000e+03,1.291000000000000014e+01,1.200000000000000000e+01,-4.098362347805008632e+00,5.842477212268587294e+00,1.299583503715491251e+00,-4.164962845087938348e-04,1.328940651647144977e-01,1.000000000000000000e+00
0.000000000000000000e+00,1.292000000000000000e+03,1.291999999999999993e+01,1.200000000000000000e+01,-4.091360142538151834e+00,5.847268385528814783e+00,1.299795839250958762e+00,-2.041607490412822301e-04,1.328940651647144977e-01,1.000000000000000000e+00
0.000000000000000000e+00,1.293000000000000000e+03,1.292999999999999972e+01,1.200000000000000000e+01,-4.091429733208578057e+00,5.847220974583946962e+00,1.300482160621796002e+00,4.821606217959573115e-04,1.328940651647144977e-01,1.000000000000000000e+00
0.000000000000000000e+00,1.294000000000000000e+03,1.293999999999999950e+01,1.199369316251214634e+01,-4.100039374986464757e+00,5.841329786487865050e+00,1.300475350279285625e+00,4.753502792855801573e-04,1.328940651647144977e-01,0.000000000000000000e+00
0.000000000000000000e+00,1.295000000000000000e+03,1.295000000000000107e+01,1.200000000000000000e+01,-4.094457253133146679e+00,5.845149224841534874e+00,1.299033509066318093e+00,-9.664909336819516028e-04,1.328940651647144977e-01,1.000000000000000000e+00
0.000000000000000000e+00,1.296000000000000000e+03,1.296000000000000085e+01,1.199881780415796406e+01,-4.099392254245284306e+00,5.841772531043105232e+00,1.300178627219694238e+00,1.786272196941940393e-04,1.328940651647144977e-01,0.000000000000000000e+00
0.000000000000000000e+00,1.297000000000000000e+03,1.297000000000000064e+01,1.200000000000000000e+01,-4.098347463170005867e+00,5.842487407569482372e+00,1.299582815400001534e+00,-4.171845999985102083e-04,1.328940651647144977e-01,1.000000000000000000e+00
0.000000000000000000e+00,1.298000000000000000e+03,1.298000000000000043e+01,1.200000000000000000e+01,-4.091361228361232172e+00,5.847267654102343393e+00,1.299797298914529442e+00,-2.027010854706023935e-04,1.328940651647144977e-01,1.000000000000000000e+00
0.000000000000000000e+00,1.299000000000000000e+03,1.299000000000000021e+01,1.200000000000000000e+01,-4.091423569103316282e+00,5.847225203852366882e+00,1.300482054740514926e+00,4.820547405148811748e-04,1.328940651647144977e-01,1.000000000000000000e+00
0.000000000000000000e+00,1.300000000000000000e+03,1.300000000000000000e+01,1.199369354950523814e+01,-4.100033029163288489e+00,5.841334139683723059e+00,1.300475954876864959e+00,4.759548768649146666e-04,1.328986328689338026e-01,0.000000000000000000e+00
0.000000000000000000e+00,1.301000000000000000e+03,1.300999999999999979e+01,1.200000000000000000e+01,-4.094449334673067042e+00,5.845154654220803714e+00,1.299034168553730328e+00,-9.658314462697159541e-04,1.328986328689338026e-01,1.000000000000000000e+00
0.000000000000000000e+00,1.302000000000000000e+03,1.301999999999999957e+01,1.199880893594647979e+01,-4.099390712349907595e+00,5.841773596918873324e+00,1.300179403846596804e+00,1.794038465967595641e-04,1.328986328689338026e-01,0.000000000000000000e+00
0.000000000000000000e+00,1.303000000000000000e+03,1.303000000000000114e+01,1.200000000000000000e+01,-4.098332575660799115e+00,5.842497604739252282e+00,1.299582126434223994e+00,-4.178735657760501709e-04,1.328986328689338026e-01,1.000000000000000000e+00
0.000000000000000000e+00,1.304000000000000000e+03,1.304000000000000092e+01,1.200000000000000000e+01,-4.091362409344896811e+00,5.847266857465060141e+00,1.299798758854311842e+00,-2.012411456882023941e-04,1.328986328689338026e-01,1.000000000000000000e+00
0.000000000000000000e+00,1.305000000000000000e+03,1.305000000000000071e+01,1.200000000000000000e+01,-4.091417421045583147e+00,5.847229422042756752e+00,1.300481939529229081e+00,4.819395292290362676e-04,1.328986328689338026e-01,1.000000000000000000e+00
0.000000000000000000e+00,1.306000000000000000e+03,1.306000000000000050e+01,1.199369393547096152e+01,-4.100026740594461039e+00,5.841338453609159487e+00,1.300476557897181973e+00,4.765578971819284249e-04,1.328986328689338026e-01,0.000000000000000000e+00
0.000000000000000000e+00,1.307000000000000000e+03,1.307000000000000028e+01,1.200000000000000000e+01,-4.094441494931945869e+00,5.845160029641655264e+00,1.299034822324732330e+00,-9.651776752677143634e-04,1.328986328689338026e-01,1.000000000000000000e+00
0.000000000000000000e+00,1.308000000000000000e+03,1.308000000000000007e+01,1.199880025212085144e+01,-4.099389157787280524e+00,5.841774671371120498e+00,1.300180172753344632e+00,1.801727533445873775e-04,1.328986328689338026e-01,0.000000000000000000e+00
0.000000000000000000e+00,1.309000000000000000e+03,1.308999999999999986e+01,1.200000000000000000e+01,-4.098317936357743108e+00,5.842507631990661032e+00,1.299581456184031536e+00,-4.185438159685084258e-04,1.328986328689338026e-01,1.000000000000000000e+00
0.000000000000000000e+00,1.310000000000000000e+03,1.309999999999999964e+01,1.200000000000000000e+01,-4.091363605451622476e+00,5.847266050374810398e+00,1.299800194456838032e+00,-1.998055431620127109e-04,1.328986328689338026e-01,1.000000000000000000e+00
0.000000000000000000e+00,1.311000000000000000e+03,1.310999999999999943e+01,1.200000000000000000e+01,-4.091411333677429596e+00,5.847233598603764015e+00,1.300481822831091705e+00,4.818228310916605750e-04,1.328986328689338026e-01,1.000000000000000000e+00
0.000000000000000000e+00,1.312000000000000000e+03,1.312000000000000099e+01,1.199369435698695696e+01,-4.100020486377297324e+00,5.841342743931571491e+00,1.300477154965118842e+00,4.771549651187978469e-04,1.328986328689338026e-01,0.000000000000000000e+00
0.000000000000000000e+00,1.313000000000000000e+03,1.313000000000000078e+01,1.200000000000000000e+01,-4.094433727010402535e+00,5.845165355822848241e+00,1.299035476093473029e+00,-9.645239065270150292e-04,1.328986328689338026e-01,1.000000000000000000e+00
0.000000000000000000e+00,1.314000000000000000e+03,1.314000000000000057e+01,1.199879171241549081e+01,-4.099387571980498635e+00,5.841775767107864503e+00,1.300180934616050887e+00,1.809346160508429335e-04,1.328986328689338026e-01,0.000000000000000000e+00
0.000000000000000000e+00,1.315000000000000000e+03,1.315000000000000036e+01,1.200000000000000000e+01,-4.098303482799403596e+00,5.842517532059539498e+00,1.299580802653819589e+00,-4.191973461804554546e-04,1.328986328689338026e-01,1.000000000000000000e+00
0.000000000000000000e+00,1.316000000000000000e+03,1.316000000000000014e+01,1.200000000000000000e+01,-4.091364822252969269e+00,5.847265229021175514e+00,1.299801611845313065e+00,-1.983881546869792345e-04,1.328986328689338026e-01,1.000000000000000000e+00
0.000000000000000000e+00,1.317000000000000000e+03,1.316999999999999993e+01,1.200000000000000000e+01,-4.091405283296676743e+00,5.847237749754131464e+00,1.300481704100221680e+00,4.817041002216360113e-04,1.328986328689338026e-01,1.000000000000000000e+00
0.000000000000000000e+00,1.318000000000000000e+03,1.317999999999999972e+01,1.199369478204355488e+01,-4.100014265863359597e+00,5.841347011093865227e+00,1.300477748403509715e+00,4.777484035096701831e-04,1.328986328689338026e-01,0.000000000000000000e+00
0.000000000000000000e+00,1.319000000000000000e+03,1.318999999999999950e+01,1.200000000000000000e+01,-4.094426009780954168e+00,5.845170647219861237e+00,1.299036126888239995e+00,-9.638731117600496390e-04,1.328986328689338026e-01,1.000000000000000000e+00
0.000000000000000000e+00,1.320000000000000000e+03,1.320000000000000107e+01,1.199878327970566261e+01,-4.099385977816292659e+00,5.841776868467914774e+00,1.300181691505456039e+00,1.816915054559942178e-04,1.328966545268398247e-01,0.000000000000000000e+00
0.000000000000000000e+00,1.321000000000000000e+03,1.321000000000000085e+01,1.200000000000000000e+01,-4.098289186657429362e+00,5.842527324326925786e+00,1.299580160080534785e+00,-4.198399194652591149e-04,1.328966545268398247e-01,1.000000000000000000e+00
0.000000000000000000e+00,1.322000000000000000e+03,1.322000000000000064e+01,1.200000000000000000e+01,-4.091366081750802408e+00,5.847264378349724900e+00,1.299803013796730689e+00,-1.969862032693558973e-04,1.328966545268398247e-01,1.000000000000000000e+00
0.000000000000000000e+00,1.323000000000000000e+03,1.323000000000000043e+01,1.200000000000000000e+01,-4.091399280470053412e+00,5.847241868264526410e+00,1.300481581180441992e+00,4.815811804419478648e-04,1.328966545268398247e-01,1.000000000000000000e+00
0.000000000000000000e+00,1.324000000000000000e+03,1.324000000000000021e+01,1.199369523584391217e+01,-4.100008089325760885e+00,5.841351248068749058e+00,1.300478337176881327e+00,4.783371768812827440e-04,1.328966545268398247e-01,0.000000000000000000e+00
0.000000000000000000e+00,1.325000000000000000e+03,1.325000000000000000e+01,1.200000000000000000e+01,-4.094418372439720955e+00,5.845175883856922994e+00,1.299036776091575751e+00,-9.632239084242932847e-04,1.328966545268398247e-01,1.000000000000000000e+00
0.000000000000000000e+00,1.326000000000000000e+03,1.325999999999999979e+01,1.199877499692551197e+01,-4.099384338802586569e+00,5.841778000422329420e+00,1.300182440560062158e+00,1.824405600621137324e-04,1.328966545268398247e-01,0.000000000000000000e+00
0.000000000000000000e+00,1.327000000000000000e+03,1.326999999999999957e+01,1.200000000000000000e+01,-4.098275071415192983e+00,5.842536992727948686e+00,1.299579536111850064e+00,-4.204638881499800362e-04,1.328966545268398247e-01,1.000000000000000000e+00
0.000000000000000000e+00,1.328000000000000000e+03,1.328000000000000114e+01,1.200000000000000000e+01,-4.091367350103843670e+00,5.847263521517280793e+00,1.299804398009132944e+00,-1.956019908671002838e-04,1.328966545268398247e-01,1.000000000000000000e+00
0.000000000000000000e+00,1.329000000000000000e+03,1.329000000000000092e+01,1.200000000000000000e+01,-4.091393303572863793e+00,5.847245968931349402e+00,1.300481457388233286e+00,4.814573882332418009e-04,1.328966545268398247e-01,1.000000000000000000e+00
0.000000000000000000e+00,1.330000000000000000e+03,1.330000000000000071e+01,1.199369566806165466e+01,-4.100001935681771847e+00,5.841355469279466917e+00,1.300478923404406295e+00,4.789234044062506968e-04,1.328966545268398247e-01,0.000000000000000000e+00
0.000000000000000000e+00,1.331000000000000000e+03,1.331000000000000050e+01,1.200000000000000000e+01,-4.094410755676753944e+00,5.845181106315058273e+00,1.299037420998598646e+00,-9.625790014013979601e-04,1.328966545268398247e-01,1.000000000000000000e+00
0.000000000000000000e+00,1.332000000000000000e+03,1.332000000000000028e+01,1.199876674309593660e+01,-4.099382699530800700e+00,5.841779132456934143e+00,1.300183187592946599e+00,1.831875929465542896e-04,1.328966545268398247e-01,0.000000000000000000e+00
0.000000000000000000e+00,1.333000000000000000e+03,1.333000000000000007e+01,1.200000000000000000e+01,-4.098261025478020514e+00,5.842546613614439721e+00,1.299578914908015026e+00,-4.210850919850184226e-04,1.328966545268398247e-01,1.000000000000000000e+00
0.000000000000000000e+00,1.334000000000000000e+03,1.333999999999999986e+01,1.200000000000000000e+01,-4.091368693311139282e+00,5.847262613367868234e+00,1.299805775422195220e+00,-1.942245778048246052e-04,1.328966545268398247e-01,1.000000000000000000e+00
0.000000000000000000e+00,1.335000000000000000e+03,1.334999999999999964e+01,1.200000000000000000e+01,-4.091387364400454807e+00,5.847250043688078769e+00,1.300481326255953585e+00,4.813262559535402829e-04,1.328966545268398247e-01,1.000000000000000000e+00
0.000000000000000000e+00,1.336000000000000000e+03,1.335999999999999943e+01,1.199369610557389976e+01,-4.099995815227199358e+00,5.841359667686685242e+00,1.300479505930346003e+00,4.795059303459581201e-04,1.328966545268398247e-01,0.000000000000000000e+00
0.000000000000000000e+00,1.337000000000000000e+03,1.337000000000000099e+01,1.200000000000000000e+01,-4.094403189777513496e+00,5.845186293876538208e+00,1.299038063148583833e+00,-9.619368514162118800e-04,1.328966545268398247e-01,1.000000000000000000e+00
0.000000000000000000e+00,1.338000000000000000e+03,1.338000000000000078e+01,1.199875858454696953e+01,-4.099381042912470186e+00,5.841780276270108985e+00,1.300183929635954971e+00,1.839296359549269511e-04,1.328966545268398247e-01,0.000000000000000000e+00
0.000000000000000000e+00,1.339000000000000000e+03,1.339000000000000057e+01,1.200000000000000000e+01,-4.098247114380010991e+00,5.842556142152266929e+00,1.299578304432206455e+00,-4.216955677935896318e-04,1.328966545268398247e-01,1.000000000000000000e+00
0.000000000000000000e+00,1.340000000000000000e+03,1.340000000000000036e+01,1.200000000000000000e+01,-4.091370088560300822e+00,5.847261669512607618e+00,1.299807139611780737e+00,-1.928603882193069552e-04,1.328941600381579879e-01,1.000000000000000000e+00
0.000000000000000000e+00,1.341000000000000000e+03,1.341000000000000014e+01,1.200000000000000000e+01,-4.091381474931479190e+00,5.847254084340740121e+00,1.300481190019251887e+00,4.811900192518425712e-04,1.328941600381579879e-01,1.000000000000000000e+00
0.000000000000000000e+00,1.342000000000000000e+03,1.341999999999999993e+01,1.199369657820717627e+01,-4.099989740976514696e+00,5.841363834388997311e+00,1.300480083580958457e+00,4.800835809584125258e-04,1.328941600381579879e-01,0.000000000000000000e+00
0.000000000000000000e+00,1.343000000000000000e+03,1.342999999999999972e+01,1.200000000000000000e+01,-4.094395710419286516e+00,5.845191422132359094e+00,1.299038704093723462e+00,-9.612959062765824569e-04,1.328941600381579879e-01,1.000000000000000000e+00
0.000000000000000000e+00,1.344000000000000000e+03,1.343999999999999950e+01,1.199875061199916537e+01,-4.099379361909393893e+00,5.841781436682135009e+00,1.300184663192416323e+00,1.846631924162789318e-04,1.328941600381579879e-01,0.000000000000000000e+00
0.000000000000000000e+00,1.345000000000000000e+03,1.345000000000000107e+01,1.200000000000000000e+01,-4.098233439445349013e+00,5.842565509016896641e+00,1.299577713974247928e+00,-4.222860257521166005e-04,1.328941600381579879e-01,1.000000000000000000e+00
0.000000000000000000e+00,1.346000000000000000e+03,1.346000000000000085e+01,1.200000000000000000e+01,-4.091371455159988457e+00,5.847260745161080742e+00,1.299808480645185282e+00,-1.915193548147620106e-04,1.328941600381579879e-01,1.000000000000000000e+00
0.000000000000000000e+00,1.347000000000000000e+03,1.347000000000000064e+01,1.200000000000000000e+01,-4.091375606901395123e+00,5.847258110224415439e+00,1.300481056585584883e+00,4.810565855848381034e-04,1.328941600381579879e-01,1.000000000000000000e+00
0.000000000000000000e+00,1.348000000000000000e+03,1.348000000000000043e+01,1.199369702119844483e+01,-4.099983686285669116e+00,5.841367987609787704e+00,1.300480659125875071e+00,4.806591258750270157e-04,1.328941600381579879e-01,0.000000000000000000e+00
0.000000000000000000e+00,1.349000000000000000e+03,1.349000000000000021e+01,1.200000000000000000e+01,-4.094388241970589704e+00,5.845196542826673003e+00,1.299039340305332413e+00,-9.606596946676315696e-04,1.328941600381579879e-01,1.000000000000000000e+00
0.000000000000000000e+00,1.350000000000000000e+03,1.350000000000000000e+01,1.199874263290302778e+01,-4.099377674238810165e+00,5.841782601560836952e+00,1.300185395674877231e+00,1.853956748771867780e-04,1.328941600381579879e-01,0.000000000000000000e+00
0.000000000000000000e+00,1.351000000000000000e+03,1.350999999999999979e+01,1.200000000000000000e+01,-4.098219785427163586e+00,5.842574861477111803e+00,1.299577123544592760e+00,-4.228764554072839132e-04,1.328941600381579879e-01,1.000000000000000000e+00
0.000000000000000000e+00,1.352000000000000000e+03,1.351999999999999957e+01,1.200000000000000000e+01,-4.091372918552067972e+00,5.847259754486150207e+00,1.299809819622950613e+00,-1.901803770494314705e-04,1.328941600381579879e-01,1.000000000000000000e+00
0.000000000000000000e+00,1.353000000000000000e+03,1.353000000000000114e+01,1.200000000000000000e+01,-4.091369776410796355e+00,5.847262110329437768e+00,1.300480913662174220e+00,4.809136621741760820e-04,1.328941600381579879e-01,1.000000000000000000e+00
0.000000000000000000e+00,1.354000000000000000e+03,1.354000000000000092e+01,1.199369746997445141e+01,-4.099977664257586696e+00,5.841372118391999102e+00,1.300481230987593051e+00,4.812309875930065317e-04,1.328941600381579879e-01,0.000000000000000000e+00
0.000000000000000000e+00,1.355000000000000000e+03,1.355000000000000071e+01,1.200000000000000000e+01,-4.094380823755018106e+00,5.845201629060297499e+00,1.299039973858254093e+00,-9.600261417459510227e-04,1.328941600381579879e-01,1.000000000000000000e+00
0.000000000000000000e+00,1.356000000000000000e+03,1.356000000000000050e+01,1.199873474617138669e+01,-4.099375970658915236e+00,5.841783777239085040e+00,1.300186123229520652e+00,1.861232295206072251e-04,1.328941600381579879e-01,0.000000000000000000e+00
0.000000000000000000e+00,1.357000000000000000e+03,1.357000000000000028e+01,1.200000000000000000e+01,-4.098206261876526035e+00,5.842584124584072391e+00,1.299576543425869257e+00,-4.234565741307871889e-04,1.328941600381579879e-01,1.000000000000000000e+00
0.000000000000000000e+00,1.358000000000000000e+03,1.358000000000000007e+01,1.200000000000000000e+01,-4.091374419172508325e+00,5.847258738245744603e+00,1.299811145806095025e+00,-1.888541939050192298e-04,1.328941600381579879e-01,1.000000000000000000e+00
0.000000000000000000e+00,1.359000000000000000e+03,1.358999999999999986e+01,1.200000000000000000e+01,-4.091363981549828388e+00,5.847266085963791049e+00,1.300480767086233502e+00,4.807670862334578743e-04,1.328941600381579879e-01,1.000000000000000000e+00
0.000000000000000000e+00,1.360000000000000000e+03,1.359999999999999964e+01,1.199369789805253284e+01,-4.099971651329077815e+00,5.841376242858503431e+00,1.300481799353347512e+00,4.817993533474673740e-04,1.328986727706439053e-01,0.000000000000000000e+00
0.000000000000000000e+00,1.361000000000000000e+03,1.360999999999999943e+01,1.200000000000000000e+01,-4.094373408254250002e+00,5.845206713348502170e+00,1.299040604551901179e+00,-9.593954480988653444e-04,1.328986727706439053e-01,1.000000000000000000e+00
0.000000000000000000e+00,1.362000000000000000e+03,1.362000000000000099e+01,1.199872682412025604e+01,-4.099374254890706837e+00,5.841784961169680379e+00,1.300186850513791237e+00,1.868505137911924407e-04,1.328986727706439053e-01,0.000000000000000000e+00
0.000000000000000000e+00,1.363000000000000000e+03,1.363000000000000078e+01,1.200000000000000000e+01,-4.098192720506282249e+00,5.842593399799238085e+00,1.299575961149810110e+00,-4.240388501899339246e-04,1.328986727706439053e-01,1.000000000000000000e+00
0.000000000000000000e+00,1.364000000000000000e+03,1.364000000000000057e+01,1.200000000000000000e+01,-4.091376014599018340e+00,5.847257657051327939e+00,1.299812473731328577e+00,-1.875262686714673777e-04,1.328986727706439053e-01,1.000000000000000000e+00
0.000000000000000000e+00,1.365000000000000000e+03,1.365000000000000036e+01,1.200000000000000000e+01,-4.091358200305271531e+00,5.847270052197559131e+00,1.300480611215650839e+00,4.806112156507946764e-04,1.328986727706439053e-01,1.000000000000000000e+00
0.000000000000000000e+00,1.366000000000000000e+03,1.366000000000000014e+01,1.199369832420511806e+01,-4.099965693429475699e+00,5.841380329590878162e+00,1.300482366380748545e+00,4.823663807485001342e-04,1.328986727706439053e-01,0.000000000000000000e+00
0.000000000000000000e+00,1.367000000000000000e+03,1.366999999999999993e+01,1.200000000000000000e+01,-4.094366067212693139e+00,5.845211746606316261e+00,1.299041229662854624e+00,-9.587703371454203705e-04,1.328986727706439053e-01,1.000000000000000000e+00
0.000000000000000000e+00,1.368000000000000000e+03,1.367999999999999972e+01,1.199871907023057283e+01,-4.099372533248483386e+00,5.841786149041518605e+00,1.300187570496071476e+00,1.875704960714319469e-04,1.328986727706439053e-01,0.000000000000000000e+00
0.000000000000000000e+00,1.369000000000000000e+03,1.368999999999999950e+01,1.200000000000000000e+01,-4.098179405255361729e+00,5.842602520220832041e+00,1.299575395386158405e+00,-4.246046138416392779e-04,1.328986727706439053e-01,1.000000000000000000e+00
0.000000000000000000e+00,1.370000000000000000e+03,1.370000000000000107e+01,1.200000000000000000e+01,-4.091377615001948520e+00,5.847256572360956639e+00,1.299813779485458731e+00,-1.862205145413131646e-04,1.328986727706439053e-01,1.000000000000000000e+00
0.000000000000000000e+00,1.371000000000000000e+03,1.371000000000000085e+01,1.200000000000000000e+01,-4.091352476604595445e+00,5.847273978968238417e+00,1.300480454853257140e+00,4.804548532570951380e-04,1.328986727706439053e-01,1.000000000000000000e+00
0.000000000000000000e+00,1.372000000000000000e+03,1.372000000000000064e+01,1.199369878394220201e+01,-4.099959768187749098e+00,5.841384393892636417e+00,1.300482927764733621e+00,4.829277647335761259e-04,1.328986727706439053e-01,0.000000000000000000e+00
0.000000000000000000e+00,1.373000000000000000e+03,1.373000000000000043e+01,1.200000000000000000e+01,-4.094358793629588433e+00,5.845216733621735550e+00,1.299041854751878500e+00,-9.581452481215446682e-04,1.328986727706439053e-01,1.000000000000000000e+00
0.000000000000000000e+00,1.374000000000000000e+03,1.374000000000000021e+01,1.199871144481555874e+01,-4.099370787116171755e+00,5.841787353589305454e+00,1.300188283862437455e+00,1.882838624374105763e-04,1.328986727706439053e-01,0.000000000000000000e+00
0.000000000000000000e+00,1.375000000000000000e+03,1.375000000000000000e+01,1.200000000000000000e+01,-4.098166254799478381e+00,5.842611527806545801e+00,1.299574844197929790e+00,-4.251558020702539409e-04,1.328986727706439053e-01,1.000000000000000000e+00
0.000000000000000000e+00,1.376000000000000000e+03,1.375999999999999979e+01,1.200000000000000000e+01,-4.091379229160753361e+00,5.847255478168973397e+00,1.299815069080100693e+00,-1.849309198993509540e-04,1.328986727706439053e-01,1.000000000000000000e+00
0.000000000000000000e+00,1.377000000000000000e+03,1.376999999999999957e+01,1.200000000000000000e+01,-4.091346787129912066e+00,5.847277882231431967e+00,1.300480297138703722e+00,4.802971387036780726e-04,1.328986727706439053e-01,1.000000000000000000e+00
0.000000000000000000e+00,1.378000000000000000e+03,1.378000000000000114e+01,1.199369924596203063e+01,-4.099953874832864997e+00,5.841388436290401387e+00,1.300483485790413951e+00,4.834857904139067131e-04,1.328986727706439053e-01,0.000000000000000000e+00
0.000000000000000000e+00,1.379000000000000000e+03,1.379000000000000092e+01,1.200000000000000000e+01,-4.094351566748916760e+00,5.845221688595921172e+00,1.299042476926375089e+00,-9.575230736249551455e-04,1.328986727706439053e-01,1.000000000000000000e+00
0.000000000000000000e+00,1.380000000000000000e+03,1.380000000000000071e+01,1.199870391263059588e+01,-4.099369038343358085e+00,5.841788559861360142e+00,1.300188992647193675e+00,1.889926471936309582e-04,1.328967038495718622e-01,0.000000000000000000e+00
0.000000000000000000e+00,1.381000000000000000e+03,1.381000000000000050e+01,1.200000000000000000e+01,-4.098153243200749252e+00,5.842620440301672602e+00,1.299574302102032508e+00,-4.256978979675363206e-04,1.328967038495718622e-01,1.000000000000000000e+00
0.000000000000000000e+00,1.382000000000000000e+03,1.382000000000000028e+01,1.200000000000000000e+01,-4.091380879440380980e+00,5.847254359172168847e+00,1.299816345057900335e+00,-1.836549420997091175e-04,1.328967038495718622e-01,1.000000000000000000e+00
0.000000000000000000e+00,1.383000000000000000e+03,1.383000000000000007e+01,1.200000000000000000e+01,-4.091341142395972241e+00,5.847281754793018926e+00,1.300480135880289767e+00,4.801358802897226496e-04,1.328967038495718622e-01,1.000000000000000000e+00
0.000000000000000000e+00,1.384000000000000000e+03,1.383999999999999986e+01,1.199369973525459088e+01,-4.099948023658287255e+00,5.841392449742599524e+00,1.300484039427431293e+00,4.840394274312487255e-04,1.328967038495718622e-01,0.000000000000000000e+00
0.000000000000000000e+00,1.385000000000000000e+03,1.384999999999999964e+01,1.200000000000000000e+01,-4.094344415640755130e+00,5.845226591638984281e+00,1.299043097546715764e+00,-9.569024532842806963e-04,1.328967038495718622e-01,1.000000000000000000e+00
0.000000000000000000e+00,1.386000000000000000e+03,1.385999999999999943e+01,1.199869651534509885e+01,-4.099367251357884712e+00,5.841789792198961884e+00,1.300189694001188556e+00,1.896940011885117627e-04,1.328967038495718622e-01,0.000000000000000000e+00
0.000000000000000000e+00,1.387000000000000000e+03,1.387000000000000099e+01,1.200000000000000000e+01,-4.098140392321586667e+00,5.842629242750113860e+00,1.299573776535978498e+00,-4.262234640215467607e-04,1.328967038495718622e-01,1.000000000000000000e+00
0.000000000000000000e+00,1.388000000000000000e+03,1.388000000000000078e+01,1.200000000000000000e+01,-4.091382531954192991e+00,5.847253238558222321e+00,1.299817605275824572e+00,-1.823947241754719784e-04,1.328967038495718622e-01,1.000000000000000000e+00
0.000000000000000000e+00,1.389000000000000000e+03,1.389000000000000057e+01,1.200000000000000000e+01,-4.091335520940849513e+00,5.847285611337891709e+00,1.300479974398868643e+00,4.799743988685989393e-04,1.328967038495718622e-01,1.000000000000000000e+00
0.000000000000000000e+00,1.390000000000000000e+03,1.390000000000000036e+01,1.199370020197347486e+01,-4.099942193560332626e+00,5.841396448686706044e+00,1.300484590778986149e+00,4.845907789861048087e-04,1.328967038495718622e-01,0.000000000000000000e+00
0.000000000000000000e+00,1.391000000000000000e+03,1.391000000000000014e+01,1.200000000000000000e+01,-4.094337281346370538e+00,5.845231483091556157e+00,1.299043713955564172e+00,-9.562860444358722845e-04,1.328967038495718622e-01,1.000000000000000000e+00
0.000000000000000000e+00,1.392000000000000000e+03,1.391999999999999993e+01,1.199868913540294990e+01,-4.099365468607307328e+00,5.841791021554756824e+00,1.300190393703062330e+00,1.903937030622859794e-04,1.328967038495718622e-01,0.000000000000000000e+00
0.000000000000000000e+00,1.393000000000000000e+03,1.392999999999999972e+01,1.200000000000000000e+01,-4.098127595186347172e+00,5.842638008343207012e+00,1.299573252194662576e+00,-4.267478053374684777e-04,1.328967038495718622e-01,1.000000000000000000e+00
0.000000000000000000e+00,1.394000000000000000e+03,1.393999999999999950e+01,1.200000000000000000e+01,-4.091384256213776993e+00,5.847252068767184952e+00,1.299818860220624872e+00,-1.811397793751723384e-04,1.328967038495718622e-01,1.000000000000000000e+00
0.000000000000000000e+00,1.395000000000000000e+03,1.395000000000000107e+01,1.200000000000000000e+01,-4.091329934519183809e+00,5.847289443826830357e+00,1.300479805882596818e+00,4.798058825967732588e-04,1.328967038495718622e-01,1.000000000000000000e+00
0.000000000000000000e+00,1.396000000000000000e+03,1.396000000000000085e+01,1.199370067279332552e+01,-4.099936394858692879e+00,5.841400426066494234e+00,1.300485138693325826e+00,4.851386933257817446e-04,1.328967038495718622e-01,0.000000000000000000e+00
0.000000000000000000e+00,1.397000000000000000e+03,1.397000000000000064e+01,1.200000000000000000e+01,-4.094330194031884140e+00,5.845236342317012834e+00,1.299044327670591858e+00,-9.556723294081859166e-04,1.328967038495718622e-01,1.000000000000000000e+00
0.000000000000000000e+00,1.398000000000000000e+03,1.398000000000000043e+01,1.199868183772770358e+01,-4.099363673877231662e+00,5.841792259028519396e+00,1.300191088796314842e+00,1.910887963147978041e-04,1.328967038495718622e-01,0.000000000000000000e+00
0.000000000000000000e+00,1.399000000000000000e+03,1.399000000000000021e+01,1.200000000000000000e+01,-4.098114915439660777e+00,5.842646693539092162e+00,1.299572736822243613e+00,-4.272631777564317446e-04,1.328967038495718622e-01,1.000000000000000000e+00
0.000000000000000000e+00,1.400000000000000000e+03,1.400000000000000000e+01,1.200000000000000000e+01,-4.091386026984348945e+00,5.847250867067368851e+00,1.299820103653431591e+00,-1.798963465684533247e-04,1.328942463680627684e-01,1.000000000000000000e+00
0.000000000000000000e+00,1.401000000000000000e+03,1.400999999999999979e+01,1.200000000000000000e+01,-4.091324394898422590e+00,5.847293244210040264e+00,1.300479632804493857e+00,4.796328044938125146e-04,1.328942463680627684e-01,1.000000000000000000e+00
0.000000000000000000e+00,1.402000000000000000e+03,1.401999999999999957e+01,1.199370117696019378e+01,-4.099930640445641039e+00,5.841404373063812550e+00,1.300485682017350930e+00,4.856820173508857863e-04,1.328942463680627684e-01,0.000000000000000000e+00
0.000000000000000000e+00,1.403000000000000000e+03,1.403000000000000114e+01,1.200000000000000000e+01,-4.094323188829074311e+00,5.845241145279249650e+00,1.299044940200988041e+00,-9.550597990120035519e-04,1.328942463680627684e-01,1.000000000000000000e+00
0.000000000000000000e+00,1.404000000000000000e+03,1.404000000000000092e+01,1.199867471036236566e+01,-4.099361861164363852e+00,5.841793508732036067e+00,1.300191775837739705e+00,1.917758377396605596e-04,1.328942463680627684e-01,0.000000000000000000e+00
0.000000000000000000e+00,1.405000000000000000e+03,1.405000000000000071e+01,1.200000000000000000e+01,-4.098102451049904005e+00,5.842655231308951258e+00,1.299572239353284697e+00,-4.277606467153471925e-04,1.328942463680627684e-01,1.000000000000000000e+00
0.000000000000000000e+00,1.406000000000000000e+03,1.406000000000000050e+01,1.200000000000000000e+01,-4.091387760645181615e+00,5.847249690672757794e+00,1.299821325970509811e+00,-1.786740294902333659e-04,1.328942463680627684e-01,1.000000000000000000e+00
0.000000000000000000e+00,1.407000000000000000e+03,1.407000000000000028e+01,1.200000000000000000e+01,-4.091318874268604411e+00,5.847297031511613064e+00,1.300479463359093035e+00,4.794633590929908706e-04,1.328942463680627684e-01,1.000000000000000000e+00
0.000000000000000000e+00,1.408000000000000000e+03,1.408000000000000007e+01,1.199370165091962193e+01,-4.099924903919403008e+00,5.841408307736382532e+00,1.300486223476179592e+00,4.862234761795480864e-04,1.328942463680627684e-01,0.000000000000000000e+00
0.000000000000000000e+00,1.409000000000000000e+03,1.408999999999999986e+01,1.200000000000000000e+01,-4.094316191274911532e+00,5.845245942923045668e+00,1.299045548108864079e+00,-9.544518911359656244e-04,1.328942463680627684e-01,1.000000000000000000e+00
0.000000000000000000e+00,1.410000000000000000e+03,1.409999999999999964e+01,1.199866756692217606e+01,-4.099360045621462945e+00,5.841794760288011368e+00,1.300192462125389081e+00,1.924621253890368422e-04,1.328942463680627684e-01,0.000000000000000000e+00
0.000000000000000000e+00,1.411000000000000000e+03,1.410999999999999943e+01,1.200000000000000000e+01,-4.098089994684019466e+00,5.842663763507009556e+00,1.299571740633939987e+00,-4.282593660600575447e-04,1.328942463680627684e-01,1.000000000000000000e+00
0.000000000000000000e+00,1.412000000000000000e+03,1.412000000000000099e+01,1.200000000000000000e+01,-4.091389589594093934e+00,5.847248448996028358e+00,1.299822547496499725e+00,-1.774525035003193807e-04,1.328942463680627684e-01,1.000000000000000000e+00
0.000000000000000000e+00,1.413000000000000000e+03,1.413000000000000078e+01,1.200000000000000000e+01,-4.091313388531482076e+00,5.847300794857292594e+00,1.300479284571873784e+00,4.792845718737392957e-04,1.328942463680627684e-01,1.000000000000000000e+00
0.000000000000000000e+00,1.414000000000000000e+03,1.414000000000000057e+01,1.199370212950802994e+01,-4.099919198279796007e+00,5.841412221197037624e+00,1.300486761511754796e+00,4.867615117547519077e-04,1.328942463680627684e-01,0.000000000000000000e+00
0.000000000000000000e+00,1.415000000000000000e+03,1.415000000000000036e+01,1.200000000000000000e+01,-4.094309240152735896e+00,5.845250708718228161e+00,1.299046153423146110e+00,-9.538465768539339251e-04,1.328942463680627684e-01,1.000000000000000000e+00
0.000000000000000000e+00,1.416000000000000000e+03,1.416000000000000014e+01,1.199866050348243895e+01,-4.099358219159546124e+00,5.841796019239853699e+00,1.300193143858302758e+00,1.931438583027134115e-04,1.328942463680627684e-01,0.000000000000000000e+00
0.000000000000000000e+00,1.417000000000000000e+03,1.416999999999999993e+01,1.200000000000000000e+01,-4.098077652282636762e+00,5.842672217654087063e+00,1.299571250564845570e+00,-4.287494351544740567e-04,1.328942463680627684e-01,1.000000000000000000e+00
0.000000000000000000e+00,1.418000000000000000e+03,1.417999999999999972e+01,1.200000000000000000e+01,-4.091391450663608431e+00,5.847247185260474822e+00,1.299823757846372718e+00,-1.762421536273262035e-04,1.328942463680627684e-01,1.000000000000000000e+00
0.000000000000000000e+00,1.419000000000000000e+03,1.418999999999999950e+01,1.200000000000000000e+01,-4.091307935790131189e+00,5.847304535545956305e+00,1.300479102633217643e+00,4.791026332175984948e-04,1.328942463680627684e-01,1.000000000000000000e+00
0.000000000000000000e+00,1.420000000000000000e+03,1.420000000000000107e+01,1.199370258652112398e+01,-4.099913500205060402e+00,5.841416129403225632e+00,1.300487296310027130e+00,4.872963100270855108e-04,1.328987102945589915e-01,0.000000000000000000e+00
0.000000000000000000e+00,1.421000000000000000e+03,1.421000000000000085e+01,1.200000000000000000e+01,-4.094302288452115413e+00,5.845255474832326215e+00,1.299046755945993059e+00,-9.532440540069853085e-04,1.328987102945589915e-01,1.000000000000000000e+00
0.000000000000000000e+00,1.422000000000000000e+03,1.422000000000000064e+01,1.199865339572140854e+01,-4.099356384043010948e+00,5.841797284036827520e+00,1.300193825644162526e+00,1.938256441624819360e-04,1.328987102945589915e-01,0.000000000000000000e+00
0.000000000000000000e+00,1.423000000000000000e+03,1.423000000000000043e+01,1.200000000000000000e+01,-4.098065279994248300e+00,5.842680692176545065e+00,1.299570757139240751e+00,-4.292428607592935208e-04,1.328987102945589915e-01,1.000000000000000000e+00
0.000000000000000000e+00,1.424000000000000000e+03,1.424000000000000021e+01,1.200000000000000000e+01,-4.091393407170364149e+00,5.847245856150089516e+00,1.299824971121944284e+00,-1.750288780557607282e-04,1.328987102945589915e-01,1.000000000000000000e+00
0.000000000000000000e+00,1.425000000000000000e+03,1.425000000000000000e+01,1.200000000000000000e+01,-4.091302494340468776e+00,5.847308268435575052e+00,1.300478911338567967e+00,4.789113385679222290e-04,1.328987102945589915e-01,1.000000000000000000e+00
0.000000000000000000e+00,1.426000000000000000e+03,1.425999999999999979e+01,1.199370304080960459e+01,-4.099907855022275172e+00,5.841420001348001101e+00,1.300487829998272282e+00,4.878299982722378303e-04,1.328987102945589915e-01,0.000000000000000000e+00
0.000000000000000000e+00,1.427000000000000000e+03,1.426999999999999957e+01,1.200000000000000000e+01,-4.094295407251814289e+00,5.845260192635245211e+00,1.299047353020438500e+00,-9.526469795615444269e-04,1.328987102945589915e-01,1.000000000000000000e+00
0.000000000000000000e+00,1.428000000000000000e+03,1.428000000000000114e+01,1.199864644246359546e+01,-4.099354548385216290e+00,5.841798549136234975e+00,1.300194500516599572e+00,1.945005165995272733e-04,1.328987102945589915e-01,0.000000000000000000e+00
0.000000000000000000e+00,1.429000000000000000e+03,1.429000000000000092e+01,1.200000000000000000e+01,-4.098053115559204151e+00,5.842689024413115106e+00,1.299570278409066804e+00,-4.297215909332408046e-04,1.328987102945589915e-01,1.000000000000000000e+00
0.000000000000000000e+00,1.430000000000000000e+03,1.430000000000000071e+01,1.200000000000000000e+01,-4.091395359558546829e+00,5.847244529778076405e+00,1.299826164017771735e+00,-1.738359822283097600e-04,1.328987102945589915e-01,1.000000000000000000e+00
0.000000000000000000e+00,1.431000000000000000e+03,1.431000000000000050e+01,1.200000000000000000e+01,-4.091297107521773668e+00,5.847311963866105522e+00,1.300478720443849046e+00,4.787204438490011427e-04,1.328987102945589915e-01,1.000000000000000000e+00
0.000000000000000000e+00,1.432000000000000000e+03,1.432000000000000028e+01,1.199370352699232711e+01,-4.099902240837310252e+00,5.841423852008550632e+00,1.300488358329094041e+00,4.883583290939963462e-04,1.328987102945589915e-01,0.000000000000000000e+00
0.000000000000000000e+00,1.433000000000000000e+03,1.433000000000000007e+01,1.200000000000000000e+01,-4.094288589504124332e+00,5.845264866947064597e+00,1.299047950075979951e+00,-9.520499240200930302e-04,1.328987102945589915e-01,1.000000000000000000e+00
0.000000000000000000e+00,1.434000000000000000e+03,1.433999999999999986e+01,1.199863960460662859e+01,-4.099352693527327673e+00,5.841799827302016190e+00,1.300195169166268094e+00,1.951691662680499206e-04,1.328987102945589915e-01,0.000000000000000000e+00
0.000000000000000000e+00,1.435000000000000000e+03,1.434999999999999964e+01,1.200000000000000000e+01,-4.098041098692279505e+00,5.842697255610546314e+00,1.299569812496997212e+00,-4.301875030028323721e-04,1.328987102945589915e-01,1.000000000000000000e+00
0.000000000000000000e+00,1.436000000000000000e+03,1.435999999999999943e+01,1.200000000000000000e+01,-4.091397319716758574e+00,5.847243198011199183e+00,1.299827342443542477e+00,-1.726575564575671962e-04,1.328987102945589915e-01,1.000000000000000000e+00
0.000000000000000000e+00,1.437000000000000000e+03,1.437000000000000099e+01,1.200000000000000000e+01,-4.091291752355137312e+00,5.847315637561095514e+00,1.300478528784104526e+00,4.785287841044816304e-04,1.328987102945589915e-01,1.000000000000000000e+00
0.000000000000000000e+00,1.438000000000000000e+03,1.438000000000000078e+01,1.199370401439203704e+01,-4.099896656770956049e+00,5.841427681985425835e+00,1.300488883554405284e+00,4.888835544052394511e-04,1.328987102945589915e-01,0.000000000000000000e+00
0.000000000000000000e+00,1.439000000000000000e+03,1.439000000000000057e+01,1.200000000000000000e+01,-4.094281814779409778e+00,5.845269511745551760e+00,1.299048544289849394e+00,-9.514557101506504466e-04,1.328987102945589915e-01,1.000000000000000000e+00
0.000000000000000000e+00,1.440000000000000000e+03,1.440000000000000036e+01,1.199863284850949796e+01,-4.099350840438412469e+00,5.841801104184901838e+00,1.300195833595491735e+00,1.958335954916901045e-04,1.328967500644240296e-01,0.000000000000000000e+00
0.000000000000000000e+00,1.441000000000000000e+03,1.441000000000000014e+01,1.200000000000000000e+01,-4.098029205429673638e+00,5.842705402163355544e+00,1.299569354158167211e+00,-4.306458418328329429e-04,1.328967500644240296e-01,1.000000000000000000e+00
0.000000000000000000e+00,1.442000000000000000e+03,1.441999999999999993e+01,1.200000000000000000e+01,-4.091399310348790230e+00,5.847241845314163911e+00,1.299828508748376743e+00,-1.714912516233013662e-04,1.328967500644240296e-01,1.000000000000000000e+00
0.000000000000000000e+00,1.443000000000000000e+03,1.442999999999999972e+01,1.200000000000000000e+01,-4.091286439295365618e+00,5.847319282367191562e+00,1.300478334134350877e+00,4.783341343508329402e-04,1.328967500644240296e-01,1.000000000000000000e+00
0.000000000000000000e+00,1.444000000000000000e+03,1.443999999999999950e+01,1.199370452778656748e+01,-4.099891113134683351e+00,5.841431484224475668e+00,1.300489404649652680e+00,4.894046496526360812e-04,1.328967500644240296e-01,0.000000000000000000e+00
0.000000000000000000e+00,1.445000000000000000e+03,1.445000000000000107e+01,1.200000000000000000e+01,-4.094275112020898888e+00,5.845274107227348637e+00,1.299049137000459986e+00,-9.508629995400585955e-04,1.328967500644240296e-01,1.000000000000000000e+00
0.000000000000000000e+00,1.446000000000000000e+03,1.446000000000000085e+01,1.199862621467782198e+01,-4.099348954382452170e+00,5.841802403553815637e+00,1.300196490967519214e+00,1.964909675191695015e-04,1.328967500644240296e-01,0.000000000000000000e+00
0.000000000000000000e+00,1.447000000000000000e+03,1.447000000000000064e+01,1.200000000000000000e+01,-4.098017456195258035e+00,5.842713450099497940e+00,1.299568910637884933e+00,-4.310893621151112853e-04,1.328967500644240296e-01,1.000000000000000000e+00
0.000000000000000000e+00,1.448000000000000000e+03,1.448000000000000043e+01,1.200000000000000000e+01,-4.091401297523554526e+00,5.847240494904958119e+00,1.299829660930257313e+00,-1.703390697427309419e-04,1.328967500644240296e-01,1.000000000000000000e+00
0.000000000000000000e+00,1.449000000000000000e+03,1.449000000000000021e+01,1.200000000000000000e+01,-4.091281147049860678e+00,5.847322912853361032e+00,1.300478139819871259e+00,4.781398198712150105e-04,1.328967500644240296e-01,1.000000000000000000e+00
0.000000000000000000e+00,1.450000000000000000e+03,1.450000000000000000e+01,1.199370501779480414e+01,-4.099885588808274584e+00,5.841435273174452547e+00,1.300489923701426243e+00,4.899237014261981216e-04,1.328967500644240296e-01,0.000000000000000000e+00
0.000000000000000000e+00,1.451000000000000000e+03,1.450999999999999979e+01,1.200000000000000000e+01,-4.094268422609319558e+00,5.845278693500800316e+00,1.299049725596276073e+00,-9.502744037239718722e-04,1.328967500644240296e-01,1.000000000000000000e+00
0.000000000000000000e+00,1.452000000000000000e+03,1.451999999999999957e+01,1.199861958859920108e+01,-4.099347075924760553e+00,5.841803697649273097e+00,1.300197147027699618e+00,1.971470276995734849e-04,1.328967500644240296e-01,0.000000000000000000e+00
0.000000000000000000e+00,1.453000000000000000e+03,1.453000000000000114e+01,1.200000000000000000e+01,-4.098005747970381307e+00,5.842721469902858011e+00,1.299568467103954905e+00,-4.315328960451392248e-04,1.328967500644240296e-01,1.000000000000000000e+00
0.000000000000000000e+00,1.454000000000000000e+03,1.454000000000000092e+01,1.200000000000000000e+01,-4.091403354218996924e+00,5.847239096851389206e+00,1.299830809087949124e+00,-1.691909120509205167e-04,1.328967500644240296e-01,1.000000000000000000e+00
0.000000000000000000e+00,1.455000000000000000e+03,1.455000000000000071e+01,1.200000000000000000e+01,-4.091275887296565550e+00,5.847326521032436553e+00,1.300477938689013957e+00,4.779386890139125654e-04,1.328967500644240296e-01,1.000000000000000000e+00
0.000000000000000000e+00,1.456000000000000000e+03,1.456000000000000050e+01,1.199370551085100622e+01,-4.099880094132951847e+00,5.841439041763967666e+00,1.300490439565539003e+00,4.904395655389581776e-04,1.328967500644240296e-01,0.000000000000000000e+00
0.000000000000000000e+00,1.457000000000000000e+03,1.457000000000000028e+01,1.200000000000000000e+01,-4.094261776566462174e+00,5.845283250027609512e+00,1.299050311570059346e+00,-9.496884299406982421e-04,1.328967500644240296e-01,1.000000000000000000e+00
0.000000000000000000e+00,1.458000000000000000e+03,1.458000000000000007e+01,1.199861303385586808e+01,-4.099345189654651556e+00,5.841804997020707546e+00,1.300197798833690577e+00,1.977988336905323052e-04,1.328967500644240296e-01,0.000000000000000000e+00
0.000000000000000000e+00,1.459000000000000000e+03,1.458999999999999986e+01,1.200000000000000000e+01,-4.097994142673631934e+00,5.842729419212141728e+00,1.299568031094671117e+00,-4.319689053289277325e-04,1.328967500644240296e-01,1.000000000000000000e+00
0.000000000000000000e+00,1.460000000000000000e+03,1.459999999999999964e+01,1.200000000000000000e+01,-4.091405452824664835e+00,5.847237670047078062e+00,1.299831947151818046e+00,-1.680528481819987263e-04,1.328943252659711971e-01,1.000000000000000000e+00
0.000000000000000000e+00,1.461000000000000000e+03,1.460999999999999943e+01,1.200000000000000000e+01,-4.091270671632392109e+00,5.847330098971066370e+00,1.300477733447639173e+00,4.777334476391281726e-04,1.328943252659711971e-01,1.000000000000000000e+00
0.000000000000000000e+00,1.462000000000000000e+03,1.462000000000000099e+01,1.199370603570757687e+01,-4.099874641895544514e+00,5.841442781246755089e+00,1.300490951105564674e+00,4.909511055646298416e-04,1.328943252659711971e-01,0.000000000000000000e+00
0.000000000000000000e+00,1.463000000000000000e+03,1.463000000000000078e+01,1.200000000000000000e+01,-4.094255208556373482e+00,5.845287753091448657e+00,1.299050896394441601e+00,-9.491036055584434195e-04,1.328943252659711971e-01,1.000000000000000000e+00
0.000000000000000000e+00,1.464000000000000000e+03,1.464000000000000057e+01,1.199860663616620471e+01,-4.099343290468565826e+00,5.841806305163997237e+00,1.300198442988114156e+00,1.984429881141114294e-04,1.328943252659711971e-01,0.000000000000000000e+00
0.000000000000000000e+00,1.465000000000000000e+03,1.465000000000000036e+01,1.200000000000000000e+01,-4.097982735402683652e+00,5.842737232962424976e+00,1.299567611236006837e+00,-4.323887639932078031e-04,1.328943252659711971e-01,1.000000000000000000e+00
0.000000000000000000e+00,1.466000000000000000e+03,1.466000000000000014e+01,1.200000000000000000e+01,-4.091407506698321761e+00,5.847236273773495085e+00,1.299833065799586684e+00,-1.669342004133600454e-04,1.328943252659711971e-01,1.000000000000000000e+00
0.000000000000000000e+00,1.467000000000000000e+03,1.466999999999999993e+01,1.200000000000000000e+01,-4.091265472694460392e+00,5.847333665387534296e+00,1.300477532586365559e+00,4.775325863655144332e-04,1.328943252659711971e-01,1.000000000000000000e+00
0.000000000000000000e+00,1.468000000000000000e+03,1.467999999999999972e+01,1.199370652994003272e+01,-4.099869205908365011e+00,5.841446509534205411e+00,1.300491461002788451e+00,4.914610027884069865e-04,1.328943252659711971e-01,0.000000000000000000e+00
0.000000000000000000e+00,1.469000000000000000e+03,1.468999999999999950e+01,1.200000000000000000e+01,-4.094248645187827940e+00,5.845292252903891317e+00,1.299051476717763887e+00,-9.485232822361577831e-04,1.328943252659711971e-01,1.000000000000000000e+00
0.000000000000000000e+00,1.470000000000000000e+03,1.470000000000000107e+01,1.199860021458810522e+01,-4.099341391294221815e+00,5.841807613224501594e+00,1.300199086683945016e+00,1.990866839449711989e-04,1.328943252659711971e-01,0.000000000000000000e+00
0.000000000000000000e+00,1.471000000000000000e+03,1.471000000000000085e+01,1.200000000000000000e+01,-4.097971325636192041e+00,5.842745048347483205e+00,1.299567189108167042e+00,-4.328108918330020316e-04,1.328943252659711971e-01,1.000000000000000000e+00
0.000000000000000000e+00,1.472000000000000000e+03,1.472000000000000064e+01,1.200000000000000000e+01,-4.091409655175348270e+00,5.847234812695849548e+00,1.299834184688045235e+00,-1.658153119548089194e-04,1.328943252659711971e-01,1.000000000000000000e+00
0.000000000000000000e+00,1.473000000000000000e+03,1.473000000000000043e+01,1.200000000000000000e+01,-4.091260306137406211e+00,5.847337209576147998e+00,1.300477322450838136e+00,4.773224508380913278e-04,1.328943252659711971e-01,1.000000000000000000e+00
0.000000000000000000e+00,1.474000000000000000e+03,1.474000000000000021e+01,1.199370702776395525e+01,-4.099863799080478266e+00,5.841450217800707279e+00,1.300491967723373943e+00,4.919677233738983801e-04,1.328943252659711971e-01,0.000000000000000000e+00
0.000000000000000000e+00,1.475000000000000000e+03,1.475000000000000000e+01,1.200000000000000000e+01,-4.094242124704717156e+00,5.845296723303338382e+00,1.299052054518954336e+00,-9.479454810457088598e-04,1.328943252659711971e-01,1.000000000000000000e+00
0.000000000000000000e+00,1.476000000000000000e+03,1.475999999999999979e+01,1.199859386256901139e+01,-4.099339485085875090e+00,5.841808926031259119e+00,1.300199726173125292e+00,1.997261731252475414e-04,1.328943252659711971e-01,0.000000000000000000e+00
0.000000000000000000e+00,1.477000000000000000e+03,1.476999999999999957e+01,1.200000000000000000e+01,-4.097960016070225642e+00,5.842752795107561070e+00,1.299566774260379143e+00,-4.332257396209016065e-04,1.328943252659711971e-01,1.000000000000000000e+00
0.000000000000000000e+00,1.478000000000000000e+03,1.478000000000000114e+01,1.200000000000000000e+01,-4.091411831537411281e+00,5.847233332466882594e+00,1.299835293750215559e+00,-1.647062497844853368e-04,1.328943252659711971e-01,1.000000000000000000e+00
0.000000000000000000e+00,1.479000000000000000e+03,1.479000000000000092e+01,1.200000000000000000e+01,-4.091255170111858241e+00,5.847340732803062657e+00,1.300477109579357027e+00,4.771095793569823940e-04,1.328943252659711971e-01,1.000000000000000000e+00
0.000000000000000000e+00,1.480000000000000000e+03,1.480000000000000071e+01,1.199370750327096680e+01,-4.099858398307194562e+00,5.841453921855025655e+00,1.300492471448571941e+00,4.924714485718961754e-04,1.328987456178799820e-01,0.000000000000000000e+00
0.000000000000000000e+00,1.481000000000000000e+03,1.481000000000000050e+01,1.200000000000000000e+01,-4.094235600581067835e+00,5.845301196125686438e+00,1.299052629606900044e+00,-9.473703930999999301e-04,1.328987456178799820e-01,1.000000000000000000e+00
0.000000000000000000e+00,1.482000000000000000e+03,1.482000000000000028e+01,1.199858745879588007e+01,-4.099337572832585153e+00,5.841810242906046113e+00,1.300200366015812126e+00,2.003660158120812440e-04,1.328987456178799820e-01,0.000000000000000000e+00
0.000000000000000000e+00,1.483000000000000000e+03,1.483000000000000007e+01,1.200000000000000000e+01,-4.097948666709550380e+00,5.842760569030414075e+00,1.299566355096079429e+00,-4.336449039206158318e-04,1.328987456178799820e-01,1.000000000000000000e+00
0.000000000000000000e+00,1.484000000000000000e+03,1.483999999999999986e+01,1.200000000000000000e+01,-4.091414104790766615e+00,5.847231785876991772e+00,1.299836406709817815e+00,-1.635932901822290120e-04,1.328987456178799820e-01,1.000000000000000000e+00
0.000000000000000000e+00,1.485000000000000000e+03,1.484999999999999964e+01,1.200000000000000000e+01,-4.091250043151982041e+00,5.847344249762758572e+00,1.300476887209758958e+00,4.768872097589138548e-04,1.328987456178799820e-01,1.000000000000000000e+00
0.000000000000000000e+00,1.486000000000000000e+03,1.485999999999999943e+01,1.199370797533220312e+01,-4.099853048376465914e+00,5.841457591058612842e+00,1.300492974282321246e+00,4.929742823212013292e-04,1.328987456178799820e-01,0.000000000000000000e+00
0.000000000000000000e+00,1.487000000000000000e+03,1.487000000000000099e+01,1.200000000000000000e+01,-4.094229143267395621e+00,5.845305623170239606e+00,1.299053199379430756e+00,-9.468006205692880428e-04,1.328987456178799820e-01,1.000000000000000000e+00
0.000000000000000000e+00,1.488000000000000000e+03,1.488000000000000078e+01,1.199858119790309452e+01,-4.099335664244584621e+00,5.841811557213024919e+00,1.300200999307172145e+00,2.009993071721005720e-04,1.328987456178799820e-01,0.000000000000000000e+00
0.000000000000000000e+00,1.489000000000000000e+03,1.489000000000000057e+01,1.200000000000000000e+01,-4.097937509852152438e+00,5.842768211177977733e+00,1.299565949113513863e+00,-4.340508864861813976e-04,1.328987456178799820e-01,1.000000000000000000e+00
0.000000000000000000e+00,1.490000000000000000e+03,1.490000000000000036e+01,1.200000000000000000e+01,-4.091416365677408962e+00,5.847230247678151471e+00,1.299837500795015366e+00,-1.624992049846785136e-04,1.328987456178799820e-01,1.000000000000000000e+00
0.000000000000000000e+00,1.491000000000000000e+03,1.491000000000000014e+01,1.200000000000000000e+01,-4.091244968132918380e+00,5.847347731112814806e+00,1.300476666048809626e+00,4.766660488095819659e-04,1.328987456178799820e-01,1.000000000000000000e+00
0.000000000000000000e+00,1.492000000000000000e+03,1.491999999999999993e+01,1.199370847784725846e+01,-4.099847727825515875e+00,5.841461240093543061e+00,1.300493472022701713e+00,4.934720227016686778e-04,1.328987456178799820e-01,0.000000000000000000e+00
0.000000000000000000e+00,1.493000000000000000e+03,1.492999999999999972e+01,1.200000000000000000e+01,-4.094222745730126789e+00,5.845310009247416616e+00,1.299053769155565252e+00,-9.462308444347922176e-04,1.328987456178799820e-01,1.000000000000000000e+00
0.000000000000000000e+00,1.494000000000000000e+03,1.493999999999999950e+01,1.199857504140643094e+01,-4.099333740611439403e+00,5.841812881751467401e+00,1.300201626736540161e+00,2.016267365401169798e-04,1.328987456178799820e-01,0.000000000000000000e+00
0.000000000000000000e+00,1.495000000000000000e+03,1.495000000000000107e+01,1.200000000000000000e+01,-4.097926486203527396e+00,5.842775762119176264e+00,1.299565554498953723e+00,-4.344455010463210698e-04,1.328987456178799820e-01,1.000000000000000000e+00
0.000000000000000000e+00,1.496000000000000000e+03,1.496000000000000085e+01,1.200000000000000000e+01,-4.091418629100000537e+00,5.847228707674668513e+00,1.299838581818363537e+00,-1.614181816365078959e-04,1.328987456178799820e-01,1.000000000000000000e+00
0.000000000000000000e+00,1.497000000000000000e+03,1.497000000000000064e+01,1.200000000000000000e+01,-4.091239922369089399e+00,5.847351192376009976e+00,1.300476444636175177e+00,4.764446361751328851e-04,1.328987456178799820e-01,1.000000000000000000e+00
0.000000000000000000e+00,1.498000000000000000e+03,1.498000000000000043e+01,1.199370898068438329e+01,-4.099842435677929053e+00,5.841464869626836531e+00,1.300493966892857234e+00,4.939668928571894213e-04,1.328987456178799820e-01,0.000000000000000000e+00
0.000000000000000000e+00,1.499000000000000000e+03,1.499000000000000021e+01,1.200000000000000000e+01,-4.094216387821511205e+00,5.845314368142077832e+00,1.299054336173727897e+00,-9.456638262721472898e-04,1.328987456178799820e-01,1.000000000000000000e+00
0.000000000000000000e+00,1.500000000000000000e+03,1.500000000000000000e+01,1.199856895703440252e+01,-4.099331822148461590e+00,5.841814202687819702e+00,1.300202250278541971e+00,2.022502785419266758e-04,1.328967934145894036e-01,0.000000000000000000e+00
0.000000000000000000e+00,1.501000000000000000e+03,1.500999999999999979e+01,1.200000000000000000e+01,-4.097915573443693837e+00,5.842783237123768458e+00,1.299565166211271272e+00,-4.348337887287723191e-04,1.328967934145894036e-01,1.000000000000000000e+00
0.000000000000000000e+00,1.502000000000000000e+03,1.501999999999999957e+01,1.200000000000000000e+01,-4.091420918095488801e+00,5.847227150103124771e+00,1.299839651967820142e+00,-1.603480321799022335e-04,1.328967934145894036e-01,1.000000000000000000e+00
0.000000000000000000e+00,1.503000000000000000e+03,1.503000000000000114e+01,1.200000000000000000e+01,-4.091234916249825382e+00,5.847354626443609149e+00,1.300476220714194220e+00,4.762207141941754429e-04,1.328967934145894036e-01,1.000000000000000000e+00
0.000000000000000000e+00,1.504000000000000000e+03,1.504000000000000092e+01,1.199370950841016992e+01,-4.099837182262741742e+00,5.841468472592134198e+00,1.300494457874668441e+00,4.944578746683969683e-04,1.328967934145894036e-01,0.000000000000000000e+00
0.000000000000000000e+00,1.505000000000000000e+03,1.505000000000000071e+01,1.200000000000000000e+01,-4.094210098359570615e+00,5.845318680136342593e+00,1.299054901750663849e+00,-9.450982493361959058e-04,1.328967934145894036e-01,1.000000000000000000e+00
0.000000000000000000e+00,1.506000000000000000e+03,1.506000000000000050e+01,1.199856298422123224e+01,-4.099329874881476599e+00,5.841815543269551547e+00,1.300202867108719573e+00,2.028671087195288436e-04,1.328967934145894036e-01,0.000000000000000000e+00
0.000000000000000000e+00,1.507000000000000000e+03,1.507000000000000028e+01,1.200000000000000000e+01,-4.097904790713875478e+00,5.842790623097156022e+00,1.299564791319526069e+00,-4.352086804739752068e-04,1.328967934145894036e-01,1.000000000000000000e+00
0.000000000000000000e+00,1.508000000000000000e+03,1.508000000000000007e+01,1.200000000000000000e+01,-4.091423198688579177e+00,5.847225598211696962e+00,1.299840709367082736e+00,-1.592906329173082725e-04,1.328967934145894036e-01,1.000000000000000000e+00
0.000000000000000000e+00,1.509000000000000000e+03,1.508999999999999986e+01,1.200000000000000000e+01,-4.091229928655343073e+00,5.847358047766316069e+00,1.300475997612469570e+00,4.759976124695253219e-04,1.328967934145894036e-01,1.000000000000000000e+00
0.000000000000000000e+00,1.510000000000000000e+03,1.509999999999999964e+01,1.199371001209181564e+01,-4.099831946447352493e+00,5.841472063446668805e+00,1.300494947037800664e+00,4.949470378006193272e-04,1.328967934145894036e-01,0.000000000000000000e+00
0.000000000000000000e+00,1.511000000000000000e+03,1.510999999999999943e+01,1.200000000000000000e+01,-4.094203819050576065e+00,5.845322985115835479e+00,1.299055463318522730e+00,-9.445366814773148434e-04,1.328967934145894036e-01,1.000000000000000000e+00
0.000000000000000000e+00,1.512000000000000000e+03,1.512000000000000099e+01,1.199855701117638240e+01,-4.099327937712084591e+00,5.841816876875566500e+00,1.300203482940493593e+00,2.034829404935489805e-04,1.328967934145894036e-01,0.000000000000000000e+00
0.000000000000000000e+00,1.513000000000000000e+03,1.513000000000000078e+01,1.200000000000000000e+01,-4.097894038421689089e+00,5.842797988178945801e+00,1.299564415412605589e+00,-4.355845873944552693e-04,1.328967934145894036e-01,1.000000000000000000e+00
0.000000000000000000e+00,1.514000000000000000e+03,1.514000000000000057e+01,1.200000000000000000e+01,-4.091425547308213950e+00,5.847223999706550046e+00,1.299841763779008286e+00,-1.582362209917587137e-04,1.328967934145894036e-01,1.000000000000000000e+00
0.000000000000000000e+00,1.515000000000000000e+03,1.515000000000000036e+01,1.200000000000000000e+01,-4.091224971153026857e+00,5.847361448432269349e+00,1.300475767841165364e+00,4.757678411653198935e-04,1.328967934145894036e-01,1.000000000000000000e+00
0.000000000000000000e+00,1.516000000000000000e+03,1.516000000000000014e+01,1.199371051788992659e+01,-4.099826738590422792e+00,5.841475635106770703e+00,1.300495433248852528e+00,4.954332488524837430e-04,1.328967934145894036e-01,0.000000000000000000e+00
0.000000000000000000e+00,1.517000000000000000e+03,1.516999999999999993e+01,1.200000000000000000e+01,-4.094197579748444227e+00,5.845327262656771161e+00,1.299056022342349515e+00,-9.439776576505298777e-04,1.328967934145894036e-01,1.000000000000000000e+00
0.000000000000000000e+00,1.518000000000000000e+03,1.517999999999999972e+01,1.199855110019788818e+01,-4.099325995970017900e+00,5.841818213548332750e+00,1.300204094847990044e+00,2.040948479899995505e-04,1.328967934145894036e-01,0.000000000000000000e+00
0.000000000000000000e+00,1.519000000000000000e+03,1.518999999999999950e+01,1.200000000000000000e+01,-4.097883376895653740e+00,5.842805291095446663e+00,1.299564045834496362e+00,-4.359541655036824892e-04,1.328967934145894036e-01,1.000000000000000000e+00
0.000000000000000000e+00,1.520000000000000000e+03,1.520000000000000107e+01,1.200000000000000000e+01,-4.091427934008345701e+00,5.847222375079250689e+00,1.299842809289819545e+00,-1.571907101804992379e-04,1.328943976514072867e-01,1.000000000000000000e+00
0.000000000000000000e+00,1.521000000000000000e+03,1.521000000000000085e+01,1.200000000000000000e+01,-4.091220055206362893e+00,5.847364820599229240e+00,1.300475534335010952e+00,4.755343350109075828e-04,1.328943976514072867e-01,1.000000000000000000e+00
0.000000000000000000e+00,1.522000000000000000e+03,1.522000000000000064e+01,1.199371105413970717e+01,-4.099821571387939123e+00,5.841479178888131507e+00,1.300495915384467072e+00,4.959153844670272093e-04,1.328943976514072867e-01,0.000000000000000000e+00
0.000000000000000000e+00,1.523000000000000000e+03,1.523000000000000043e+01,1.200000000000000000e+01,-4.094191414719150046e+00,5.845331489314997242e+00,1.299056580264172478e+00,-9.434197358275664413e-04,1.328943976514072867e-01,1.000000000000000000e+00
0.000000000000000000e+00,1.524000000000000000e+03,1.524000000000000021e+01,1.199854533498177389e+01,-4.099324045338156530e+00,5.841819556245408052e+00,1.300204699472855996e+00,2.046994728559514698e-04,1.328943976514072867e-01,0.000000000000000000e+00
0.000000000000000000e+00,1.525000000000000000e+03,1.525000000000000000e+01,1.200000000000000000e+01,-4.097872898768596173e+00,5.842812468468000731e+00,1.299563690942367788e+00,-4.363090576322559144e-04,1.328943976514072867e-01,1.000000000000000000e+00
0.000000000000000000e+00,1.526000000000000000e+03,1.525999999999999979e+01,1.200000000000000000e+01,-4.091430269019809884e+00,5.847220785750914196e+00,1.299843836818935783e+00,-1.561631810642616358e-04,1.328943976514072867e-01,1.000000000000000000e+00
0.000000000000000000e+00,1.527000000000000000e+03,1.526999999999999957e+01,1.200000000000000000e+01,-4.091215153899522505e+00,5.847368182679714366e+00,1.300475305891072964e+00,4.753058910729190956e-04,1.328943976514072867e-01,1.000000000000000000e+00
0.000000000000000000e+00,1.528000000000000000e+03,1.528000000000000114e+01,1.199371155948650802e+01,-4.099816418844362431e+00,5.841482712570840619e+00,1.300496396082128747e+00,4.963960821287027869e-04,1.328943976514072867e-01,0.000000000000000000e+00
0.000000000000000000e+00,1.529000000000000000e+03,1.529000000000000092e+01,1.200000000000000000e+01,-4.094185251565455985e+00,5.845335714622144963e+00,1.299057133814899290e+00,-9.428661851007547057e-04,1.328943976514072867e-01,1.000000000000000000e+00
0.000000000000000000e+00,1.530000000000000000e+03,1.530000000000000071e+01,1.199853953943986795e+01,-4.099322096794831616e+00,5.841820897446206473e+00,1.300205303910586530e+00,2.053039105864851166e-04,1.328943976514072867e-01,0.000000000000000000e+00
0.000000000000000000e+00,1.531000000000000000e+03,1.531000000000000050e+01,1.200000000000000000e+01,-4.097862409454332777e+00,5.842819653429693005e+00,1.299563332967565987e+00,-4.366670324340571341e-04,1.328943976514072867e-01,1.000000000000000000e+00
0.000000000000000000e+00,1.532000000000000000e+03,1.532000000000000028e+01,1.200000000000000000e+01,-4.091432698631615850e+00,5.847219131628381028e+00,1.299844865441194486e+00,-1.551345588055585978e-04,1.328943976514072867e-01,1.000000000000000000e+00
0.000000000000000000e+00,1.533000000000000000e+03,1.533000000000000007e+01,1.200000000000000000e+01,-4.091210282585183933e+00,5.847371524174208801e+00,1.300475068173506221e+00,4.750681735061768052e-04,1.328943976514072867e-01,1.000000000000000000e+00
0.000000000000000000e+00,1.534000000000000000e+03,1.533999999999999986e+01,1.199371206748265628e+01,-4.099811293786350674e+00,5.841486227385216168e+00,1.300496873837599487e+00,4.968738375994430356e-04,1.328943976514072867e-01,0.000000000000000000e+00
0.000000000000000000e+00,1.535000000000000000e+03,1.534999999999999964e+01,1.200000000000000000e+01,-4.094179127980325461e+00,5.845339912793130033e+00,1.299057684918656141e+00,-9.423150813439029605e-04,1.328943976514072867e-01,1.000000000000000000e+00
0.000000000000000000e+00,1.536000000000000000e+03,1.535999999999999943e+01,1.199853380455001250e+01,-4.099320144246268782e+00,5.841822241327933263e+00,1.300205904467115925e+00,2.059044671158805073e-04,1.328943976514072867e-01,0.000000000000000000e+00
0.000000000000000000e+00,1.537000000000000000e+03,1.537000000000000099e+01,1.200000000000000000e+01,-4.097852008688646741e+00,5.842826777745777633e+00,1.299562981131967998e+00,-4.370188680320463703e-04,1.328943976514072867e-01,1.000000000000000000e+00
0.000000000000000000e+00,1.538000000000000000e+03,1.538000000000000078e+01,1.200000000000000000e+01,-4.091435152629173899e+00,5.847217460756534813e+00,1.299845885379872223e+00,-1.541146201278209560e-04,1.328943976514072867e-01,1.000000000000000000e+00
0.000000000000000000e+00,1.539000000000000000e+03,1.539000000000000057e+01,1.200000000000000000e+01,-4.091205439498612151e+00,5.847374846290826156e+00,1.300474828063257871e+00,4.748280632578261162e-04,1.328943976514072867e-01,1.000000000000000000e+00
0.000000000000000000e+00,1.540000000000000000e+03,1.540000000000000036e+01,1.199371255253967838e+01,-4.099806173306436818e+00,5.841489739004972925e+00,1.300497348823796750e+00,4.973488237967060854e-04,1.328987789059941915e-01,0.000000000000000000e+00
0.000000000000000000e+00,1.541000000000000000e+03,1.541000000000000014e+01,1.200000000000000000e+01,-4.094172997909291567e+00,5.845344115341125857e+00,1.299058233395313122e+00,-9.417666046869221930e-04,1.328987789059941915e-01,1.000000000000000000e+00
0.000000000000000000e+00,1.542000000000000000e+03,1.541999999999999993e+01,1.199852801172621142e+01,-4.099318187553579129e+00,5.841823587984069199e+00,1.300206505656406275e+00,2.065056564062306421e-04,1.328987789059941915e-01,0.000000000000000000e+00
0.000000000000000000e+00,1.543000000000000000e+03,1.542999999999999972e+01,1.200000000000000000e+01,-4.097841559878622419e+00,5.842833934876042967e+00,1.299562624208011385e+00,-4.373757919886589463e-04,1.328987789059941915e-01,1.000000000000000000e+00
0.000000000000000000e+00,1.544000000000000000e+03,1.543999999999999950e+01,1.200000000000000000e+01,-4.091437705682129611e+00,5.847215722050205677e+00,1.299846910025092672e+00,-1.530899749073721949e-04,1.328987789059941915e-01,1.000000000000000000e+00
0.000000000000000000e+00,1.545000000000000000e+03,1.545000000000000107e+01,1.200000000000000000e+01,-4.091200603342488584e+00,5.847378163608343726e+00,1.300474578243129731e+00,4.745782431296863280e-04,1.328987789059941915e-01,1.000000000000000000e+00
0.000000000000000000e+00,1.546000000000000000e+03,1.546000000000000085e+01,1.199371303348914175e+01,-4.099801101705942585e+00,5.841493217124115844e+00,1.300497823128136776e+00,4.978231281367317962e-04,1.328987789059941915e-01,0.000000000000000000e+00
0.000000000000000000e+00,1.547000000000000000e+03,1.547000000000000064e+01,1.200000000000000000e+01,-4.094166931199092474e+00,5.845348274478163297e+00,1.299058776686675909e+00,-9.412233133241354466e-04,1.328987789059941915e-01,1.000000000000000000e+00
0.000000000000000000e+00,1.548000000000000000e+03,1.548000000000000043e+01,1.199852235179175075e+01,-4.099316237857507872e+00,5.841824929799542154e+00,1.300207100632773560e+00,2.071006327735158692e-04,1.328987789059941915e-01,0.000000000000000000e+00
0.000000000000000000e+00,1.549000000000000000e+03,1.549000000000000021e+01,1.200000000000000000e+01,-4.097831290487301992e+00,5.842840969190099543e+00,1.299562279192504111e+00,-4.377208074959337836e-04,1.328987789059941915e-01,1.000000000000000000e+00
0.000000000000000000e+00,1.550000000000000000e+03,1.550000000000000000e+01,1.200000000000000000e+01,-4.091440238822626085e+00,5.847213996905397337e+00,1.299847917079045567e+00,-1.520829209544771743e-04,1.328987789059941915e-01,1.000000000000000000e+00
0.000000000000000000e+00,1.551000000000000000e+03,1.550999999999999979e+01,1.200000000000000000e+01,-4.091195816647896777e+00,5.847381447019829537e+00,1.300474330371460541e+00,4.743303714604962806e-04,1.328987789059941915e-01,1.000000000000000000e+00
0.000000000000000000e+00,1.552000000000000000e+03,1.551999999999999957e+01,1.199371354367559661e+01,-4.099796057916049286e+00,5.841496676155226275e+00,1.300498292582414228e+00,4.982925824141837268e-04,1.328987789059941915e-01,0.000000000000000000e+00
0.000000000000000000e+00,1.553000000000000000e+03,1.553000000000000114e+01,1.200000000000000000e+01,-4.094160920893377131e+00,5.845352394961868647e+00,1.299059320020401476e+00,-9.406799795985687496e-04,1.328987789059941915e-01,1.000000000000000000e+00
0.000000000000000000e+00,1.554000000000000000e+03,1.554000000000000092e+01,1.199851678693415913e+01,-4.099314276381648803e+00,5.841826279618824280e+00,1.300207690077967548e+00,2.076900779675039388e-04,1.328987789059941915e-01,0.000000000000000000e+00
0.000000000000000000e+00,1.555000000000000000e+03,1.555000000000000071e+01,1.200000000000000000e+01,-4.097821142200498201e+00,5.842847920586199173e+00,1.299561944341810271e+00,-4.380556581897732116e-04,1.328987789059941915e-01,1.000000000000000000e+00
0.000000000000000000e+00,1.556000000000000000e+03,1.556000000000000050e+01,1.200000000000000000e+01,-4.091442769867991380e+00,5.847212273132006644e+00,1.299848912258188438e+00,-1.510877418116063353e-04,1.328987789059941915e-01,1.000000000000000000e+00
0.000000000000000000e+00,1.557000000000000000e+03,1.557000000000000028e+01,1.200000000000000000e+01,-4.091191056979216256e+00,5.847384711876999042e+00,1.300474082702240519e+00,4.740827022404747737e-04,1.328987789059941915e-01,1.000000000000000000e+00
0.000000000000000000e+00,1.558000000000000000e+03,1.558000000000000007e+01,1.199371405343865860e+01,-4.099791040872920789e+00,5.841500116825125488e+00,1.300498759385282366e+00,4.987593852823213325e-04,1.328987789059941915e-01,0.000000000000000000e+00
0.000000000000000000e+00,1.559000000000000000e+03,1.558999999999999986e+01,1.200000000000000000e+01,-4.094154947085926644e+00,5.845356490411833583e+00,1.299059860688309254e+00,-9.401393116907907910e-04,1.328987789059941915e-01,1.000000000000000000e+00
0.000000000000000000e+00,1.560000000000000000e+03,1.559999999999999964e+01,1.199851128605132189e+01,-4.099312322693991817e+00,5.841827624051277645e+00,1.300208275942991154e+00,2.082759429911096305e-04,1.328968341247724061e-01,0.000000000000000000e+00
0.000000000000000000e+00,1.561000000000000000e+03,1.561000000000000121e+01,1.200000000000000000e+01,-4.097811094071955651e+00,5.842854803394168073e+00,1.299561614789124242e+00,-4.383852108758024002e-04,1.328968341247724061e-01,1.000000000000000000e+00
0.000000000000000000e+00,1.562000000000000000e+03,1.562000000000000099e+01,1.200000000000000000e+01,-4.091445322198729251e+00,5.847210534731425824e+00,1.299849897615768857e+00,-1.501023842311877132e-04,1.328968341247724061e-01,1.000000000000000000e+00
0.000000000000000000e+00,1.563000000000000000e+03,1.563000000000000078e+01,1.200000000000000000e+01,-4.091186334655317225e+00,5.847387951119200622e+00,1.300473832944172070e+00,4.738329441720257051e-04,1.328968341247724061e-01,1.000000000000000000e+00
0.000000000000000000e+00,1.564000000000000000e+03,1.564000000000000057e+01,1.199371458713608440e+01,-4.099786060921690733e+00,5.841503532056304238e+00,1.300499222525520970e+00,4.992225255209259416e-04,1.328968341247724061e-01,0.000000000000000000e+00
0.000000000000000000e+00,1.565000000000000000e+03,1.565000000000000036e+01,1.200000000000000000e+01,-4.094149038469530488e+00,5.845360541195724124e+00,1.299060399985685343e+00,-9.396000143147009709e-04,1.328968341247724061e-01,1.000000000000000000e+00
0.000000000000000000e+00,1.566000000000000000e+03,1.566000000000000014e+01,1.199850588758692105e+01,-4.099310343515376154e+00,5.841828985868694701e+00,1.300208855415611264e+00,2.088554156112198967e-04,1.328968341247724061e-01,0.000000000000000000e+00
0.000000000000000000e+00,1.567000000000000000e+03,1.566999999999999993e+01,1.200000000000000000e+01,-4.097801164093037407e+00,5.842861605306045369e+00,1.299561297441487184e+00,-4.387025585128601080e-04,1.328968341247724061e-01,1.000000000000000000e+00
0.000000000000000000e+00,1.568000000000000000e+03,1.567999999999999972e+01,1.200000000000000000e+01,-4.091447861796268626e+00,5.847208804981414154e+00,1.299850871388235518e+00,-1.491286117645262976e-04,1.328968341247724061e-01,1.000000000000000000e+00
0.000000000000000000e+00,1.569000000000000000e+03,1.568999999999999950e+01,1.200000000000000000e+01,-4.091181628733073339e+00,5.847391179076269374e+00,1.300473584431093066e+00,4.735844310930215073e-04,1.328968341247724061e-01,1.000000000000000000e+00
0.000000000000000000e+00,1.570000000000000000e+03,1.570000000000000107e+01,1.199371509626918275e+01,-4.099781096920923851e+00,5.841506936312066856e+00,1.300499684055501870e+00,4.996840555018255969e-04,1.328968341247724061e-01,0.000000000000000000e+00
0.000000000000000000e+00,1.571000000000000000e+03,1.571000000000000085e+01,1.200000000000000000e+01,-4.094143137065147542e+00,5.845364586983887278e+00,1.299060935386707083e+00,-9.390646132929614254e-04,1.328968341247724061e-01,1.000000000000000000e+00
0.000000000000000000e+00,1.572000000000000000e+03,1.572000000000000064e+01,1.199850048220470811e+01,-4.099308376266483478e+00,5.841830339463307098e+00,1.300209434178423606e+00,2.094341784235620452e-04,1.328968341247724061e-01,0.000000000000000000e+00
0.000000000000000000e+00,1.573000000000000000e+03,1.573000000000000043e+01,1.200000000000000000e+01,-4.097791255670979460e+00,5.842868392409100053e+00,1.299560978265583921e+00,-4.390217344161229107e-04,1.328968341247724061e-01,1.000000000000000000e+00
0.000000000000000000e+00,1.574000000000000000e+03,1.574000000000000021e+01,1.200000000000000000e+01,-4.091450468543525787e+00,5.847207029224515296e+00,1.299851843044321331e+00,-1.481569556787132314e-04,1.328968341247724061e-01,1.000000000000000000e+00
0.000000000000000000e+00,1.575000000000000000e+03,1.575000000000000000e+01,1.200000000000000000e+01,-4.091176950633284015e+00,5.847394387936355464e+00,1.300473329334670858e+00,4.733293346708133953e-04,1.328968341247724061e-01,1.000000000000000000e+00
0.000000000000000000e+00,1.576000000000000000e+03,1.575999999999999979e+01,1.199371560668712711e+01,-4.099776159243178952e+00,5.841510322498939978e+00,1.300500142856139574e+00,5.001428561395293571e-04,1.328968341247724061e-01,0.000000000000000000e+00
0.000000000000000000e+00,1.577000000000000000e+03,1.576999999999999957e+01,1.200000000000000000e+01,-4.094137272533129313e+00,5.845368607484686230e+00,1.299061468325543700e+00,-9.385316744563443336e-04,1.328968341247724061e-01,1.000000000000000000e+00
0.000000000000000000e+00,1.578000000000000000e+03,1.578000000000000114e+01,1.199849513096138054e+01,-4.099306406962131888e+00,5.841831694408536890e+00,1.300210009324494154e+00,2.100093244941092507e-04,1.328968341247724061e-01,0.000000000000000000e+00
0.000000000000000000e+00,1.579000000000000000e+03,1.579000000000000092e+01,1.200000000000000000e+01,-4.097781427651202790e+00,5.842875124444105950e+00,1.299560664420503997e+00,-4.393355794960474014e-04,1.328968341247724061e-01,1.000000000000000000e+00
0.000000000000000000e+00,1.580000000000000000e+03,1.580000000000000071e+01,1.200000000000000000e+01,-4.091453110199822163e+00,5.847205229522255188e+00,1.299852806815658735e+00,-1.471931843413099017e-04,1.328944642963069411e-01,1.000000000000000000e+00
0.000000000000000000e+00,1.581000000000000000e+03,1.581000000000000050e+01,1.200000000000000000e+01,-4.091172311721433807e+00,5.847397569924138061e+00,1.300473070814471388e+00,4.730708144713435814e-04,1.328944642963069411e-01,1.000000000000000000e+00
0.000000000000000000e+00,1.582000000000000000e+03,1.582000000000000028e+01,1.199371614637819405e+01,-4.099771260506067883e+00,5.841513681986088002e+00,1.300500597813679882e+00,5.005978136798372446e-04,1.328944642963069411e-01,0.000000000000000000e+00
0.000000000000000000e+00,1.583000000000000000e+03,1.583000000000000007e+01,1.200000000000000000e+01,-4.094131478802759183e+00,5.845372579484188869e+00,1.299062000218994761e+00,-9.379997810052831397e-04,1.328944642963069411e-01,1.000000000000000000e+00
0.000000000000000000e+00,1.584000000000000000e+03,1.583999999999999986e+01,1.199848991578987167e+01,-4.099304431975795637e+00,5.841833053189242619e+00,1.300210577528472022e+00,2.105775284719779705e-04,1.328944642963069411e-01,0.000000000000000000e+00
0.000000000000000000e+00,1.585000000000000000e+03,1.584999999999999964e+01,1.200000000000000000e+01,-4.097771770542987468e+00,5.842881739485187076e+00,1.299560364028686577e+00,-4.396359713134678771e-04,1.328944642963069411e-01,1.000000000000000000e+00
0.000000000000000000e+00,1.586000000000000000e+03,1.586000000000000121e+01,1.200000000000000000e+01,-4.091455693751379741e+00,5.847203469515925178e+00,1.299853753829880443e+00,-1.462461701196016151e-04,1.328944642963069411e-01,1.000000000000000000e+00
0.000000000000000000e+00,1.587000000000000000e+03,1.587000000000000099e+01,1.200000000000000000e+01,-4.091167685535184617e+00,5.847400743141971446e+00,1.300472817985601548e+00,4.728179856015035654e-04,1.328944642963069411e-01,1.000000000000000000e+00
0.000000000000000000e+00,1.588000000000000000e+03,1.588000000000000078e+01,1.199371665501400486e+01,-4.099766374888599962e+00,5.841517032434349055e+00,1.300501051521203211e+00,5.010515212031663168e-04,1.328944642963069411e-01,0.000000000000000000e+00
0.000000000000000000e+00,1.589000000000000000e+03,1.589000000000000057e+01,1.200000000000000000e+01,-4.094125684411489274e+00,5.845376551874666760e+00,1.299062527878184437e+00,-9.374721218156079061e-04,1.328944642963069411e-01,1.000000000000000000e+00
0.000000000000000000e+00,1.590000000000000000e+03,1.590000000000000036e+01,1.199848466497680199e+01,-4.099302460562467942e+00,5.841834409464230049e+00,1.300211145794250900e+00,2.111457942508554453e-04,1.328944642963069411e-01,0.000000000000000000e+00
0.000000000000000000e+00,1.591000000000000000e+03,1.591000000000000014e+01,1.200000000000000000e+01,-4.097762094996956428e+00,5.842888367082575307e+00,1.299560059905103149e+00,-4.399400948968956726e-04,1.328944642963069411e-01,1.000000000000000000e+00
0.000000000000000000e+00,1.592000000000000000e+03,1.591999999999999993e+01,1.200000000000000000e+01,-4.091458372478926186e+00,5.847201644328013259e+00,1.299854702648356231e+00,-1.452973516438138546e-04,1.328944642963069411e-01,1.000000000000000000e+00
0.000000000000000000e+00,1.593000000000000000e+03,1.592999999999999972e+01,1.200000000000000000e+01,-4.091163087066002291e+00,5.847403897337132506e+00,1.300472555826937882e+00,4.725558269378371534e-04,1.328944642963069411e-01,1.000000000000000000e+00
0.000000000000000000e+00,1.594000000000000000e+03,1.593999999999999950e+01,1.199371716543323529e+01,-4.099761515139823231e+00,5.841520365126753767e+00,1.300501502509822771e+00,5.015025098227265943e-04,1.328944642963069411e-01,0.000000000000000000e+00
0.000000000000000000e+00,1.595000000000000000e+03,1.595000000000000107e+01,1.200000000000000000e+01,-4.094119926480036753e+00,5.845380499262196494e+00,1.299063053167120563e+00,-9.369468328794816614e-04,1.328944642963069411e-01,1.000000000000000000e+00
0.000000000000000000e+00,1.596000000000000000e+03,1.596000000000000085e+01,1.199847946714389479e+01,-4.099300487506263302e+00,5.841835766809619024e+00,1.300211710483867300e+00,2.117104838672556610e-04,1.328944642963069411e-01,0.000000000000000000e+00
0.000000000000000000e+00,1.597000000000000000e+03,1.597000000000000064e+01,1.200000000000000000e+01,-4.097752498001265842e+00,5.842894940881083521e+00,1.299559760962157196e+00,-4.402390378428489015e-04,1.328944642963069411e-01,1.000000000000000000e+00
0.000000000000000000e+00,1.598000000000000000e+03,1.598000000000000043e+01,1.200000000000000000e+01,-4.091461072733550530e+00,5.847199804353196306e+00,1.299855643763774493e+00,-1.443562362255512710e-04,1.328944642963069411e-01,1.000000000000000000e+00
0.000000000000000000e+00,1.599000000000000000e+03,1.599000000000000021e+01,1.200000000000000000e+01,-4.091158514670983237e+00,5.847407033634273610e+00,1.300472291556017179e+00,4.722915560171347948e-04,1.328944642963069411e-01,1.000000000000000000e+00
0.000000000000000000e+00,1.600000000000000000e+03,1.600000000000000000e+01,1.199371765239360599e+01,-4.099756658533574516e+00,5.841523695612893086e+00,1.300501950940530893e+00,5.019509405308486549e-04,1.328988103130630538e-01,0.000000000000000000e+00
0.000000000000000000e+00,1.601000000000000000e+03,1.601000000000000156e+01,1.200000000000000000e+01,-4.094114159418662524e+00,5.845384452841902778e+00,1.299063575920754499e+00,-9.364240792455458262e-04,1.328988103130630538e-01,1.000000000000000000e+00
0.000000000000000000e+00,1.602000000000000000e+03,1.601999999999999957e+01,1.199847420620868910e+01,-4.099298511658131083e+00,5.841837126010033465e+00,1.300212276065595196e+00,2.122760655951516640e-04,1.328988103130630538e-01,0.000000000000000000e+00
0.000000000000000000e+00,1.603000000000000000e+03,1.603000000000000114e+01,1.200000000000000000e+01,-4.097742846009543527e+00,5.842901552255992392e+00,1.299559456308636562e+00,-4.405436913634819263e-04,1.328988103130630538e-01,1.000000000000000000e+00
0.000000000000000000e+00,1.604000000000000000e+03,1.603999999999999915e+01,1.200000000000000000e+01,-4.091463874835818082e+00,5.847197894639332816e+00,1.299856590267485901e+00,-1.434097325141436841e-04,1.328988103130630538e-01,1.000000000000000000e+00
0.000000000000000000e+00,1.605000000000000000e+03,1.605000000000000071e+01,1.200000000000000000e+01,-4.091153947152219139e+00,5.847410166543807186e+00,1.300472017301848027e+00,4.720173018479822957e-04,1.328988103130630538e-01,1.000000000000000000e+00
0.000000000000000000e+00,1.606000000000000000e+03,1.605999999999999872e+01,1.199371813462482272e+01,-4.099751848928400833e+00,5.841526993889364583e+00,1.300502398890937883e+00,5.023988909378385159e-04,1.328988103130630538e-01,0.000000000000000000e+00
0.000000000000000000e+00,1.607000000000000000e+03,1.607000000000000028e+01,1.200000000000000000e+01,-4.094108452483334659e+00,5.845388365229689853e+00,1.299064093614611171e+00,-9.359063853888738294e-04,1.328988103130630538e-01,1.000000000000000000e+00
0.000000000000000000e+00,1.608000000000000000e+03,1.608000000000000185e+01,1.199846906948747360e+01,-4.099296545453897878e+00,5.841838478563879278e+00,1.300212835751829665e+00,2.128357518296208895e-04,1.328988103130630538e-01,0.000000000000000000e+00
0.000000000000000000e+00,1.609000000000000000e+03,1.608999999999999986e+01,1.200000000000000000e+01,-4.097733362135634216e+00,5.842908048552279077e+00,1.299559162481957353e+00,-4.408375180426915563e-04,1.328988103130630538e-01,1.000000000000000000e+00
0.000000000000000000e+00,1.610000000000000000e+03,1.610000000000000142e+01,1.200000000000000000e+01,-4.091466650081214240e+00,5.847196003244796714e+00,1.299857520288173918e+00,-1.424797118261267315e-04,1.328988103130630538e-01,1.000000000000000000e+00
0.000000000000000000e+00,1.611000000000000000e+03,1.610999999999999943e+01,1.200000000000000000e+01,-4.091149426815499979e+00,5.847413267113041435e+00,1.300471745676957447e+00,4.717456769574024378e-04,1.328988103130630538e-01,1.000000000000000000e+00
0.000000000000000000e+00,1.612000000000000000e+03,1.612000000000000099e+01,1.199371864507632601e+01,-4.099747065619209430e+00,5.841530274119964616e+00,1.300502842214984689e+00,5.028422149846445421e-04,1.328988103130630538e-01,0.000000000000000000e+00
0.000000000000000000e+00,1.613000000000000000e+03,1.612999999999999901e+01,1.200000000000000000e+01,-4.094102798863850978e+00,5.845392241083249729e+00,1.299064611403258240e+00,-9.353885967418040792e-04,1.328988103130630538e-01,1.000000000000000000e+00
0.000000000000000000e+00,1.614000000000000000e+03,1.614000000000000057e+01,1.199846401991375444e+01,-4.099294570033320539e+00,5.841839837373079547e+00,1.300213390209896236e+00,2.133902098961915073e-04,1.328988103130630538e-01,0.000000000000000000e+00
0.000000000000000000e+00,1.615000000000000000e+03,1.614999999999999858e+01,1.200000000000000000e+01,-4.097723989067870498e+00,5.842914468982356446e+00,1.299558877817412306e+00,-4.411221825877387204e-04,1.328988103130630538e-01,1.000000000000000000e+00
0.000000000000000000e+00,1.616000000000000000e+03,1.616000000000000014e+01,1.200000000000000000e+01,-4.091469419089455606e+00,5.847194116061933400e+00,1.299858439443933644e+00,-1.415605560664001672e-04,1.328988103130630538e-01,1.000000000000000000e+00
0.000000000000000000e+00,1.617000000000000000e+03,1.617000000000000171e+01,1.200000000000000000e+01,-4.091144931433988496e+00,5.847416350550831865e+00,1.300471474660698235e+00,4.714746606981901067e-04,1.328988103130630538e-01,1.000000000000000000e+00
0.000000000000000000e+00,1.618000000000000000e+03,1.617999999999999972e+01,1.199371915449069803e+01,-4.099742307462626023e+00,5.841533537085947358e+00,1.300503283090869378e+00,5.032830908693330940e-04,1.328988103130630538e-01,0.000000000000000000e+00
0.000000000000000000e+00,1.619000000000000000e+03,1.619000000000000128e+01,1.200000000000000000e+01,-4.094097178855413688e+00,5.845396093884376754e+00,1.299065126624499467e+00,-9.348733755005778079e-04,1.328988103130630538e-01,1.000000000000000000e+00
0.000000000000000000e+00,1.620000000000000000e+03,1.619999999999999929e+01,1.199845902738200465e+01,-4.099292604404027429e+00,5.841841189430432735e+00,1.300213941371037851e+00,2.139413710378068600e-04,1.328968724026677040e-01,0.000000000000000000e+00
0.000000000000000000e+00,1.621000000000000000e+03,1.621000000000000085e+01,1.200000000000000000e+01,-4.097714707010656987e+00,5.842920827088765812e+00,1.299558597597638254e+00,-4.414024023617901804e-04,1.328968724026677040e-01,1.000000000000000000e+00
0.000000000000000000e+00,1.622000000000000000e+03,1.621999999999999886e+01,1.200000000000000000e+01,-4.091472205609157697e+00,5.847192216840175760e+00,1.299859349675266840e+00,-1.406503247332047124e-04,1.328968724026677040e-01,1.000000000000000000e+00
0.000000000000000000e+00,1.623000000000000000e+03,1.623000000000000043e+01,1.200000000000000000e+01,-4.091140471250407806e+00,5.847419409848527927e+00,1.300471201925704534e+00,4.712019257044897103e-04,1.328968724026677040e-01,1.000000000000000000e+00
0.000000000000000000e+00,1.624000000000000000e+03,1.624000000000000199e+01,1.199371968701821345e+01,-4.099737584818026193e+00,5.841536775699947448e+00,1.300503720514767370e+00,5.037205147673251560e-04,1.328968724026677040e-01,0.000000000000000000e+00
0.000000000000000000e+00,1.625000000000000000e+03,1.625000000000000000e+01,1.200000000000000000e+01,-4.094091621026273664e+00,5.845399904085832432e+00,1.299065640552537371e+00,-9.343594474626737423e-04,1.328968724026677040e-01,1.000000000000000000e+00
0.000000000000000000e+00,1.626000000000000000e+03,1.626000000000000156e+01,1.199845412941484035e+01,-4.099290615924624959e+00,5.841842557071244890e+00,1.300214486435270489e+00,2.144864352704445309e-04,1.328968724026677040e-01,0.000000000000000000e+00
0.000000000000000000e+00,1.627000000000000000e+03,1.626999999999999957e+01,1.200000000000000000e+01,-4.097705532915666637e+00,5.842927111274822671e+00,1.299558328579780042e+00,-4.416714202200022754e-04,1.328968724026677040e-01,1.000000000000000000e+00
0.000000000000000000e+00,1.628000000000000000e+03,1.628000000000000114e+01,1.200000000000000000e+01,-4.091474975579057372e+00,5.847190328886480160e+00,1.299860249320496264e+00,-1.397506795037806171e-04,1.328968724026677040e-01,1.000000000000000000e+00
0.000000000000000000e+00,1.629000000000000000e+03,1.628999999999999915e+01,1.200000000000000000e+01,-4.091136025501544538e+00,5.847422459212885393e+00,1.300470930809978221e+00,4.709308099781761570e-04,1.328968724026677040e-01,1.000000000000000000e+00
0.000000000000000000e+00,1.630000000000000000e+03,1.630000000000000071e+01,1.199372019458130367e+01,-4.099732876538157100e+00,5.841540004429297106e+00,1.300504156521434584e+00,5.041565214345400392e-04,1.328968724026677040e-01,0.000000000000000000e+00
0.000000000000000000e+00,1.631000000000000000e+03,1.630999999999999872e+01,1.200000000000000000e+01,-4.094086067702074949e+00,5.845403711149550929e+00,1.299066150702062661e+00,-9.338492979373835823e-04,1.328968724026677040e-01,1.000000000000000000e+00
0.000000000000000000e+00,1.632000000000000000e+03,1.632000000000000028e+01,1.199844921890495897e+01,-4.099288640688330432e+00,5.841843915596101944e+00,1.300215031055300674e+00,2.150310553006296033e-04,1.328968724026677040e-01,0.000000000000000000e+00
0.000000000000000000e+00,1.633000000000000000e+03,1.633000000000000185e+01,1.200000000000000000e+01,-4.097696372842912993e+00,5.842933385812792757e+00,1.299558057071958039e+00,-4.419429280420050787e-04,1.328968724026677040e-01,1.000000000000000000e+00
0.000000000000000000e+00,1.634000000000000000e+03,1.633999999999999986e+01,1.200000000000000000e+01,-4.091477812356124844e+00,5.847188395166082131e+00,1.299861147588285970e+00,-1.388524117140743641e-04,1.328968724026677040e-01,1.000000000000000000e+00
0.000000000000000000e+00,1.635000000000000000e+03,1.635000000000000142e+01,1.200000000000000000e+01,-4.091131605424810580e+00,5.847425490957292915e+00,1.300470653144726541e+00,4.706531447264961088e-04,1.328968724026677040e-01,1.000000000000000000e+00
0.000000000000000000e+00,1.636000000000000000e+03,1.635999999999999943e+01,1.199372070267797596e+01,-4.099728193006105137e+00,5.841543216173064046e+00,1.300504590009762929e+00,5.045900097628841507e-04,1.328968724026677040e-01,0.000000000000000000e+00
0.000000000000000000e+00,1.637000000000000000e+03,1.637000000000000099e+01,1.200000000000000000e+01,-4.094080548321669788e+00,5.845407494935192183e+00,1.299066658472907809e+00,-9.333415270922351681e-04,1.328968724026677040e-01,1.000000000000000000e+00
0.000000000000000000e+00,1.638000000000000000e+03,1.637999999999999901e+01,1.199844435569487366e+01,-4.099286665348573777e+00,5.841845274141205024e+00,1.300215572345909898e+00,2.155723459098535244e-04,1.328968724026677040e-01,0.000000000000000000e+00
0.000000000000000000e+00,1.639000000000000000e+03,1.639000000000000057e+01,1.200000000000000000e+01,-4.097687284236128491e+00,5.842939611402244715e+00,1.299557790055594575e+00,-4.422099444054694573e-04,1.328968724026677040e-01,1.000000000000000000e+00
0.000000000000000000e+00,1.640000000000000000e+03,1.639999999999999858e+01,1.200000000000000000e+01,-4.091480681447229095e+00,5.847186439281623294e+00,1.299862038847698242e+00,-1.379611523018020591e-04,1.328945258562877763e-01,1.000000000000000000e+00
0.000000000000000000e+00,1.641000000000000000e+03,1.641000000000000014e+01,1.200000000000000000e+01,-4.091127222322085366e+00,5.847428497349837606e+00,1.300470372310253975e+00,4.703723102539303369e-04,1.328945258562877763e-01,1.000000000000000000e+00
0.000000000000000000e+00,1.642000000000000000e+03,1.642000000000000171e+01,1.199372123901475362e+01,-4.099723546772209737e+00,5.841546402346318168e+00,1.300505019872249424e+00,5.050198722493792758e-04,1.328945258562877763e-01,0.000000000000000000e+00
0.000000000000000000e+00,1.643000000000000000e+03,1.642999999999999972e+01,1.200000000000000000e+01,-4.094075096533859259e+00,5.845411232420616443e+00,1.299067165261718948e+00,-9.328347382810964206e-04,1.328945258562877763e-01,1.000000000000000000e+00
0.000000000000000000e+00,1.644000000000000000e+03,1.644000000000000128e+01,1.199843962018186438e+01,-4.099284686887074258e+00,5.841846634775099467e+00,1.300216107009217303e+00,2.161070092172590051e-04,1.328945258562877763e-01,0.000000000000000000e+00
0.000000000000000000e+00,1.645000000000000000e+03,1.644999999999999929e+01,1.200000000000000000e+01,-4.097678355770574044e+00,5.842945727372024223e+00,1.299557535447875445e+00,-4.424645521245995639e-04,1.328945258562877763e-01,1.000000000000000000e+00
0.000000000000000000e+00,1.646000000000000000e+03,1.646000000000000085e+01,1.200000000000000000e+01,-4.091483486464223773e+00,5.847184527183370228e+00,1.299862914406131109e+00,-1.370855938689352627e-04,1.328945258562877763e-01,1.000000000000000000e+00
0.000000000000000000e+00,1.647000000000000000e+03,1.646999999999999886e+01,1.200000000000000000e+01,-4.091122850195553440e+00,5.847431496175174104e+00,1.300470097752371323e+00,4.700977523712790429e-04,1.328945258562877763e-01,1.000000000000000000e+00
0.000000000000000000e+00,1.648000000000000000e+03,1.648000000000000043e+01,1.199372174425987758e+01,-4.099718912175017493e+00,5.841549580500927874e+00,1.300505448656422480e+00,5.054486564224358602e-04,1.328945258562877763e-01,0.000000000000000000e+00
0.000000000000000000e+00,1.649000000000000000e+03,1.649000000000000199e+01,1.200000000000000000e+01,-4.094069641765335277e+00,5.845414971889838718e+00,1.299067667958513805e+00,-9.323320414862390493e-04,1.328945258562877763e-01,1.000000000000000000e+00
0.000000000000000000e+00,1.650000000000000000e+03,1.650000000000000000e+01,1.199843484463529997e+01,-4.099282713021474400e+00,5.841847992208726303e+00,1.300216641961978947e+00,2.166419619789028417e-04,1.328945258562877763e-01,0.000000000000000000e+00
0.000000000000000000e+00,1.651000000000000000e+03,1.651000000000000156e+01,1.200000000000000000e+01,-4.097669402770923952e+00,5.842951860074553139e+00,1.299557276592009369e+00,-4.427234079906749997e-04,1.328945258562877763e-01,1.000000000000000000e+00
0.000000000000000000e+00,1.652000000000000000e+03,1.651999999999999957e+01,1.200000000000000000e+01,-4.091486387735982611e+00,5.847182549170899080e+00,1.299863792366750648e+00,-1.362076332493966646e-04,1.328945258562877763e-01,1.000000000000000000e+00
0.000000000000000000e+00,1.653000000000000000e+03,1.653000000000000114e+01,1.200000000000000000e+01,-4.091118503612721113e+00,5.847434477470347503e+00,1.300469813759200566e+00,4.698137592005213747e-04,1.328945258562877763e-01,1.000000000000000000e+00
0.000000000000000000e+00,1.654000000000000000e+03,1.653999999999999915e+01,1.199372225047982354e+01,-4.099714301889148871e+00,5.841552741970498452e+00,1.300505874934935413e+00,5.058749349353686142e-04,1.328945258562877763e-01,0.000000000000000000e+00
0.000000000000000000e+00,1.655000000000000000e+03,1.655000000000000071e+01,1.200000000000000000e+01,-4.094064220536087539e+00,5.845418688359629300e+00,1.299068168361396269e+00,-9.318316386037750476e-04,1.328945258562877763e-01,1.000000000000000000e+00
0.000000000000000000e+00,1.656000000000000000e+03,1.655999999999999872e+01,1.199843011540275839e+01,-4.099280739351011782e+00,5.841849349460102481e+00,1.300217173625056954e+00,2.171736250569100690e-04,1.328945258562877763e-01,0.000000000000000000e+00
0.000000000000000000e+00,1.657000000000000000e+03,1.657000000000000028e+01,1.200000000000000000e+01,-4.097660519642790433e+00,5.842957944921290725e+00,1.299557022104980586e+00,-4.429778950194585008e-04,1.328945258562877763e-01,1.000000000000000000e+00
0.000000000000000000e+00,1.658000000000000000e+03,1.658000000000000185e+01,1.200000000000000000e+01,-4.091489308242848288e+00,5.847180557945195645e+00,1.299864663475399196e+00,-1.353365246008486622e-04,1.328945258562877763e-01,1.000000000000000000e+00
0.000000000000000000e+00,1.659000000000000000e+03,1.658999999999999986e+01,1.200000000000000000e+01,-4.091114181090138580e+00,5.847437442250826400e+00,1.300469527878635789e+00,4.695278786357448553e-04,1.328945258562877763e-01,1.000000000000000000e+00
0.000000000000000000e+00,1.660000000000000000e+03,1.660000000000000142e+01,1.199372273280867773e+01,-4.099709693356000884e+00,5.841555902189917049e+00,1.300506298853152387e+00,5.062988531523426872e-04,1.328988399833120615e-01,0.000000000000000000e+00
0.000000000000000000e+00,1.661000000000000000e+03,1.660999999999999943e+01,1.200000000000000000e+01,-4.094058787719075276e+00,5.845422412708466631e+00,1.299068666324472598e+00,-9.313336755274459478e-04,1.328988399833120615e-01,1.000000000000000000e+00
0.000000000000000000e+00,1.662000000000000000e+03,1.662000000000000099e+01,1.199842531871612294e+01,-4.099278763819129701e+00,5.841850707934775677e+00,1.300217706421441743e+00,2.177064214416990495e-04,1.328988399833120615e-01,0.000000000000000000e+00
0.000000000000000000e+00,1.663000000000000000e+03,1.662999999999999901e+01,1.200000000000000000e+01,-4.097651575591631179e+00,5.842964071404675330e+00,1.299556761403816596e+00,-4.432385961834484078e-04,1.328988399833120615e-01,1.000000000000000000e+00
0.000000000000000000e+00,1.664000000000000000e+03,1.664000000000000057e+01,1.200000000000000000e+01,-4.091492333968453465e+00,5.847178494678886729e+00,1.299865540553597487e+00,-1.344594464025572478e-04,1.328988399833120615e-01,1.000000000000000000e+00
0.000000000000000000e+00,1.665000000000000000e+03,1.664999999999999858e+01,1.200000000000000000e+01,-4.091109861459902852e+00,5.847440405006195441e+00,1.300469231684678428e+00,4.692316846783839424e-04,1.328988399833120615e-01,1.000000000000000000e+00
0.000000000000000000e+00,1.666000000000000000e+03,1.666000000000000014e+01,1.199372320980695505e+01,-4.099705130029454025e+00,5.841559031432346671e+00,1.300506722485756939e+00,5.067224857568941587e-04,1.328988399833120615e-01,0.000000000000000000e+00
0.000000000000000000e+00,1.667000000000000000e+03,1.667000000000000171e+01,1.200000000000000000e+01,-4.094053411982767621e+00,5.845426097953935418e+00,1.299069159346971425e+00,-9.308406530286195135e-04,1.328988399833120615e-01,1.000000000000000000e+00
0.000000000000000000e+00,1.668000000000000000e+03,1.667999999999999972e+01,1.199842063864046082e+01,-4.099276800037023882e+00,5.841852058326584718e+00,1.300218233621026176e+00,2.182336210261315301e-04,1.328988399833120615e-01,0.000000000000000000e+00
0.000000000000000000e+00,1.669000000000000000e+03,1.669000000000000128e+01,1.200000000000000000e+01,-4.097642789785274076e+00,5.842970089569234027e+00,1.299556510602597914e+00,-4.434893974021303364e-04,1.328988399833120615e-01,1.000000000000000000e+00
0.000000000000000000e+00,1.670000000000000000e+03,1.669999999999999929e+01,1.200000000000000000e+01,-4.091495326414268163e+00,5.847176454131960632e+00,1.299866402116971908e+00,-1.335978830281359109e-04,1.328988399833120615e-01,1.000000000000000000e+00
0.000000000000000000e+00,1.671000000000000000e+03,1.671000000000000085e+01,1.200000000000000000e+01,-4.091105586920461334e+00,5.847443336857305773e+00,1.300468938749625325e+00,4.689387496252805931e-04,1.328988399833120615e-01,1.000000000000000000e+00
0.000000000000000000e+00,1.672000000000000000e+03,1.671999999999999886e+01,1.199372371418905736e+01,-4.099700591541525441e+00,5.841562143631025883e+00,1.300507141697142766e+00,5.071416971427211706e-04,1.328988399833120615e-01,0.000000000000000000e+00
0.000000000000000000e+00,1.673000000000000000e+03,1.673000000000000043e+01,1.200000000000000000e+01,-4.094048086735871728e+00,5.845429748604026088e+00,1.299069652528120677e+00,-9.303474718793669496e-04,1.328988399833120615e-01,1.000000000000000000e+00
0.000000000000000000e+00,1.674000000000000000e+03,1.674000000000000199e+01,1.199841603893847086e+01,-4.099274829044561308e+00,5.841853413605903711e+00,1.300218755869731568e+00,2.187558697315239442e-04,1.328988399833120615e-01,0.000000000000000000e+00
0.000000000000000000e+00,1.675000000000000000e+03,1.675000000000000000e+01,1.200000000000000000e+01,-4.097634105953575911e+00,5.842976037914866971e+00,1.299556268124985259e+00,-4.437318750147856150e-04,1.328988399833120615e-01,1.000000000000000000e+00
0.000000000000000000e+00,1.676000000000000000e+03,1.676000000000000156e+01,1.200000000000000000e+01,-4.091498308885187285e+00,5.847174420359433356e+00,1.299867253681491253e+00,-1.327463185087918163e-04,1.328988399833120615e-01,1.000000000000000000e+00
0.000000000000000000e+00,1.677000000000000000e+03,1.676999999999999957e+01,1.200000000000000000e+01,-4.091101335414683682e+00,5.847446252896903118e+00,1.300468646789768146e+00,4.686467897681012573e-04,1.328988399833120615e-01,1.000000000000000000e+00
0.000000000000000000e+00,1.678000000000000000e+03,1.678000000000000114e+01,1.199372421703641223e+01,-4.099696076676226042e+00,5.841565239616913985e+00,1.300507558648930306e+00,5.075586489302619242e-04,1.328988399833120615e-01,0.000000000000000000e+00
0.000000000000000000e+00,1.679000000000000000e+03,1.678999999999999915e+01,1.200000000000000000e+01,-4.094042792437817546e+00,5.845433378028189964e+00,1.299070143244923425e+00,-9.298567550766190237e-04,1.328988399833120615e-01,1.000000000000000000e+00
0.000000000000000000e+00,1.680000000000000000e+03,1.680000000000000071e+01,1.199841149035070664e+01,-4.099272869362735605e+00,5.841854761098529636e+00,1.300219275082694415e+00,2.192750826943701270e-04,1.328969084410657475e-01,0.000000000000000000e+00
0.000000000000000000e+00,1.681000000000000000e+03,1.680999999999999872e+01,1.200000000000000000e+01,-4.097625505263745360e+00,5.842981929325371304e+00,1.299556029381517153e+00,-4.439706184828917657e-04,1.328969084410657475e-01,1.000000000000000000e+00
0.000000000000000000e+00,1.682000000000000000e+03,1.682000000000000028e+01,1.200000000000000000e+01,-4.091501305529788191e+00,5.847172376837003860e+00,1.299868097093225039e+00,-1.319029067750054907e-04,1.328969084410657475e-01,1.000000000000000000e+00
0.000000000000000000e+00,1.683000000000000000e+03,1.683000000000000185e+01,1.200000000000000000e+01,-4.091097117102828307e+00,5.847449146172683854e+00,1.300468353438478664e+00,4.683534384786192106e-04,1.328969084410657475e-01,1.000000000000000000e+00
0.000000000000000000e+00,1.684000000000000000e+03,1.683999999999999986e+01,1.199372474228998264e+01,-4.099691595806521427e+00,5.841568312293258458e+00,1.300507972345380070e+00,5.079723453800255584e-04,1.328969084410657475e-01,0.000000000000000000e+00
0.000000000000000000e+00,1.685000000000000000e+03,1.685000000000000142e+01,1.200000000000000000e+01,-4.094037557530825211e+00,5.845436966765329423e+00,1.299070632750404464e+00,-9.293672495955807022e-04,1.328969084410657475e-01,1.000000000000000000e+00
0.000000000000000000e+00,1.686000000000000000e+03,1.685999999999999943e+01,1.199840702953850702e+01,-4.099270888936151103e+00,5.841856122738724899e+00,1.300219788472281923e+00,2.197884722818788106e-04,1.328969084410657475e-01,0.000000000000000000e+00
0.000000000000000000e+00,1.687000000000000000e+03,1.687000000000000099e+01,1.200000000000000000e+01,-4.097617003721159890e+00,5.842987752851459327e+00,1.299555800990225496e+00,-4.441990097745485144e-04,1.328969084410657475e-01,1.000000000000000000e+00
0.000000000000000000e+00,1.688000000000000000e+03,1.687999999999999901e+01,1.200000000000000000e+01,-4.091504282247989899e+00,5.847170346898192150e+00,1.299868930783294019e+00,-1.310692167060256708e-04,1.328969084410657475e-01,1.000000000000000000e+00
0.000000000000000000e+00,1.689000000000000000e+03,1.689000000000000057e+01,1.200000000000000000e+01,-4.091092911405337595e+00,5.847452030765774467e+00,1.300468062037599015e+00,4.680620375989708037e-04,1.328969084410657475e-01,1.000000000000000000e+00
0.000000000000000000e+00,1.690000000000000000e+03,1.689999999999999858e+01,1.199372524228273917e+01,-4.099687127781976415e+00,5.841571376129627957e+00,1.300508384803257478e+00,5.083848032574334042e-04,1.328969084410657475e-01,0.000000000000000000e+00
0.000000000000000000e+00,1.691000000000000000e+03,1.691000000000000014e+01,1.200000000000000000e+01,-4.094032324637342235e+00,5.845440554074367689e+00,1.299071118598567498e+00,-9.288814014325463830e-04,1.328969084410657475e-01,1.000000000000000000e+00
0.000000000000000000e+00,1.692000000000000000e+03,1.692000000000000171e+01,1.199840255143227097e+01,-4.099268922661670089e+00,5.841857474645728132e+00,1.300220301662101896e+00,2.203016621018516474e-04,1.328969084410657475e-01,0.000000000000000000e+00
0.000000000000000000e+00,1.693000000000000000e+03,1.692999999999999972e+01,1.200000000000000000e+01,-4.097608509753452921e+00,5.842993571145509435e+00,1.299555569569734281e+00,-4.444304302657631212e-04,1.328969084410657475e-01,1.000000000000000000e+00
0.000000000000000000e+00,1.694000000000000000e+03,1.694000000000000128e+01,1.200000000000000000e+01,-4.091507325902258074e+00,5.847168271109441484e+00,1.299869763728201288e+00,-1.302362717987559648e-04,1.328969084410657475e-01,1.000000000000000000e+00
0.000000000000000000e+00,1.695000000000000000e+03,1.694999999999999929e+01,1.200000000000000000e+01,-4.091088729338005159e+00,5.847454899140993589e+00,1.300467764074792587e+00,4.677640747925426723e-04,1.328969084410657475e-01,1.000000000000000000e+00
0.000000000000000000e+00,1.696000000000000000e+03,1.696000000000000085e+01,1.199372574212146603e+01,-4.099682682991246274e+00,5.841574424021050760e+00,1.300508794943107560e+00,5.087949431075156070e-04,1.328969084410657475e-01,0.000000000000000000e+00
0.000000000000000000e+00,1.697000000000000000e+03,1.696999999999999886e+01,1.200000000000000000e+01,-4.094027122945550268e+00,5.845444119986252574e+00,1.299071602151535609e+00,-9.283978484644350715e-04,1.328969084410657475e-01,1.000000000000000000e+00
0.000000000000000000e+00,1.698000000000000000e+03,1.698000000000000043e+01,1.199839811467811401e+01,-4.099266957790256960e+00,5.841858825546659695e+00,1.300220811791496622e+00,2.208117914965779249e-04,1.328969084410657475e-01,0.000000000000000000e+00
0.000000000000000000e+00,1.699000000000000000e+03,1.699000000000000199e+01,1.200000000000000000e+01,-4.097600079463020961e+00,5.842999345824624768e+00,1.299555341929399255e+00,-4.446580706007896566e-04,1.328969084410657475e-01,1.000000000000000000e+00
0.000000000000000000e+00,1.700000000000000000e+03,1.700000000000000000e+01,1.200000000000000000e+01,-4.091510399792145591e+00,5.847166174583648512e+00,1.299870590428529926e+00,-1.294095714701182231e-04,1.328945828940496787e-01,1.000000000000000000e+00
0.000000000000000000e+00,1.701000000000000000e+03,1.701000000000000156e+01,1.200000000000000000e+01,-4.091084582171574446e+00,5.847457743587638923e+00,1.300467463146645741e+00,4.674631466456968809e-04,1.328945828940496787e-01,1.000000000000000000e+00
0.000000000000000000e+00,1.702000000000000000e+03,1.701999999999999957e+01,1.199372626929044294e+01,-4.099678273927330530e+00,5.841577447421729907e+00,1.300509201660526637e+00,5.092016605265925477e-04,1.328945828940496787e-01,0.000000000000000000e+00
0.000000000000000000e+00,1.703000000000000000e+03,1.703000000000000114e+01,1.200000000000000000e+01,-4.094021985874644720e+00,5.845447641635844072e+00,1.299072084790482862e+00,-9.279152095171827597e-04,1.328945828940496787e-01,1.000000000000000000e+00
0.000000000000000000e+00,1.704000000000000000e+03,1.703999999999999915e+01,1.199839379833582598e+01,-4.099264991841716999e+00,5.841860177141773747e+00,1.300221315585077253e+00,2.213155850772086097e-04,1.328945828940496787e-01,0.000000000000000000e+00
0.000000000000000000e+00,1.705000000000000000e+03,1.705000000000000071e+01,1.200000000000000000e+01,-4.097591799940690116e+00,5.843005017301618587e+00,1.299555125806921563e+00,-4.448741930784816390e-04,1.328945828940496787e-01,1.000000000000000000e+00
0.000000000000000000e+00,1.706000000000000000e+03,1.705999999999999872e+01,1.200000000000000000e+01,-4.091513404014316180e+00,5.847164125676408197e+00,1.299871402347037908e+00,-1.285976529621368769e-04,1.328945828940496787e-01,1.000000000000000000e+00
0.000000000000000000e+00,1.707000000000000000e+03,1.707000000000000028e+01,1.200000000000000000e+01,-4.091080444389826987e+00,5.847460581560984139e+00,1.300467169043480364e+00,4.671690434803199565e-04,1.328945828940496787e-01,1.000000000000000000e+00
0.000000000000000000e+00,1.708000000000000000e+03,1.708000000000000185e+01,1.199372676543734251e+01,-4.099673875076979890e+00,5.841580463782318766e+00,1.300509607455823335e+00,5.096074558232910334e-04,1.328945828940496787e-01,0.000000000000000000e+00
0.000000000000000000e+00,1.709000000000000000e+03,1.708999999999999986e+01,1.200000000000000000e+01,-4.094016843707976250e+00,5.845451166721196579e+00,1.299072563483832266e+00,-9.274365161677788905e-04,1.328945828940496787e-01,1.000000000000000000e+00
0.000000000000000000e+00,1.710000000000000000e+03,1.710000000000000142e+01,1.199838943833770344e+01,-4.099263031150456094e+00,5.841861525088697604e+00,1.300221819875647888e+00,2.218198756478440004e-04,1.328945828940496787e-01,0.000000000000000000e+00
0.000000000000000000e+00,1.711000000000000000e+03,1.710999999999999943e+01,1.200000000000000000e+01,-4.097583490730402289e+00,5.843010709042272488e+00,1.299554905028265317e+00,-4.450949717347274515e-04,1.328945828940496787e-01,1.000000000000000000e+00
0.000000000000000000e+00,1.712000000000000000e+03,1.712000000000000099e+01,1.200000000000000000e+01,-4.091516506011688037e+00,5.847162009819336426e+00,1.299872217173213107e+00,-1.277828267869374201e-04,1.328945828940496787e-01,1.000000000000000000e+00
0.000000000000000000e+00,1.713000000000000000e+03,1.712999999999999901e+01,1.200000000000000000e+01,-4.091076330068590394e+00,5.847463403434213447e+00,1.300466865356234125e+00,4.668653562340807639e-04,1.328945828940496787e-01,1.000000000000000000e+00
0.000000000000000000e+00,1.714000000000000000e+03,1.714000000000000057e+01,1.199372726179023196e+01,-4.099669499040825116e+00,5.841583464486726385e+00,1.300510010949813777e+00,5.100109498137328501e-04,1.328945828940496787e-01,0.000000000000000000e+00
0.000000000000000000e+00,1.715000000000000000e+03,1.715000000000000213e+01,1.200000000000000000e+01,-4.094011732327128783e+00,5.845454670695581001e+00,1.299073039957349796e+00,-9.269600426502488943e-04,1.328945828940496787e-01,1.000000000000000000e+00
0.000000000000000000e+00,1.716000000000000000e+03,1.716000000000000014e+01,1.199838511880256675e+01,-4.099261072081640478e+00,5.841862871881035701e+00,1.300222321146653037e+00,2.223211466529928515e-04,1.328945828940496787e-01,0.000000000000000000e+00
0.000000000000000000e+00,1.717000000000000000e+03,1.717000000000000171e+01,1.200000000000000000e+01,-4.097575243767872522e+00,5.843016358147650635e+00,1.299554687924108887e+00,-4.453120758911577326e-04,1.328945828940496787e-01,1.000000000000000000e+00
0.000000000000000000e+00,1.718000000000000000e+03,1.717999999999999972e+01,1.200000000000000000e+01,-4.091519625475454447e+00,5.847159881963913008e+00,1.299873025895010192e+00,-1.269741049898520657e-04,1.328945828940496787e-01,1.000000000000000000e+00
0.000000000000000000e+00,1.719000000000000000e+03,1.719000000000000128e+01,1.200000000000000000e+01,-4.091072237921784094e+00,5.847466210087691962e+00,1.300466559955114398e+00,4.665599551143539969e-04,1.328945828940496787e-01,1.000000000000000000e+00
0.000000000000000000e+00,1.720000000000000000e+03,1.719999999999999929e+01,1.199372773389131019e+01,-4.099665123417021384e+00,5.841586464862556838e+00,1.300510412268563343e+00,5.104122685632983547e-04,1.328988680515232057e-01,0.000000000000000000e+00
0.000000000000000000e+00,1.721000000000000000e+03,1.721000000000000085e+01,1.200000000000000000e+01,-4.094006607072251391e+00,5.845458184117784839e+00,1.299073514088552539e+00,-9.264859114475054724e-04,1.328988680515232057e-01,1.000000000000000000e+00
0.000000000000000000e+00,1.722000000000000000e+03,1.721999999999999886e+01,1.199838072813337497e+01,-4.099259111751567097e+00,5.841864219490293664e+00,1.300222823775238457e+00,2.228237752384121251e-04,1.328988680515232057e-01,0.000000000000000000e+00
0.000000000000000000e+00,1.723000000000000000e+03,1.723000000000000043e+01,1.200000000000000000e+01,-4.097566930784685368e+00,5.843022052381792619e+00,1.299554464198349635e+00,-4.455358016504096241e-04,1.328988680515232057e-01,1.000000000000000000e+00
0.000000000000000000e+00,1.724000000000000000e+03,1.724000000000000199e+01,1.200000000000000000e+01,-4.091522854067641823e+00,5.847157679397080088e+00,1.299873841086332860e+00,-1.261589136671847911e-04,1.328988680515232057e-01,1.000000000000000000e+00
0.000000000000000000e+00,1.725000000000000000e+03,1.725000000000000000e+01,1.200000000000000000e+01,-4.091068146741562828e+00,5.847469016038058243e+00,1.300466243857613780e+00,4.662438576137351021e-04,1.328988680515232057e-01,1.000000000000000000e+00
0.000000000000000000e+00,1.726000000000000000e+03,1.726000000000000156e+01,1.199372820006376728e+01,-4.099660791285413275e+00,5.841589435438594435e+00,1.300510813490602935e+00,5.108134906028904965e-04,1.328988680515232057e-01,0.000000000000000000e+00
0.000000000000000000e+00,1.727000000000000000e+03,1.726999999999999957e+01,1.200000000000000000e+01,-4.094001536018433640e+00,5.845461660411110927e+00,1.299073983390802933e+00,-9.260166091971111513e-04,1.328988680515232057e-01,1.000000000000000000e+00
0.000000000000000000e+00,1.728000000000000000e+03,1.728000000000000114e+01,1.199837644734235909e+01,-4.099257164851205282e+00,5.841865557871174452e+00,1.300223321089471140e+00,2.233210894710957461e-04,1.328988680515232057e-01,0.000000000000000000e+00
0.000000000000000000e+00,1.729000000000000000e+03,1.728999999999999915e+01,1.200000000000000000e+01,-4.097558767319562811e+00,5.843027644271966636e+00,1.299554249569818021e+00,-4.457504301820236492e-04,1.328988680515232057e-01,1.000000000000000000e+00
0.000000000000000000e+00,1.730000000000000000e+03,1.730000000000000071e+01,1.200000000000000000e+01,-4.091526043426683579e+00,5.847155503627665674e+00,1.299874641618539162e+00,-1.253583814608827396e-04,1.328988680515232057e-01,1.000000000000000000e+00
0.000000000000000000e+00,1.731000000000000000e+03,1.730999999999999872e+01,1.200000000000000000e+01,-4.091064098739412458e+00,5.847471792397348267e+00,1.300465931602684311e+00,4.659316026842663661e-04,1.328988680515232057e-01,1.000000000000000000e+00
0.000000000000000000e+00,1.732000000000000000e+03,1.732000000000000028e+01,1.199372869294518118e+01,-4.099656482595943174e+00,5.841592389930665874e+00,1.300511210479108115e+00,5.112104791080707145e-04,1.328988680515232057e-01,0.000000000000000000e+00
0.000000000000000000e+00,1.733000000000000000e+03,1.733000000000000185e+01,1.200000000000000000e+01,-4.093996512870405446e+00,5.845465103881104518e+00,1.299074452924831480e+00,-9.255470751685646036e-04,1.328988680515232057e-01,1.000000000000000000e+00
0.000000000000000000e+00,1.734000000000000000e+03,1.733999999999999986e+01,1.199837224112176770e+01,-4.099255212300345619e+00,5.841866900076333913e+00,1.300223813706274711e+00,2.238137062746670125e-04,1.328988680515232057e-01,0.000000000000000000e+00
0.000000000000000000e+00,1.735000000000000000e+03,1.735000000000000142e+01,1.200000000000000000e+01,-4.097550698206910980e+00,5.843033171562447947e+00,1.299554042562092171e+00,-4.459574379078734552e-04,1.328988680515232057e-01,1.000000000000000000e+00
0.000000000000000000e+00,1.736000000000000000e+03,1.735999999999999943e+01,1.200000000000000000e+01,-4.091529219406338846e+00,5.847153336966635528e+00,1.299875432899363359e+00,-1.245671006366855238e-04,1.328988680515232057e-01,1.000000000000000000e+00
0.000000000000000000e+00,1.737000000000000000e+03,1.737000000000000099e+01,1.200000000000000000e+01,-4.091060071987801194e+00,5.847474554169648897e+00,1.300465620656766852e+00,4.656206567668075280e-04,1.328988680515232057e-01,1.000000000000000000e+00
0.000000000000000000e+00,1.738000000000000000e+03,1.737999999999999901e+01,1.199372918389420484e+01,-4.099652196064165643e+00,5.841595329216593413e+00,1.300511605382955516e+00,5.116053829554711996e-04,1.328988680515232057e-01,0.000000000000000000e+00
0.000000000000000000e+00,1.739000000000000000e+03,1.739000000000000057e+01,1.200000000000000000e+01,-4.093991518215733372e+00,5.845468527809571491e+00,1.299074920100669495e+00,-9.250798993305497930e-04,1.328988680515232057e-01,1.000000000000000000e+00
0.000000000000000000e+00,1.740000000000000000e+03,1.740000000000000213e+01,1.199836808092409335e+01,-4.099253272196274445e+00,5.841868233721511317e+00,1.300224303528231040e+00,2.243035282309957523e-04,1.328969424178520209e-01,0.000000000000000000e+00
0.000000000000000000e+00,1.741000000000000000e+03,1.741000000000000014e+01,1.200000000000000000e+01,-4.097542705415209596e+00,5.843038646588820662e+00,1.299553838694682995e+00,-4.461613053170498944e-04,1.328969424178520209e-01,1.000000000000000000e+00
0.000000000000000000e+00,1.742000000000000000e+03,1.742000000000000171e+01,1.200000000000000000e+01,-4.091532406600350669e+00,5.847151162585051409e+00,1.299876216696322251e+00,-1.237833036777935547e-04,1.328969424178520209e-01,1.000000000000000000e+00
0.000000000000000000e+00,1.743000000000000000e+03,1.742999999999999972e+01,1.200000000000000000e+01,-4.091056076559738131e+00,5.847477294462297692e+00,1.300465308609649817e+00,4.653086096497727198e-04,1.328969424178520209e-01,1.000000000000000000e+00
0.000000000000000000e+00,1.744000000000000000e+03,1.744000000000000128e+01,1.199372969664294253e+01,-4.099647942075522522e+00,5.841598246191021637e+00,1.300511997214975679e+00,5.119972149756346624e-04,1.328969424178520209e-01,0.000000000000000000e+00
0.000000000000000000e+00,1.745000000000000000e+03,1.744999999999999929e+01,1.200000000000000000e+01,-4.093986580370462924e+00,5.845471912821675886e+00,1.299075386150341238e+00,-9.246138496588063305e-04,1.328969424178520209e-01,1.000000000000000000e+00
0.000000000000000000e+00,1.746000000000000000e+03,1.746000000000000085e+01,1.199836400260397085e+01,-4.099251313023516197e+00,5.841869580371477078e+00,1.300224787780069668e+00,2.247877800696240769e-04,1.328969424178520209e-01,0.000000000000000000e+00
0.000000000000000000e+00,1.747000000000000000e+03,1.746999999999999886e+01,1.200000000000000000e+01,-4.097534804084873805e+00,5.843044058993562828e+00,1.299553644456241663e+00,-4.463555437583810459e-04,1.328969424178520209e-01,1.000000000000000000e+00
0.000000000000000000e+00,1.748000000000000000e+03,1.748000000000000043e+01,1.200000000000000000e+01,-4.091535570870269645e+00,5.847149003842689652e+00,1.299876991525318326e+00,-1.230084746817183827e-04,1.328969424178520209e-01,1.000000000000000000e+00
0.000000000000000000e+00,1.749000000000000000e+03,1.749000000000000199e+01,1.200000000000000000e+01,-4.091052092061549850e+00,5.847480027229273070e+00,1.300464998806892591e+00,4.649988068925470230e-04,1.328969424178520209e-01,1.000000000000000000e+00
0.000000000000000000e+00,1.750000000000000000e+03,1.750000000000000000e+01,1.199373018392415169e+01,-4.099643699478372483e+00,5.841601155324402939e+00,1.300512387973691730e+00,5.123879736916858718e-04,1.328969424178520209e-01,0.000000000000000000e+00
0.000000000000000000e+00,1.751000000000000000e+03,1.751000000000000156e+01,1.200000000000000000e+01,-4.093981642244577834e+00,5.845475297979670692e+00,1.299075848665822042e+00,-9.241513341780027702e-04,1.328969424178520209e-01,1.000000000000000000e+00
0.000000000000000000e+00,1.752000000000000000e+03,1.751999999999999957e+01,1.199835990296191923e+01,-4.099249368595312859e+00,5.841870916886986898e+00,1.300225272057174308e+00,2.252720571742639066e-04,1.328969424178520209e-01,0.000000000000000000e+00
0.000000000000000000e+00,1.753000000000000000e+03,1.753000000000000114e+01,1.200000000000000000e+01,-4.097526904769372535e+00,5.843049469974602950e+00,1.299553446748888952e+00,-4.465532511110925640e-04,1.328969424178520209e-01,1.000000000000000000e+00
0.000000000000000000e+00,1.754000000000000000e+03,1.753999999999999915e+01,1.200000000000000000e+01,-4.091538802633324146e+00,5.847146798873524176e+00,1.299877766154419856e+00,-1.222338455801885715e-04,1.328969424178520209e-01,1.000000000000000000e+00
0.000000000000000000e+00,1.755000000000000000e+03,1.755000000000000071e+01,1.200000000000000000e+01,-4.091048129247480958e+00,5.847482745114167990e+00,1.300464682387771909e+00,4.646823877718642137e-04,1.328969424178520209e-01,1.000000000000000000e+00
0.000000000000000000e+00,1.756000000000000000e+03,1.755999999999999872e+01,1.199373067040878382e+01,-4.099639478663175574e+00,5.841604049510328522e+00,1.300512776605307286e+00,5.127766053072413399e-04,1.328969424178520209e-01,0.000000000000000000e+00
0.000000000000000000e+00,1.757000000000000000e+03,1.757000000000000028e+01,1.200000000000000000e+01,-4.093976732744507352e+00,5.845478663507080341e+00,1.299076308967748172e+00,-9.236910322518721017e-04,1.328969424178520209e-01,1.000000000000000000e+00
0.000000000000000000e+00,1.758000000000000000e+03,1.758000000000000185e+01,1.199835583945391804e+01,-4.099247426725326271e+00,5.841872251609932398e+00,1.300225753526521588e+00,2.257535265215437903e-04,1.328969424178520209e-01,0.000000000000000000e+00
0.000000000000000000e+00,1.759000000000000000e+03,1.758999999999999986e+01,1.200000000000000000e+01,-4.097519062273235591e+00,5.843054842036847774e+00,1.299553252214027843e+00,-4.467477859722013278e-04,1.328969424178520209e-01,1.000000000000000000e+00
0.000000000000000000e+00,1.760000000000000000e+03,1.760000000000000142e+01,1.200000000000000000e+01,-4.091542063029399934e+00,5.847144574268107853e+00,1.299878535211445918e+00,-1.214647885541264571e-04,1.328946358972558917e-01,1.000000000000000000e+00
0.000000000000000000e+00,1.761000000000000000e+03,1.760999999999999943e+01,1.200000000000000000e+01,-4.091044199389870961e+00,5.847485440405109536e+00,1.300464363160581671e+00,4.643631605816267438e-04,1.328946358972558917e-01,1.000000000000000000e+00
0.000000000000000000e+00,1.762000000000000000e+03,1.762000000000000099e+01,1.199373118341740074e+01,-4.099635292073748438e+00,5.841606920236567468e+00,1.300513162005255907e+00,5.131620052558627521e-04,1.328946358972558917e-01,0.000000000000000000e+00
0.000000000000000000e+00,1.763000000000000000e+03,1.762999999999999901e+01,1.200000000000000000e+01,-4.093971885108605768e+00,5.845481986662417917e+00,1.299076768426620898e+00,-9.232315733791462975e-04,1.328946358972558917e-01,1.000000000000000000e+00
0.000000000000000000e+00,1.764000000000000000e+03,1.764000000000000057e+01,1.199835188998063096e+01,-4.099245485410507150e+00,5.841873585913999634e+00,1.300226228930482897e+00,2.262289304828524195e-04,1.328946358972558917e-01,0.000000000000000000e+00
0.000000000000000000e+00,1.765000000000000000e+03,1.765000000000000213e+01,1.200000000000000000e+01,-4.097511362319784745e+00,5.843060116528678627e+00,1.299553068432645508e+00,-4.469315673545359857e-04,1.328946358972558917e-01,1.000000000000000000e+00
0.000000000000000000e+00,1.766000000000000000e+03,1.766000000000000014e+01,1.200000000000000000e+01,-4.091545248484287356e+00,5.847142400893897474e+00,1.299879290293269651e+00,-1.207097067303930515e-04,1.328946358972558917e-01,1.000000000000000000e+00
0.000000000000000000e+00,1.767000000000000000e+03,1.767000000000000171e+01,1.200000000000000000e+01,-4.091040277475906706e+00,5.847488130213072566e+00,1.300464051275358468e+00,4.640512753584236094e-04,1.328946358972558917e-01,1.000000000000000000e+00
0.000000000000000000e+00,1.768000000000000000e+03,1.767999999999999972e+01,1.199373166557066384e+01,-4.099631114336231619e+00,5.841609784858594168e+00,1.300513546624496808e+00,5.135466244967634708e-04,1.328946358972558917e-01,0.000000000000000000e+00
0.000000000000000000e+00,1.769000000000000000e+03,1.769000000000000128e+01,1.200000000000000000e+01,-4.093967030454077616e+00,5.845485314573381608e+00,1.299077224089418170e+00,-9.227759105818744700e-04,1.328946358972558917e-01,1.000000000000000000e+00
0.000000000000000000e+00,1.770000000000000000e+03,1.769999999999999929e+01,1.199834789387480427e+01,-4.099243549730656078e+00,5.841874916315485500e+00,1.300226705020094631e+00,2.267050200945863736e-04,1.328946358972558917e-01,0.000000000000000000e+00
0.000000000000000000e+00,1.771000000000000000e+03,1.771000000000000085e+01,1.200000000000000000e+01,-4.097503628304707490e+00,5.843065414280696146e+00,1.299552879676144634e+00,-4.471203238554100068e-04,1.328946358972558917e-01,1.000000000000000000e+00
0.000000000000000000e+00,1.772000000000000000e+03,1.771999999999999886e+01,1.200000000000000000e+01,-4.091548533630460227e+00,5.847140159262908199e+00,1.299880048711698599e+00,-1.199512883014453024e-04,1.328946358972558917e-01,1.000000000000000000e+00
0.000000000000000000e+00,1.773000000000000000e+03,1.773000000000000043e+01,1.200000000000000000e+01,-4.091036377016808778e+00,5.847490805297303140e+00,1.300463729618446695e+00,4.637296184466510596e-04,1.328946358972558917e-01,1.000000000000000000e+00
0.000000000000000000e+00,1.774000000000000000e+03,1.774000000000000199e+01,1.199373214718325542e+01,-4.099626957976052921e+00,5.841612634811471416e+00,1.300513929139177849e+00,5.139291391778044726e-04,1.328946358972558917e-01,0.000000000000000000e+00
0.000000000000000000e+00,1.775000000000000000e+03,1.775000000000000000e+01,1.200000000000000000e+01,-4.093962203979927494e+00,5.845488623159988961e+00,1.299077677602672676e+00,-9.223223973273686482e-04,1.328946358972558917e-01,1.000000000000000000e+00
0.000000000000000000e+00,1.776000000000000000e+03,1.776000000000000156e+01,1.199834393304862523e+01,-4.099241616775023189e+00,5.841876244812230112e+00,1.300227178345674917e+00,2.271783456748721619e-04,1.328946358972558917e-01,0.000000000000000000e+00
0.000000000000000000e+00,1.777000000000000000e+03,1.776999999999999957e+01,1.200000000000000000e+01,-4.097495949770029178e+00,5.843070674031443090e+00,1.299552693994924013e+00,-4.473060050760313544e-04,1.328946358972558917e-01,1.000000000000000000e+00
0.000000000000000000e+00,1.778000000000000000e+03,1.778000000000000114e+01,1.200000000000000000e+01,-4.091551834965073020e+00,5.847137906512042349e+00,1.299880801689375032e+00,-1.191983106250127378e-04,1.328946358972558917e-01,1.000000000000000000e+00
0.000000000000000000e+00,1.779000000000000000e+03,1.778999999999999915e+01,1.200000000000000000e+01,-4.091032496962882625e+00,5.847493466376376681e+00,1.300463406373058906e+00,4.634063730588611207e-04,1.328946358972558917e-01,1.000000000000000000e+00
0.000000000000000000e+00,1.780000000000000000e+03,1.780000000000000071e+01,1.199373260424150445e+01,-4.099622800738563555e+00,5.841615485322067869e+00,1.300514309652202050e+00,5.143096522020051964e-04,1.328988946437180407e-01,0.000000000000000000e+00
0.000000000000000000e+00,1.781000000000000000e+03,1.780999999999999872e+01,1.200000000000000000e+01,-4.093957361501271208e+00,5.845491942656021678e+00,1.299078128871583804e+00,-9.218711284162406372e-04,1.328988946437180407e-01,1.000000000000000000e+00
0.000000000000000000e+00,1.782000000000000000e+03,1.782000000000000028e+01,1.199833989795596878e+01,-4.099239682903171200e+00,5.841877573893530240e+00,1.300227653237854497e+00,2.276532378544526836e-04,1.328988946437180407e-01,0.000000000000000000e+00
0.000000000000000000e+00,1.783000000000000000e+03,1.783000000000000185e+01,1.200000000000000000e+01,-4.097488200787049450e+00,5.843075981944118702e+00,1.299552501361522783e+00,-4.474986384772616788e-04,1.328988946437180407e-01,1.000000000000000000e+00
0.000000000000000000e+00,1.784000000000000000e+03,1.783999999999999986e+01,1.200000000000000000e+01,-4.091555249856267729e+00,5.847135576023618775e+00,1.299881561570782829e+00,-1.184384292172158126e-04,1.328988946437180407e-01,1.000000000000000000e+00
0.000000000000000000e+00,1.785000000000000000e+03,1.785000000000000142e+01,1.200000000000000000e+01,-4.091028615995745632e+00,5.847496128042311447e+00,1.300463071997507658e+00,4.630719975076136308e-04,1.328988946437180407e-01,1.000000000000000000e+00
0.000000000000000000e+00,1.786000000000000000e+03,1.785999999999999943e+01,1.199373305475918272e+01,-4.099618685356013259e+00,5.841618307156723588e+00,1.300514690252883465e+00,5.146902528834207402e-04,1.328988946437180407e-01,0.000000000000000000e+00
0.000000000000000000e+00,1.787000000000000000e+03,1.787000000000000099e+01,1.200000000000000000e+01,-4.093952570486774967e+00,5.845495226899451779e+00,1.299078575414239101e+00,-9.214245857609437707e-04,1.328988946437180407e-01,1.000000000000000000e+00
0.000000000000000000e+00,1.788000000000000000e+03,1.787999999999999901e+01,1.199833596671730085e+01,-4.099237763803305512e+00,5.841878892831447345e+00,1.300228123084117726e+00,2.281230841176817847e-04,1.328988946437180407e-01,0.000000000000000000e+00
0.000000000000000000e+00,1.789000000000000000e+03,1.789000000000000057e+01,1.200000000000000000e+01,-4.097480593523974868e+00,5.843081192851819594e+00,1.299552317122851575e+00,-4.476828771484697711e-04,1.328988946437180407e-01,1.000000000000000000e+00
0.000000000000000000e+00,1.790000000000000000e+03,1.790000000000000213e+01,1.200000000000000000e+01,-4.091558619996080282e+00,5.847133276112334244e+00,1.299882307557762573e+00,-1.176924422374714396e-04,1.328988946437180407e-01,1.000000000000000000e+00
0.000000000000000000e+00,1.791000000000000000e+03,1.791000000000000014e+01,1.200000000000000000e+01,-4.091024776460097989e+00,5.847498761316105131e+00,1.300462742005498384e+00,4.627420054983399922e-04,1.328988946437180407e-01,1.000000000000000000e+00
0.000000000000000000e+00,1.792000000000000000e+03,1.792000000000000171e+01,1.199373353145517207e+01,-4.099614592080125242e+00,5.841621113824908562e+00,1.300515066791411600e+00,5.150667914115558688e-04,1.328988946437180407e-01,0.000000000000000000e+00
0.000000000000000000e+00,1.793000000000000000e+03,1.792999999999999972e+01,1.200000000000000000e+01,-4.093947825018735998e+00,5.845498479937589309e+00,1.299079022269503669e+00,-9.209777304963751021e-04,1.328988946437180407e-01,1.000000000000000000e+00
0.000000000000000000e+00,1.794000000000000000e+03,1.794000000000000128e+01,1.199833210506670511e+01,-4.099235840253999896e+00,5.841880214775398095e+00,1.300228588464363622e+00,2.285884643635771596e-04,1.328988946437180407e-01,0.000000000000000000e+00
0.000000000000000000e+00,1.795000000000000000e+03,1.794999999999999929e+01,1.200000000000000000e+01,-4.097473073998859405e+00,5.843086343689091855e+00,1.299552139915132631e+00,-4.478600848674130219e-04,1.328988946437180407e-01,1.000000000000000000e+00
0.000000000000000000e+00,1.796000000000000000e+03,1.796000000000000085e+01,1.200000000000000000e+01,-4.091561973629976201e+00,5.847130987452658246e+00,1.299883044942017341e+00,-1.169550579827038916e-04,1.328988946437180407e-01,1.000000000000000000e+00
0.000000000000000000e+00,1.797000000000000000e+03,1.796999999999999886e+01,1.200000000000000000e+01,-4.091020956521071561e+00,5.847501381138465959e+00,1.300462413629045688e+00,4.624136290456437592e-04,1.328988946437180407e-01,1.000000000000000000e+00
0.000000000000000000e+00,1.798000000000000000e+03,1.798000000000000043e+01,1.199373400590850203e+01,-4.099610519561888822e+00,5.841623906248652354e+00,1.300515441407517514e+00,5.154414075174695853e-04,1.328988946437180407e-01,0.000000000000000000e+00
0.000000000000000000e+00,1.799000000000000000e+03,1.799000000000000199e+01,1.200000000000000000e+01,-4.093943105778627078e+00,5.845501714988024844e+00,1.299079466874629496e+00,-9.205331253705484329e-04,1.328988946437180407e-01,1.000000000000000000e+00
0.000000000000000000e+00,1.800000000000000000e+03,1.800000000000000000e+01,1.199832828504906068e+01,-4.099233929982971425e+00,5.841881527594026124e+00,1.300229051272019376e+00,2.290512720193316198e-04,1.328969744988711954e-01,0.000000000000000000e+00
0.000000000000000000e+00,1.801000000000000000e+03,1.801000000000000156e+01,1.200000000000000000e+01,-4.097465624842584475e+00,5.843091446338326556e+00,1.299551965350247418e+00,-4.480346497526266347e-04,1.328969744988711954e-01,1.000000000000000000e+00
0.000000000000000000e+00,1.802000000000000000e+03,1.801999999999999957e+01,1.200000000000000000e+01,-4.091565335848794227e+00,5.847128692875489087e+00,1.299883775426082577e+00,-1.162245739174672110e-04,1.328969744988711954e-01,1.000000000000000000e+00
0.000000000000000000e+00,1.803000000000000000e+03,1.803000000000000114e+01,1.200000000000000000e+01,-4.091017166157853602e+00,5.847503980680883728e+00,1.300462084409252483e+00,4.620844092524389879e-04,1.328969744988711954e-01,1.000000000000000000e+00
0.000000000000000000e+00,1.804000000000000000e+03,1.803999999999999915e+01,1.199373450163957955e+01,-4.099606478198346338e+00,5.841626677314608607e+00,1.300515813123299225e+00,5.158131232991802761e-04,1.328969744988711954e-01,0.000000000000000000e+00
0.000000000000000000e+00,1.805000000000000000e+03,1.805000000000000071e+01,1.200000000000000000e+01,-4.093938440953650115e+00,5.845504912764023508e+00,1.299079910440435581e+00,-9.200895595644631442e-04,1.328969744988711954e-01,1.000000000000000000e+00
0.000000000000000000e+00,1.806000000000000000e+03,1.805999999999999872e+01,1.199832454175688845e+01,-4.099232001973798667e+00,5.841882852510583035e+00,1.300229508744377149e+00,2.295087443771048896e-04,1.328969744988711954e-01,0.000000000000000000e+00
0.000000000000000000e+00,1.807000000000000000e+03,1.807000000000000028e+01,1.200000000000000000e+01,-4.097458260396443563e+00,5.843096490988724412e+00,1.299551799795721330e+00,-4.482002042787147644e-04,1.328969744988711954e-01,1.000000000000000000e+00
0.000000000000000000e+00,1.808000000000000000e+03,1.808000000000000185e+01,1.200000000000000000e+01,-4.091568672481677993e+00,5.847126415762790685e+00,1.299884497604227196e+00,-1.155023957728484874e-04,1.328969744988711954e-01,1.000000000000000000e+00
0.000000000000000000e+00,1.809000000000000000e+03,1.808999999999999986e+01,1.200000000000000000e+01,-4.091013385166097471e+00,5.847506573767836890e+00,1.300461757694850728e+00,4.617576948506840750e-04,1.328969744988711954e-01,1.000000000000000000e+00
0.000000000000000000e+00,1.810000000000000000e+03,1.810000000000000142e+01,1.199373497177320935e+01,-4.099602446838376046e+00,5.841629441492938390e+00,1.300516183918663415e+00,5.161839186633709886e-04,1.328969744988711954e-01,0.000000000000000000e+00
0.000000000000000000e+00,1.811000000000000000e+03,1.810999999999999943e+01,1.200000000000000000e+01,-4.093933773735373371e+00,5.845508112135238576e+00,1.299080350596005129e+00,-9.196494039949154597e-04,1.328969744988711954e-01,1.000000000000000000e+00
0.000000000000000000e+00,1.812000000000000000e+03,1.812000000000000099e+01,1.199832077371809191e+01,-4.099230089054257675e+00,5.841884167060181099e+00,1.300229966449279129e+00,2.299664492790842729e-04,1.328969744988711954e-01,0.000000000000000000e+00
0.000000000000000000e+00,1.813000000000000000e+03,1.812999999999999901e+01,1.200000000000000000e+01,-4.097450893138535832e+00,5.843101537521435240e+00,1.299551630413945169e+00,-4.483695860548753132e-04,1.328969744988711954e-01,1.000000000000000000e+00
0.000000000000000000e+00,1.814000000000000000e+03,1.814000000000000057e+01,1.200000000000000000e+01,-4.091572077560578613e+00,5.847124091775055099e+00,1.299885220055837287e+00,-1.147799441627572747e-04,1.328969744988711954e-01,1.000000000000000000e+00
0.000000000000000000e+00,1.815000000000000000e+03,1.815000000000000213e+01,1.200000000000000000e+01,-4.091009623996730404e+00,5.847509153250287639e+00,1.300461424270861421e+00,4.614242708613769395e-04,1.328969744988711954e-01,1.000000000000000000e+00
0.000000000000000000e+00,1.816000000000000000e+03,1.816000000000000014e+01,1.199373544049876550e+01,-4.099598435869129531e+00,5.841632191679303254e+00,1.300516552769556355e+00,5.165527695563110200e-04,1.328969744988711954e-01,0.000000000000000000e+00
0.000000000000000000e+00,1.817000000000000000e+03,1.817000000000000171e+01,1.200000000000000000e+01,-4.093929132715323327e+00,5.845511293540475606e+00,1.299080788616640003e+00,-9.192113833600412676e-04,1.328969744988711954e-01,1.000000000000000000e+00
0.000000000000000000e+00,1.818000000000000000e+03,1.817999999999999972e+01,1.199831703719622311e+01,-4.099228179569876396e+00,5.841885479220598754e+00,1.300230421584543272e+00,2.304215845432278087e-04,1.328969744988711954e-01,0.000000000000000000e+00
0.000000000000000000e+00,1.819000000000000000e+03,1.819000000000000128e+01,1.200000000000000000e+01,-4.097443576603376769e+00,5.843106549310133957e+00,1.299551463681190899e+00,-4.485363188091451292e-04,1.328969744988711954e-01,1.000000000000000000e+00
0.000000000000000000e+00,1.820000000000000000e+03,1.819999999999999929e+01,1.200000000000000000e+01,-4.091575510118511616e+00,5.847121748944381636e+00,1.299885937533219016e+00,-1.140624667810286041e-04,1.328946852922066879e-01,1.000000000000000000e+00
0.000000000000000000e+00,1.821000000000000000e+03,1.821000000000000085e+01,1.200000000000000000e+01,-4.091005893954053008e+00,5.847511711394430378e+00,1.300461088152051303e+00,4.610881520512588594e-04,1.328946852922066879e-01,1.000000000000000000e+00
0.000000000000000000e+00,1.822000000000000000e+03,1.821999999999999886e+01,1.199373593502623514e+01,-4.099594457692576022e+00,5.841634919390040537e+00,1.300516918568229929e+00,5.169185682298849116e-04,1.328946852922066879e-01,0.000000000000000000e+00
0.000000000000000000e+00,1.823000000000000000e+03,1.823000000000000043e+01,1.200000000000000000e+01,-4.093924550994362477e+00,5.845514434332250708e+00,1.299081225866451028e+00,-9.187741335490162697e-04,1.328946852922066879e-01,1.000000000000000000e+00
0.000000000000000000e+00,1.824000000000000000e+03,1.824000000000000199e+01,1.199831340909016575e+01,-4.099226271941055266e+00,5.841886790075704106e+00,1.300230870905994873e+00,2.308709059948288456e-04,1.328946852922066879e-01,0.000000000000000000e+00
0.000000000000000000e+00,1.825000000000000000e+03,1.825000000000000000e+01,1.200000000000000000e+01,-4.097436395336212733e+00,5.843111468509166961e+00,1.299551307041971082e+00,-4.486929580289622521e-04,1.328946852922066879e-01,1.000000000000000000e+00
0.000000000000000000e+00,1.826000000000000000e+03,1.826000000000000156e+01,1.200000000000000000e+01,-4.091578862738709077e+00,5.847119460767554067e+00,1.299886641748755123e+00,-1.133582512449216040e-04,1.328946852922066879e-01,1.000000000000000000e+00
0.000000000000000000e+00,1.827000000000000000e+03,1.826999999999999957e+01,1.200000000000000000e+01,-4.091002170556868656e+00,5.847514264947636597e+00,1.300460759865035953e+00,4.607598650359090442e-04,1.328946852922066879e-01,1.000000000000000000e+00
0.000000000000000000e+00,1.828000000000000000e+03,1.828000000000000114e+01,1.199373639895393495e+01,-4.099590487068470956e+00,5.841637641889391830e+00,1.300517283713619632e+00,5.172837136195873597e-04,1.328946852922066879e-01,0.000000000000000000e+00
0.000000000000000000e+00,1.829000000000000000e+03,1.828999999999999915e+01,1.200000000000000000e+01,-4.093919960512496736e+00,5.845517581075464264e+00,1.299081659472028250e+00,-9.183405279717948844e-04,1.328946852922066879e-01,1.000000000000000000e+00
0.000000000000000000e+00,1.830000000000000000e+03,1.830000000000000071e+01,1.199830973192157835e+01,-4.099224370101745230e+00,5.841888096926049379e+00,1.300231321084051928e+00,2.313210840518831191e-04,1.328946852922066879e-01,0.000000000000000000e+00
0.000000000000000000e+00,1.831000000000000000e+03,1.830999999999999872e+01,1.200000000000000000e+01,-4.097429176285743324e+00,5.843116413518351315e+00,1.299551145182283651e+00,-4.488548177163931285e-04,1.328946852922066879e-01,1.000000000000000000e+00
0.000000000000000000e+00,1.832000000000000000e+03,1.832000000000000028e+01,1.200000000000000000e+01,-4.091582317329964802e+00,5.847117102777653841e+00,1.299887349665884262e+00,-1.126503341157825133e-04,1.328946852922066879e-01,1.000000000000000000e+00
0.000000000000000000e+00,1.833000000000000000e+03,1.833000000000000185e+01,1.200000000000000000e+01,-4.090998466673844369e+00,5.847516805108569748e+00,1.300460421583067738e+00,4.604215830676938737e-04,1.328946852922066879e-01,1.000000000000000000e+00
0.000000000000000000e+00,1.834000000000000000e+03,1.833999999999999986e+01,1.199373686160113017e+01,-4.099586536443585949e+00,5.841640350665953108e+00,1.300517646944816530e+00,5.176469448164855436e-04,1.328946852922066879e-01,0.000000000000000000e+00
0.000000000000000000e+00,1.835000000000000000e+03,1.835000000000000142e+01,1.200000000000000000e+01,-4.093915395734374130e+00,5.845520710192328551e+00,1.299082090993210148e+00,-9.179090067898965088e-04,1.328946852922066879e-01,1.000000000000000000e+00
0.000000000000000000e+00,1.836000000000000000e+03,1.835999999999999943e+01,1.199830608539235932e+01,-4.099222471831904357e+00,5.841889401296562312e+00,1.300231768740968574e+00,2.317687409685298405e-04,1.328946852922066879e-01,0.000000000000000000e+00
0.000000000000000000e+00,1.837000000000000000e+03,1.837000000000000099e+01,1.200000000000000000e+01,-4.097422006644987569e+00,5.843121324683152373e+00,1.299550985875310705e+00,-4.490141246893397664e-04,1.328946852922066879e-01,1.000000000000000000e+00
0.000000000000000000e+00,1.838000000000000000e+03,1.837999999999999901e+01,1.200000000000000000e+01,-4.091585787305129784e+00,5.847114734221920962e+00,1.299888052737564914e+00,-1.119472624351303125e-04,1.328946852922066879e-01,1.000000000000000000e+00
0.000000000000000000e+00,1.839000000000000000e+03,1.839000000000000057e+01,1.200000000000000000e+01,-4.090994781531339441e+00,5.847519332406881709e+00,1.300460081791648737e+00,4.600817916486921177e-04,1.328946852922066879e-01,1.000000000000000000e+00
0.000000000000000000e+00,1.840000000000000000e+03,1.840000000000000213e+01,1.199373729943674505e+01,-4.099582583702527039e+00,5.841643060851306579e+00,1.300518008337621101e+00,5.180083376210564694e-04,1.328989198783142867e-01,0.000000000000000000e+00
0.000000000000000000e+00,1.841000000000000000e+03,1.841000000000000014e+01,1.200000000000000000e+01,-4.093910812962440637e+00,5.845523851583170227e+00,1.299082520367334848e+00,-9.174796326651968315e-04,1.328989198783142867e-01,1.000000000000000000e+00
0.000000000000000000e+00,1.842000000000000000e+03,1.842000000000000171e+01,1.199830236191595922e+01,-4.099220572791601569e+00,5.841890706155174584e+00,1.300232218159616870e+00,2.322181596168260143e-04,1.328989198783142867e-01,0.000000000000000000e+00
0.000000000000000000e+00,1.843000000000000000e+03,1.842999999999999972e+01,1.200000000000000000e+01,-4.097414762678269540e+00,5.843126286666302072e+00,1.299550819347887298e+00,-4.491806521127461593e-04,1.328989198783142867e-01,1.000000000000000000e+00
0.000000000000000000e+00,1.844000000000000000e+03,1.844000000000000128e+01,1.200000000000000000e+01,-4.091589375775506632e+00,5.847112284552724581e+00,1.299888763093262511e+00,-1.112369067375329479e-04,1.328989198783142867e-01,1.000000000000000000e+00
0.000000000000000000e+00,1.845000000000000000e+03,1.844999999999999929e+01,1.200000000000000000e+01,-4.090991093626702657e+00,5.847521861560431411e+00,1.300459730386184454e+00,4.597303861844093120e-04,1.328989198783142867e-01,1.000000000000000000e+00
0.000000000000000000e+00,1.846000000000000000e+03,1.846000000000000085e+01,1.199373773008608168e+01,-4.099578671252809059e+00,5.841645743433709903e+00,1.300518369999480228e+00,5.183699994801838073e-04,1.328989198783142867e-01,0.000000000000000000e+00
0.000000000000000000e+00,1.847000000000000000e+03,1.846999999999999886e+01,1.200000000000000000e+01,-4.093906279036247930e+00,5.845526959516163856e+00,1.299082945107447484e+00,-9.170548925525601192e-04,1.328989198783142867e-01,1.000000000000000000e+00
0.000000000000000000e+00,1.848000000000000000e+03,1.848000000000000043e+01,1.199829873684002379e+01,-4.099218689598692400e+00,5.841892000137559826e+00,1.300232662789165605e+00,2.326627891655608238e-04,1.328989198783142867e-01,0.000000000000000000e+00
0.000000000000000000e+00,1.849000000000000000e+03,1.849000000000000199e+01,1.200000000000000000e+01,-4.097407653384154358e+00,5.843131156469302034e+00,1.299550660592988294e+00,-4.493394070117506800e-04,1.328989198783142867e-01,1.000000000000000000e+00
0.000000000000000000e+00,1.850000000000000000e+03,1.850000000000000000e+01,1.200000000000000000e+01,-4.091592914391344316e+00,5.847109868955893575e+00,1.299889460245573725e+00,-1.105397544263198029e-04,1.328989198783142867e-01,1.000000000000000000e+00
0.000000000000000000e+00,1.851000000000000000e+03,1.851000000000000156e+01,1.200000000000000000e+01,-4.090987445561926172e+00,5.847524363414286164e+00,1.300459383864529084e+00,4.593838645290393430e-04,1.328989198783142867e-01,1.000000000000000000e+00
0.000000000000000000e+00,1.852000000000000000e+03,1.851999999999999957e+01,1.199373818651313606e+01,-4.099574779634309607e+00,5.841648411725615553e+00,1.300518727755303194e+00,5.187277553031499622e-04,1.328989198783142867e-01,0.000000000000000000e+00
0.000000000000000000e+00,1.853000000000000000e+03,1.853000000000000114e+01,1.200000000000000000e+01,-4.093901788503804262e+00,5.845530037720084948e+00,1.299083370247403613e+00,-9.166297525964317572e-04,1.328989198783142867e-01,1.000000000000000000e+00
0.000000000000000000e+00,1.854000000000000000e+03,1.853999999999999915e+01,1.199829517706726811e+01,-4.099216802868261844e+00,5.841893296505148214e+00,1.300233103163847881e+00,2.331031638478364698e-04,1.328989198783142867e-01,0.000000000000000000e+00
0.000000000000000000e+00,1.855000000000000000e+03,1.855000000000000071e+01,1.200000000000000000e+01,-4.097400626060394124e+00,5.843135970151251968e+00,1.299550508373603197e+00,-4.494916263968473658e-04,1.328989198783142867e-01,1.000000000000000000e+00
0.000000000000000000e+00,1.856000000000000000e+03,1.855999999999999872e+01,1.200000000000000000e+01,-4.091596433609007377e+00,5.847107466593120861e+00,1.299890149360760638e+00,-1.098506392394060782e-04,1.328989198783142867e-01,1.000000000000000000e+00
0.000000000000000000e+00,1.857000000000000000e+03,1.857000000000000028e+01,1.200000000000000000e+01,-4.090983815559436465e+00,5.847526852869979308e+00,1.300459039242001458e+00,4.590392420014133279e-04,1.328989198783142867e-01,1.000000000000000000e+00
0.000000000000000000e+00,1.858000000000000000e+03,1.858000000000000185e+01,1.199373864046230409e+01,-4.099570907437596112e+00,5.841651066690425331e+00,1.300519083739243520e+00,5.190837392434755060e-04,1.328989198783142867e-01,0.000000000000000000e+00
0.000000000000000000e+00,1.859000000000000000e+03,1.858999999999999986e+01,1.200000000000000000e+01,-4.093897322107628689e+00,5.845533099370796570e+00,1.299083793246083696e+00,-9.162067539163487595e-04,1.328989198783142867e-01,1.000000000000000000e+00
0.000000000000000000e+00,1.860000000000000000e+03,1.860000000000000142e+01,1.199829165512897156e+01,-4.099214930004104751e+00,5.841894583348258507e+00,1.300233541171126994e+00,2.335411711269497204e-04,1.328970048382675240e-01,0.000000000000000000e+00
0.000000000000000000e+00,1.861000000000000000e+03,1.860999999999999943e+01,1.200000000000000000e+01,-4.097393663880085413e+00,5.843140739223592561e+00,1.299550358379482518e+00,-4.496416205175268743e-04,1.328970048382675240e-01,1.000000000000000000e+00
0.000000000000000000e+00,1.862000000000000000e+03,1.862000000000000099e+01,1.200000000000000000e+01,-4.091599959077092841e+00,5.847105059913653591e+00,1.299890832088175685e+00,-1.091679118243593649e-04,1.328970048382675240e-01,1.000000000000000000e+00
0.000000000000000000e+00,1.863000000000000000e+03,1.862999999999999901e+01,1.200000000000000000e+01,-4.090980213497548590e+00,5.847529323167992565e+00,1.300458694005091953e+00,4.586940050919086076e-04,1.328970048382675240e-01,1.000000000000000000e+00
0.000000000000000000e+00,1.864000000000000000e+03,1.864000000000000057e+01,1.199373911524077663e+01,-4.099567065068718819e+00,5.841653701208590732e+00,1.300519436983235799e+00,5.194369832357548233e-04,1.328970048382675240e-01,0.000000000000000000e+00
0.000000000000000000e+00,1.865000000000000000e+03,1.865000000000000213e+01,1.200000000000000000e+01,-4.093892907903594391e+00,5.845536125271374672e+00,1.299084215293174749e+00,-9.157847068252955580e-04,1.328970048382675240e-01,1.000000000000000000e+00
0.000000000000000000e+00,1.866000000000000000e+03,1.866000000000000014e+01,1.199828820539334906e+01,-4.099213040453519419e+00,5.841895881572806815e+00,1.300233974061131725e+00,2.339740611316809549e-04,1.328970048382675240e-01,0.000000000000000000e+00
0.000000000000000000e+00,1.867000000000000000e+03,1.867000000000000171e+01,1.200000000000000000e+01,-4.097386780439547849e+00,5.843145454385208382e+00,1.299550216864040042e+00,-4.497831359600024115e-04,1.328970048382675240e-01,1.000000000000000000e+00
0.000000000000000000e+00,1.868000000000000000e+03,1.867999999999999972e+01,1.200000000000000000e+01,-4.091603456600402033e+00,5.847102672316123240e+00,1.299891507095140231e+00,-1.084929048598137769e-04,1.328970048382675240e-01,1.000000000000000000e+00
0.000000000000000000e+00,1.869000000000000000e+03,1.869000000000000128e+01,1.200000000000000000e+01,-4.090976619364037781e+00,5.847531788001392172e+00,1.300458351504883536e+00,4.583515048834918559e-04,1.328970048382675240e-01,1.000000000000000000e+00
0.000000000000000000e+00,1.870000000000000000e+03,1.869999999999999929e+01,1.199373956435593058e+01,-4.099563231379995898e+00,5.841656329747983101e+00,1.300519789448416841e+00,5.197894484167964180e-04,1.328970048382675240e-01,0.000000000000000000e+00
0.000000000000000000e+00,1.871000000000000000e+03,1.871000000000000085e+01,1.200000000000000000e+01,-4.093888489358427307e+00,5.845539154103277291e+00,1.299084634053740306e+00,-9.153659462597385499e-04,1.328970048382675240e-01,1.000000000000000000e+00
0.000000000000000000e+00,1.872000000000000000e+03,1.871999999999999886e+01,1.199828472799197954e+01,-4.099211166142805673e+00,5.841897169330800388e+00,1.300234407374764478e+00,2.344073747644337402e-04,1.328970048382675240e-01,0.000000000000000000e+00
0.000000000000000000e+00,1.873000000000000000e+03,1.873000000000000043e+01,1.200000000000000000e+01,-4.097379889973420397e+00,5.843150174315479894e+00,1.299550071230080928e+00,-4.499287699191167889e-04,1.328970048382675240e-01,1.000000000000000000e+00
0.000000000000000000e+00,1.874000000000000000e+03,1.874000000000000199e+01,1.200000000000000000e+01,-4.091607023894985318e+00,5.847100236940089069e+00,1.299892182788815465e+00,-1.078172111845798753e-04,1.328970048382675240e-01,1.000000000000000000e+00
0.000000000000000000e+00,1.875000000000000000e+03,1.875000000000000000e+01,1.200000000000000000e+01,-4.090973043262420283e+00,5.847534240458693411e+00,1.300458002165365112e+00,4.580021653650678815e-04,1.328970048382675240e-01,1.000000000000000000e+00
0.000000000000000000e+00,1.876000000000000000e+03,1.876000000000000156e+01,1.199374001146743929e+01,-4.099559416749264606e+00,5.841658945210454590e+00,1.300520140144733272e+00,5.201401447332276717e-04,1.328970048382675240e-01,0.000000000000000000e+00
0.000000000000000000e+00,1.877000000000000000e+03,1.876999999999999957e+01,1.200000000000000000e+01,-4.093884094713232891e+00,5.845542166544894336e+00,1.299085050753721937e+00,-9.149492462781072533e-04,1.328970048382675240e-01,1.000000000000000000e+00
0.000000000000000000e+00,1.878000000000000000e+03,1.878000000000000114e+01,1.199828127798286381e+01,-4.099209295923846419e+00,5.841898454253360740e+00,1.300234838344181298e+00,2.348383441812540440e-04,1.328970048382675240e-01,0.000000000000000000e+00
0.000000000000000000e+00,1.879000000000000000e+03,1.878999999999999915e+01,1.200000000000000000e+01,-4.097373044757150140e+00,5.843154863249366393e+00,1.299549927789899639e+00,-4.500722101004051012e-04,1.328970048382675240e-01,1.000000000000000000e+00
0.000000000000000000e+00,1.880000000000000000e+03,1.880000000000000071e+01,1.200000000000000000e+01,-4.091610617949817730e+00,5.847097783216205436e+00,1.299892854044929269e+00,-1.071459550707754005e-04,1.328947314543625635e-01,1.000000000000000000e+00
0.000000000000000000e+00,1.881000000000000000e+03,1.880999999999999872e+01,1.200000000000000000e+01,-4.090969496558837015e+00,5.847536672763719245e+00,1.300457650201575888e+00,4.576502015758432407e-04,1.328947314543625635e-01,1.000000000000000000e+00
0.000000000000000000e+00,1.882000000000000000e+03,1.882000000000000028e+01,1.199374048372363433e+01,-4.099555633544524014e+00,5.841661539135527548e+00,1.300520487958416904e+00,5.204879584168597972e-04,1.328947314543625635e-01,0.000000000000000000e+00
0.000000000000000000e+00,1.883000000000000000e+03,1.883000000000000185e+01,1.200000000000000000e+01,-4.093879756971912975e+00,5.845545140015028451e+00,1.299085466754760887e+00,-9.145332452391574662e-04,1.328947314543625635e-01,1.000000000000000000e+00
0.000000000000000000e+00,1.884000000000000000e+03,1.883999999999999986e+01,1.199827793140352306e+01,-4.099207428594051628e+00,5.841899737166332152e+00,1.300235263734679458e+00,2.352637346794139717e-04,1.328947314543625635e-01,0.000000000000000000e+00
0.000000000000000000e+00,1.885000000000000000e+03,1.885000000000000142e+01,1.200000000000000000e+01,-4.097366328323541751e+00,5.843159464033866435e+00,1.299549793869429593e+00,-4.502061305704518901e-04,1.328947314543625635e-01,1.000000000000000000e+00
0.000000000000000000e+00,1.886000000000000000e+03,1.885999999999999943e+01,1.200000000000000000e+01,-4.091614127318781158e+00,5.847095387398399069e+00,1.299893512675125651e+00,-1.064873248743936074e-04,1.328947314543625635e-01,1.000000000000000000e+00
0.000000000000000000e+00,1.887000000000000000e+03,1.887000000000000099e+01,1.200000000000000000e+01,-4.090965955337893867e+00,5.847539101276847617e+00,1.300457306535075075e+00,4.573065350750304958e-04,1.328947314543625635e-01,1.000000000000000000e+00
0.000000000000000000e+00,1.888000000000000000e+03,1.887999999999999901e+01,1.199374092571899375e+01,-4.099551856653373960e+00,5.841664128700164049e+00,1.300520835232909622e+00,5.208352329095777833e-04,1.328947314543625635e-01,0.000000000000000000e+00
0.000000000000000000e+00,1.889000000000000000e+03,1.889000000000000057e+01,1.200000000000000000e+01,-4.093875408896818335e+00,5.845548120516094848e+00,1.299085879265337251e+00,-9.141207346627933106e-04,1.328947314543625635e-01,1.000000000000000000e+00
0.000000000000000000e+00,1.890000000000000000e+03,1.890000000000000213e+01,1.199827453379937658e+01,-4.099205567031789954e+00,5.841901016092755583e+00,1.300235690136118283e+00,2.356901361182384136e-04,1.328947314543625635e-01,0.000000000000000000e+00
0.000000000000000000e+00,1.891000000000000000e+03,1.891000000000000014e+01,1.200000000000000000e+01,-4.097359570939650197e+00,5.843164092798566855e+00,1.299549654544791988e+00,-4.503454552080565776e-04,1.328947314543625635e-01,1.000000000000000000e+00
0.000000000000000000e+00,1.892000000000000000e+03,1.892000000000000171e+01,1.200000000000000000e+01,-4.091617741277374876e+00,5.847092919978991610e+00,1.299894175317562794e+00,-1.058246824372499617e-04,1.328947314543625635e-01,1.000000000000000000e+00
0.000000000000000000e+00,1.893000000000000000e+03,1.892999999999999972e+01,1.200000000000000000e+01,-4.090962431741566263e+00,5.847541517693750635e+00,1.300456952617113915e+00,4.569526171138704740e-04,1.328947314543625635e-01,1.000000000000000000e+00
0.000000000000000000e+00,1.894000000000000000e+03,1.894000000000000128e+01,1.199374136568540550e+01,-4.099548098439457888e+00,5.841666705449568120e+00,1.300521180778534180e+00,5.211807785341360244e-04,1.328947314543625635e-01,0.000000000000000000e+00
0.000000000000000000e+00,1.895000000000000000e+03,1.894999999999999929e+01,1.200000000000000000e+01,-4.093871084158710261e+00,5.845551085013248382e+00,1.299086289750347234e+00,-9.137102496528104467e-04,1.328947314543625635e-01,1.000000000000000000e+00
0.000000000000000000e+00,1.896000000000000000e+03,1.896000000000000085e+01,1.199827116263469939e+01,-4.099203709681543906e+00,5.841902292102576055e+00,1.300236114248518149e+00,2.361142485181044748e-04,1.328947314543625635e-01,0.000000000000000000e+00
0.000000000000000000e+00,1.897000000000000000e+03,1.896999999999999886e+01,1.200000000000000000e+01,-4.097352857461587838e+00,5.843168691487590216e+00,1.299549517311878066e+00,-4.504826881219781143e-04,1.328947314543625635e-01,1.000000000000000000e+00
0.000000000000000000e+00,1.898000000000000000e+03,1.898000000000000043e+01,1.200000000000000000e+01,-4.091621370285065673e+00,5.847090442225981732e+00,1.299894833654250625e+00,-1.051663457494189657e-04,1.328947314543625635e-01,1.000000000000000000e+00
0.000000000000000000e+00,1.899000000000000000e+03,1.899000000000000199e+01,1.200000000000000000e+01,-4.090958925311644734e+00,5.847543922328210186e+00,1.300456597222637178e+00,4.565972226371339815e-04,1.328947314543625635e-01,1.000000000000000000e+00
0.000000000000000000e+00,1.900000000000000000e+03,1.900000000000000000e+01,1.199374178061212781e+01,-4.099544336921240095e+00,5.841669284423724129e+00,1.300521524640193327e+00,5.215246401932827069e-04,1.328989438663533418e-01,0.000000000000000000e+00
0.000000000000000000e+00,1.901000000000000000e+03,1.901000000000000156e+01,1.200000000000000000e+01,-4.093866739560727552e+00,5.845554063064214212e+00,1.299086698183303579e+00,-9.133018166964657070e-04,1.328989438663533418e-01,1.000000000000000000e+00
0.000000000000000000e+00,1.902000000000000000e+03,1.901999999999999957e+01,1.199826771220588562e+01,-4.099201851553991638e+00,5.841903568608075581e+00,1.300236540305725441e+00,2.365403057253967489e-04,1.328989438663533418e-01,0.000000000000000000e+00
0.000000000000000000e+00,1.903000000000000000e+03,1.903000000000000114e+01,1.200000000000000000e+01,-4.097346066225974859e+00,5.843173343345801740e+00,1.299549372639687395e+00,-4.506273603126498273e-04,1.328989438663533418e-01,1.000000000000000000e+00
0.000000000000000000e+00,1.904000000000000000e+03,1.903999999999999915e+01,1.200000000000000000e+01,-4.091625123247779605e+00,5.847087879626592155e+00,1.299895499611470218e+00,-1.045003885298267932e-04,1.328989438663533418e-01,1.000000000000000000e+00
0.000000000000000000e+00,1.905000000000000000e+03,1.905000000000000071e+01,1.200000000000000000e+01,-4.090955414286922220e+00,5.847546330074769649e+00,1.300456229679180620e+00,4.562296791805753315e-04,1.328989438663533418e-01,1.000000000000000000e+00
0.000000000000000000e+00,1.906000000000000000e+03,1.905999999999999872e+01,1.199374218765852618e+01,-4.099540614198066812e+00,5.841671836821485719e+00,1.300521868950617055e+00,5.218689506170104409e-04,1.328989438663533418e-01,0.000000000000000000e+00
0.000000000000000000e+00,1.907000000000000000e+03,1.907000000000000028e+01,1.200000000000000000e+01,-4.093862441287358322e+00,5.845557009385135672e+00,1.299087102063308574e+00,-9.128979366914702354e-04,1.328989438663533418e-01,1.000000000000000000e+00
0.000000000000000000e+00,1.908000000000000000e+03,1.908000000000000185e+01,1.199826435518529166e+01,-4.099200010136436312e+00,5.841904833649743445e+00,1.300236961821034987e+00,2.369618210349422327e-04,1.328989438663533418e-01,0.000000000000000000e+00
0.000000000000000000e+00,1.909000000000000000e+03,1.908999999999999986e+01,1.200000000000000000e+01,-4.097339403225490173e+00,5.843177907431076790e+00,1.299549235182323459e+00,-4.507648176765854942e-04,1.328989438663533418e-01,1.000000000000000000e+00
0.000000000000000000e+00,1.910000000000000000e+03,1.910000000000000142e+01,1.200000000000000000e+01,-4.091628821658453319e+00,5.847085354316821082e+00,1.299896152996568688e+00,-1.038470034313565549e-04,1.328989438663533418e-01,1.000000000000000000e+00
0.000000000000000000e+00,1.911000000000000000e+03,1.910999999999999943e+01,1.200000000000000000e+01,-4.090951941653623081e+00,5.847548711515710096e+00,1.300455867480027949e+00,4.558674800279050032e-04,1.328989438663533418e-01,1.000000000000000000e+00
0.000000000000000000e+00,1.912000000000000000e+03,1.912000000000000099e+01,1.199374262019689752e+01,-4.099536911089904478e+00,5.841674375763813210e+00,1.300522209497086079e+00,5.222094970860347019e-04,1.328989438663533418e-01,0.000000000000000000e+00
0.000000000000000000e+00,1.913000000000000000e+03,1.912999999999999901e+01,1.200000000000000000e+01,-4.093858184443941894e+00,5.845559927323576765e+00,1.299087506435457673e+00,-9.124935645423715158e-04,1.328989438663533418e-01,1.000000000000000000e+00
0.000000000000000000e+00,1.914000000000000000e+03,1.914000000000000057e+01,1.199826105977713020e+01,-4.099198165859593068e+00,5.841906100615323005e+00,1.300237379274138405e+00,2.373792741383606852e-04,1.328989438663533418e-01,0.000000000000000000e+00
0.000000000000000000e+00,1.915000000000000000e+03,1.915000000000000213e+01,1.200000000000000000e+01,-4.097332817144691219e+00,5.843182418853800186e+00,1.299549103844311215e+00,-4.508961556888291256e-04,1.328989438663533418e-01,1.000000000000000000e+00
0.000000000000000000e+00,1.916000000000000000e+03,1.916000000000000014e+01,1.200000000000000000e+01,-4.091632497977915506e+00,5.847082844086854081e+00,1.299896798839768497e+00,-1.032011602315474619e-04,1.328989438663533418e-01,1.000000000000000000e+00
0.000000000000000000e+00,1.917000000000000000e+03,1.917000000000000171e+01,1.200000000000000000e+01,-4.090948485658481459e+00,5.847551081535973694e+00,1.300455507444083558e+00,4.555074440835138461e-04,1.328989438663533418e-01,1.000000000000000000e+00
0.000000000000000000e+00,1.918000000000000000e+03,1.917999999999999972e+01,1.199374305008790564e+01,-4.099533226129196350e+00,5.841676902253920112e+00,1.300522548411394252e+00,5.225484113942080455e-04,1.328989438663533418e-01,0.000000000000000000e+00
0.000000000000000000e+00,1.919000000000000000e+03,1.919000000000000128e+01,1.200000000000000000e+01,-4.093853949803914816e+00,5.845562830034290336e+00,1.299087908775364619e+00,-9.120912246354251351e-04,1.328989438663533418e-01,1.000000000000000000e+00
0.000000000000000000e+00,1.920000000000000000e+03,1.919999999999999929e+01,1.199825779890797506e+01,-4.099196335840898264e+00,5.841907357791110478e+00,1.300237794549360171e+00,2.377945493601263394e-04,1.328970335794719126e-01,0.000000000000000000e+00
0.000000000000000000e+00,1.921000000000000000e+03,1.921000000000000085e+01,1.200000000000000000e+01,-4.097326291596404602e+00,5.843186888824581260e+00,1.299548974380876354e+00,-4.510256191236905465e-04,1.328970335794719126e-01,1.000000000000000000e+00
0.000000000000000000e+00,1.922000000000000000e+03,1.921999999999999886e+01,1.200000000000000000e+01,-4.091636178480329455e+00,5.847080330957888705e+00,1.299897438747409373e+00,-1.025612525906716144e-04,1.328970335794719126e-01,1.000000000000000000e+00
0.000000000000000000e+00,1.923000000000000000e+03,1.923000000000000043e+01,1.200000000000000000e+01,-4.090945056069413610e+00,5.847553433451550653e+00,1.300455146996454925e+00,4.551469964548804370e-04,1.328970335794719126e-01,1.000000000000000000e+00
0.000000000000000000e+00,1.924000000000000000e+03,1.924000000000000199e+01,1.199374350041828308e+01,-4.099529569729759793e+00,5.841679409166902204e+00,1.300522884736284634e+00,5.228847362845900903e-04,1.328970335794719126e-01,0.000000000000000000e+00
0.000000000000000000e+00,1.925000000000000000e+03,1.925000000000000000e+01,1.200000000000000000e+01,-4.093849765286474707e+00,5.845565698413826894e+00,1.299088310251067080e+00,-9.116897489329645055e-04,1.328970335794719126e-01,1.000000000000000000e+00
0.000000000000000000e+00,1.926000000000000000e+03,1.926000000000000156e+01,1.199825460624614415e+01,-4.099194489963203125e+00,5.841908625784961728e+00,1.300238204910384887e+00,2.382049103848427052e-04,1.328970335794719126e-01,0.000000000000000000e+00
0.000000000000000000e+00,1.927000000000000000e+03,1.926999999999999957e+01,1.200000000000000000e+01,-4.097319839469906633e+00,5.843191308526039407e+00,1.299548852936395882e+00,-4.511470636041625681e-04,1.328970335794719126e-01,1.000000000000000000e+00
0.000000000000000000e+00,1.928000000000000000e+03,1.928000000000000114e+01,1.200000000000000000e+01,-4.091639828962709835e+00,5.847077838333904154e+00,1.299898071456065285e+00,-1.019285439347594746e-04,1.328970335794719126e-01,1.000000000000000000e+00
0.000000000000000000e+00,1.929000000000000000e+03,1.928999999999999915e+01,1.200000000000000000e+01,-4.090941633070537264e+00,5.847555780821214633e+00,1.300454789489053020e+00,4.547894890529757816e-04,1.328970335794719126e-01,1.000000000000000000e+00
0.000000000000000000e+00,1.930000000000000000e+03,1.930000000000000071e+01,1.199374392507411002e+01,-4.099525920748256169e+00,5.841681910967730929e+00,1.300523220413633663e+00,5.232204136336182643e-04,1.328970335794719126e-01,0.000000000000000000e+00
0.000000000000000000e+00,1.931000000000000000e+03,1.930999999999999872e+01,1.200000000000000000e+01,-4.093845574629506601e+00,5.845568570958189270e+00,1.299088708563090444e+00,-9.112914369096003497e-04,1.328970335794719126e-01,1.000000000000000000e+00
0.000000000000000000e+00,1.932000000000000000e+03,1.932000000000000028e+01,1.199825138342488451e+01,-4.099192659322153709e+00,5.841909883317327079e+00,1.300238615871418979e+00,2.386158714189345886e-04,1.328970335794719126e-01,0.000000000000000000e+00
0.000000000000000000e+00,1.933000000000000000e+03,1.933000000000000185e+01,1.200000000000000000e+01,-4.097313376618081371e+00,5.843195735530420265e+00,1.299548727137460613e+00,-4.512728625394313298e-04,1.328970335794719126e-01,1.000000000000000000e+00
0.000000000000000000e+00,1.934000000000000000e+03,1.933999999999999986e+01,1.200000000000000000e+01,-4.091643550903775406e+00,5.847075296779784104e+00,1.299898705214257433e+00,-1.012947857426116371e-04,1.328970335794719126e-01,1.000000000000000000e+00
0.000000000000000000e+00,1.935000000000000000e+03,1.935000000000000142e+01,1.200000000000000000e+01,-4.090938226370190556e+00,5.847558117003734068e+00,1.300454424977087076e+00,4.544249770870312233e-04,1.328970335794719126e-01,1.000000000000000000e+00
0.000000000000000000e+00,1.936000000000000000e+03,1.935999999999999943e+01,1.199374434713066861e+01,-4.099522289547959275e+00,5.841684400568051494e+00,1.300523554492137190e+00,5.235544921371459992e-04,1.328970335794719126e-01,0.000000000000000000e+00
0.000000000000000000e+00,1.937000000000000000e+03,1.937000000000000099e+01,1.200000000000000000e+01,-4.093841405684743862e+00,5.845571428612016618e+00,1.299089104883423662e+00,-9.108951165763823354e-04,1.328970335794719126e-01,1.000000000000000000e+00
0.000000000000000000e+00,1.938000000000000000e+03,1.937999999999999901e+01,1.199824818427314632e+01,-4.099190833254416688e+00,5.841911137687438860e+00,1.300239024702761981e+00,2.390247027619363251e-04,1.328970335794719126e-01,0.000000000000000000e+00
0.000000000000000000e+00,1.939000000000000000e+03,1.939000000000000057e+01,1.200000000000000000e+01,-4.097306954055548900e+00,5.843200134935173651e+00,1.299548603132324898e+00,-4.513968676751467513e-04,1.328970335794719126e-01,1.000000000000000000e+00
0.000000000000000000e+00,1.940000000000000000e+03,1.940000000000000213e+01,1.200000000000000000e+01,-4.091647299320277043e+00,5.847072737075595938e+00,1.299899335021339031e+00,-1.006649786610136488e-04,1.328947747171437543e-01,1.000000000000000000e+00
0.000000000000000000e+00,1.941000000000000000e+03,1.941000000000000014e+01,1.200000000000000000e+01,-4.090934847426794363e+00,5.847560434159730924e+00,1.300454057868906110e+00,4.540578689060659201e-04,1.328947747171437543e-01,1.000000000000000000e+00
0.000000000000000000e+00,1.942000000000000000e+03,1.942000000000000171e+01,1.199374479372489510e+01,-4.099518688468711147e+00,5.841686869526595771e+00,1.300523885848951178e+00,5.238858489511333261e-04,1.328947747171437543e-01,0.000000000000000000e+00
0.000000000000000000e+00,1.943000000000000000e+03,1.942999999999999972e+01,1.200000000000000000e+01,-4.093837291397928624e+00,5.845574248833846021e+00,1.299089500575307365e+00,-9.104994246926789714e-04,1.328947747171437543e-01,1.000000000000000000e+00
0.000000000000000000e+00,1.944000000000000000e+03,1.944000000000000128e+01,1.199824508409287738e+01,-4.099189010894950691e+00,5.841912389490116375e+00,1.300239428175491874e+00,2.394281754918292648e-04,1.328947747171437543e-01,0.000000000000000000e+00
0.000000000000000000e+00,1.945000000000000000e+03,1.944999999999999929e+01,1.200000000000000000e+01,-4.097300654448198465e+00,5.843204450180383702e+00,1.299548488144148140e+00,-4.515118558519048975e-04,1.328947747171437543e-01,1.000000000000000000e+00
0.000000000000000000e+00,1.946000000000000000e+03,1.946000000000000085e+01,1.200000000000000000e+01,-4.091650958532217608e+00,5.847070238372352513e+00,1.299899952773925893e+00,-1.000472260741513963e-04,1.328947747171437543e-01,1.000000000000000000e+00
0.000000000000000000e+00,1.947000000000000000e+03,1.946999999999999886e+01,1.200000000000000000e+01,-4.090931472929861812e+00,5.847562748235834107e+00,1.300453699500982996e+00,4.536995009829514203e-04,1.328947747171437543e-01,1.000000000000000000e+00
0.000000000000000000e+00,1.948000000000000000e+03,1.948000000000000043e+01,1.199374521047213626e+01,-4.099515092523971838e+00,5.841689334934407896e+00,1.300524216768289110e+00,5.242167682890652713e-04,1.328947747171437543e-01,0.000000000000000000e+00
0.000000000000000000e+00,1.949000000000000000e+03,1.949000000000000199e+01,1.200000000000000000e+01,-4.093833165361227877e+00,5.845577077058504045e+00,1.299089892931731605e+00,-9.101070682684397894e-04,1.328947747171437543e-01,1.000000000000000000e+00
0.000000000000000000e+00,1.950000000000000000e+03,1.950000000000000000e+01,1.199824193132621453e+01,-4.099187194140999857e+00,5.841913637419954064e+00,1.300239832798069983e+00,2.398327980699388462e-04,1.328947747171437543e-01,0.000000000000000000e+00
0.000000000000000000e+00,1.951000000000000000e+03,1.951000000000000156e+01,1.200000000000000000e+01,-4.097294311196226779e+00,5.843208795252134991e+00,1.299548367619741018e+00,-4.516323802590260783e-04,1.328947747171437543e-01,1.000000000000000000e+00
0.000000000000000000e+00,1.952000000000000000e+03,1.951999999999999957e+01,1.200000000000000000e+01,-4.091654725276780091e+00,5.847067666056650737e+00,1.299900574803007025e+00,-9.942519699301932690e-05,1.328947747171437543e-01,1.000000000000000000e+00
0.000000000000000000e+00,1.953000000000000000e+03,1.953000000000000114e+01,1.200000000000000000e+01,-4.090928114204973376e+00,5.847565051486111720e+00,1.300453330593275281e+00,4.533305932752362821e-04,1.328947747171437543e-01,1.000000000000000000e+00
0.000000000000000000e+00,1.954000000000000000e+03,1.953999999999999915e+01,1.199374562441870928e+01,-4.099511513987061484e+00,5.841691788398225782e+00,1.300524546140413129e+00,5.245461404130846716e-04,1.328947747171437543e-01,0.000000000000000000e+00
0.000000000000000000e+00,1.955000000000000000e+03,1.955000000000000071e+01,1.200000000000000000e+01,-4.093829060385588470e+00,5.845579890839199599e+00,1.299090283314029648e+00,-9.097166859703964548e-04,1.328947747171437543e-01,1.000000000000000000e+00
0.000000000000000000e+00,1.956000000000000000e+03,1.955999999999999872e+01,1.199823880115103059e+01,-4.099185382082580986e+00,5.841914882104905615e+00,1.300240235354850338e+00,2.402353548502933478e-04,1.328947747171437543e-01,0.000000000000000000e+00
0.000000000000000000e+00,1.957000000000000000e+03,1.957000000000000028e+01,1.200000000000000000e+01,-4.097288006805464455e+00,5.843213113702364403e+00,1.299548248775040715e+00,-4.517512249593291784e-04,1.328947747171437543e-01,1.000000000000000000e+00
0.000000000000000000e+00,1.958000000000000000e+03,1.958000000000000185e+01,1.200000000000000000e+01,-4.091658507215743867e+00,5.847065083310713618e+00,1.299901193021000267e+00,-9.880697899977697318e-05,1.328947747171437543e-01,1.000000000000000000e+00
0.000000000000000000e+00,1.959000000000000000e+03,1.958999999999999986e+01,1.200000000000000000e+01,-4.090924771149317074e+00,5.847567343981140198e+00,1.300452960194948604e+00,4.529601949485595469e-04,1.328947747171437543e-01,1.000000000000000000e+00
0.000000000000000000e+00,1.960000000000000000e+03,1.960000000000000142e+01,1.199374601311441246e+01,-4.099507931005737404e+00,5.841694244869571229e+00,1.300524873975426932e+00,5.248739754268871849e-04,1.328989667132069175e-01,0.000000000000000000e+00
0.000000000000000000e+00,1.961000000000000000e+03,1.960999999999999943e+01,1.200000000000000000e+01,-4.093824933792181930e+00,5.845582719379201819e+00,1.299090671736198077e+00,-9.093282638019672959e-04,1.328989667132069175e-01,1.000000000000000000e+00
0.000000000000000000e+00,1.962000000000000000e+03,1.962000000000000099e+01,1.199823558969321446e+01,-4.099183569120628867e+00,5.841916127374484624e+00,1.300240640028822003e+00,2.406400288219590067e-04,1.328989667132069175e-01,0.000000000000000000e+00
0.000000000000000000e+00,1.963000000000000000e+03,1.962999999999999901e+01,1.200000000000000000e+01,-4.097281621593595879e+00,5.843217487420500511e+00,1.299548122312189191e+00,-4.518776878108532458e-04,1.328989667132069175e-01,1.000000000000000000e+00
0.000000000000000000e+00,1.964000000000000000e+03,1.964000000000000057e+01,1.200000000000000000e+01,-4.091662419108783588e+00,5.847062411616175126e+00,1.299901819159962058e+00,-9.818084003798688286e-05,1.328989667132069175e-01,1.000000000000000000e+00
0.000000000000000000e+00,1.965000000000000000e+03,1.965000000000000213e+01,1.200000000000000000e+01,-4.090921421664561741e+00,5.847569640845909689e+00,1.300452577059837633e+00,4.525770598375888909e-04,1.328989667132069175e-01,1.000000000000000000e+00
0.000000000000000000e+00,1.966000000000000000e+03,1.966000000000000014e+01,1.199374639316661018e+01,-4.099504385385617233e+00,5.841696675748011991e+00,1.300525202439074768e+00,5.252024390747234150e-04,1.328989667132069175e-01,0.000000000000000000e+00
0.000000000000000000e+00,1.967000000000000000e+03,1.967000000000000171e+01,1.200000000000000000e+01,-4.093820851074600142e+00,5.845585517867142755e+00,1.299091055673775585e+00,-9.089443262244589761e-04,1.328989667132069175e-01,1.000000000000000000e+00
0.000000000000000000e+00,1.968000000000000000e+03,1.967999999999999972e+01,1.199823246700851520e+01,-4.099181773565447884e+00,5.841917360705775941e+00,1.300241040401042047e+00,2.410404010420030829e-04,1.328989667132069175e-01,0.000000000000000000e+00
0.000000000000000000e+00,1.969000000000000000e+03,1.969000000000000128e+01,1.200000000000000000e+01,-4.097275358663895695e+00,5.843221777441092613e+00,1.299548002556648374e+00,-4.519974433516704693e-04,1.328989667132069175e-01,1.000000000000000000e+00
0.000000000000000000e+00,1.970000000000000000e+03,1.969999999999999929e+01,1.200000000000000000e+01,-4.091666272167252316e+00,5.847059780144221897e+00,1.299902433310496708e+00,-9.756668950333668988e-05,1.328989667132069175e-01,1.000000000000000000e+00
0.000000000000000000e+00,1.971000000000000000e+03,1.971000000000000085e+01,1.200000000000000000e+01,-4.090918109253238732e+00,5.847571912309545539e+00,1.300452199688808541e+00,4.521996888084967026e-04,1.328989667132069175e-01,1.000000000000000000e+00
0.000000000000000000e+00,1.972000000000000000e+03,1.971999999999999886e+01,1.199374679852544290e+01,-4.099500858221230004e+00,5.841699093966809642e+00,1.300525527268086678e+00,5.255272680866340806e-04,1.328989667132069175e-01,0.000000000000000000e+00
0.000000000000000000e+00,1.973000000000000000e+03,1.973000000000000043e+01,1.200000000000000000e+01,-4.093816807994219431e+00,5.845588289201842258e+00,1.299091440199719116e+00,-9.085598002809280871e-04,1.328989667132069175e-01,1.000000000000000000e+00
0.000000000000000000e+00,1.974000000000000000e+03,1.974000000000000199e+01,1.199822940275391758e+01,-4.099179975638437945e+00,5.841918595629918443e+00,1.300241436886899526e+00,2.414368868994820616e-04,1.328989667132069175e-01,0.000000000000000000e+00
0.000000000000000000e+00,1.975000000000000000e+03,1.975000000000000000e+01,1.200000000000000000e+01,-4.097269168211416179e+00,5.843226017841190334e+00,1.299547888571045196e+00,-4.521114289548489040e-04,1.328989667132069175e-01,1.000000000000000000e+00
0.000000000000000000e+00,1.976000000000000000e+03,1.976000000000000156e+01,1.200000000000000000e+01,-4.091670100621577433e+00,5.847057165474242701e+00,1.299903040354802863e+00,-9.695964519718103247e-05,1.328989667132069175e-01,1.000000000000000000e+00
0.000000000000000000e+00,1.977000000000000000e+03,1.976999999999999957e+01,1.200000000000000000e+01,-4.090914812155400426e+00,5.847574173261603114e+00,1.300451824727383299e+00,4.518247273832542987e-04,1.328989667132069175e-01,1.000000000000000000e+00
0.000000000000000000e+00,1.978000000000000000e+03,1.978000000000000114e+01,1.199374720112321313e+01,-4.099497347988013018e+00,5.841701500568220240e+00,1.300525850594861588e+00,5.258505948615432857e-04,1.328989667132069175e-01,0.000000000000000000e+00
0.000000000000000000e+00,1.979000000000000000e+03,1.978999999999999915e+01,1.200000000000000000e+01,-4.093812785327956227e+00,5.845591046535719038e+00,1.299091822802069363e+00,-9.081771979306818565e-04,1.328989667132069175e-01,1.000000000000000000e+00
0.000000000000000000e+00,1.980000000000000000e+03,1.980000000000000071e+01,1.199822637016668914e+01,-4.099178192206053062e+00,5.841919820604978497e+00,1.300241831370390733e+00,2.418313703906882495e-04,1.328970608572869472e-01,0.000000000000000000e+00
0.000000000000000000e+00,1.981000000000000000e+03,1.980999999999999872e+01,1.200000000000000000e+01,-4.097263034198589615e+00,5.843230219592239649e+00,1.299547776164787116e+00,-4.522238352129281935e-04,1.328970608572869472e-01,1.000000000000000000e+00
0.000000000000000000e+00,1.982000000000000000e+03,1.982000000000000028e+01,1.200000000000000000e+01,-4.091673931441079048e+00,5.847054549151784464e+00,1.299903641864890602e+00,-9.635813510944224447e-05,1.328970608572869472e-01,1.000000000000000000e+00
0.000000000000000000e+00,1.983000000000000000e+03,1.983000000000000185e+01,1.200000000000000000e+01,-4.090911540019882331e+00,5.847576417099538126e+00,1.300451449532555204e+00,4.514495325551592941e-04,1.328970608572869472e-01,1.000000000000000000e+00
0.000000000000000000e+00,1.984000000000000000e+03,1.983999999999999986e+01,1.199374762381991744e+01,-4.099493865106194512e+00,5.841703888422927982e+00,1.300526171473826764e+00,5.261714738267198044e-04,1.328970608572869472e-01,0.000000000000000000e+00
0.000000000000000000e+00,1.985000000000000000e+03,1.985000000000000142e+01,1.200000000000000000e+01,-4.093808810852388014e+00,5.845593770862881122e+00,1.299092204626640878e+00,-9.077953733591659358e-04,1.328970608572869472e-01,1.000000000000000000e+00
0.000000000000000000e+00,1.986000000000000000e+03,1.985999999999999943e+01,1.199822340224250183e+01,-4.099176393556421161e+00,5.841921055961483589e+00,1.300242221129135345e+00,2.422211291353004725e-04,1.328970608572869472e-01,0.000000000000000000e+00
0.000000000000000000e+00,1.987000000000000000e+03,1.987000000000000099e+01,1.200000000000000000e+01,-4.097256968844845026e+00,5.843234374335157355e+00,1.299547671378729508e+00,-4.523286212705368570e-04,1.328970608572869472e-01,1.000000000000000000e+00
0.000000000000000000e+00,1.988000000000000000e+03,1.987999999999999901e+01,1.200000000000000000e+01,-4.091677730431085180e+00,5.847051954575156252e+00,1.299904236643039113e+00,-9.576335696093174477e-05,1.328970608572869472e-01,1.000000000000000000e+00
0.000000000000000000e+00,1.989000000000000000e+03,1.989000000000000057e+01,1.200000000000000000e+01,-4.090908273229627135e+00,5.847578657246132572e+00,1.300451077455399895e+00,4.510774553998508907e-04,1.328970608572869472e-01,1.000000000000000000e+00
0.000000000000000000e+00,1.990000000000000000e+03,1.990000000000000213e+01,1.199374802087359448e+01,-4.099490388438515431e+00,5.841706271991815136e+00,1.300526491827397546e+00,5.264918273975016660e-04,1.328970608572869472e-01,0.000000000000000000e+00
0.000000000000000000e+00,1.991000000000000000e+03,1.991000000000000014e+01,1.200000000000000000e+01,-4.093804828572465304e+00,5.845596500496668568e+00,1.299092583408748558e+00,-9.074165912514864374e-04,1.328970608572869472e-01,1.000000000000000000e+00
0.000000000000000000e+00,1.992000000000000000e+03,1.992000000000000171e+01,1.199822040202066376e+01,-4.099174610020511089e+00,5.841922280943173007e+00,1.300242611651185154e+00,2.426116511851095225e-04,1.328970608572869472e-01,0.000000000000000000e+00
0.000000000000000000e+00,1.993000000000000000e+03,1.992999999999999972e+01,1.200000000000000000e+01,-4.097250889497213500e+00,5.843238538619949907e+00,1.299547562047691063e+00,-4.524379523089816502e-04,1.328970608572869472e-01,1.000000000000000000e+00
0.000000000000000000e+00,1.994000000000000000e+03,1.994000000000000128e+01,1.200000000000000000e+01,-4.091681602931411810e+00,5.847049309667221806e+00,1.299904832791245912e+00,-9.516720875413220426e-05,1.328970608572869472e-01,1.000000000000000000e+00
0.000000000000000000e+00,1.995000000000000000e+03,1.994999999999999929e+01,1.200000000000000000e+01,-4.090905021046944867e+00,5.847580887365199764e+00,1.300450698172704644e+00,4.506981727045999975e-04,1.328970608572869472e-01,1.000000000000000000e+00
0.000000000000000000e+00,1.996000000000000000e+03,1.996000000000000085e+01,1.199374841471849962e+01,-4.099486928326531832e+00,5.841708644201213829e+00,1.300526810747916873e+00,5.268107479168282481e-04,1.328970608572869472e-01,0.000000000000000000e+00
0.000000000000000000e+00,1.997000000000000000e+03,1.996999999999999886e+01,1.200000000000000000e+01,-4.093800865908068687e+00,5.845599216677044296e+00,1.299092960261632568e+00,-9.070397383674766445e-04,1.328970608572869472e-01,1.000000000000000000e+00
0.000000000000000000e+00,1.998000000000000000e+03,1.998000000000000043e+01,1.199821742206619923e+01,-4.099172831402763784e+00,5.841923502529034806e+00,1.300243000249185599e+00,2.430002491855542957e-04,1.328970608572869472e-01,0.000000000000000000e+00
0.000000000000000000e+00,1.999000000000000000e+03,1.999000000000000199e+01,1.200000000000000000e+01,-4.097244845892815235e+00,5.843242678417981395e+00,1.299547454154247994e+00,-4.525458457520503686e-04,1.328970608572869472e-01,1.000000000000000000e+00
1.000000000000000000e+00,0.000000000000000000e+00,0.000000000000000000e+00,5.099999999999999645e+00,1.656062151841082297e-01,1.558693692677016740e-01,5.683676910724988485e-01,-4.316323089275011515e-01,9.860289367617951217e-02,2.000000000000000000e+00
1.000000000000000000e+00,1.000000000000000000e+00,1.000000000000000021e-02,5.199999999999999289e+00,3.304971189442734714e-01,3.101367893803322895e-01,6.001903585467120994e-01,-4.013096414532879574e-01,9.860289367617951217e-02,2.000000000000000000e+00
1.000000000000000000e+00,2.000000000000000000e+00,2.000000000000000042e-02,5.299999999999998934e+00,4.942148159643348082e-01,4.625109830496269003e-01,6.318040623088572172e-01,-3.711959376911426745e-01,9.860289367617951217e-02,2.000000000000000000e+00
1.000000000000000000e+00,3.000000000000000000e+00,2.999999999999999889e-02,5.399999999999998579e+00,6.563088626517017410e-01,6.127067978726633557e-01,6.631563706266920821e-01,-3.413436293733078664e-01,9.860289367617951217e-02,2.000000000000000000e+00
1.000000000000000000e+00,4.000000000000000000e+00,4.000000000000000083e-02,5.499999999999998224e+00,8.163308961284216902e-01,7.604418777620621794e-01,6.941957793345561178e-01,-3.118042206654438875e-01,9.860289367617951217e-02,2.000000000000000000e+00
1.000000000000000000e+00,5.000000000000000000e+00,5.000000000000000278e-02,5.599999999999997868e+00,9.738280864340053133e-01,9.054325138286235530e-01,7.248711848434081784e-01,-2.826288151565918838e-01,9.860289367617951217e-02,2.000000000000000000e+00
1.000000000000000000e+00,6.000000000000000000e+00,5.999999999999999778e-02,5.699999999999997513e+00,1.128334911043147537e+00,1.047388336563902511e+00,7.551312655753109615e-01,-2.538687344246889355e-01,9.860289367617951217e-02,2.000000000000000000e+00
1.000000000000000000e+00,7.000000000000000000e+00,7.000000000000000666e-02,5.799999999999997158e+00,1.279362474642440795e+00,1.186005329142921783e+00,7.849237200842671403e-01,-2.255762799157328136e-01,9.860289367617951217e-02,2.000000000000000000e+00
1.000000000000000000e+00,8.000000000000000000e+00,8.000000000000000167e-02,5.899999999999996803e+00,1.426384117086066938e+00,1.320956323838686330e+00,8.141942819508669604e-01,-1.978057180491330502e-01,9.860289367617951217e-02,2.000000000000000000e+00
1.000000000000000000e+00,9.000000000000000000e+00,8.999999999999999667e-02,5.999999999999996447e+00,1.568815173253309991e+00,1.451877559780090365e+00,8.428853830608957765e-01,-1.706146169391042910e-01,9.860289367617951217e-02,2.000000000000000000e+00
1.000000000000000000e+00,1.000000000000000000e+01,1.000000000000000056e-01,6.099999999999996092e+00,1.705983031268524686e+00,1.578348738279611974e+00,8.709342482844617539e-01,-1.440657517155381484e-01,9.860289367617951217e-02,2.000000000000000000e+00
1.000000000000000000e+00,1.100000000000000000e+01,1.100000000000000006e-01,6.199999999999995737e+00,1.837079998380699797e+00,1.699861591202075584e+00,8.982700312595632841e-01,-1.182299687404366750e-01,9.860289367617951217e-02,2.000000000000000000e+00
1.000000000000000000e+00,1.200000000000000000e+01,1.199999999999999956e-01,6.299999999999995381e+00,1.961082924110082226e+00,1.815766278402284994e+00,9.248092328742680834e-01,-9.319076712573193255e-02,9.860289367617951217e-02,2.000000000000000000e+00
1.000000000000000000e+00,1.300000000000000000e+01,1.300000000000000044e-01,6.399999999999995026e+00,2.076600271972840694e+00,1.925169439807926430e+00,9.504477750884963161e-01,-6.905222491150375674e-02,9.860289367617951217e-02,2.000000000000000000e+00
1.000000000000000000e+00,1.400000000000000000e+01,1.400000000000000133e-01,6.499999999999994671e+00,2.181529267542736239e+00,2.026705725772847799e+00,9.750457348194839780e-01,-4.595426518051592968e-02,9.860289367617951217e-02,2.000000000000000000e+00
1.000000000000000000e+00,1.500000000000000000e+01,1.499999999999999944e-01,6.599999999999994316e+00,2.272031296960597579e+00,2.117855142850608274e+00,9.983927736578022127e-01,-2.410722634219775173e-02,9.860289367617951217e-02,2.000000000000000000e+00
1.000000000000000000e+00,1.600000000000000000e+01,1.600000000000000033e-01,6.699999999999993960e+00,2.335773848974588063e+00,2.190439922567663178e+00,1.020103974523025592e+00,-3.896025476974429580e-03,9.860289367617951217e-02,2.000000000000000000e+00
1.000000000000000000e+00,1.700000000000000000e+01,1.700000000000000122e-01,6.799999999999993605e+00,2.341030342538232389e+00,2.223360695314561042e+00,1.038927708911276282e+00,1.342770891127620381e-02,9.860289367617951217e-02,2.000000000000000000e+00
1.000000000000000000e+00,1.800000000000000000e+01,1.799999999999999933e-01,6.899999999999993250e+00,2.324216804936951153e+00,2.240931926671075658e+00,1.051640743855676963e+00,2.464074385567704972e-02,9.860289367617951217e-02,2.000000000000000000e+00
1.000000000000000000e+00,1.900000000000000000e+01,1.900000000000000022e-01,6.999999999999992895e+00,2.290985007689791519e+00,2.246932311305263053e+00,1.062028327783651305e+00,3.352832778365133493e-02,9.860289367617951217e-02,2.000000000000000000e+00
1.000000000000000000e+00,2.000000000000000000e+01,2.000000000000000111e-01,7.099999999999992539e+00,2.249183404821829324e+00,2.305395005335090897e+00,1.070683909109316323e+00,4.068390910931629634e-02,2.458704418610067888e-01,2.000000000000000000e+00
1.000000000000000000e+00,2.100000000000000000e+01,2.099999999999999922e-01,7.199999999999992184e+00,2.192495093835870268e+00,2.352463078696319876e+00,1.081194677261956727e+00,4.969467726195664348e-02,2.458704418610067888e-01,2.000000000000000000e+00
1.000000000000000000e+00,2.200000000000000000e+01,2.200000000000000011e-01,7.299999999999991829e+00,2.122893163354428570e+00,2.389461915646658330e+00,1.090098834555008223e+00,5.709883455500830429e-02,2.458704418610067888e-01,2.000000000000000000e+00
1.000000000000000000e+00,2.300000000000000000e+01,2.300000000000000100e-01,7.399999999999991473e+00,2.041844621263768200e+00,2.417378406024039528e+00,1.097606875234113044e+00,6.310687523411306898e-02,2.458704418610067888e-01,2.000000000000000000e+00
1.000000000000000000e+00,2.400000000000000000e+01,2.399999999999999911e-01,7.499999999999991118e+00,1.950522529887867229e+00,2.437003158784226908e+00,1.103874884332812778e+00,6.787488433281274602e-02,2.458704418610067888e-01,2.000000000000000000e+00
1.000000000000000000e+00,2.500000000000000000e+01,2.500000000000000000e-01,7.588473671664282882e+00,1.849911674804800121e+00,2.449001517191905730e+00,1.109027003101988207e+00,7.152700310198811806e-02,2.458704418610067888e-01,0.000000000000000000e+00
1.000000000000000000e+00,2.600000000000000000e+01,2.600000000000000089e-01,7.661187554905950492e+00,1.741720526410873715e+00,2.454527581300827599e+00,1.111935147576130767e+00,7.293514757613084321e-02,2.458704418610067888e-01,0.000000000000000000e+00
1.000000000000000000e+00,2.700000000000000000e+01,2.700000000000000178e-01,7.721066790753459586e+00,1.627820394748731525e+00,2.454850411388690201e+00,1.112324518811671936e+00,7.182451881167195573e-02,2.458704418610067888e-01,0.000000000000000000e+00
1.000000000000000000e+00,2.800000000000000000e+01,2.800000000000000266e-01,7.770562004973218251e+00,1.509770168703321147e+00,2.451033789005229835e+00,1.110698347170359090e+00,6.869834717035905314e-02,2.458704418610067888e-01,0.000000000000000000e+00
1.000000000000000000e+00,2.900000000000000000e+01,2.899999999999999800e-01,7.811797325744698206e+00,1.388914299685433562e+00,2.444000858172144852e+00,1.107475008674274397e+00,6.397500867427430293e-02,2.458704418610067888e-01,0.000000000000000000e+00
1.000000000000000000e+00,3.000000000000000000e+01,2.999999999999999889e-01,7.846663793414316856e+00,1.266444613584746248e+00,2.434574811755737311e+00,1.103015541684209566e+00,5.801554168420963720e-02,2.458704418610067888e-01,0.000000000000000000e+00
1.000000000000000000e+00,3.100000000000000000e+01,3.099999999999999978e-01,7.876886396428625758e+00,1.143444621787541138e+00,2.423508046843194208e+00,1.097640995392771046e+00,5.114099539277106032e-02,2.458704418610067888e-01,0.000000000000000000e+00
1.000000000000000000e+00,3.200000000000000000e+01,3.200000000000000067e-01,7.904079570850226055e+00,1.020926145374951854e+00,2.411506325249245464e+00,1.091644750429059396e+00,4.364475042905935354e-02,2.458704418610067888e-01,0.000000000000000000e+00
1.000000000000000000e+00,3.300000000000000000e+01,3.300000000000000155e-01,7.929801533834315741e+00,8.998650991204160121e-01,2.399252518401783885e+00,1.085302539803020050e+00,3.580253980301995043e-02,2.458704418610067888e-01,0.000000000000000000e+00
1.000000000000000000e+00,3.400000000000000000e+01,3.400000000000000244e-01,7.955618865148675667e+00,7.812439423406221106e-01,2.387434995309074104e+00,1.078882079938292327e+00,2.788207993829239228e-02,2.458704418610067888e-01,0.000000000000000000e+00
1.000000000000000000e+00,3.500000000000000000e+01,3.500000000000000333e-01,7.983201794804251072e+00,6.661142134871782527e-01,2.376789745935909526e+00,1.072654382477317814e+00,2.015438247731782262e-02,2.458704418610067888e-01,0.000000000000000000e+00
1.000000000000000000e+00,3.600000000000000000e+01,3.599999999999999867e-01,8.014503845466009579e+00,5.557142949566922230e-01,2.368180109940531519e+00,1.066910391112027012e+00,1.291039111202696432e-02,2.458704418610067888e-01,0.000000000000000000e+00
1.000000000000000000e+00,3.700000000000000000e+01,3.699999999999999956e-01,8.052232171531086280e+00,4.517775505954151893e-01,2.362805937926115263e+00,1.061992412630281102e+00,6.492412630280997021e-03,2.458704418610067888e-01,0.000000000000000000e+00
1.000000000000000000e+00,3.800000000000000000e+01,3.800000000000000044e-01,8.102315355399667851e+00,3.581485765458754522e-01,2.363301637204543226e+00,1.058376665366156377e+00,1.376665366156437642e-03,2.458704418610067888e-01,0.000000000000000000e+00
1.000000000000000000e+00,3.900000000000000000e+01,3.900000000000000133e-01,8.182338287294106394e+00,2.863080758101018697e-01,2.377491920334516617e+00,1.057107293326610131e+00,-1.392706673389865202e-03,2.458704418610067888e-01,0.000000000000000000e+00
1.000000000000000000e+00,4.000000000000000000e+01,4.000000000000000222e-01,8.218103791348937648e+00,2.251821770837068026e-01,2.365158744306253613e+00,1.061277988523062987e+00,1.277988523062933979e-03,4.017560984864075313e-01,8.000000000000000000e+00
1.000000000000000000e+00,4.100000000000000000e+01,4.100000000000000311e-01,8.283190761567114535e+00,1.844110893799129069e-01,2.366264572948818312e+00,1.060143266144792040e+00,-1.356733855208069883e-03,4.017560984864075313e-01,0.000000000000000000e+00
1.000000000000000000e+00,4.200000000000000000e+01,4.199999999999999845e-01,8.317941857093845925e+00,1.249032516796824283e-01,2.354239210168059149e+00,1.064264456177197005e+00,1.264456177197059716e-03,4.017560984864075313e-01,0.000000000000000000e+00
1.000000000000000000e+00,4.300000000000000000e+01,4.299999999999999933e-01,8.381902283526789788e+00,8.565022627947369016e-02,2.355600138236460417e+00,1.063147895439630286e+00,-1.352104560369715713e-03,4.017560984864075313e-01,0.000000000000000000e+00
1.000000000000000000e+00,4.400000000000000000e+01,4.400000000000000022e-01,8.415581788571122601e+00,2.766097537691369207e-02,2.343837003574699818e+00,1.067261953165239641e+00,1.261953165239582120e-03,4.017560984864075313e-01,0.000000000000000000e+00
1.000000000000000000e+00,4.500000000000000000e+01,4.500000000000000111e-01,8.478480285652315374e+00,-1.009214422588271959e-02,2.345461276355349955e+00,1.066148143999213760e+00,-1.351856000786133549e-03,4.017560984864075313e-01,0.000000000000000000e+00
1.000000000000000000e+00,4.600000000000000000e+01,4.600000000000000200e-01,8.511105132717842636e+00,-6.661206370781511121e-02,2.333948269635211847e+00,1.070261063011608504e+00,1.261063011608554163e-03,4.017560984864075313e-01,0.000000000000000000e+00
1.000000000000000000e+00,4.700000000000000000e+01,4.700000000000000289e-01,8.572976369464939239e+00,-1.029013873661457357e-01,2.335831361374830717e+00,1.069147784460388051e+00,-1.352215539611956174e-03,4.017560984864075313e-01,0.000000000000000000e+00
1.000000000000000000e+00,4.800000000000000000e+01,4.799999999999999822e-01,8.604573443902147289e+00,-1.579930688047815057e-01,2.324561306261799132e+00,1.073260437012847568e+00,1.260437012847503979e-03,4.017560984864075313e-01,0.000000000000000000e+00
1.000000000000000000e+00,4.900000000000000000e+01,4.899999999999999911e-01,8.665447037790890761e+00,-1.928564018118516521e-01,2.326696987690763940e+00,1.072147363200799397e+00,-1.352636799200501727e-03,4.017560984864075313e-01,0.000000000000000000e+00
1.000000000000000000e+00,5.000000000000000000e+01,5.000000000000000000e-01,8.696043994786984754e+00,-2.465588341048122745e-01,2.315663532424622417e+00,1.076259877352784944e+00,1.259877352784988247e-03,4.017560984864075313e-01,0.000000000000000000e+00
1.000000000000000000e+00,5.100000000000000000e+01,5.100000000000000089e-01,8.755948145339351285e+00,-2.800333418996763801e-01,2.318045475726611571e+00,1.075146958961814558e+00,-1.353041038185454070e-03,4.017560984864075313e-01,0.000000000000000000e+00
1.000000000000000000e+00,5.200000000000000000e+01,5.200000000000000178e-01,8.785572086323110597e+00,-3.323843189799428055e-01,2.307242493138760064e+00,1.079259353975807301e+00,1.259353975807231407e-03,4.017560984864075313e-01,0.000000000000000000e+00
1.000000000000000000e+00,5.300000000000000000e+01,5.300000000000000266e-01,8.844534124544130904e+00,-3.645062108927694111e-01,2.309864503571969152e+00,1.078146582138141074e+00,-1.353417861858829951e-03,4.017560984864075313e-01,0.000000000000000000e+00
1.000000000000000000e+00,5.400000000000000000e+01,5.400000000000000355e-01,8.873211420207777422e+00,-4.155424892441023643e-01,2.299286002082477687e+00,1.082258861393351035e+00,1.258861393351073943e-03,4.017560984864075313e-01,0.000000000000000000e+00
1.000000000000000000e+00,5.500000000000000000e+01,5.500000000000000444e-01,8.931257906739402230e+00,-4.463469966953458878e-01,2.302142048705371202e+00,1.081146233141764501e+00,-1.353766858235516679e-03,4.017560984864075313e-01,0.000000000000000000e+00
1.000000000000000000e+00,5.600000000000000000e+01,5.600000000000000533e-01,8.959014187870421253e+00,-4.961043419965063817e-01,2.291782158295837757e+00,1.085258397751441173e+00,1.258397751441098222e-03,4.017560984864075313e-01,0.000000000000000000e+00
1.000000000000000000e+00,5.700000000000000000e+01,5.700000000000000622e-01,9.016170944783446828e+00,-5.256257389842751149e-01,2.294866375309836837e+00,1.084145910950669922e+00,-1.354089049330209349e-03,4.017560984864075313e-01,0.000000000000000000e+00
1.000000000000000000e+00,5.800000000000000000e+01,5.799999999999999600e-01,9.043031117622998494e+00,-5.741389557561371593e-01,2.284719344598104662e+00,1.088257961768730686e+00,1.257961768730719854e-03,4.017560984864075313e-01,0.000000000000000000e+00
1.000000000000000000e+00,5.900000000000000000e+01,5.899999999999999689e-01,9.099323250190101575e+00,-6.024105847364314981e-01,2.288026028432173398e+00,1.087145614364851243e+00,-1.354385635148780409e-03,4.017560984864075313e-01,0.000000000000000000e+00
1.000000000000000000e+00,6.000000000000000000e+01,5.999999999999999778e-01,9.118765768072044864e+00,-6.534851181034032619e-01,2.298278106990637060e+00,1.091257552288360078e+00,1.257552288359997661e-03,4.973627730102966882e-01,8.000000000000000000e+00
1.000000000000000000e+00,6.100000000000000000e+01,6.099999999999999867e-01,9.167799768363414259e+00,-6.843347509724878597e-01,2.321738667972044201e+00,1.090145370693671234e+00,-1.354629306328680727e-03,4.973627730102966882e-01,0.000000000000000000e+00
1.000000000000000000e+00,6.200000000000000000e+01,6.199999999999999956e-01,9.186647558676863667e+00,-7.342773434486657980e-01,2.331685554621341083e+00,1.094257227932862842e+00,1.257227932862869935e-03,4.973627730102966882e-01,0.000000000000000000e+00
1.000000000000000000e+00,6.300000000000000000e+01,6.300000000000000044e-01,9.235115040281444365e+00,-7.639844075532040701e-01,2.354857884250329381e+00,1.093145025538143411e+00,-1.354974461856617296e-03,4.973627730102966882e-01,0.000000000000000000e+00
1.000000000000000000e+00,6.400000000000000000e+01,6.400000000000000133e-01,9.253383373569093351e+00,-8.128218307480123972e-01,2.364507328173032885e+00,1.097256842804138932e+00,1.256842804138846859e-03,4.973627730102966882e-01,0.000000000000000000e+00
1.000000000000000000e+00,6.500000000000000000e+01,6.500000000000000222e-01,9.301298718844297042e+00,-8.414124414283081776e-01,2.387398839001519057e+00,1.096144734901858264e+00,-1.355265098141655855e-03,4.973627730102966882e-01,0.000000000000000000e+00
1.000000000000000000e+00,6.600000000000000000e+01,6.600000000000000311e-01,9.319001857211477002e+00,-8.891712160482647676e-01,2.396758109041199791e+00,1.100256466716320380e+00,1.256466716320403521e-03,4.973627730102966882e-01,0.000000000000000000e+00
1.000000000000000000e+00,6.700000000000000000e+01,6.700000000000000400e-01,9.366379261006059664e+00,-9.166707549251618126e-01,2.419376117387777470e+00,1.099144469119292200e+00,-1.355530880707833674e-03,4.973627730102966882e-01,0.000000000000000000e+00
1.000000000000000000e+00,6.800000000000000000e+01,6.800000000000000488e-01,9.383530960593846615e+00,-9.633768442898957840e-01,2.428452228354265330e+00,1.103256109358827119e+00,1.256109358827028899e-03,4.973627730102966882e-01,0.000000000000000000e+00
1.000000000000000000e+00,6.900000000000000000e+01,6.900000000000000577e-01,9.430384254682465439e+00,-9.898100962747475862e-01,2.450803876074233667e+00,1.102144223252102595e+00,-1.355776747897330381e-03,4.973627730102966882e-01,0.000000000000000000e+00
1.000000000000000000e+00,7.000000000000000000e+01,7.000000000000000666e-01,9.446997853406360335e+00,-1.035488871791601095e+00,2.459603629591198715e+00,1.106255771654463649e+00,1.255771654463666565e-03,4.973627730102966882e-01,0.000000000000000000e+00
1.000000000000000000e+00,7.100000000000000000e+01,7.099999999999999645e-01,9.493340493592125284e+00,-1.060880054533812622e+00,2.481695878513154874e+00,1.105143996023562281e+00,-1.356003976437758496e-03,4.973627730102966882e-01,0.000000000000000000e+00
1.000000000000000000e+00,7.200000000000000000e+01,7.199999999999999734e-01,9.509428937495398415e+00,-1.105556300957459381e+00,2.490225876306726871e+00,1.109255453275391101e+00,1.255453275391005263e-03,4.973627730102966882e-01,0.000000000000000000e+00
1.000000000000000000e+00,7.300000000000000000e+01,7.299999999999999822e-01,9.555274013942138822e+00,-1.129929078398046016e+00,2.512065513027656127e+00,1.108143786729866687e+00,-1.356213270133244109e-03,4.973627730102966882e-01,0.000000000000000000e+00
1.000000000000000000e+00,7.400000000000000000e+01,7.399999999999999911e-01,9.570849873946466246e+00,-1.173627004831861331e+00,2.520332165808050195e+00,1.112255153740034253e+00,1.255153740034264942e-03,4.973627730102966882e-01,0.000000000000000000e+00
1.000000000000000000e+00,7.500000000000000000e+01,7.500000000000000000e-01,9.616210124326327602e+00,-1.197004498308979814e+00,2.541925807725713859e+00,1.111143594784361532e+00,-1.356405215638512018e-03,4.973627730102966882e-01,0.000000000000000000e+00
1.000000000000000000e+00,7.600000000000000000e+01,7.600000000000000089e-01,9.631285610979347211e+00,-1.239747749949912548e+00,2.549935343066299875e+00,1.115254872570094591e+00,1.254872570094489603e-03,4.973627730102966882e-01,0.000000000000000000e+00
1.000000000000000000e+00,7.700000000000000000e+01,7.700000000000000178e-01,9.676173433461672246e+00,-1.262152548834506449e+00,2.571289444322976792e+00,1.114143419647951605e+00,-1.356580352048331051e-03,4.973627730102966882e-01,0.000000000000000000e+00
1.000000000000000000e+00,7.800000000000000000e+01,7.800000000000000266e-01,9.690760410803742175e+00,-1.303964218726037405e+00,2.579047914045354606e+00,1.118254609310798120e+00,1.254609310798127098e-03,4.973627730102966882e-01,0.000000000000000000e+00
1.000000000000000000e+00,7.900000000000000000e+01,7.900000000000000355e-01,9.735187876473704094e+00,-1.325418390879431252e+00,2.600168771202347795e+00,1.117143260816056749e+00,-1.356739183943300731e-03,4.973627730102966882e-01,0.000000000000000000e+00
1.000000000000000000e+00,8.000000000000000000e+01,8.000000000000000444e-01,9.747757599408970464e+00,-1.344825108943419334e+00,2.579390798648288907e+00,1.121254363530387987e+00,1.254363530387880843e-03,5.307474987787627052e-01,8.000000000000000000e+00
1.000000000000000000e+00,8.100000000000000000e+01,8.100000000000000533e-01,9.790217497311504147e+00,-1.344126278037548250e+00,2.572321584216473056e+00,1.120143543593369984e+00,-1.356456406629957812e-03,5.307474987787627052e-01,0.000000000000000000e+00
1.000000000000000000e+00,8.200000000000000000e+01,8.200000000000000622e-01,9.802364196665939389e+00,-1.363178902033674866e+00,2.551961481822542233e+00,1.124254239202261640e+00,1.254239202261642205e-03,5.307474987787627052e-01,0.000000000000000000e+00
1.000000000000000000e+00,8.300000000000000000e+01,8.300000000000000711e-01,9.844436339862541629e+00,-1.362101157000454421e+00,2.545319565300369735e+00,1.123143409153907868e+00,-1.356590846092187164e-03,5.307474987787627052e-01,0.000000000000000000e+00
1.000000000000000000e+00,8.400000000000000000e+01,8.399999999999999689e-01,9.856169926125152969e+00,-1.380807725189268309e+00,2.525367752633296270e+00,1.127254070954702092e+00,1.254070954702202201e-03,5.307474987787627052e-01,0.000000000000000000e+00
1.000000000000000000e+00,8.500000000000000000e+01,8.499999999999999778e-01,9.897863924560780902e+00,-1.379359047981403963e+00,2.519143686492343548e+00,1.126143318007450267e+00,-1.356681992549679805e-03,5.307474987787627052e-01,0.000000000000000000e+00
1.000000000000000000e+00,8.600000000000000000e+01,8.599999999999999867e-01,9.909193655821589175e+00,-1.397727697419888893e+00,2.499590611331865997e+00,1.130253912235700930e+00,1.253912235700926914e-03,5.307474987787627052e-01,0.000000000000000000e+00
1.000000000000000000e+00,8.700000000000000000e+01,8.699999999999999956e-01,9.950519076386088457e+00,-1.395915760753164703e+00,2.493775252882191928e+00,1.129143247407317530e+00,-1.356752592682530789e-03,5.307474987787627052e-01,0.000000000000000000e+00
1.000000000000000000e+00,8.800000000000000000e+01,8.800000000000000044e-01,9.961453937204549192e+00,-1.413954483955145669e+00,2.474611554042133399e+00,1.133253770411617012e+00,1.253770411616894620e-03,5.307474987787627052e-01,0.000000000000000000e+00
1.000000000000000000e+00,8.900000000000000000e+01,8.900000000000000133e-01,1.000242016005711143e+01,-1.411786754050039727e+00,2.469195993606553952e+00,1.132143193598765585e+00,-1.356806401234367243e-03,5.307474987787627052e-01,0.000000000000000000e+00
1.000000000000000000e+00,9.000000000000000000e+01,9.000000000000000222e-01,1.001296892057149357e+01,-1.429503367046599749e+00,2.450412520505310443e+00,1.136253646100556569e+00,1.253646100556560228e-03,5.307474987787627052e-01,0.000000000000000000e+00
1.000000000000000000e+00,9.100000000000000000e+01,9.100000000000000311e-01,1.005358512191379816e+01,-1.426987122525386509e+00,2.445388066456775533e+00,1.135143155617365007e+00,-1.356844382635058466e-03,5.307474987787627052e-01,0.000000000000000000e+00
1.000000000000000000e+00,9.200000000000000000e+01,9.200000000000000400e-01,1.006375635001294455e+01,-1.444389263848047555e+00,2.426975877774962598e+00,1.139253538936880972e+00,1.253538936881071209e-03,5.307474987787627052e-01,0.000000000000000000e+00
1.000000000000000000e+00,9.300000000000000000e+01,9.300000000000000488e-01,1.010403150337744727e+01,-1.441531602207653862e+00,2.422334050041159426e+00,1.138143132913741917e+00,-1.356867086258040089e-03,5.307474987787627052e-01,0.000000000000000000e+00
1.000000000000000000e+00,9.400000000000000000e+01,9.400000000000000577e-01,1.011383356996489447e+01,-1.458626736303703542e+00,2.404284409416211243e+00,1.142253448414923822e+00,1.253448414923807874e-03,5.307474987787627052e-01,0.000000000000000000e+00
1.000000000000000000e+00,9.500000000000000000e+01,9.500000000000000666e-01,1.015377645017673380e+01,-1.455434578453748351e+00,2.400016934345241548e+00,1.141143125005383840e+00,-1.356874994616230623e-03,5.307474987787627052e-01,0.000000000000000000e+00
1.000000000000000000e+00,9.600000000000000000e+01,9.599999999999999645e-01,1.016321753338512934e+01,-1.472229999657184152e+00,2.382321305728639427e+00,1.145253374012916048e+00,1.253374012915919877e-03,5.307474987787627052e-01,0.000000000000000000e+00
1.000000000000000000e+00,9.700000000000000000e+01,9.699999999999999734e-01,1.020283672087774107e+01,-1.468710094062421145e+00,2.378420111272293802e+00,1.144143131424680160e+00,-1.356868575319802872e-03,5.307474987787627052e-01,0.000000000000000000e+00
1.000000000000000000e+00,9.800000000000000000e+01,9.799999999999999822e-01,1.021192481009716957e+01,-1.485212930550503740e+00,2.361070154335288773e+00,1.148253315210503889e+00,1.253315210503869181e-03,5.307474987787627052e-01,0.000000000000000000e+00
1.000000000000000000e+00,9.900000000000000000e+01,9.899999999999999911e-01,1.025122869523247715e+01,-1.481371857211854826e+00,2.357527365390163610e+00,1.147143151711216724e+00,-1.356848288783352174e-03,5.307474987787627052e-01,0.000000000000000000e+00
1.000000000000000000e+00,1.000000000000000000e+02,1.000000000000000000e+00,1.025705193212207078e+01,-1.517931460942125943e+00,2.377155991785976585e+00,1.151253271491078589e+00,1.253271491078677968e-03,5.065232666077706947e-01,8.000000000000000000e+00
1.000000000000000000e+00,1.010000000000000000e+02,1.010000000000000009e+00,1.029316351348598602e+01,-1.533867127842413636e+00,2.410176624280354396e+00,1.150142802689637422e+00,-1.357197310362545650e-03,5.065232666077706947e-01,0.000000000000000000e+00
1.000000000000000000e+00,1.020000000000000000e+02,1.020000000000000018e+00,1.029871780303149720e+01,-1.569657153095157964e+00,2.429278885369903218e+00,1.154253234370514303e+00,1.253234370514277884e-03,5.065232666077706947e-01,0.000000000000000000e+00
1.000000000000000000e+00,1.030000000000000000e+02,1.030000000000000027e+00,1.033459112122854862e+01,-1.584796275081335359e+00,2.461797743698871610e+00,1.153142757758589099e+00,-1.357242241410983041e-03,5.065232666077706947e-01,0.000000000000000000e+00
1.000000000000000000e+00,1.040000000000000000e+02,1.040000000000000036e+00,1.033988274045316835e+01,-1.619835041391634478e+00,2.480385888452457888e+00,1.157253160358702182e+00,1.253160358702265498e-03,5.065232666077706947e-01,0.000000000000000000e+00
1.000000000000000000e+00,1.050000000000000000e+02,1.050000000000000044e+00,1.037552376784047858e+01,-1.634195638849913035e+00,2.512415376604466122e+00,1.156142744819664392e+00,-1.357255180335581457e-03,5.065232666077706947e-01,0.000000000000000000e+00
1.000000000000000000e+00,1.060000000000000000e+02,1.060000000000000053e+00,1.038055849113423257e+01,-1.668501253549766528e+00,2.530501217110808554e+00,1.160253091670432557e+00,1.253091670432526783e-03,5.065232666077706947e-01,0.000000000000000000e+00
1.000000000000000000e+00,1.070000000000000000e+02,1.070000000000000062e+00,1.041597320112416902e+01,-1.682100830861847029e+00,2.562053515210642285e+00,1.159142746313987393e+00,-1.357253686012693805e-03,5.065232666077706947e-01,0.000000000000000000e+00
1.000000000000000000e+00,1.080000000000000000e+02,1.080000000000000071e+00,1.042075660330442766e+01,-1.715691002201159332e+00,2.579648567050542685e+00,1.163253034397849994e+00,1.253034397850072423e-03,5.065232666077706947e-01,0.000000000000000000e+00
1.000000000000000000e+00,1.090000000000000000e+02,1.090000000000000080e+00,1.045595085774215960e+01,-1.728546634702382789e+00,2.610735585749477838e+00,1.162142759567512451e+00,-1.357240432487527571e-03,5.065232666077706947e-01,0.000000000000000000e+00
1.000000000000000000e+00,1.100000000000000000e+02,1.100000000000000089e+00,1.046048836337245724e+01,-1.761438653084405725e+00,2.627851094425656786e+00,1.166252989321171274e+00,1.252989321171238402e-03,5.065232666077706947e-01,0.000000000000000000e+00
1.000000000000000000e+00,1.110000000000000000e+02,1.110000000000000098e+00,1.049546789988803752e+01,-1.773567007243273652e+00,2.658484474068613324e+00,1.165142784076411697e+00,-1.357215923588395157e-03,5.065232666077706947e-01,0.000000000000000000e+00
1.000000000000000000e+00,1.120000000000000000e+02,1.120000000000000107e+00,1.049976479504701388e+01,-1.805777750974565166e+00,2.675131424493277343e+00,1.169252956424604140e+00,1.252956424604212415e-03,5.065232666077706947e-01,0.000000000000000000e+00
1.000000000000000000e+00,1.130000000000000000e+02,1.130000000000000115e+00,1.053453522883468629e+01,-1.817195094656152810e+00,2.705322540684926835e+00,1.168142819642174812e+00,-1.357180357825171768e-03,5.065232666077706947e-01,0.000000000000000000e+00
1.000000000000000000e+00,1.140000000000000000e+02,1.140000000000000124e+00,1.053859666707680809e+01,-1.848741039124866647e+00,2.721511663976170947e+00,1.172252935558522946e+00,1.252935558522905168e-03,5.065232666077706947e-01,0.000000000000000000e+00
1.000000000000000000e+00,1.150000000000000000e+02,1.150000000000000133e+00,1.057316349456762872e+01,-1.859463250287450631e+00,2.751271633920916226e+00,1.171142866098010327e+00,-1.357133901989771019e-03,5.065232666077706947e-01,0.000000000000000000e+00
1.000000000000000000e+00,1.160000000000000000e+02,1.159999999999999920e+00,1.057699450176636979e+01,-1.890360477466368705e+00,2.767013413617816830e+00,1.175252926535795162e+00,1.252926535795229057e-03,5.065232666077706947e-01,0.000000000000000000e+00
1.000000000000000000e+00,1.170000000000000000e+02,1.169999999999999929e+00,1.061136310437782093e+01,-1.900403052512481317e+00,2.796353102418266179e+00,1.174142923268414851e+00,-1.357076731585138418e-03,5.065232666077706947e-01,0.000000000000000000e+00
1.000000000000000000e+00,1.180000000000000000e+02,1.179999999999999938e+00,1.061496858315394398e+01,-1.930667260336119684e+00,2.811657780433442611e+00,1.178252929146279326e+00,1.252929146279280204e-03,5.065232666077706947e-01,0.000000000000000000e+00
1.000000000000000000e+00,1.190000000000000000e+02,1.189999999999999947e+00,1.064914423086882778e+01,-1.940045322294424945e+00,2.840587807236243822e+00,1.177142990963069735e+00,-1.357009036930367785e-03,5.065232666077706947e-01,0.000000000000000000e+00
1.000000000000000000e+00,1.200000000000000000e+02,1.199999999999999956e+00,1.064990374125382111e+01,-1.963338737534963352e+00,2.851836934749488961e+00,1.181252943158808133e+00,1.252943158808195179e-03,4.327347574643631845e-01,8.000000000000000000e+00
1.000000000000000000e+00,1.210000000000000000e+02,1.209999999999999964e+00,1.068128855708525293e+01,-1.965770466490241786e+00,2.876765101767961408e+00,1.180143189568134687e+00,-1.356810431865307365e-03,4.327347574643631845e-01,0.000000000000000000e+00
1.000000000000000000e+00,1.220000000000000000e+02,1.219999999999999973e+00,1.068187545737019128e+01,-1.988570234483109100e+00,2.887649448015976894e+00,1.184253062709445192e+00,1.253062709445140754e-03,4.327347574643631845e-01,0.000000000000000000e+00
1.000000000000000000e+00,1.230000000000000000e+02,1.229999999999999982e+00,1.071312399785466241e+01,-1.990477337766543675e+00,2.912240371233156822e+00,1.183143237612285459e+00,-1.356762387714427476e-03,4.327347574643631845e-01,0.000000000000000000e+00
1.000000000000000000e+00,1.240000000000000000e+02,1.239999999999999991e+00,1.071354289511489988e+01,-2.012796116583348116e+00,2.922769399962430459e+00,1.187253115373394730e+00,1.253115373394786403e-03,4.327347574643631845e-01,0.000000000000000000e+00
1.000000000000000000e+00,1.250000000000000000e+02,1.250000000000000000e+00,1.074465928104898893e+01,-2.014191368488040368e+00,2.947032389874312042e+00,1.186143329595782170e+00,-1.356670404217830139e-03,4.327347574643631845e-01,0.000000000000000000e+00
1.000000000000000000e+00,1.260000000000000000e+02,1.260000000000000009e+00,1.074491411942633867e+01,-2.036041852186761592e+00,2.957215078685696330e+00,1.190253168364861391e+00,1.253168364861334538e-03,4.327347574643631845e-01,0.000000000000000000e+00
1.000000000000000000e+00,1.270000000000000000e+02,1.270000000000000018e+00,1.077590259806788886e+01,-2.036937539973713296e+00,2.981159313169016389e+00,1.189143437340610898e+00,-1.356562659389215497e-03,4.327347574643631845e-01,0.000000000000000000e+00
1.000000000000000000e+00,1.280000000000000000e+02,1.280000000000000027e+00,1.077599714023998700e+01,-2.058332146621513647e+00,2.991004375227838796e+00,1.193253231237575651e+00,1.253231237575702650e-03,4.327347574643631845e-01,0.000000000000000000e+00
1.000000000000000000e+00,1.290000000000000000e+02,1.290000000000000036e+00,1.080686189843980216e+01,-2.058740206075938772e+00,3.014638820144077247e+00,1.192143556453594044e+00,-1.356443546405960987e-03,4.327347574643631845e-01,0.000000000000000000e+00
1.000000000000000000e+00,1.300000000000000000e+02,1.300000000000000044e+00,1.080679979866267004e+01,-2.079691039338016356e+00,3.024154741539433200e+00,1.196253305073763817e+00,1.253305073763755217e-03,4.327347574643631845e-01,0.000000000000000000e+00
1.000000000000000000e+00,1.310000000000000000e+02,1.310000000000000053e+00,1.083754493766539007e+01,-2.079623081618966474e+00,3.047488144154655743e+00,1.195143686016382656e+00,-1.356313983617241092e-03,4.327347574643631845e-01,0.000000000000000000e+00
1.000000000000000000e+00,1.320000000000000000e+02,1.320000000000000062e+00,1.083732975476828386e+01,-2.100141932331287542e+00,3.056683194063605224e+00,1.199253389698569539e+00,1.253389698569584709e-03,4.327347574643631845e-01,0.000000000000000000e+00
1.000000000000000000e+00,1.330000000000000000e+02,1.330000000000000071e+00,1.086795928868786909e+01,-2.099609254665030900e+00,3.079724087045761394e+00,1.198143825607202340e+00,-1.356174392797671047e-03,4.327347574643631845e-01,0.000000000000000000e+00
1.000000000000000000e+00,1.340000000000000000e+02,1.340000000000000080e+00,1.086759449017467638e+01,-2.119707608078211347e+00,3.088606323791660113e+00,1.202253484738191602e+00,1.253484738191534831e-03,4.327347574643631845e-01,0.000000000000000000e+00
1.000000000000000000e+00,1.350000000000000000e+02,1.350000000000000089e+00,1.089811234788670191e+01,-2.118721201898206452e+00,3.111363030645476702e+00,1.201143974864653519e+00,-1.356025135346605737e-03,4.327347574643631845e-01,0.000000000000000000e+00
1.000000000000000000e+00,1.360000000000000000e+02,1.360000000000000098e+00,1.089760131265572518e+01,-2.138410245559477563e+00,3.119940307043976180e+00,1.205253589775566070e+00,1.253589775566110731e-03,4.327347574643631845e-01,0.000000000000000000e+00
1.000000000000000000e+00,1.370000000000000000e+02,1.370000000000000107e+00,1.092801134014020725e+01,-2.136980804092639463e+00,3.142420947646002993e+00,1.204144133423758367e+00,-1.355866576241648858e-03,4.327347574643631845e-01,0.000000000000000000e+00
1.000000000000000000e+00,1.380000000000000000e+02,1.380000000000000115e+00,1.092735736093014687e+01,-2.156271435631850419e+00,3.150700916140600771e+00,1.208253704373651205e+00,1.253704373651132187e-03,4.327347574643631845e-01,0.000000000000000000e+00
1.000000000000000000e+00,1.390000000000000000e+02,1.390000000000000124e+00,1.095766332363044171e+01,-2.154409361230400499e+00,3.172913412179997117e+00,1.207144300906854539e+00,-1.355699093145368295e-03,4.327347574643631845e-01,0.000000000000000000e+00
1.000000000000000000e+00,1.400000000000000000e+02,1.400000000000000133e+00,1.095658694711375247e+01,-2.167898577344344879e+00,3.173467517868899357e+00,1.211253828078929562e+00,1.253828078929597467e-03,3.214055116923189570e-01,0.000000000000000000e+00
1.000000000000000000e+00,1.410000000000000000e+02,1.409999999999999920e+00,1.098650265591228781e+01,-2.160251146756014151e+00,3.188072710754563666e+00,1.210144530964538223e+00,-1.355469035461798200e-03,3.214055116923189570e-01,0.000000000000000000e+00
1.000000000000000000e+00,1.420000000000000000e+02,1.419999999999999929e+00,1.098527455651152174e+01,-2.173462225840578466e+00,3.188522993776687908e+00,1.214253947033131054e+00,1.253947033130975441e-03,3.214055116923189570e-01,0.000000000000000000e+00
1.000000000000000000e+00,1.430000000000000000e+02,1.429999999999999938e+00,1.101508117628519301e+01,-2.165502185251186429e+00,3.203050459062322552e+00,1.213144743542913684e+00,-1.355256457086229105e-03,3.214055116923189570e-01,0.000000000000000000e+00
1.000000000000000000e+00,1.440000000000000000e+02,1.439999999999999947e+00,1.101370523550772873e+01,-2.178444004590864402e+00,3.203399716807896702e+00,1.217254100657362947e+00,1.254100657362977600e-03,3.214055116923189570e-01,0.000000000000000000e+00
1.000000000000000000e+00,1.450000000000000000e+02,1.449999999999999956e+00,1.104340742370894368e+01,-2.170179502699324914e+00,3.217852689435491076e+00,1.216144952565240356e+00,-1.355047434759670821e-03,3.214055116923189570e-01,0.000000000000000000e+00
1.000000000000000000e+00,1.460000000000000000e+02,1.459999999999999964e+00,1.104188759080788884e+01,-2.182860547353559610e+00,3.218103718643662514e+00,1.220254265563167628e+00,1.254265563167544784e-03,3.214055116923189570e-01,0.000000000000000000e+00
1.000000000000000000e+00,1.470000000000000000e+02,1.469999999999999973e+00,1.107148981016920253e+01,-2.174299519121750457e+00,3.232485316693629596e+00,1.219145167030867949e+00,-1.354832969131969378e-03,3.214055116923189570e-01,0.000000000000000000e+00
1.000000000000000000e+00,1.480000000000000000e+02,1.479999999999999982e+00,1.106982994204390458e+01,-2.186728000538341821e+00,3.232640841743001037e+00,1.223254437874109479e+00,1.254437874109504136e-03,3.214055116923189570e-01,0.000000000000000000e+00
1.000000000000000000e+00,1.490000000000000000e+02,1.489999999999999991e+00,1.109933652945919214e+01,-2.177878130859209449e+00,3.246954098720319148e+00,1.222145387874787215e+00,-1.354612125212817375e-03,3.214055116923189570e-01,0.000000000000000000e+00
1.000000000000000000e+00,1.500000000000000000e+02,1.500000000000000000e+00,1.109754037028052664e+01,-2.190062010792794833e+00,3.247016763300389020e+00,1.226254616566027522e+00,1.254616566027433322e-03,3.214055116923189570e-01,0.000000000000000000e+00
1.000000000000000000e+00,1.510000000000000000e+02,1.510000000000000009e+00,1.112695555019914195e+01,-2.180930735321329639e+00,3.261264635223148467e+00,1.225145614840074337e+00,-1.354385159925586279e-03,3.214055116923189570e-01,0.000000000000000000e+00
1.000000000000000000e+00,1.520000000000000000e+02,1.520000000000000018e+00,1.112502673146149235e+01,-2.192877735634437997e+00,3.261237003254655598e+00,1.229254801023579535e+00,1.254801023579554808e-03,3.214055116923189570e-01,0.000000000000000000e+00
1.000000000000000000e+00,1.530000000000000000e+02,1.530000000000000027e+00,1.115435462104757747e+01,-2.183472246879861522e+00,3.275422371980460490e+00,1.228145847485554221e+00,-1.354152514445816635e-03,3.214055116923189570e-01,0.000000000000000000e+00
1.000000000000000000e+00,1.540000000000000000e+02,1.540000000000000036e+00,1.115229666452947122e+01,-2.195189857073748474e+00,3.275306929832852543e+00,1.232254990682063678e+00,1.254990682063805707e-03,3.214055116923189570e-01,0.000000000000000000e+00
1.000000000000000000e+00,1.550000000000000000e+02,1.550000000000000044e+00,1.118154127752142557e+01,-2.185517111076192620e+00,3.289432605771049456e+00,1.231146085334262175e+00,-1.353914665737754319e-03,3.214055116923189570e-01,0.000000000000000000e+00
1.000000000000000000e+00,1.560000000000000000e+02,1.560000000000000053e+00,1.117935759858668732e+01,-2.197012595297440196e+00,3.289231764611374675e+00,1.235255184974907827e+00,1.255184974907841422e-03,3.214055116923189570e-01,0.000000000000000000e+00
1.000000000000000000e+00,1.570000000000000000e+02,1.570000000000000062e+00,1.120852284888694506e+01,-2.187079318201659461e+00,3.303300489289545450e+00,1.234146327894830808e+00,-1.353672105169234641e-03,3.214055116923189570e-01,0.000000000000000000e+00
1.000000000000000000e+00,1.580000000000000000e+02,1.580000000000000071e+00,1.120621675975022136e+01,-2.198359721988335735e+00,3.303016587392475056e+00,1.238255383326210879e+00,1.255383326210779416e-03,3.214055116923189570e-01,0.000000000000000000e+00
1.000000000000000000e+00,1.590000000000000000e+02,1.590000000000000080e+00,1.123530646489329676e+01,-2.188172416423043387e+00,3.317031035945130935e+00,1.237146574664989451e+00,-1.353425335010483010e-03,3.214055116923189570e-01,0.000000000000000000e+00
1.000000000000000000e+00,1.600000000000000000e+02,1.600000000000000089e+00,1.122856136264129745e+01,-2.209937886860050771e+00,3.342069797837642131e+00,1.241255585149915408e+00,1.255585149915416920e-03,1.920527447010075550e-01,0.000000000000000000e+00
1.000000000000000000e+00,1.610000000000000000e+02,1.610000000000000098e+00,1.125332516123915383e+01,-2.209968789606053363e+00,3.380943224187700213e+00,1.240146835263066905e+00,-1.353164736933143431e-03,1.920527447010075550e-01,0.000000000000000000e+00
1.000000000000000000e+00,1.620000000000000000e+02,1.620000000000000107e+00,1.124659707774592654e+01,-2.231083514009962965e+00,3.404920766501192908e+00,1.244256144145674314e+00,1.256144145674209511e-03,1.920527447010075550e-01,0.000000000000000000e+00
1.000000000000000000e+00,1.630000000000000000e+02,1.630000000000000115e+00,1.127142158744487155e+01,-2.230433146013010237e+00,3.442786624039687826e+00,1.243146877453040311e+00,-1.353122546959628636e-03,1.920527447010075550e-01,0.000000000000000000e+00
1.000000000000000000e+00,1.640000000000000000e+02,1.640000000000000124e+00,1.126471207449977108e+01,-2.250919901421609470e+00,3.465744015280286749e+00,1.247256360696786359e+00,1.256360696786362752e-03,1.920527447010075550e-01,0.000000000000000000e+00
1.000000000000000000e+00,1.650000000000000000e+02,1.650000000000000133e+00,1.128959551372289560e+01,-2.249613147710715300e+00,3.502641112295437953e+00,1.246147070457721773e+00,-1.352929542278280550e-03,1.920527447010075550e-01,0.000000000000000000e+00
1.000000000000000000e+00,1.660000000000000000e+02,1.660000000000000142e+00,1.128290365954980246e+01,-2.269495506359080039e+00,3.524616789237082770e+00,1.250256532452652891e+00,1.256532452652781018e-03,1.920527447010075550e-01,0.000000000000000000e+00
1.000000000000000000e+00,1.670000000000000000e+02,1.669999999999999929e+00,1.130784532611470183e+01,-2.267555634347079963e+00,3.560582926134671311e+00,1.249147290936714727e+00,-1.352709063285217894e-03,1.920527447010075550e-01,0.000000000000000000e+00
1.000000000000000000e+00,1.680000000000000000e+02,1.679999999999999938e+00,1.130116991459298248e+01,-2.286856529123392434e+00,3.581613732164764752e+00,1.253256702524302213e+00,1.256702524302211188e-03,1.920527447010075550e-01,0.000000000000000000e+00
1.000000000000000000e+00,1.690000000000000000e+02,1.689999999999999947e+00,1.132616932273302268e+01,-2.284305806764366675e+00,3.616685364697520555e+00,1.252147520275831205e+00,-1.352479724168853537e-03,1.920527447010075550e-01,0.000000000000000000e+00
1.000000000000000000e+00,1.700000000000000000e+02,1.699999999999999956e+00,1.131950914613944548e+01,-2.303047349462160831e+00,3.636806744905437760e+00,1.256256876636774988e+00,1.256876636775094980e-03,1.920527447010075550e-01,0.000000000000000000e+00
1.000000000000000000e+00,1.710000000000000000e+02,1.709999999999999964e+00,1.134456589527312076e+01,-2.299907165348845428e+00,3.671018978856427584e+00,1.255147755200051618e+00,-1.352244799948332243e-03,1.920527447010075550e-01,0.000000000000000000e+00
1.000000000000000000e+00,1.720000000000000000e+02,1.719999999999999973e+00,1.133791979622380452e+01,-2.318110647810970981e+00,3.690265049933049379e+00,1.259257055008445203e+00,1.257055008445195909e-03,1.920527447010075550e-01,0.000000000000000000e+00
1.000000000000000000e+00,1.730000000000000000e+02,1.729999999999999982e+00,1.136303354776899432e+01,-2.314401556752403444e+00,3.723651683135012380e+00,1.258147994664867042e+00,-1.352005335133021902e-03,1.920527447010075550e-01,0.000000000000000000e+00
1.000000000000000000e+00,1.740000000000000000e+02,1.739999999999999991e+00,1.135640042184934728e+01,-2.332087477664008368e+00,3.742055283699772694e+00,1.262257237030354418e+00,1.257237030354296792e-03,1.920527447010075550e-01,0.000000000000000000e+00
1.000000000000000000e+00,1.750000000000000000e+02,1.750000000000000000e+00,1.138157089240393915e+01,-2.327829234069858533e+00,3.774648853637499801e+00,1.261148237936883243e+00,-1.351762063116712653e-03,1.920527447010075550e-01,0.000000000000000000e+00
1.000000000000000000e+00,1.760000000000000000e+02,1.760000000000000009e+00,1.137494968542577389e+01,-2.345017328368867116e+00,3.792241590518238947e+00,1.265257421955159556e+00,1.257421955159543359e-03,1.920527447010075550e-01,0.000000000000000000e+00
1.000000000000000000e+00,1.770000000000000000e+02,1.770000000000000018e+00,1.140017664279378984e+01,-2.340228916668515069e+00,3.824073421398791250e+00,1.264148484314454590e+00,-1.351515685545479073e-03,1.920527447010075550e-01,0.000000000000000000e+00
1.000000000000000000e+00,1.780000000000000000e+02,1.780000000000000027e+00,1.139356634760954989e+01,-2.356938184260362501e+00,3.840885714149093300e+00,1.268257609000809083e+00,1.257609000809178923e-03,1.920527447010075550e-01,0.000000000000000000e+00
1.000000000000000000e+00,1.790000000000000000e+02,1.790000000000000036e+00,1.141884960763047552e+01,-2.351637847780836843e+00,3.871985962563112338e+00,1.267148733088697465e+00,-1.351266911302495544e-03,1.920527447010075550e-01,0.000000000000000000e+00
1.000000000000000000e+00,1.800000000000000000e+02,1.800000000000000044e+00,1.140698323180599338e+01,-2.347897935191296526e+00,3.869818831195385833e+00,1.271257797367641995e+00,1.257797367641977360e-03,1.107434754085617340e-01,0.000000000000000000e+00
1.000000000000000000e+00,1.810000000000000000e+02,1.810000000000000053e+00,1.142718030628426895e+01,-2.322522445683449011e+00,3.882332711245542356e+00,1.270148909250738534e+00,-1.351090749261540935e-03,1.107434754085617340e-01,0.000000000000000000e+00
1.000000000000000000e+00,1.820000000000000000e+02,1.820000000000000062e+00,1.141555792048422546e+01,-2.319139580478564167e+00,3.880130583320457571e+00,1.274257934962065963e+00,1.257934962065831996e-03,1.107434754085617340e-01,0.000000000000000000e+00
1.000000000000000000e+00,1.830000000000000000e+02,1.830000000000000071e+00,1.143604951277930404e+01,-2.294079743121590020e+00,3.892636811582446565e+00,1.273149285006944353e+00,-1.350714993055612823e-03,1.107434754085617340e-01,0.000000000000000000e+00
1.000000000000000000e+00,1.840000000000000000e+02,1.840000000000000080e+00,1.142465883413618499e+01,-2.291039386420333113e+00,3.890400422788248047e+00,1.277258176779688004e+00,1.258176779687980584e-03,1.107434754085617340e-01,0.000000000000000000e+00
1.000000000000000000e+00,1.850000000000000000e+02,1.850000000000000089e+00,1.144543474842621933e+01,-2.266279275140409943e+00,3.902900787778573299e+00,1.276149615839633933e+00,-1.350384160366147057e-03,1.107434754085617340e-01,0.000000000000000000e+00
1.000000000000000000e+00,1.860000000000000000e+02,1.860000000000000098e+00,1.143426477700938726e+01,-2.263567013575026543e+00,3.900631185705206061e+00,1.280258431719562884e+00,1.258431719562969064e-03,1.107434754085617340e-01,0.000000000000000000e+00
1.000000000000000000e+00,1.870000000000000000e+02,1.870000000000000107e+00,1.145531501406061636e+01,-2.239091559081969329e+00,3.913127292990934425e+00,1.279149938148039123e+00,-1.350061851960848713e-03,1.107434754085617340e-01,0.000000000000000000e+00
1.000000000000000000e+00,1.880000000000000000e+02,1.880000000000000115e+00,1.144435534655682396e+01,-2.236693530224117321e+00,3.910825533266657938e+00,1.283258685724470549e+00,1.258685724470520739e-03,1.107434754085617340e-01,0.000000000000000000e+00
1.000000000000000000e+00,1.890000000000000000e+02,1.890000000000000124e+00,1.146567034445810940e+01,-2.212488312160941550e+00,3.923318928391972715e+00,1.282150256694583046e+00,-1.349743305417039352e-03,1.107434754085617340e-01,0.000000000000000000e+00
1.000000000000000000e+00,1.900000000000000000e+02,1.900000000000000133e+00,1.145491105513544916e+01,-2.210391244138736777e+00,3.920986031462312837e+00,1.286258936034214040e+00,1.258936034213897770e-03,1.107434754085617340e-01,0.000000000000000000e+00
1.000000000000000000e+00,1.910000000000000000e+02,1.910000000000000142e+00,1.147648170724030159e+01,-2.186442437276539419e+00,3.933478219870096826e+00,1.285150571594496860e+00,-1.349428405503116934e-03,1.107434754085617340e-01,0.000000000000000000e+00
1.000000000000000000e+00,1.920000000000000000e+02,1.919999999999999929e+00,1.146591331309816475e+01,-2.184633632664546354e+00,3.931115166047583376e+00,1.289259181542907751e+00,1.259181542907716889e-03,1.107434754085617340e-01,0.000000000000000000e+00
1.000000000000000000e+00,1.930000000000000000e+02,1.929999999999999938e+00,1.148773095404370359e+01,-2.160927976685674157e+00,3.943607617821977218e+00,1.288150882273932485e+00,-1.349117726067383671e-03,1.107434754085617340e-01,0.000000000000000000e+00
1.000000000000000000e+00,1.940000000000000000e+02,1.939999999999999947e+00,1.147734439313303589e+01,-2.159395289113994920e+00,3.941215347932899515e+00,1.292259421384379436e+00,1.259421384379511011e-03,1.107434754085617340e-01,0.000000000000000000e+00
1.000000000000000000e+00,1.950000000000000000e+02,1.949999999999999956e+00,1.149940078093860940e+01,-2.135920062783869255e+00,3.953709500265865540e+00,1.291151188051080201e+00,-1.348811948919781400e-03,1.107434754085617340e-01,0.000000000000000000e+00
1.000000000000000000e+00,1.960000000000000000e+02,1.959999999999999964e+00,1.148918739337703876e+01,-2.134651873349633355e+00,3.951288917089771147e+00,1.295259654724763454e+00,1.259654724763414890e-03,1.107434754085617340e-01,0.000000000000000000e+00
1.000000000000000000e+00,1.970000000000000000e+02,1.969999999999999973e+00,1.151147469170379622e+01,-2.111394870217496056e+00,3.963786176369202607e+00,1.294151488221756630e+00,-1.348511778243466352e-03,1.107434754085617340e-01,0.000000000000000000e+00
1.000000000000000000e+00,1.980000000000000000e+02,1.979999999999999982e+00,1.150142620181063968e+01,-2.110380064704921121e+00,3.961338146163865925e+00,1.298259880732107518e+00,1.259880732107365731e-03,1.107434754085617340e-01,0.000000000000000000e+00
1.000000000000000000e+00,1.990000000000000000e+02,1.989999999999999991e+00,1.152393696294504188e+01,-2.087329569879035063e+00,3.973839889961395588e+00,1.297151782072655024e+00,-1.348217927344963485e-03,1.107434754085617340e-01,0.000000000000000000e+00
1.000000000000000000e+00,2.000000000000000000e+02,2.000000000000000000e+00,1.151219500874018742e+01,-2.126874051363774054e+00,4.035074130851183938e+00,1.301260098571928037e+00,1.260098571927992239e-03,1.950025513531962462e-01,0.000000000000000000e+00
1.000000000000000000e+00,2.010000000000000000e+02,2.010000000000000231e+00,1.153307307893826206e+01,-2.143565410139532279e+00,4.110081238521758884e+00,1.300152658830445507e+00,-1.347341169554594487e-03,1.950025513531962462e-01,0.000000000000000000e+00
1.000000000000000000e+00,2.020000000000000000e+02,2.020000000000000018e+00,1.152150180409592650e+01,-2.181820235122245322e+00,4.168877515594982874e+00,1.304261474726663206e+00,1.261474726663269763e-03,1.950025513531962462e-01,0.000000000000000000e+00
1.000000000000000000e+00,2.030000000000000000e+02,2.030000000000000249e+00,1.154260293517386238e+01,-2.197193981323658729e+00,4.241546479244298062e+00,1.303152287561728961e+00,-1.347712438271031488e-03,1.950025513531962462e-01,0.000000000000000000e+00
1.000000000000000000e+00,2.040000000000000000e+02,2.040000000000000036e+00,1.153120505914552041e+01,-2.234200547258186287e+00,4.298000712084619757e+00,1.307261724878564735e+00,1.261724878564685071e-03,1.950025513531962462e-01,0.000000000000000000e+00
1.000000000000000000e+00,2.050000000000000000e+02,2.049999999999999822e+00,1.155252005401721149e+01,-2.248306468204204656e+00,4.368419844890570225e+00,1.306152368270108388e+00,-1.347631729891496377e-03,1.950025513531962462e-01,0.000000000000000000e+00
1.000000000000000000e+00,2.060000000000000000e+02,2.060000000000000053e+00,1.154129040913750792e+01,-2.284110007274346543e+00,4.422620873437998590e+00,1.310261803206079989e+00,1.261803206080047701e-03,1.950025513531962462e-01,0.000000000000000000e+00
1.000000000000000000e+00,2.070000000000000000e+02,2.069999999999999840e+00,1.156281384320167938e+01,-2.296993701634460816e+00,4.490876675019375597e+00,1.309152511197997804e+00,-1.347488802002194674e-03,1.950025513531962462e-01,0.000000000000000000e+00
1.000000000000000000e+00,2.080000000000000000e+02,2.080000000000000071e+00,1.155174643931839995e+01,-2.331638514836794407e+00,4.542909618368774716e+00,1.313261850192297686e+00,1.261850192297631068e-03,1.950025513531962462e-01,0.000000000000000000e+00
1.000000000000000000e+00,2.090000000000000000e+02,2.089999999999999858e+00,1.157347376949102724e+01,-2.343343420483514628e+00,4.609085578827780694e+00,1.312152659144878442e+00,-1.347340855121448300e-03,1.950025513531962462e-01,0.000000000000000000e+00
1.000000000000000000e+00,2.100000000000000000e+02,2.100000000000000089e+00,1.156256278327399656e+01,-2.376872252916835127e+00,4.659032397116452451e+00,1.316261886457801733e+00,1.261886457801786321e-03,1.950025513531962462e-01,0.000000000000000000e+00
1.000000000000000000e+00,2.110000000000000000e+02,2.109999999999999876e+00,1.158448987289465748e+01,-2.387440025775470431e+00,4.723208908623607094e+00,1.315152803488723432e+00,-1.347196511276571584e-03,1.950025513531962462e-01,0.000000000000000000e+00
1.000000000000000000e+00,2.120000000000000000e+02,2.120000000000000107e+00,1.157372975188508946e+01,-2.419894044332072447e+00,4.771148555400643865e+00,1.319261914821933779e+00,1.261914821933718400e-03,1.950025513531962462e-01,0.000000000000000000e+00
1.000000000000000000e+00,2.130000000000000000e+02,2.129999999999999893e+00,1.159585275924549741e+01,-2.429364687533740241e+00,4.833402987079779223e+00,1.318152942549029705e+00,-1.347057450970412518e-03,1.950025513531962462e-01,0.000000000000000000e+00
1.000000000000000000e+00,2.140000000000000000e+02,2.140000000000000124e+00,1.158523820329602394e+01,-2.460783540704059025e+00,4.879411503508285897e+00,1.322261935309168024e+00,1.261935309168071839e-03,1.950025513531962462e-01,0.000000000000000000e+00
1.000000000000000000e+00,2.150000000000000000e+02,2.149999999999999911e+00,1.160755353100508458e+01,-2.469195490630605061e+00,4.939818300088363756e+00,1.321153075516624753e+00,-1.346924483375255832e-03,1.950025513531962462e-01,0.000000000000000000e+00
1.000000000000000000e+00,2.160000000000000000e+02,2.160000000000000142e+00,1.159707946197289097e+01,-2.499617374814703474e+00,4.983968902025798897e+00,1.325261947382481598e+00,1.261947382481531932e-03,1.950025513531962462e-01,0.000000000000000000e+00
1.000000000000000000e+00,2.170000000000000000e+02,2.169999999999999929e+00,1.161958372159333663e+01,-2.507007575147123912e+00,5.042599685277720845e+00,1.324153201594339802e+00,-1.346798405660099007e-03,1.950025513531962462e-01,0.000000000000000000e+00
1.000000000000000000e+00,2.180000000000000000e+02,2.180000000000000160e+00,1.160924525657046047e+01,-2.536469297107103671e+00,5.084962850165674730e+00,1.328261950299450156e+00,1.261950299450198543e-03,1.950025513531962462e-01,0.000000000000000000e+00
1.000000000000000000e+00,2.190000000000000000e+02,2.189999999999999947e+00,1.163193524086091912e+01,-2.542873266124262344e+00,5.141886519652190124e+00,1.327153319896938299e+00,-1.346680103061714817e-03,1.950025513531962462e-01,0.000000000000000000e+00
1.000000000000000000e+00,2.200000000000000000e+02,2.200000000000000178e+00,1.161859593502914478e+01,-2.538943616384992996e+00,5.141704344032191898e+00,1.331261943189025798e+00,1.261943189025727108e-03,3.259821522843239783e-01,0.000000000000000000e+00
1.000000000000000000e+00,2.210000000000000000e+02,2.209999999999999964e+00,1.163826464705038610e+01,-2.512587611616925010e+00,5.156890735039487694e+00,1.330153091175807489e+00,-1.346908824192638576e-03,3.259821522843239783e-01,0.000000000000000000e+00
1.000000000000000000e+00,2.220000000000000000e+02,2.220000000000000195e+00,1.162505878991123431e+01,-2.508955552463890015e+00,5.156588632810141348e+00,1.334242604080710271e+00,1.242604080710085768e-03,3.259821522843239783e-01,0.000000000000000000e+00
1.000000000000000000e+00,2.230000000000000000e+02,2.229999999999999982e+00,1.164500961893689279e+01,-2.482797175977942139e+00,5.171727206281039990e+00,1.333123894494156580e+00,-1.376105505843439047e-03,3.259821522843239783e-01,0.000000000000000000e+00
1.000000000000000000e+00,2.240000000000000000e+02,2.240000000000000213e+00,1.163200083981864630e+01,-2.479407639241305361e+00,5.171340356949523986e+00,1.337215797376641202e+00,1.215797376641125638e-03,3.259821522843239783e-01,0.000000000000000000e+00
1.000000000000000000e+00,2.250000000000000000e+02,2.250000000000000000e+00,1.165219634434877882e+01,-2.453460862300381073e+00,5.186419090883571670e+00,1.336098291800259741e+00,-1.401708199740170357e-03,3.259821522843239783e-01,0.000000000000000000e+00
1.000000000000000000e+00,2.260000000000000000e+02,2.260000000000000231e+00,1.163939563620437490e+01,-2.450295214699673263e+00,5.185957851017795939e+00,1.340187532881006671e+00,1.187532881006703178e-03,3.259821522843239783e-01,0.000000000000000000e+00
1.000000000000000000e+00,2.270000000000000000e+02,2.270000000000000018e+00,1.165981915031719574e+01,-2.424560100085624281e+00,5.200974295998528341e+00,1.339073919532201895e+00,-1.426080467798129803e-03,3.259821522843239783e-01,0.000000000000000000e+00
1.000000000000000000e+00,2.280000000000000000e+02,2.280000000000000249e+00,1.164722995036281539e+01,-2.421605218232153245e+00,5.200445327837995180e+00,1.343158709523719629e+00,1.158709523719547718e-03,3.259821522843239783e-01,0.000000000000000000e+00
1.000000000000000000e+00,2.290000000000000000e+02,2.290000000000000036e+00,1.166786802326575589e+01,-2.396079946976223507e+00,5.215398389311240557e+00,1.342050444050051139e+00,-1.449555949948777567e-03,3.259821522843239783e-01,0.000000000000000000e+00
1.000000000000000000e+00,2.300000000000000000e+02,2.300000000000000266e+00,1.165549288688132457e+01,-2.393323632275997426e+00,5.214807792791353869e+00,1.346129477603737357e+00,1.129477603737383262e-03,3.259821522843239783e-01,0.000000000000000000e+00
1.000000000000000000e+00,2.310000000000000000e+02,2.310000000000000053e+00,1.167633263861147519e+01,-2.368006306228806590e+00,5.229696497383818254e+00,1.345027838422514499e+00,-1.472161577485531225e-03,3.259821522843239783e-01,0.000000000000000000e+00
1.000000000000000000e+00,2.320000000000000000e+02,2.319999999999999840e+00,1.166417423616968918e+01,-2.365436592009586114e+00,5.229050282000357264e+00,1.349099877543209924e+00,1.099877543210059372e-03,3.259821522843239783e-01,0.000000000000000000e+00
1.000000000000000000e+00,2.330000000000000000e+02,2.330000000000000071e+00,1.168520293432979607e+01,-2.340325514770054571e+00,5.243873583617882694e+00,1.348006123607483620e+00,-1.493876392516302332e-03,3.259821522843239783e-01,0.000000000000000000e+00
1.000000000000000000e+00,2.340000000000000000e+02,2.339999999999999858e+00,1.167326422105308303e+01,-2.337930540432902937e+00,5.243177752704473171e+00,1.352069932019061449e+00,1.069932019061470285e-03,3.259821522843239783e-01,0.000000000000000000e+00
1.000000000000000000e+00,2.350000000000000000e+02,2.350000000000000089e+00,1.169446918535732038e+01,-2.313024273972224876e+00,5.257934491972040547e+00,1.350985330045721078e+00,-1.514669954278957675e-03,3.259821522843239783e-01,0.000000000000000000e+00
1.000000000000000000e+00,2.360000000000000000e+02,2.359999999999999876e+00,1.168275345278361321e+01,-2.310792240530664010e+00,5.257195071402874120e+00,1.355039659274211772e+00,1.039659274211679474e-03,3.259821522843239783e-01,0.000000000000000000e+00
1.000000000000000000e+00,2.370000000000000000e+02,2.370000000000000107e+00,1.170412200611615106e+01,-2.286089630201900924e+00,5.271883956740731847e+00,1.353965492238899282e+00,-1.534507761100867285e-03,3.259821522843239783e-01,0.000000000000000000e+00
1.000000000000000000e+00,2.380000000000000000e+02,2.379999999999999893e+00,1.169263291915846104e+01,-2.284008765955279241e+00,5.271107016788186606e+00,1.358009075058552728e+00,1.009075058552744153e-03,3.259821522843239783e-01,0.000000000000000000e+00
1.000000000000000000e+00,2.390000000000000000e+02,2.390000000000000124e+00,1.171415234274813422e+01,-2.259508962918156172e+00,5.285726607272628996e+00,1.356946648320535687e+00,-1.553351679464354262e-03,3.259821522843239783e-01,0.000000000000000000e+00
1.000000000000000000e+00,2.400000000000000000e+02,2.399999999999999911e+00,1.170363560523819757e+01,-2.258449182485387841e+00,5.284622102744661376e+00,1.360978192901574291e+00,9.781929015744150746e-04,4.369653909326887131e-01,8.000000000000000000e+00
1.000000000000000000e+00,2.410000000000000000e+02,2.410000000000000142e+00,1.172601352619783910e+01,-2.235008481837519323e+00,5.298882887135578201e+00,1.359928853400051985e+00,-1.571146599947947919e-03,4.369653909326887131e-01,0.000000000000000000e+00
1.000000000000000000e+00,2.420000000000000000e+02,2.419999999999999929e+00,1.171569106930573589e+01,-2.234027778286233890e+00,5.297769597669019781e+00,1.363947006785972915e+00,9.470067859729258686e-04,4.369653909326887131e-01,0.000000000000000000e+00
1.000000000000000000e+00,2.430000000000000000e+02,2.430000000000000160e+00,1.173815321512094378e+01,-2.210740650186473477e+00,5.311974186250949082e+00,1.362912125172681677e+00,-1.587874827318369597e-03,4.369653909326887131e-01,0.000000000000000000e+00
1.000000000000000000e+00,2.440000000000000000e+02,2.439999999999999947e+00,1.172803174300570461e+01,-2.209829123232973203e+00,5.310857768038057536e+00,1.366915548646630008e+00,9.155486466299045389e-04,4.369653909326887131e-01,0.000000000000000000e+00
1.000000000000000000e+00,2.450000000000000000e+02,2.450000000000000178e+00,1.175056669734567194e+01,-2.186697793655131505e+00,5.325003481199488853e+00,1.365896529628805034e+00,-1.603470371195125921e-03,4.369653909326887131e-01,0.000000000000000000e+00
1.000000000000000000e+00,2.460000000000000000e+02,2.459999999999999964e+00,1.174065346210972116e+01,-2.185845301269825125e+00,5.323889788505971943e+00,1.369883820212174363e+00,8.838202121743687911e-04,4.369653909326887131e-01,0.000000000000000000e+00
1.000000000000000000e+00,2.470000000000000000e+02,2.470000000000000195e+00,1.176324945291784552e+01,-2.162872371016695272e+00,5.337973717683071051e+00,1.368882128272687293e+00,-1.617871727312758523e-03,4.369653909326887131e-01,0.000000000000000000e+00
1.000000000000000000e+00,2.480000000000000000e+02,2.479999999999999982e+00,1.175355228257602924e+01,-2.162068506402234469e+00,5.336868818253163838e+00,1.372851824707243207e+00,8.518247072433204892e-04,4.369653909326887131e-01,0.000000000000000000e+00
1.000000000000000000e+00,2.490000000000000000e+02,2.490000000000000213e+00,1.177619712628451332e+01,-2.139256986138414529e+00,5.350887801002881083e+00,1.371868987764321757e+00,-1.631012235678186428e-03,4.369653909326887131e-01,0.000000000000000000e+00
1.000000000000000000e+00,2.500000000000000000e+02,2.500000000000000000e+00,1.176672450086254074e+01,-2.138491021848691442e+00,5.349798014068643859e+00,1.375819563083608532e+00,8.195630836085321391e-04,4.369653909326887131e-01,0.000000000000000000e+00
1.000000000000000000e+00,2.510000000000000000e+02,2.510000000000000231e+00,1.178940551704722495e+01,-2.115844387452263664e+00,5.363748595172262768e+00,1.374857183406253514e+00,-1.642816593746543319e-03,4.369653909326887131e-01,0.000000000000000000e+00
1.000000000000000000e+00,2.520000000000000000e+02,2.520000000000000018e+00,1.178016666613394214e+01,-2.115105204882711032e+00,5.362680539586314410e+00,1.378787033116094740e+00,7.870331160946264504e-04,4.369653909326887131e-01,0.000000000000000000e+00
1.000000000000000000e+00,2.530000000000000000e+02,2.530000000000000249e+00,1.180287057283860541e+01,-2.092627466130470903e+00,5.376558922954391306e+00,1.377846801321124026e+00,-1.653198678875922312e-03,4.369653909326887131e-01,0.000000000000000000e+00
1.000000000000000000e+00,2.540000000000000000e+02,2.540000000000000036e+00,1.179387559449396505e+01,-2.091903470433388978e+00,5.375519575426778829e+00,1.381754228818361963e+00,7.542288183619572095e-04,4.369653909326887131e-01,0.000000000000000000e+00
1.000000000000000000e+00,2.550000000000000000e+02,2.550000000000000266e+00,1.181658838154551638e+01,-2.069599254860556847e+00,5.389321565524555879e+00,1.380837940878343773e+00,-1.662059121656289662e-03,4.369653909326887131e-01,0.000000000000000000e+00
1.000000000000000000e+00,2.560000000000000000e+02,2.560000000000000053e+00,1.180784838800884629e+01,-2.068878271546293224e+00,5.388318331550810747e+00,1.384721139753376296e+00,7.211397533763985734e-04,4.369653909326887131e-01,0.000000000000000000e+00
1.000000000000000000e+00,2.570000000000000000e+02,2.569999999999999840e+00,1.183055516203510926e+01,-2.046752927792562460e+00,5.402039261363070999e+00,1.383830717782846609e+00,-1.669282217153345016e-03,4.369653909326887131e-01,0.000000000000000000e+00
1.000000000000000000e+00,2.580000000000000000e+02,2.580000000000000071e+00,1.182208246066923074e+01,-2.046022075228071557e+00,5.401080062844461516e+00,1.387687750113775431e+00,6.877501137754205018e-04,4.369653909326887131e-01,0.000000000000000000e+00
1.000000000000000000e+00,2.590000000000000000e+02,2.589999999999999858e+00,1.184476725264437746e+01,-2.024081802160001331e+00,5.414714704033267267e+00,1.386825268135340572e+00,-1.674731864659495528e-03,4.369653909326887131e-01,0.000000000000000000e+00
1.000000000000000000e+00,2.600000000000000000e+02,2.600000000000000089e+00,1.183687256608871152e+01,-2.023680672421078519e+00,5.413690000298861271e+00,1.390654037466435344e+00,6.540374664352199829e-04,5.108885574735730906e-01,8.000000000000000000e+00
1.000000000000000000e+00,2.610000000000000000e+02,2.609999999999999876e+00,1.185980758162979321e+01,-2.002277140267765265e+00,5.427117324708549795e+00,1.389821756306500289e+00,-1.678243693499670286e-03,5.108885574735730906e-01,0.000000000000000000e+00
1.000000000000000000e+00,2.620000000000000000e+02,2.620000000000000107e+00,1.185219491253464597e+01,-2.001820271203506696e+00,5.426160361647694330e+00,1.393619961879821290e+00,6.199618798212735982e-04,5.108885574735730906e-01,0.000000000000000000e+00
1.000000000000000000e+00,2.630000000000000000e+02,2.629999999999999893e+00,1.187505716083562390e+01,-1.980600109070006942e+00,5.439494669562021656e+00,1.392820375157933999e+00,-1.679624842065852164e-03,5.108885574735730906e-01,0.000000000000000000e+00
1.000000000000000000e+00,2.640000000000000000e+02,2.640000000000000124e+00,1.186774456568602787e+01,-1.980071980086763661e+00,5.438615492560943565e+00,1.396585493200507067e+00,5.854932005071589174e-04,5.108885574735730906e-01,0.000000000000000000e+00
1.000000000000000000e+00,2.650000000000000000e+02,2.649999999999999911e+00,1.189051363741386247e+01,-1.959045763450496525e+00,5.451848830929626466e+00,1.395821362213632177e+00,-1.678637786367787044e-03,5.108885574735730906e-01,0.000000000000000000e+00
1.000000000000000000e+00,2.660000000000000000e+02,2.660000000000000142e+00,1.188352179391870145e+01,-1.958429123062239485e+00,5.451058700487457109e+00,1.399550573475452087e+00,5.505734754520652530e-04,5.108885574735730906e-01,0.000000000000000000e+00
1.000000000000000000e+00,2.670000000000000000e+02,2.669999999999999929e+00,1.190617465270499231e+01,-1.937609299504771343e+00,5.464181839289231846e+00,1.398825017043583641e+00,-1.674982956416437574e-03,5.108885574735730906e-01,0.000000000000000000e+00
1.000000000000000000e+00,2.680000000000000000e+02,2.680000000000000160e+00,1.189952754639876886e+01,-1.936884692129145602e+00,5.463493557940932277e+00,1.402515126714628302e+00,5.151267146281668374e-04,5.108885574735730906e-01,0.000000000000000000e+00
1.000000000000000000e+00,2.690000000000000000e+02,2.689999999999999947e+00,1.192203777712044044e+01,-1.916286095448255233e+00,5.476495634582517091e+00,1.401831718716913588e+00,-1.668281283086381350e-03,5.108885574735730906e-01,0.000000000000000000e+00
1.000000000000000000e+00,2.700000000000000000e+02,2.700000000000000178e+00,1.191576369774073285e+01,-1.915431175819231280e+00,5.475924020543851078e+00,1.405479049661040758e+00,4.790496610407313227e-04,5.108885574735730906e-01,0.000000000000000000e+00
1.000000000000000000e+00,2.710000000000000000e+02,2.709999999999999964e+00,1.193810041944993472e+01,-1.895071770106930620e+00,5.488792025443034461e+00,1.404841960983207017e+00,-1.658039016793066978e-03,5.108885574735730906e-01,0.000000000000000000e+00
1.000000000000000000e+00,2.720000000000000000e+02,2.720000000000000195e+00,1.193223342942206955e+01,-1.894060293984601628e+00,5.488354609899681158e+00,1.408442198938847145e+00,4.421989388472269411e-04,5.108885574735730906e-01,0.000000000000000000e+00
1.000000000000000000e+00,2.730000000000000000e+02,2.729999999999999982e+00,1.195435968015187100e+01,-1.873962279830094779e+00,5.501072621974023136e+00,1.407856407019201228e+00,-1.643592980798747050e-03,5.108885574735730906e-01,0.000000000000000000e+00
1.000000000000000000e+00,2.740000000000000000e+02,2.740000000000000213e+00,1.194894186996045526e+01,-1.872762555212572178e+00,5.500790719064416301e+00,1.411404370170744382e+00,4.043701707443503324e-04,5.108885574735730906e-01,0.000000000000000000e+00
1.000000000000000000e+00,2.750000000000000000e+02,2.750000000000000000e+00,1.197081209687553383e+01,-1.852954089265883786e+00,5.513338717646288245e+00,1.410875981310542038e+00,-1.624018689458051057e-03,5.108885574735730906e-01,0.000000000000000000e+00
1.000000000000000000e+00,2.760000000000000000e+02,2.760000000000000231e+00,1.196589724221613338e+01,-1.851526466609753729e+00,5.513239158232214443e+00,1.414365261629186188e+00,3.652616291860422137e-04,5.108885574735730906e-01,0.000000000000000000e+00
1.000000000000000000e+00,2.770000000000000000e+02,2.770000000000000018e+00,1.198745317087614026e+01,-1.832044492257886459e+00,5.525591067737581241e+00,1.413902034387074291e+00,-1.597965612925689172e-03,5.108885574735730906e-01,0.000000000000000000e+00
1.000000000000000000e+00,2.780000000000000000e+02,2.780000000000000249e+00,1.198311309004333403e+01,-1.830337003713387922e+00,5.525709211570751123e+00,1.417324406433605688e+00,3.244064336056506903e-04,5.108885574735730906e-01,0.000000000000000000e+00
1.000000000000000000e+00,2.790000000000000000e+02,2.790000000000000036e+00,1.200000000000000000e+01,-1.811232267016245290e+00,5.537829437318158909e+00,1.416936662728513818e+00,-1.563337271486275881e-03,5.108885574735730906e-01,1.000000000000000000e+00
1.000000000000000000e+00,2.800000000000000000e+02,2.800000000000000266e+00,1.200000000000000000e+01,-1.797022496190404661e+00,5.546620523836524264e+00,1.419911005447823005e+00,-8.899455217692420206e-05,5.359005266424946567e-01,9.000000000000000000e+00
1.000000000000000000e+00,2.810000000000000000e+02,2.810000000000000053e+00,1.200000000000000000e+01,-1.767488941071297059e+00,5.565990134454728455e+00,1.420992324082607450e+00,-5.076759173925360358e-04,5.359005266424946567e-01,1.000000000000000000e+00
1.000000000000000000e+00,2.820000000000000000e+02,2.819999999999999840e+00,1.200000000000000000e+01,-1.748840394102952445e+00,5.577870153657157992e+00,1.423406857758668043e+00,4.068577586680000024e-04,5.359005266424946567e-01,1.000000000000000000e+00
1.000000000000000000e+00,2.830000000000000000e+02,2.830000000000000071e+00,1.200000000000000000e+01,-1.739338457834491480e+00,5.583453281083996522e+00,1.424869370021541570e+00,3.693700215414708055e-04,5.359005266424946567e-01,1.000000000000000000e+00
1.000000000000000000e+00,2.840000000000000000e+02,2.839999999999999858e+00,1.200000000000000000e+01,-1.720223778799274683e+00,5.595681032228366547e+00,1.425535338075845981e+00,-4.646619241539529099e-04,5.359005266424946567e-01,1.000000000000000000e+00
1.000000000000000000e+00,2.850000000000000000e+02,2.850000000000000089e+00,1.200000000000000000e+01,-1.691876334270569604e+00,5.614294958260760637e+00,1.427034275250299133e+00,-4.657247497008576431e-04,5.359005266424946567e-01,1.000000000000000000e+00
1.000000000000000000e+00,2.860000000000000000e+02,2.859999999999999876e+00,1.200000000000000000e+01,-1.673058259226544386e+00,5.626346928605554076e+00,1.429329075869081089e+00,3.290758690810413611e-04,5.359005266424946567e-01,1.000000000000000000e+00
1.000000000000000000e+00,2.870000000000000000e+02,2.870000000000000107e+00,1.200000000000000000e+01,-1.663432425550390281e+00,5.632063974293345154e+00,1.430795408376984490e+00,2.954083769846072016e-04,5.359005266424946567e-01,1.000000000000000000e+00
1.000000000000000000e+00,2.880000000000000000e+02,2.879999999999999893e+00,1.200000000000000000e+01,-1.644372007033597427e+00,5.644308685438100603e+00,1.431466405363911676e+00,-5.335946360882637407e-04,5.359005266424946567e-01,1.000000000000000000e+00
1.000000000000000000e+00,2.890000000000000000e+02,2.890000000000000124e+00,1.200000000000000000e+01,-1.615864769729641770e+00,5.663093276961199685e+00,1.432949340754877454e+00,-5.506592451225422735e-04,5.359005266424946567e-01,1.000000000000000000e+00
1.000000000000000000e+00,2.900000000000000000e+02,2.899999999999999911e+00,1.200000000000000000e+01,-1.596589294033331718e+00,5.675514935711253095e+00,1.435241043010754503e+00,2.410430107544492273e-04,5.359005266424946567e-01,1.000000000000000000e+00
1.000000000000000000e+00,2.910000000000000000e+02,2.910000000000000142e+00,1.200000000000000000e+01,-1.586917457726972014e+00,5.681310871551936259e+00,1.436735179910120674e+00,2.351799101205642728e-04,5.359005266424946567e-01,1.000000000000000000e+00
1.000000000000000000e+00,2.920000000000000000e+02,2.919999999999999929e+00,1.200000000000000000e+01,-1.568013138803261208e+00,5.693500666765092255e+00,1.437403972382421014e+00,-5.960276175789314124e-04,5.359005266424946567e-01,1.000000000000000000e+00
1.000000000000000000e+00,2.930000000000000000e+02,2.930000000000000160e+00,1.200000000000000000e+01,-1.539376180426934582e+00,5.712433866921268866e+00,1.438861722513420371e+00,-6.382774865796303487e-04,5.359005266424946567e-01,1.000000000000000000e+00
1.000000000000000000e+00,2.940000000000000000e+02,2.939999999999999947e+00,1.200000000000000000e+01,-1.519253331771335036e+00,5.725494192171775687e+00,1.441146925904397191e+00,1.469259043971327117e-04,5.359005266424946567e-01,1.000000000000000000e+00
1.000000000000000000e+00,2.950000000000000000e+02,2.950000000000000178e+00,1.200000000000000000e+01,-1.509861016254372412e+00,5.731142540492578874e+00,1.442700996758373488e+00,2.009967583733729413e-04,5.359005266424946567e-01,1.000000000000000000e+00
1.000000000000000000e+00,2.960000000000000000e+02,2.959999999999999964e+00,1.200000000000000000e+01,-1.491118512290539266e+00,5.743271877760362187e+00,1.443339403158730549e+00,-6.605968412694007696e-04,5.359005266424946567e-01,1.000000000000000000e+00
1.000000000000000000e+00,2.970000000000000000e+02,2.970000000000000195e+00,1.200000000000000000e+01,-1.462371513767124709e+00,5.762338776971511756e+00,1.444771134642346189e+00,-7.288653576538184353e-04,5.359005266424946567e-01,1.000000000000000000e+00
1.000000000000000000e+00,2.980000000000000000e+02,2.979999999999999982e+00,1.200000000000000000e+01,-1.440503049731980179e+00,5.776659477997975856e+00,1.447047352156955791e+00,4.735215695572669858e-05,5.359005266424946567e-01,1.000000000000000000e+00
1.000000000000000000e+00,2.990000000000000000e+02,2.990000000000000213e+00,1.200000000000000000e+01,-1.432512024618159741e+00,5.781381694255024684e+00,1.448735683214236403e+00,2.356832142362819127e-04,5.359005266424946567e-01,1.000000000000000000e+00
1.000000000000000000e+00,3.000000000000000000e+02,3.000000000000000000e+00,1.200000000000000000e+01,-1.413716608808735398e+00,5.793566404872652953e+00,1.449248843986491009e+00,-7.511560135089467849e-04,5.033114907695875884e-01,9.000000000000000000e+00
1.000000000000000000e+00,3.010000000000000000e+02,3.010000000000000231e+00,1.200000000000000000e+01,-1.412216587759434150e+00,5.793781129920207107e+00,1.450801659912635433e+00,8.016599126354773119e-04,5.033114907695875884e-01,1.000000000000000000e+00
1.000000000000000000e+00,3.020000000000000000e+02,3.020000000000000018e+00,1.198714571561524345e+01,-1.421138439535675646e+00,5.786784706539637391e+00,1.450895574993031678e+00,8.955749930317224994e-04,5.033114907695875884e-01,0.000000000000000000e+00
1.000000000000000000e+00,3.030000000000000000e+02,3.030000000000000249e+00,1.200000000000000000e+01,-1.410335478771296502e+00,5.793463194647699765e+00,1.449031247472242878e+00,-9.687525277570774307e-04,5.033114907695875884e-01,1.000000000000000000e+00
1.000000000000000000e+00,3.040000000000000000e+02,3.040000000000000036e+00,1.198606098845157319e+01,-1.420015860522605200e+00,5.785960516512931306e+00,1.450990164567197205e+00,9.901645671972492124e-04,5.033114907695875884e-01,0.000000000000000000e+00
1.000000000000000000e+00,3.050000000000000000e+02,3.050000000000000266e+00,1.200000000000000000e+01,-1.408776787490302995e+00,5.792960206647714827e+00,1.448971548829962597e+00,-1.028451170037358864e-03,5.033114907695875884e-01,1.000000000000000000e+00
1.000000000000000000e+00,3.060000000000000000e+02,3.060000000000000053e+00,1.198530265025551600e+01,-1.418990324908655731e+00,5.785106992096553213e+00,1.451059081997915001e+00,1.059081997915045648e-03,5.033114907695875884e-01,0.000000000000000000e+00
1.000000000000000000e+00,3.070000000000000000e+02,3.070000000000000284e+00,1.200000000000000000e+01,-1.407477475221261765e+00,5.792314982497570597e+00,1.448932584304316595e+00,-1.067415695683360255e-03,5.033114907695875884e-01,1.000000000000000000e+00
1.000000000000000000e+00,3.080000000000000000e+02,3.080000000000000071e+00,1.198478291309822374e+01,-1.418059151755146186e+00,5.784225140330024217e+00,1.451107612355617693e+00,1.107612355617737521e-03,5.033114907695875884e-01,0.000000000000000000e+00
1.000000000000000000e+00,3.090000000000000000e+02,3.089999999999999858e+00,1.200000000000000000e+01,-1.406374030060442593e+00,5.791570676230574755e+00,1.448907170794606403e+00,-1.092829205393552883e-03,5.033114907695875884e-01,1.000000000000000000e+00
1.000000000000000000e+00,3.100000000000000000e+02,3.100000000000000089e+00,1.198443061720069025e+01,-1.417207889051407044e+00,5.783324129553427007e+00,1.451141078141141350e+00,1.141078141141393942e-03,5.033114907695875884e-01,0.000000000000000000e+00
1.000000000000000000e+00,3.110000000000000000e+02,3.109999999999999876e+00,1.200000000000000000e+01,-1.405414245811555718e+00,5.790762618320130173e+00,1.448890515129974688e+00,-1.109484870025267966e-03,5.033114907695875884e-01,1.000000000000000000e+00
1.000000000000000000e+00,3.120000000000000000e+02,3.120000000000000107e+00,1.198419334140226056e+01,-1.416420529931016192e+00,5.782414214326503377e+00,1.451163847644073135e+00,1.163847644073179310e-03,5.033114907695875884e-01,0.000000000000000000e+00
1.000000000000000000e+00,3.130000000000000000e+02,3.129999999999999893e+00,1.200000000000000000e+01,-1.404558844458339673e+00,5.789917193279440433e+00,1.448879530009205663e+00,-1.120469990794292769e-03,5.033114907695875884e-01,1.000000000000000000e+00
1.000000000000000000e+00,3.140000000000000000e+02,3.140000000000000124e+00,1.198403413767898051e+01,-1.415683337466217218e+00,5.781504088422049215e+00,1.451179199109852824e+00,1.179199109852868688e-03,5.033114907695875884e-01,0.000000000000000000e+00
1.000000000000000000e+00,3.150000000000000000e+02,3.149999999999999911e+00,1.200000000000000000e+01,-1.403779593967616535e+00,5.789053145644767362e+00,1.448872237188689294e+00,-1.127762811310661917e-03,5.033114907695875884e-01,1.000000000000000000e+00
1.000000000000000000e+00,3.160000000000000000e+02,3.160000000000000142e+00,1.198392755561657097e+01,-1.414985685437045504e+00,5.780600304486316787e+00,1.451189479931167092e+00,1.189479931167136684e-03,5.033114907695875884e-01,0.000000000000000000e+00
1.000000000000000000e+00,3.170000000000000000e+02,3.169999999999999929e+00,1.200000000000000000e+01,-1.403056706633998285e+00,5.788183384065914261e+00,1.448867362635078759e+00,-1.132637364921196266e-03,5.033114907695875884e-01,1.000000000000000000e+00
1.000000000000000000e+00,3.180000000000000000e+02,3.180000000000000160e+00,1.198385628940530623e+01,-1.414319764182679684e+00,5.779707479264144077e+00,1.451196326220035360e+00,1.196326220035404120e-03,5.033114907695875884e-01,0.000000000000000000e+00
1.000000000000000000e+00,3.190000000000000000e+02,3.189999999999999947e+00,1.200000000000000000e+01,-1.402376503147237052e+00,5.787316600817168144e+00,1.448864079671921656e+00,-1.135920328078299235e-03,5.033114907695875884e-01,1.000000000000000000e+00
1.000000000000000000e+00,3.200000000000000000e+02,3.200000000000000178e+00,1.198380865622909219e+01,-1.413679980004932668e+00,5.778828719102373057e+00,1.451200859834901102e+00,1.200859834901146783e-03,5.033223797315072856e-01,8.000000000000000000e+00
1.000000000000000000e+00,3.210000000000000000e+02,3.209999999999999964e+00,1.200000000000000000e+01,-1.401729587045221992e+00,5.786458554141300503e+00,1.448861848142001918e+00,-1.138151857998037642e-03,5.033223797315072856e-01,1.000000000000000000e+00
1.000000000000000000e+00,3.220000000000000000e+02,3.220000000000000195e+00,1.198377681422135232e+01,-1.413062376958349686e+00,5.777966003310200271e+00,1.451203842976411806e+00,1.203842976411850785e-03,5.033223797315072856e-01,0.000000000000000000e+00
1.000000000000000000e+00,3.230000000000000000e+02,3.229999999999999982e+00,1.200000000000000000e+01,-1.401109518495720074e+00,5.785612936022299202e+00,1.448860312767777270e+00,-1.139687232222685864e-03,5.033223797315072856e-01,1.000000000000000000e+00
1.000000000000000000e+00,3.240000000000000000e+02,3.240000000000000213e+00,1.198375551705992059e+01,-1.412464147411601756e+00,5.777120524458682738e+00,1.451205787963760985e+00,1.205787963761029147e-03,5.033223797315072856e-01,0.000000000000000000e+00
1.000000000000000000e+00,3.250000000000000000e+02,3.250000000000000000e+00,1.200000000000000000e+01,-1.400511861898647847e+00,5.784782084394142210e+00,1.448859239843525826e+00,-1.140760156474129872e-03,5.033223797315072856e-01,1.000000000000000000e+00
1.000000000000000000e+00,3.260000000000000000e+02,3.260000000000000231e+00,1.198374125329355344e+01,-1.411883290977354877e+00,5.776292941508807566e+00,1.451207039572707469e+00,1.207039572707513386e-03,5.033223797315072856e-01,0.000000000000000000e+00
1.000000000000000000e+00,3.270000000000000000e+02,3.270000000000000018e+00,1.200000000000000000e+01,-1.399933541502426326e+00,5.783967411825709171e+00,1.448858474352960446e+00,-1.141525647039509650e-03,5.033223797315072856e-01,1.000000000000000000e+00
1.000000000000000000e+00,3.280000000000000000e+02,3.280000000000000249e+00,1.198373167883616830e+01,-1.411318358895609526e+00,5.775483548012483759e+00,1.451207828643387820e+00,1.207828643387864886e-03,5.033223797315072856e-01,0.000000000000000000e+00
1.000000000000000000e+00,3.290000000000000000e+02,3.290000000000000036e+00,1.200000000000000000e+01,-1.399372397920777500e+00,5.783169712610683355e+00,1.448857913496679473e+00,-1.142086503320483004e-03,5.033223797315072856e-01,1.000000000000000000e+00
1.000000000000000000e+00,3.300000000000000000e+02,3.300000000000000266e+00,1.198372523014391611e+01,-1.410768278288218713e+00,5.774692393642583355e+00,1.451208309448727807e+00,1.208309448727851176e-03,5.033223797315072856e-01,0.000000000000000000e+00
1.000000000000000000e+00,3.310000000000000000e+02,3.310000000000000053e+00,1.200000000000000000e+01,-1.398826888144362401e+00,5.782389370367657655e+00,1.448857489005615840e+00,-1.142510994384116074e-03,5.033223797315072856e-01,1.000000000000000000e+00
1.000000000000000000e+00,3.320000000000000000e+02,3.320000000000000284e+00,1.198372086485916554e+01,-1.410232231710375261e+00,5.773919367361212807e+00,1.451208584965943738e+00,1.208584965943781953e-03,5.033223797315072856e-01,0.000000000000000000e+00
1.000000000000000000e+00,3.330000000000000000e+02,3.330000000000000071e+00,1.200000000000000000e+01,-1.398295883673723816e+00,5.781626497613257420e+00,1.448857155498324722e+00,-1.142844501675233104e-03,5.033223797315072856e-01,1.000000000000000000e+00
1.000000000000000000e+00,3.340000000000000000e+02,3.339999999999999858e+00,1.198371788831959073e+01,-1.409709575395589720e+00,5.773164253749453856e+00,1.451208723877056794e+00,1.208723877056838703e-03,5.033223797315072856e-01,0.000000000000000000e+00
1.000000000000000000e+00,3.350000000000000000e+02,3.350000000000000089e+00,1.200000000000000000e+01,-1.397778535128717747e+00,5.780881029250811487e+00,1.448856882787627587e+00,-1.143117212372368741e-03,5.033223797315072856e-01,1.000000000000000000e+00
1.000000000000000000e+00,3.360000000000000000e+02,3.359999999999999876e+00,1.198371583768270554e+01,-1.409199784094426144e+00,5.772426770894819370e+00,1.451208771965759370e+00,1.208771965759414257e-03,5.033223797315072856e-01,0.000000000000000000e+00
1.000000000000000000e+00,3.370000000000000000e+02,3.370000000000000107e+00,1.200000000000000000e+01,-1.397274181632734757e+00,5.780152785022261597e+00,1.448856650784437594e+00,-1.143349215562361465e-03,5.033223797315072856e-01,1.000000000000000000e+00
1.000000000000000000e+00,3.380000000000000000e+02,3.379999999999999893e+00,1.198371440460643456e+01,-1.408702413995668756e+00,5.771706595742035262e+00,1.451208759740637566e+00,1.208759740637610491e-03,5.033223797315072856e-01,0.000000000000000000e+00
1.000000000000000000e+00,3.390000000000000000e+02,3.390000000000000124e+00,1.200000000000000000e+01,-1.396782290236079804e+00,5.779441511140638532e+00,1.448856446115372565e+00,-1.143553884627390715e-03,5.033223797315072856e-01,1.000000000000000000e+00
1.000000000000000000e+00,3.400000000000000000e+02,3.399999999999999911e+00,1.198371338759478455e+01,-1.408217079197166210e+00,5.771003374631440863e+00,1.451208707526498998e+00,1.208707526499042118e-03,5.033135803918965534e-01,8.000000000000000000e+00
1.000000000000000000e+00,3.410000000000000000e+02,3.410000000000000142e+00,1.200000000000000000e+01,-1.396302418105838106e+00,5.778746895432351316e+00,1.448856259875803687e+00,-1.143740124196268582e-03,5.033135803918965534e-01,1.000000000000000000e+00
1.000000000000000000e+00,3.420000000000000000e+02,3.419999999999999929e+00,1.198371264858131191e+01,-1.407743427882806042e+00,5.770316750694776786e+00,1.451208628214532670e+00,1.208628214532714296e-03,5.033135803918965534e-01,0.000000000000000000e+00
1.000000000000000000e+00,3.430000000000000000e+02,3.430000000000000160e+00,1.200000000000000000e+01,-1.395834175171742464e+00,5.778068625534861447e+00,1.448856086421979050e+00,-1.143913578020905319e-03,5.033135803918965534e-01,1.000000000000000000e+00
1.000000000000000000e+00,3.440000000000000000e+02,3.439999999999999947e+00,1.198371209158006501e+01,-1.407281143683767333e+00,5.769646361914158916e+00,1.451208531684741843e+00,1.208531684741886991e-03,5.033135803918965534e-01,0.000000000000000000e+00
1.000000000000000000e+00,3.450000000000000000e+02,3.450000000000000178e+00,1.200000000000000000e+01,-1.395377219556002801e+00,5.777406358544302734e+00,1.448855921421958293e+00,-1.144078578041662908e-03,5.033135803918965534e-01,1.000000000000000000e+00
1.000000000000000000e+00,3.460000000000000000e+02,3.459999999999999964e+00,1.198371165660987891e+01,-1.406829929489737507e+00,5.768991841302916868e+00,1.451208423868922903e+00,1.208423868922947619e-03,5.033135803918965534e-01,0.000000000000000000e+00
1.000000000000000000e+00,3.470000000000000000e+02,3.470000000000000195e+00,1.200000000000000000e+01,-1.394931239349686214e+00,5.776759744557318221e+00,1.448855762275658599e+00,-1.144237724341357065e-03,5.033135803918965534e-01,1.000000000000000000e+00
1.000000000000000000e+00,3.480000000000000000e+02,3.479999999999999982e+00,1.198371130371008597e+01,-1.406389504219617725e+00,5.768352824371025811e+00,1.451208308716807283e+00,1.208308716807326988e-03,5.033135803918965534e-01,0.000000000000000000e+00
1.000000000000000000e+00,3.490000000000000000e+02,3.490000000000000213e+00,1.200000000000000000e+01,-1.394495944605743221e+00,5.776128431895286575e+00,1.448855607250487232e+00,-1.144392749512723739e-03,5.033135803918965534e-01,1.000000000000000000e+00
1.000000000000000000e+00,3.500000000000000000e+02,3.500000000000000000e+00,1.198371100625353058e+01,-1.405959599446625852e+00,5.767728951142895966e+00,1.451208188858084780e+00,1.208188858084824346e-03,5.033135803918965534e-01,0.000000000000000000e+00
1.000000000000000000e+00,3.510000000000000000e+02,3.510000000000000231e+00,1.200000000000000000e+01,-1.394071061957061985e+00,5.775512070516263918e+00,1.448855455191380814e+00,-1.144544808619141207e-03,5.033135803918965534e-01,1.000000000000000000e+00
1.000000000000000000e+00,3.520000000000000000e+02,3.520000000000000018e+00,1.198371074649262269e+01,-1.405539957102186044e+00,5.767119867434453262e+00,1.451208066043388811e+00,1.208066043388855704e-03,5.033135803918965534e-01,0.000000000000000000e+00
1.000000000000000000e+00,3.530000000000000000e+02,3.530000000000000249e+00,1.200000000000000000e+01,-1.393656330986194014e+00,5.774910314219990681e+00,1.448855305327943155e+00,-1.144694672056800755e-03,5.033135803918965534e-01,1.000000000000000000e+00
1.000000000000000000e+00,3.540000000000000000e+02,3.540000000000000036e+00,1.198371051259511511e+01,-1.405130327899924314e+00,5.766525225638130081e+00,1.451207941437792970e+00,1.207941437793014217e-03,5.033135803918965534e-01,0.000000000000000000e+00
1.000000000000000000e+00,3.550000000000000000e+02,3.550000000000000266e+00,1.200000000000000000e+01,-1.393251501762732270e+00,5.774322822050721449e+00,1.448855157146180961e+00,-1.144842853818994755e-03,5.033135803918965534e-01,1.000000000000000000e+00
1.000000000000000000e+00,3.560000000000000000e+02,3.560000000000000053e+00,1.198371029666722265e+01,-1.404730470243569673e+00,5.765944685179491991e+00,1.451207815816544677e+00,1.207815816544721699e-03,5.033135803918965534e-01,0.000000000000000000e+00
1.000000000000000000e+00,3.570000000000000000e+02,3.570000000000000284e+00,1.200000000000000000e+01,-1.392856333157810100e+00,5.773749259168482695e+00,1.448855010302585899e+00,-1.144989697414056096e-03,5.033135803918965534e-01,1.000000000000000000e+00
1.000000000000000000e+00,3.580000000000000000e+02,3.580000000000000071e+00,1.198371009343824056e+01,-1.404340149453927156e+00,5.765377912759645618e+00,1.451207689695302117e+00,1.207689695302160970e-03,5.033135803918965534e-01,0.000000000000000000e+00
1.000000000000000000e+00,3.590000000000000000e+02,3.589999999999999858e+00,1.200000000000000000e+01,-1.392470591679369818e+00,5.773189297366316808e+00,1.448854864567327816e+00,-1.145135432672139686e-03,5.033135803918965534e-01,1.000000000000000000e+00
1.000000000000000000e+00,3.600000000000000000e+02,3.600000000000000089e+00,1.198370990249096302e+01,-1.403959138715827004e+00,5.764824578021803703e+00,1.451207563416782698e+00,1.207563416782742038e-03,5.033065769447128135e-01,8.000000000000000000e+00
1.000000000000000000e+00,3.610000000000000000e+02,3.609999999999999876e+00,1.200000000000000000e+01,-1.392094053625510197e+00,5.772642606593998416e+00,1.448854719786419665e+00,-1.145280213580290862e-03,5.033065769447128135e-01,1.000000000000000000e+00
1.000000000000000000e+00,3.620000000000000000e+02,3.620000000000000107e+00,1.198370972047714567e+01,-1.403587212080903868e+00,5.764284365143748978e+00,1.451207436693916719e+00,1.207436693916763559e-03,5.033065769447128135e-01,0.000000000000000000e+00
1.000000000000000000e+00,3.630000000000000000e+02,3.629999999999999893e+00,1.200000000000000000e+01,-1.391726493686176402e+00,5.772108883002713853e+00,1.448854576084649848e+00,-1.145423915350107791e-03,5.033065769447128135e-01,1.000000000000000000e+00
1.000000000000000000e+00,3.640000000000000000e+02,3.640000000000000124e+00,1.198370954195264559e+01,-1.403224154190199524e+00,5.763756965415508304e+00,1.451207310364889924e+00,1.207310364889968568e-03,5.033065769447128135e-01,0.000000000000000000e+00
1.000000000000000000e+00,3.650000000000000000e+02,3.649999999999999911e+00,1.200000000000000000e+01,-1.391367697901553901e+00,5.771587818941759096e+00,1.448854433087694016e+00,-1.145566912305939766e-03,5.033065769447128135e-01,1.000000000000000000e+00
1.000000000000000000e+00,3.660000000000000000e+02,3.660000000000000142e+00,1.198370936643317819e+01,-1.402869753962557420e+00,5.763242074651405922e+00,1.451207184471926537e+00,1.207184471926581182e-03,5.033065769447128135e-01,0.000000000000000000e+00
1.000000000000000000e+00,3.670000000000000000e+02,3.669999999999999929e+00,1.200000000000000000e+01,-1.391017457560182358e+00,5.771079113955946305e+00,1.448854290773181397e+00,-1.145709226818558690e-03,5.033065769447128135e-01,1.000000000000000000e+00
1.000000000000000000e+00,3.680000000000000000e+02,3.680000000000000160e+00,1.198370919358411335e+01,-1.402523805401081125e+00,5.762739395845303925e+00,1.451207059042519898e+00,1.207059042519942338e-03,5.033065769447128135e-01,0.000000000000000000e+00
1.000000000000000000e+00,3.690000000000000000e+02,3.689999999999999947e+00,1.200000000000000000e+01,-1.390675569019384383e+00,5.770582474652680816e+00,1.448854149125130331e+00,-1.145850874869625002e-03,5.033065769447128135e-01,1.000000000000000000e+00
1.000000000000000000e+00,3.700000000000000000e+02,3.700000000000000178e+00,1.198370902317081743e+01,-1.402186107449403307e+00,5.762248639015925100e+00,1.451206934094348533e+00,1.206934094348577347e-03,5.033065769447128135e-01,0.000000000000000000e+00
1.000000000000000000e+00,3.710000000000000000e+02,3.709999999999999964e+00,1.200000000000000000e+01,-1.390341833548828676e+00,5.770097614559120736e+00,1.448854008131905013e+00,-1.145991868094942134e-03,5.033065769447128135e-01,1.000000000000000000e+00
1.000000000000000000e+00,3.720000000000000000e+02,3.720000000000000195e+00,1.198370885502539629e+01,-1.401856463859671997e+00,5.761769521050086773e+00,1.451206809638565076e+00,1.206809638565120579e-03,5.033065769447128135e-01,0.000000000000000000e+00
1.000000000000000000e+00,3.730000000000000000e+02,3.729999999999999982e+00,1.200000000000000000e+01,-1.390016057189731313e+00,5.769624253974455996e+00,1.448853867784747340e+00,-1.146132215252615438e-03,5.033065769447128135e-01,1.000000000000000000e+00
1.000000000000000000e+00,3.740000000000000000e+02,3.740000000000000213e+00,1.198370868902480879e+01,-1.401534683068277554e+00,5.761301765546468445e+00,1.451206685681960984e+00,1.206685681961028322e-03,5.033065769447128135e-01,0.000000000000000000e+00
1.000000000000000000e+00,3.750000000000000000e+02,3.750000000000000000e+00,1.200000000000000000e+01,-1.389698050625267634e+00,5.769162119820246737e+00,1.448853728076813674e+00,-1.146271923186281683e-03,5.033065769447128135e-01,1.000000000000000000e+00
1.000000000000000000e+00,3.760000000000000000e+02,3.760000000000000231e+00,1.198370852507624740e+01,-1.401220578077730927e+00,5.760845102660866246e+00,1.451206562228412489e+00,1.206562228412533244e-03,5.033065769447128135e-01,0.000000000000000000e+00
1.000000000000000000e+00,3.770000000000000000e+02,3.770000000000000018e+00,1.200000000000000000e+01,-1.389387629059738227e+00,5.768710945490390429e+00,1.448853589002590869e+00,-1.146410997409086363e-03,5.033065769447128135e-01,1.000000000000000000e+00
1.000000000000000000e+00,3.780000000000000000e+02,3.780000000000000249e+00,1.198370836310678378e+01,-1.400913966344288664e+00,5.760399268953096730e+00,1.451206439279902227e+00,1.206439279902271622e-03,5.033065769447128135e-01,0.000000000000000000e+00
1.000000000000000000e+00,3.790000000000000000e+02,3.790000000000000036e+00,1.200000000000000000e+01,-1.389084612103832495e+00,5.768270470702404396e+00,1.448853450557371803e+00,-1.146549442628153059e-03,5.033065769447128135e-01,1.000000000000000000e+00
1.000000000000000000e+00,3.800000000000000000e+02,3.800000000000000266e+00,1.198370820550067251e+01,-1.400614671119377874e+00,5.759964004135550653e+00,1.451206316837109433e+00,1.206316837109477902e-03,5.033010655883827233e-01,8.000000000000000000e+00
1.000000000000000000e+00,3.810000000000000000e+02,3.810000000000000053e+00,1.200000000000000000e+01,-1.388788826531218490e+00,5.767840435221375017e+00,1.448853312737093724e+00,-1.146687262906231908e-03,5.033010655883827233e-01,1.000000000000000000e+00
1.000000000000000000e+00,3.820000000000000000e+02,3.820000000000000284e+00,1.198370805143235174e+01,-1.400322515608080298e+00,5.759539059243282466e+00,1.451206194494945922e+00,1.206194494945966866e-03,5.033010655883827233e-01,0.000000000000000000e+00
1.000000000000000000e+00,3.830000000000000000e+02,3.830000000000000071e+00,1.200000000000000000e+01,-1.388500096056733968e+00,5.767420598352646977e+00,1.448853175718139319e+00,-1.146824281860636674e-03,5.033010655883827233e-01,1.000000000000000000e+00
1.000000000000000000e+00,3.840000000000000000e+02,3.839999999999999858e+00,1.198370789781857226e+01,-1.400037330802381463e+00,5.759124190736671700e+00,1.451206072793323365e+00,1.206072793323409442e-03,5.033010655883827233e-01,0.000000000000000000e+00
1.000000000000000000e+00,3.850000000000000000e+02,3.850000000000000089e+00,1.200000000000000000e+01,-1.388218253404322589e+00,5.767010717535051789e+00,1.448853039257284703e+00,-1.146960742715252835e-03,5.033010655883827233e-01,1.000000000000000000e+00
1.000000000000000000e+00,3.860000000000000000e+02,3.859999999999999876e+00,1.198370774507908187e+01,-1.399758951135138707e+00,5.758719159163546486e+00,1.451205951685778484e+00,1.205951685778527960e-03,5.033010655883827233e-01,0.000000000000000000e+00
1.000000000000000000e+00,3.870000000000000000e+02,3.870000000000000107e+00,1.200000000000000000e+01,-1.387943135110006221e+00,5.766610556083231920e+00,1.448852903371233181e+00,-1.147096628766774984e-03,5.033010655883827233e-01,1.000000000000000000e+00
1.000000000000000000e+00,3.880000000000000000e+02,3.879999999999999893e+00,1.198370759348407866e+01,-1.399487214907307209e+00,5.758323730806731433e+00,1.451205831140708113e+00,1.205831140708157889e-03,5.033010655883827233e-01,0.000000000000000000e+00
1.000000000000000000e+00,3.890000000000000000e+02,3.890000000000000124e+00,1.200000000000000000e+01,-1.387674581485599301e+00,5.766219883010395009e+00,1.448852768070129082e+00,-1.147231929870873302e-03,5.033010655883827233e-01,1.000000000000000000e+00
1.000000000000000000e+00,3.900000000000000000e+02,3.899999999999999911e+00,1.198370744320381398e+01,-1.399221964218429370e+00,5.757937677532251719e+00,1.451205711136459353e+00,1.205711136459397537e-03,5.033010655883827233e-01,0.000000000000000000e+00
1.000000000000000000e+00,3.910000000000000000e+02,3.910000000000000142e+00,1.200000000000000000e+01,-1.387412436565387930e+00,5.765838472867680586e+00,1.448852633359737130e+00,-1.147366640262825754e-03,5.033010655883827233e-01,1.000000000000000000e+00
1.000000000000000000e+00,3.920000000000000000e+02,3.919999999999999929e+00,1.198370729434264881e+01,-1.398963044890856322e+00,5.757560776646625911e+00,1.451205591657961813e+00,1.205591657961857521e-03,5.033010655883827233e-01,0.000000000000000000e+00
1.000000000000000000e+00,3.930000000000000000e+02,3.930000000000000160e+00,1.200000000000000000e+01,-1.387156548042365989e+00,5.765466105595471014e+00,1.448852499243018510e+00,-1.147500756981445491e-03,5.033010655883827233e-01,1.000000000000000000e+00
1.000000000000000000e+00,3.940000000000000000e+02,3.939999999999999947e+00,1.198370714696088868e+01,-1.398710306391921065e+00,5.757192810760235702e+00,1.451205472694564236e+00,1.205472694564280189e-03,5.033010655883827233e-01,0.000000000000000000e+00
1.000000000000000000e+00,3.950000000000000000e+02,3.950000000000000178e+00,1.200000000000000000e+01,-1.386906767197080947e+00,5.765102566384402216e+00,1.448852365720946445e+00,-1.147634279053511008e-03,5.033010655883827233e-01,1.000000000000000000e+00
1.000000000000000000e+00,3.960000000000000000e+02,3.959999999999999964e+00,1.198370700108958786e+01,-1.398463601753598295e+00,5.756833567656952866e+00,1.451205354238570333e+00,1.205354238570377490e-03,5.033010655883827233e-01,0.000000000000000000e+00
1.000000000000000000e+00,3.970000000000000000e+02,3.970000000000000195e+00,1.200000000000000000e+01,-1.386662948823281782e+00,5.764747645543069510e+00,1.448852232793219841e+00,-1.147767206780114790e-03,5.033010655883827233e-01,1.000000000000000000e+00
1.000000000000000000e+00,3.980000000000000000e+02,3.979999999999999982e+00,1.198370685674082559e+01,-1.398222787492057417e+00,5.756482840168268389e+00,1.451205236284220490e+00,1.205236284220534415e-03,5.033010655883827233e-01,0.000000000000000000e+00
1.000000000000000000e+00,3.990000000000000000e+02,3.990000000000000213e+00,1.200000000000000000e+01,-1.386424951151864926e+00,5.764401138371278321e+00,1.448852100458750680e+00,-1.147899541249275401e-03,5.033010655883827233e-01,1.000000000000000000e+00
1.000000000000000000e+00,4.000000000000000000e+02,4.000000000000000000e+00,1.198370671583647962e+01,-1.397987724834417467e+00,5.756140423850315102e+00,1.451205118827006091e+00,1.205118827006135263e-03,5.032967292716613583e-01,8.000000000000000000e+00
1.000000000000000000e+00,4.010000000000000000e+02,4.009999999999999787e+00,1.200000000000000000e+01,-1.386192638355074003e+00,5.764062840689072154e+00,1.448851968715943794e+00,-1.148031284056161283e-03,5.032967292716613583e-01,1.000000000000000000e+00
1.000000000000000000e+00,4.020000000000000000e+02,4.020000000000000462e+00,1.198370657775902615e+01,-1.397758274784333565e+00,5.755806122913659451e+00,1.451205001544863205e+00,1.205001544863248952e-03,5.032967292716613583e-01,0.000000000000000000e+00
1.000000000000000000e+00,4.030000000000000000e+02,4.030000000000000249e+00,1.200000000000000000e+01,-1.385965871515601577e+00,5.763732562727537534e+00,1.448851837704594026e+00,-1.148162295405930067e-03,5.032967292716613583e-01,1.000000000000000000e+00
1.000000000000000000e+00,4.040000000000000000e+02,4.040000000000000036e+00,1.198370644010096697e+01,-1.397534304309038022e+00,5.755479745610002418e+00,1.451204884860051614e+00,1.204884860051658180e-03,5.032967292716613583e-01,0.000000000000000000e+00
1.000000000000000000e+00,4.050000000000000000e+02,4.049999999999999822e+00,1.200000000000000000e+01,-1.385744519136205000e+00,5.763410113748503427e+00,1.448851707233528741e+00,-1.148292766471215032e-03,5.032967292716613583e-01,1.000000000000000000e+00
1.000000000000000000e+00,4.060000000000000000e+02,4.060000000000000497e+00,1.198370630320592056e+01,-1.397315683245405449e+00,5.755161103652457477e+00,1.451204768734270623e+00,1.204768734270666997e-03,5.032967292716613583e-01,0.000000000000000000e+00
1.000000000000000000e+00,4.070000000000000000e+02,4.070000000000000284e+00,1.200000000000000000e+01,-1.385528452711083380e+00,5.763095307637900788e+00,1.448851577316038197e+00,-1.148422683961758395e-03,5.032967292716613583e-01,1.000000000000000000e+00
1.000000000000000000e+00,4.080000000000000000e+02,4.080000000000000071e+00,1.198370616729527605e+01,-1.397102284469016631e+00,5.754850013265281561e+00,1.451204653141358270e+00,1.204653141358313917e-03,5.032967292716613583e-01,0.000000000000000000e+00
1.000000000000000000e+00,4.090000000000000000e+02,4.089999999999999858e+00,1.200000000000000000e+01,-1.385317546699389224e+00,5.762787962764972960e+00,1.448851447960082695e+00,-1.148552039917261069e-03,5.032967292716613583e-01,1.000000000000000000e+00
1.000000000000000000e+00,4.100000000000000000e+02,4.099999999999999645e+00,1.198370603250866040e+01,-1.396893983840533870e+00,5.754546295063803107e+00,1.451204538063288529e+00,1.204538063288573824e-03,5.032967292716613583e-01,0.000000000000000000e+00
1.000000000000000000e+00,4.110000000000000000e+02,4.110000000000000320e+00,1.200000000000000000e+01,-1.385111678484532094e+00,5.762487901855129380e+00,1.448851319170036511e+00,-1.148680829963444339e-03,5.032967292716613583e-01,1.000000000000000000e+00
1.000000000000000000e+00,4.120000000000000000e+02,4.120000000000000107e+00,1.198370589893126414e+01,-1.396690660146953977e+00,5.754249773941645607e+00,1.451204423487469031e+00,1.204423487469075127e-03,5.032967292716613583e-01,0.000000000000000000e+00
1.000000000000000000e+00,4.130000000000000000e+02,4.129999999999999893e+00,1.200000000000000000e+01,-1.384910728324407758e+00,5.762194951872778859e+00,1.448851190947862744e+00,-1.148809052137211850e-03,5.032967292716613583e-01,1.000000000000000000e+00
1.000000000000000000e+00,4.140000000000000000e+02,4.139999999999999680e+00,1.198370576661336884e+01,-1.396492195039177320e+00,5.753960278964142638e+00,1.451204309404810600e+00,1.204309404810643969e-03,5.032967292716613583e-01,0.000000000000000000e+00
1.000000000000000000e+00,4.150000000000000000e+02,4.150000000000000355e+00,1.200000000000000000e+01,-1.384714579296868253e+00,5.761908943911064007e+00,1.448851063294130270e+00,-1.148936705869685326e-03,5.032967292716613583e-01,1.000000000000000000e+00
1.000000000000000000e+00,4.160000000000000000e+02,4.160000000000000142e+00,1.198370563558011170e+01,-1.396298472971513549e+00,5.753677643263985786e+00,1.451204195808758701e+00,1.204195808758745656e-03,5.032967292716613583e-01,0.000000000000000000e+00
1.000000000000000000e+00,4.170000000000000000e+02,4.169999999999999929e+00,1.200000000000000000e+01,-1.384523117241001966e+00,5.761629713088018079e+00,1.448850936208161855e+00,-1.149063791838100812e-03,5.032967292716613583e-01,1.000000000000000000e+00
1.000000000000000000e+00,4.180000000000000000e+02,4.179999999999999716e+00,1.198370550584212069e+01,-1.396109381136436012e+00,5.753401703943634260e+00,1.451204082694243169e+00,1.204082694243213680e-03,5.032967292716613583e-01,0.000000000000000000e+00
1.000000000000000000e+00,4.190000000000000000e+02,4.190000000000000391e+00,1.200000000000000000e+01,-1.384336230697563064e+00,5.761357098446755032e+00,1.448850809688731367e+00,-1.149190311268588616e-03,5.032967292716613583e-01,1.000000000000000000e+00
1.000000000000000000e+00,4.200000000000000000e+02,4.200000000000000178e+00,1.198370537891106835e+01,-1.395924810533429206e+00,5.753132300394710796e+00,1.451203970057309389e+00,1.203970057309433628e-03,5.032933171824106600e-01,8.000000000000000000e+00
1.000000000000000000e+00,4.210000000000000000e+02,4.209999999999999964e+00,1.200000000000000000e+01,-1.384153813081656414e+00,5.761090939730009630e+00,1.448850683734141942e+00,-1.149316265858013608e-03,5.032933171824106600e-01,1.000000000000000000e+00
1.000000000000000000e+00,4.220000000000000000e+02,4.219999999999999751e+00,1.198370525430260791e+01,-1.395744651873679576e+00,5.752869278657887442e+00,1.451203857644162820e+00,1.203857644162864560e-03,5.032933171824106600e-01,0.000000000000000000e+00
1.000000000000000000e+00,4.230000000000000000e+02,4.230000000000000426e+00,1.200000000000000000e+01,-1.383975754961833449e+00,5.760831087418013752e+00,1.448850558454111148e+00,-1.149441545888807426e-03,5.032933171824106600e-01,1.000000000000000000e+00
1.000000000000000000e+00,4.240000000000000000e+02,4.240000000000000213e+00,1.198370513012102379e+01,-1.395568800462750447e+00,5.752612487809716235e+00,1.451203745786566301e+00,1.203745786566345899e-03,5.032933171824106600e-01,0.000000000000000000e+00
1.000000000000000000e+00,4.250000000000000000e+02,4.250000000000000000e+00,1.200000000000000000e+01,-1.383801952954881065e+00,5.760577391532932801e+00,1.448850433697661977e+00,-1.149566302337978740e-03,5.032933171824106600e-01,1.000000000000000000e+00
1.000000000000000000e+00,4.260000000000000000e+02,4.259999999999999787e+00,1.198370500663630978e+01,-1.395397153966409620e+00,5.752361779799816333e+00,1.451203634454013791e+00,1.203634454013835509e-03,5.032933171824106600e-01,0.000000000000000000e+00
1.000000000000000000e+00,4.270000000000000000e+02,4.270000000000000462e+00,1.200000000000000000e+01,-1.383632306028904635e+00,5.760329705733266081e+00,1.448850309474770004e+00,-1.149690525229951632e-03,5.032933171824106600e-01,1.000000000000000000e+00
1.000000000000000000e+00,4.280000000000000000e+02,4.280000000000000249e+00,1.198370488402239609e+01,-1.395229612438890765e+00,5.752117010125330943e+00,1.451203523625537617e+00,1.203523625537661346e-03,5.032933171824106600e-01,0.000000000000000000e+00
1.000000000000000000e+00,4.290000000000000000e+02,4.290000000000000036e+00,1.200000000000000000e+01,-1.383466715483250065e+00,5.760087887202623769e+00,1.448850185791326073e+00,-1.149814208673882732e-03,5.032933171824106600e-01,1.000000000000000000e+00
1.000000000000000000e+00,4.300000000000000000e+02,4.299999999999999822e+00,1.198370476238860327e+01,-1.395066078281710809e+00,5.751878037735836280e+00,1.451203413286596966e+00,1.203413286597010412e-03,5.032933171824106600e-01,0.000000000000000000e+00
1.000000000000000000e+00,4.310000000000000000e+02,4.310000000000000497e+00,1.200000000000000000e+01,-1.383305084915849248e+00,5.759851796550214509e+00,1.448850062650277826e+00,-1.149937349722129909e-03,5.032933171824106600e-01,1.000000000000000000e+00
1.000000000000000000e+00,4.320000000000000000e+02,4.320000000000000284e+00,1.198370464180185557e+01,-1.394906456196340461e+00,5.751644724945456311e+00,1.451203303426884084e+00,1.203303426884128058e-03,5.032933171824106600e-01,0.000000000000000000e+00
1.000000000000000000e+00,4.330000000000000000e+02,4.330000000000000071e+00,1.200000000000000000e+01,-1.383147320185193374e+00,5.759621297717950839e+00,1.448849940052870711e+00,-1.150059947129244975e-03,5.032933171824106600e-01,1.000000000000000000e+00
1.000000000000000000e+00,4.340000000000000000e+02,4.339999999999999858e+00,1.198370452230073724e+01,-1.394750653137089902e+00,5.751416937347694436e+00,1.451203194038932720e+00,1.203194038932764443e-03,5.032933171824106600e-01,0.000000000000000000e+00
1.000000000000000000e+00,4.350000000000000000e+02,4.350000000000000533e+00,1.200000000000000000e+01,-1.382993329366152935e+00,5.759396257894652926e+00,1.448849817998985490e+00,-1.150182001014465882e-03,5.032933171824106600e-01,1.000000000000000000e+00
1.000000000000000000e+00,4.360000000000000000e+02,4.360000000000000320e+00,1.198370440390494807e+01,-1.394598578261045940e+00,5.751194543735111964e+00,1.451203085117184433e+00,1.203085117184476971e-03,5.032933171824106600e-01,0.000000000000000000e+00
1.000000000000000000e+00,4.370000000000000000e+02,4.370000000000000107e+00,1.200000000000000000e+01,-1.382843022704830949e+00,5.759176547433697557e+00,1.448849696487751526e+00,-1.150303512248429527e-03,5.032933171824106600e-01,1.000000000000000000e+00
1.000000000000000000e+00,4.380000000000000000e+02,4.379999999999999893e+00,1.198370428662203224e+01,-1.394450142878894461e+00,5.750977416021123112e+00,1.451202976657322452e+00,1.202976657322496479e-03,5.032933171824106600e-01,0.000000000000000000e+00
1.000000000000000000e+00,4.390000000000000000e+02,4.389999999999999680e+00,1.200000000000000000e+01,-1.382696312571395580e+00,5.758962039774756292e+00,1.448849575517749511e+00,-1.150424482250445024e-03,5.032933171824106600e-01,1.000000000000000000e+00
1.000000000000000000e+00,4.400000000000000000e+02,4.400000000000000355e+00,1.198370417164078106e+01,-1.394305261358218528e+00,5.750765428009921187e+00,1.451202868655881772e+00,1.202868655881816906e-03,5.032906319921112148e-01,8.000000000000000000e+00
1.000000000000000000e+00,4.410000000000000000e+02,4.410000000000000142e+00,1.200000000000000000e+01,-1.382553115294482993e+00,5.758752609086955410e+00,1.448849455087186877e+00,-1.150544912813078469e-03,5.032906319921112148e-01,1.000000000000000000e+00
1.000000000000000000e+00,4.420000000000000000e+02,4.419999999999999929e+00,1.198370405858048393e+01,-1.394163847769632758e+00,5.750558458637812009e+00,1.451202760912839285e+00,1.202760912839329066e-03,5.032906319921112148e-01,0.000000000000000000e+00
1.000000000000000000e+00,4.430000000000000000e+02,4.429999999999999716e+00,1.200000000000000000e+01,-1.382413344705657243e+00,5.758548137615536078e+00,1.448849335282127226e+00,-1.150664717872729170e-03,5.032906319921112148e-01,1.000000000000000000e+00
1.000000000000000000e+00,4.440000000000000000e+02,4.440000000000000391e+00,1.198370394594777011e+01,-1.394025819738630600e+00,5.750356389139914093e+00,1.451202653688870026e+00,1.202653688870070070e-03,5.032906319921112148e-01,0.000000000000000000e+00
1.000000000000000000e+00,4.450000000000000000e+02,4.450000000000000178e+00,1.200000000000000000e+01,-1.382276919524975778e+00,5.758348507433185048e+00,1.448849215983176286e+00,-1.150784016823669376e-03,5.032906319921112148e-01,1.000000000000000000e+00
1.000000000000000000e+00,4.460000000000000000e+02,4.459999999999999964e+00,1.198370383395508476e+01,-1.393891096809857677e+00,5.750159103104589775e+00,1.451202546959580397e+00,1.202546959580441666e-03,5.032906319921112148e-01,0.000000000000000000e+00
1.000000000000000000e+00,4.470000000000000000e+02,4.469999999999999751e+00,1.200000000000000000e+01,-1.382143760321078219e+00,5.758153603471851234e+00,1.448849097197822289e+00,-1.150902802177666828e-03,5.032906319921112148e-01,1.000000000000000000e+00
1.000000000000000000e+00,4.480000000000000000e+02,4.480000000000000426e+00,1.198370372273830675e+01,-1.393759600406448751e+00,5.749966486909154462e+00,1.451202440708174946e+00,1.202440708174989936e-03,5.032906319921112148e-01,0.000000000000000000e+00
1.000000000000000000e+00,4.490000000000000000e+02,4.490000000000000213e+00,1.200000000000000000e+01,-1.382013789495082801e+00,5.757963313435517705e+00,1.448848978930197706e+00,-1.151021069802249386e-03,5.032906319921112148e-01,1.000000000000000000e+00
1.000000000000000000e+00,4.500000000000000000e+02,4.500000000000000000e+00,1.198370361238318260e+01,-1.393631253796183689e+00,5.749778429646115185e+00,1.451202334922846227e+00,1.202334922846270970e-03,5.032906319921112148e-01,0.000000000000000000e+00
1.000000000000000000e+00,4.510000000000000000e+02,4.509999999999999787e+00,1.200000000000000000e+01,-1.381886931255804418e+00,5.757777527721332333e+00,1.448848861182310044e+00,-1.151138817689911775e-03,5.032906319921112148e-01,1.000000000000000000e+00
1.000000000000000000e+00,4.520000000000000000e+02,4.520000000000000462e+00,1.198370350294173470e+01,-1.393505982055877501e+00,5.749594823052962766e+00,1.451202229595152771e+00,1.202229595152815023e-03,5.032906319921112148e-01,0.000000000000000000e+00
1.000000000000000000e+00,4.530000000000000000e+02,4.530000000000000249e+00,1.200000000000000000e+01,-1.381763111588804716e+00,5.757596139347302966e+00,1.448848743954643581e+00,-1.151256045356374713e-03,5.032906319921112148e-01,1.000000000000000000e+00
1.000000000000000000e+00,4.540000000000000000e+02,4.540000000000000036e+00,1.198370339444356603e+01,-1.393383712033123389e+00,5.749415561446046929e+00,1.451202124718902420e+00,1.202124718902464195e-03,5.032906319921112148e-01,0.000000000000000000e+00
1.000000000000000000e+00,4.550000000000000000e+02,4.549999999999999822e+00,1.200000000000000000e+01,-1.381642258222569808e+00,5.757419043884201670e+00,1.448848627246724696e+00,-1.151372753275259342e-03,5.032906319921112148e-01,1.000000000000000000e+00
1.000000000000000000e+00,4.560000000000000000e+02,4.560000000000000497e+00,1.198370328690401365e+01,-1.393264372307340127e+00,5.749240541657132830e+00,1.451202020289346084e+00,1.202020289346128479e-03,5.032906319921112148e-01,0.000000000000000000e+00
1.000000000000000000e+00,4.570000000000000000e+02,4.570000000000000284e+00,1.200000000000000000e+01,-1.381524300592415155e+00,5.757246139391224204e+00,1.448848511057462929e+00,-1.151488942537026716e-03,5.032906319921112148e-01,1.000000000000000000e+00
1.000000000000000000e+00,4.580000000000000000e+02,4.580000000000000071e+00,1.198370318032833204e+01,-1.393147893151278849e+00,5.749069662971797001e+00,1.451201916302764516e+00,1.201916302764560740e-03,5.032906319921112148e-01,0.000000000000000000e+00
1.000000000000000000e+00,4.590000000000000000e+02,4.589999999999999858e+00,1.200000000000000000e+01,-1.381409169803841763e+00,5.757077326354157698e+00,1.448848395385347931e+00,-1.151604614652024239e-03,5.032906319921112148e-01,1.000000000000000000e+00
1.000000000000000000e+00,4.600000000000000000e+02,4.600000000000000533e+00,1.198370307565164161e+01,-1.393034207280920089e+00,5.748902826218196260e+00,1.451201812756077292e+00,1.201812756077336175e-03,5.032885184923098221e-01,8.000000000000000000e+00
1.000000000000000000e+00,4.610000000000000000e+02,4.610000000000000320e+00,1.200000000000000000e+01,-1.381296800153128945e+00,5.756912505942894498e+00,1.448848280228550056e+00,-1.151719771449899454e-03,5.032885184923098221e-01,1.000000000000000000e+00
1.000000000000000000e+00,4.620000000000000000e+02,4.620000000000000107e+00,1.198370297257403649e+01,-1.392923247134920217e+00,5.748739936200693457e+00,1.451201709491599878e+00,1.201709491599922686e-03,5.032885184923098221e-01,0.000000000000000000e+00
1.000000000000000000e+00,4.630000000000000000e+02,4.629999999999999893e+00,1.200000000000000000e+01,-1.381187123811546957e+00,5.756751585451769238e+00,1.448848165654438525e+00,-1.151834345561431050e-03,5.032885184923098221e-01,1.000000000000000000e+00
1.000000000000000000e+00,4.640000000000000000e+02,4.639999999999999680e+00,1.198370286991918299e+01,-1.392814947911242385e+00,5.748580899476715800e+00,1.451201606714096703e+00,1.201606714096747908e-03,5.032885184923098221e-01,0.000000000000000000e+00
1.000000000000000000e+00,4.650000000000000000e+02,4.650000000000000355e+00,1.200000000000000000e+01,-1.381080076877222895e+00,5.756594472154778153e+00,1.448848051568568884e+00,-1.151948431431071285e-03,5.032885184923098221e-01,1.000000000000000000e+00
1.000000000000000000e+00,4.660000000000000000e+02,4.660000000000000142e+00,1.198370276785372823e+01,-1.392709246356552466e+00,5.748425624511880550e+00,1.451201504404048714e+00,1.201504404048758801e-03,5.032885184923098221e-01,0.000000000000000000e+00
1.000000000000000000e+00,4.670000000000000000e+02,4.669999999999999929e+00,1.200000000000000000e+01,-1.380975596901713898e+00,5.756441075574086241e+00,1.448847937976450062e+00,-1.152062023549893510e-03,5.032885184923098221e-01,1.000000000000000000e+00
1.000000000000000000e+00,4.680000000000000000e+02,4.679999999999999716e+00,1.198370266648421101e+01,-1.392606080694399173e+00,5.748274021964732583e+00,1.451201402547900976e+00,1.201402547901020412e-03,5.032885184923098221e-01,0.000000000000000000e+00
1.000000000000000000e+00,4.690000000000000000e+02,4.690000000000000391e+00,1.200000000000000000e+01,-1.380873622877089923e+00,5.756291307411626867e+00,1.448847824880924895e+00,-1.152175119075060650e-03,5.032885184923098221e-01,1.000000000000000000e+00
1.000000000000000000e+00,4.700000000000000000e+02,4.700000000000000178e+00,1.198370256587732463e+01,-1.392505390598707260e+00,5.748126004628689500e+00,1.451201301136062494e+00,1.201301136062538077e-03,5.032885184923098221e-01,0.000000000000000000e+00
1.000000000000000000e+00,4.710000000000000000e+02,4.709999999999999964e+00,1.200000000000000000e+01,-1.380774095216529052e+00,5.756145081487033188e+00,1.448847712283134914e+00,-1.152287716865041389e-03,5.032885184923098221e-01,1.000000000000000000e+00
1.000000000000000000e+00,4.720000000000000000e+02,4.719999999999999751e+00,1.198370246607370682e+01,-1.392407117165248343e+00,5.747981487377193055e+00,1.451201200161544413e+00,1.201200161544457856e-03,5.032885184923098221e-01,0.000000000000000000e+00
1.000000000000000000e+00,4.730000000000000000e+02,4.730000000000000426e+00,1.200000000000000000e+01,-1.380676955730373523e+00,5.756002313680509630e+00,1.448847600183124307e+00,-1.152399816875648852e-03,5.032885184923098221e-01,1.000000000000000000e+00
1.000000000000000000e+00,4.740000000000000000e+02,4.740000000000000213e+00,1.198370236709619263e+01,-1.392311202882378751e+00,5.747840387111159188e+00,1.451201099619143342e+00,1.201099619143386477e-03,5.032885184923098221e-01,0.000000000000000000e+00
1.000000000000000000e+00,4.750000000000000000e+02,4.750000000000000000e+00,1.200000000000000000e+01,-1.380582147599336063e+00,5.755862921879439043e+00,1.448847488580140785e+00,-1.152511419859170161e-03,5.032885184923098221e-01,1.000000000000000000e+00
1.000000000000000000e+00,4.760000000000000000e+02,4.759999999999999787e+00,1.198370226895621116e+01,-1.392217591600239279e+00,5.747702622709216946e+00,1.451200999504811850e+00,1.200999504811894880e-03,5.032885184923098221e-01,0.000000000000000000e+00
1.000000000000000000e+00,4.770000000000000000e+02,4.770000000000000462e+00,1.200000000000000000e+01,-1.380489615345558585e+00,5.755726825928175749e+00,1.448847377472848974e+00,-1.152622527150981568e-03,5.032885184923098221e-01,1.000000000000000000e+00
1.000000000000000000e+00,4.780000000000000000e+02,4.780000000000000249e+00,1.198370217165727603e+01,-1.392126228499773521e+00,5.747568114979756615e+00,1.451200899815311196e+00,1.200899815311240459e-03,5.032885184923098221e-01,0.000000000000000000e+00
1.000000000000000000e+00,4.790000000000000000e+02,4.790000000000000036e+00,1.200000000000000000e+01,-1.380399304804864613e+00,5.755593947578692138e+00,1.448847266859736305e+00,-1.152733140263650924e-03,5.032885184923098221e-01,1.000000000000000000e+00
1.000000000000000000e+00,4.800000000000000000e+02,4.799999999999999822e+00,1.198370207593498193e+01,-1.392037060708206875e+00,5.747436785978140783e+00,1.451200800547887804e+00,1.200800547887848069e-03,5.032868546160994550e-01,8.000000000000000000e+00
1.000000000000000000e+00,4.810000000000000000e+02,4.810000000000000497e+00,1.200000000000000000e+01,-1.380311164370946253e+00,5.755464209188797753e+00,1.448847156738970021e+00,-1.152843261029934396e-03,5.032868546160994550e-01,1.000000000000000000e+00
1.000000000000000000e+00,4.820000000000000000e+02,4.820000000000000284e+00,1.198370198155341626e+01,-1.391950035106639394e+00,5.747308560850265202e+00,1.451200701578101437e+00,1.200701578101481815e-03,5.032868546160994550e-01,0.000000000000000000e+00
1.000000000000000000e+00,4.830000000000000000e+02,4.830000000000000071e+00,1.200000000000000000e+01,-1.380225140665113148e+00,5.755337537793374203e+00,1.448847047163237756e+00,-1.152952836762199951e-03,5.032868546160994550e-01,1.000000000000000000e+00
1.000000000000000000e+00,4.840000000000000000e+02,4.839999999999999858e+00,1.198370188758542199e+01,-1.391865100724266169e+00,5.747183366086285439e+00,1.451200603066806316e+00,1.200603066806360530e-03,5.032868546160994550e-01,0.000000000000000000e+00
1.000000000000000000e+00,4.850000000000000000e+02,4.850000000000000533e+00,1.200000000000000000e+01,-1.380141183448562847e+00,5.755213860482014887e+00,1.448846938057730238e+00,-1.153061942269717477e-03,5.032868546160994550e-01,1.000000000000000000e+00
1.000000000000000000e+00,4.860000000000000000e+02,4.860000000000000320e+00,1.198370179416116166e+01,-1.391782207832732654e+00,5.747061129712379035e+00,1.451200504998377383e+00,1.200504998377427412e-03,5.032868546160994550e-01,0.000000000000000000e+00
1.000000000000000000e+00,4.870000000000000000e+02,4.870000000000000107e+00,1.200000000000000000e+01,-1.380059243625086474e+00,5.755093106112096457e+00,1.448846829426345018e+00,-1.153170573654938025e-03,5.032868546160994550e-01,1.000000000000000000e+00
1.000000000000000000e+00,4.880000000000000000e+02,4.879999999999999893e+00,1.198370170136468360e+01,-1.391701307863945525e+00,5.746941781479605993e+00,1.451200407361767031e+00,1.200407361767075187e-03,5.032868546160994550e-01,0.000000000000000000e+00
1.000000000000000000e+00,4.890000000000000000e+02,4.889999999999999680e+00,1.200000000000000000e+01,-1.379979273231110248e+00,5.754975205254861947e+00,1.448846721271021210e+00,-1.153278728978746059e-03,5.032868546160994550e-01,1.000000000000000000e+00
1.000000000000000000e+00,4.900000000000000000e+02,4.900000000000000355e+00,1.198370160924783434e+01,-1.391622353390791211e+00,5.746825252817183483e+00,1.451200310149129535e+00,1.200310149129579784e-03,5.032868546160994550e-01,0.000000000000000000e+00
1.000000000000000000e+00,4.910000000000000000e+02,4.910000000000000142e+00,1.200000000000000000e+01,-1.379901225420488098e+00,5.754860090146581619e+00,1.448846613592284172e+00,-1.153386407715784046e-03,5.032868546160994550e-01,1.000000000000000000e+00
1.000000000000000000e+00,4.920000000000000000e+02,4.919999999999999929e+00,1.198370151784187776e+01,-1.391545298104231332e+00,5.746711476789688966e+00,1.451200213354675306e+00,1.200213354675350175e-03,5.032868546160994550e-01,0.000000000000000000e+00
1.000000000000000000e+00,4.930000000000000000e+02,4.929999999999999716e+00,1.200000000000000000e+01,-1.379825054445261934e+00,5.754747694643922884e+00,1.448846506389729782e+00,-1.153493610270173164e-03,5.032868546160994550e-01,1.000000000000000000e+00
1.000000000000000000e+00,4.940000000000000000e+02,4.940000000000000391e+00,1.198370142716463249e+01,-1.391470096789444444e+00,5.746600388056326558e+00,1.451200116973966114e+00,1.200116973966158795e-03,5.032868546160994550e-01,0.000000000000000000e+00
1.000000000000000000e+00,4.950000000000000000e+02,4.950000000000000178e+00,1.200000000000000000e+01,-1.379750715634735725e+00,5.754637954181871962e+00,1.448846399662400586e+00,-1.153600337599369752e-03,5.032868546160994550e-01,1.000000000000000000e+00
1.000000000000000000e+00,4.960000000000000000e+02,4.959999999999999964e+00,1.198370133722422359e+01,-1.391396705302612391e+00,5.746491922831111765e+00,1.451200021003544283e+00,1.200021003544327058e-03,5.032868546160994550e-01,0.000000000000000000e+00
1.000000000000000000e+00,4.970000000000000000e+02,4.969999999999999751e+00,1.200000000000000000e+01,-1.379678165373622534e+00,5.754530805733633514e+00,1.448846293408939667e+00,-1.153706591060288389e-03,5.032868546160994550e-01,1.000000000000000000e+00
1.000000000000000000e+00,4.980000000000000000e+02,4.980000000000000426e+00,1.198370124802337067e+01,-1.391325080546411908e+00,5.746386018845269561e+00,1.451199925440509464e+00,1.199925440509508334e-03,5.032868546160994550e-01,0.000000000000000000e+00
1.000000000000000000e+00,4.990000000000000000e+02,4.990000000000000213e+00,1.200000000000000000e+01,-1.379607361078496908e+00,5.754426187773021617e+00,1.448846187627687021e+00,-1.153812372312934542e-03,5.032868546160994550e-01,1.000000000000000000e+00
1.000000000000000000e+00,5.000000000000000000e+02,5.000000000000000000e+00,1.198370116013999542e+01,-1.391255180969263261e+00,5.746282614831669910e+00,1.451199830282458247e+00,1.199830282458291819e-03,5.032855443676331753e-01,8.000000000000000000e+00
1.000000000000000000e+00,5.010000000000000000e+02,5.009999999999999787e+00,1.200000000000000000e+01,-1.379538262208693356e+00,5.754324039291348392e+00,1.448846082316848527e+00,-1.153917683151428619e-03,5.032855443676331753e-01,1.000000000000000000e+00
1.000000000000000000e+00,5.020000000000000000e+02,5.020000000000000462e+00,1.198370107338875634e+01,-1.391186964807913595e+00,5.746181651931554057e+00,1.451199735431068838e+00,1.199735431068882363e-03,5.032855443676331753e-01,0.000000000000000000e+00
1.000000000000000000e+00,5.030000000000000000e+02,5.030000000000000249e+00,1.200000000000000000e+01,-1.379470826765939684e+00,5.754224302872630759e+00,1.448845977517627226e+00,-1.154022482372729641e-03,5.032855443676331753e-01,1.000000000000000000e+00
1.000000000000000000e+00,5.040000000000000000e+02,5.040000000000000036e+00,1.198370098703863107e+01,-1.391120391975610548e+00,5.746083072321456875e+00,1.451199641012682173e+00,1.199641012682217678e-03,5.032855443676331753e-01,0.000000000000000000e+00
1.000000000000000000e+00,5.050000000000000000e+02,5.049999999999999822e+00,1.200000000000000000e+01,-1.379405015253542421e+00,5.754126921187325827e+00,1.448845873170634402e+00,-1.154126829365553775e-03,5.032855443676331753e-01,1.000000000000000000e+00
1.000000000000000000e+00,5.060000000000000000e+02,5.060000000000000497e+00,1.198370090119189513e+01,-1.391055423377002720e+00,5.745986819408251733e+00,1.451199547014672131e+00,1.199547014672175393e-03,5.032855443676331753e-01,0.000000000000000000e+00
1.000000000000000000e+00,5.070000000000000000e+02,5.070000000000000284e+00,1.200000000000000000e+01,-1.379340789073610685e+00,5.754031838295539991e+00,1.448845769278674256e+00,-1.154230721325699704e-03,5.032855443676331753e-01,1.000000000000000000e+00
1.000000000000000000e+00,5.080000000000000000e+02,5.080000000000000071e+00,1.198370081591397707e+01,-1.390992020829822540e+00,5.745892837954456489e+00,1.451199453428068331e+00,1.199453428068375516e-03,5.032855443676331753e-01,0.000000000000000000e+00
1.000000000000000000e+00,5.090000000000000000e+02,5.089999999999999858e+00,1.200000000000000000e+01,-1.379278110518237677e+00,5.753938999605317406e+00,1.448845665842816377e+00,-1.154334157183578569e-03,5.032855443676331753e-01,1.000000000000000000e+00
1.000000000000000000e+00,5.100000000000000000e+02,5.100000000000000533e+00,1.198370073124501722e+01,-1.390930147048339283e+00,5.745801074042461210e+00,1.451199360246416159e+00,1.199360246416203424e-03,5.032855443676331753e-01,0.000000000000000000e+00
1.000000000000000000e+00,5.110000000000000000e+02,5.110000000000000320e+00,1.200000000000000000e+01,-1.379216942757988340e+00,5.753848351833937613e+00,1.448845562863083858e+00,-1.154437136916097728e-03,5.032855443676331753e-01,1.000000000000000000e+00
1.000000000000000000e+00,5.120000000000000000e+02,5.120000000000000107e+00,1.198370064720939254e+01,-1.390869765625516674e+00,5.745711475040756078e+00,1.451199267464837739e+00,1.199267464837783237e-03,5.032855443676331753e-01,0.000000000000000000e+00
1.000000000000000000e+00,5.130000000000000000e+02,5.129999999999999893e+00,1.200000000000000000e+01,-1.379157249827247522e+00,5.753759842972487881e+00,1.448845460338877178e+00,-1.154539661122777616e-03,5.032855443676331753e-01,1.000000000000000000e+00
1.000000000000000000e+00,5.140000000000000000e+02,5.139999999999999680e+00,1.198370056382062288e+01,-1.390810841015206689e+00,5.745623989571249979e+00,1.451199175079546322e+00,1.199175079546366263e-03,5.032855443676331753e-01,0.000000000000000000e+00
1.000000000000000000e+00,5.150000000000000000e+02,5.150000000000000355e+00,1.200000000000000000e+01,-1.379098996607249550e+00,5.753673422253141823e+00,1.448845358269063244e+00,-1.154641730936711852e-03,5.032855443676331753e-01,1.000000000000000000e+00
1.000000000000000000e+00,5.160000000000000000e+02,5.160000000000000142e+00,1.198370048108460750e+01,-1.390753338513188719e+00,5.745538567478451597e+00,1.451199083087526986e+00,1.199083087527030855e-03,5.032855443676331753e-01,0.000000000000000000e+00
1.000000000000000000e+00,5.170000000000000000e+02,5.169999999999999929e+00,1.200000000000000000e+01,-1.379042148808759860e+00,5.753589040117720543e+00,1.448845256652176783e+00,-1.154743347823172783e-03,5.032855443676331753e-01,1.000000000000000000e+00
1.000000000000000000e+00,5.180000000000000000e+02,5.179999999999999716e+00,1.198370039900307304e+01,-1.390697224237717133e+00,5.745455159800034295e+00,1.451198991486197354e+00,1.198991486197398260e-03,5.032855443676331753e-01,0.000000000000000000e+00
1.000000000000000000e+00,5.190000000000000000e+02,5.190000000000000391e+00,1.200000000000000000e+01,-1.378986672954101378e+00,5.753506648187753036e+00,1.448845155486598202e+00,-1.154844513401753758e-03,5.032855443676331753e-01,1.000000000000000000e+00
1.000000000000000000e+00,5.200000000000000000e+02,5.200000000000000178e+00,1.198370031803059454e+01,-1.390642465532743177e+00,5.745373718373794958e+00,1.451198900273382941e+00,1.198900273382985660e-03,5.032845122568603280e-01,8.000000000000000000e+00
1.000000000000000000e+00,5.210000000000000000e+02,5.209999999999999964e+00,1.200000000000000000e+01,-1.378932537191307928e+00,5.753426198517086476e+00,1.448845054770531160e+00,-1.154945229468795631e-03,5.032845122568603280e-01,1.000000000000000000e+00
1.000000000000000000e+00,5.220000000000000000e+02,5.219999999999999751e+00,1.198370023802134732e+01,-1.390589029563605861e+00,5.745294196918442786e+00,1.451198809371329501e+00,1.198809371329545570e-03,5.032845122568603280e-01,0.000000000000000000e+00
1.000000000000000000e+00,5.230000000000000000e+02,5.230000000000000426e+00,1.200000000000000000e+01,-1.378879708481513200e+00,5.753347645932844756e+00,1.448844954536146146e+00,-1.155045463853809906e-03,5.032845122568603280e-01,1.000000000000000000e+00
1.000000000000000000e+00,5.240000000000000000e+02,5.240000000000000213e+00,1.198370015839825697e+01,-1.390536884806875984e+00,5.745216549952775864e+00,1.451198718879294969e+00,1.198718879295013195e-03,5.032845122568603280e-01,0.000000000000000000e+00
1.000000000000000000e+00,5.250000000000000000e+02,5.250000000000000000e+00,1.200000000000000000e+01,-1.378828155774079800e+00,5.753270945356244503e+00,1.448844854736224486e+00,-1.155145263775469999e-03,5.032845122568603280e-01,1.000000000000000000e+00
1.000000000000000000e+00,5.260000000000000000e+02,5.259999999999999787e+00,1.198370007924177649e+01,-1.390486000527398902e+00,5.745140732977084497e+00,1.451198628787014666e+00,1.198628787014710539e-03,5.032845122568603280e-01,0.000000000000000000e+00
1.000000000000000000e+00,5.270000000000000000e+02,5.270000000000000462e+00,1.200000000000000000e+01,-1.378777848724493271e+00,5.753196052801523130e+00,1.448844755372592497e+00,-1.155244627407459035e-03,5.032845122568603280e-01,1.000000000000000000e+00
1.000000000000000000e+00,5.280000000000000000e+02,5.280000000000000249e+00,1.198370000060266882e+01,-1.390436346707873083e+00,5.745066702557602767e+00,1.451198539087169781e+00,1.198539087169825379e-03,5.032845122568603280e-01,0.000000000000000000e+00
1.000000000000000000e+00,5.290000000000000000e+02,5.290000000000000036e+00,1.200000000000000000e+01,-1.378728757688743256e+00,5.753122925342236904e+00,1.448844656445827939e+00,-1.155343554172016951e-03,5.032845122568603280e-01,1.000000000000000000e+00
1.000000000000000000e+00,5.300000000000000000e+02,5.299999999999999822e+00,1.198369992251256910e+01,-1.390387894036125616e+00,5.744994416298173867e+00,1.451198449774345534e+00,1.198449774345577978e-03,5.032845122568603280e-01,0.000000000000000000e+00
1.000000000000000000e+00,5.310000000000000000e+02,5.310000000000000497e+00,1.200000000000000000e+01,-1.378680853713093457e+00,5.753051521081641972e+00,1.448844557955595080e+00,-1.155442044404875190e-03,5.032845122568603280e-01,1.000000000000000000e+00
1.000000000000000000e+00,5.320000000000000000e+02,5.320000000000000284e+00,1.198369984498990171e+01,-1.390340613890993504e+00,5.744923832813767284e+00,1.451198360844447643e+00,1.198360844447687867e-03,5.032845122568603280e-01,0.000000000000000000e+00
1.000000000000000000e+00,5.330000000000000000e+02,5.330000000000000071e+00,1.200000000000000000e+01,-1.378634108522699631e+00,5.752981799124747830e+00,1.448844459901009518e+00,-1.155540098990437414e-03,5.032845122568603280e-01,1.000000000000000000e+00
1.000000000000000000e+00,5.340000000000000000e+02,5.339999999999999858e+00,1.198369976804507786e+01,-1.390294478327551708e+00,5.744854911705314038e+00,1.451198272294190517e+00,1.198272294190561027e-03,5.032845122568603280e-01,0.000000000000000000e+00
1.000000000000000000e+00,5.350000000000000000e+02,5.350000000000000533e+00,1.200000000000000000e+01,-1.378588494508858231e+00,5.752913719552174676e+00,1.448844362280901521e+00,-1.155637719098434602e-03,5.032845122568603280e-01,1.000000000000000000e+00
1.000000000000000000e+00,5.360000000000000000e+02,5.360000000000000320e+00,1.198369969168213522e+01,-1.390249460063398335e+00,5.744787613534644954e+00,1.451198184120933377e+00,1.198184120933420971e-03,5.032845122568603280e-01,0.000000000000000000e+00
1.000000000000000000e+00,5.370000000000000000e+02,5.370000000000000107e+00,1.200000000000000000e+01,-1.378543984714751813e+00,5.752847243395880383e+00,1.448844265093715222e+00,-1.155734906284733299e-03,5.032845122568603280e-01,1.000000000000000000e+00
1.000000000000000000e+00,5.380000000000000000e+02,5.379999999999999893e+00,1.198369961590181454e+01,-1.390205532462487570e+00,5.744721899801958465e+00,1.451198096322378728e+00,1.198096322378772172e-03,5.032845122568603280e-01,0.000000000000000000e+00
1.000000000000000000e+00,5.390000000000000000e+02,5.389999999999999680e+00,1.200000000000000000e+01,-1.378500552822098379e+00,5.752782332615078431e+00,1.448844168337882543e+00,-1.155831662117412506e-03,5.032845122568603280e-01,1.000000000000000000e+00
1.000000000000000000e+00,5.400000000000000000e+02,5.400000000000000355e+00,1.198369954106223112e+01,-1.390162669858973521e+00,5.744657732644269821e+00,1.451198008896493974e+00,1.198008896494018316e-03,5.032836989205149436e-01,8.000000000000000000e+00
1.000000000000000000e+00,5.410000000000000000e+02,5.410000000000000142e+00,1.200000000000000000e+01,-1.378458173803095432e+00,5.752718949524525449e+00,1.448844072011623574e+00,-1.155927988376381776e-03,5.032836989205149436e-01,1.000000000000000000e+00
1.000000000000000000e+00,5.420000000000000000e+02,5.419999999999999929e+00,1.198369946704817757e+01,-1.390120846438557267e+00,5.744595075669961304e+00,1.451197921781751443e+00,1.197921781751487558e-03,5.032836989205149436e-01,0.000000000000000000e+00
1.000000000000000000e+00,5.430000000000000000e+02,5.429999999999999716e+00,1.200000000000000000e+01,-1.378416821670453540e+00,5.752657058588326322e+00,1.448843976140003820e+00,-1.156023859996135883e-03,5.032836989205149436e-01,1.000000000000000000e+00
1.000000000000000000e+00,5.440000000000000000e+02,5.440000000000000391e+00,1.198369939340397572e+01,-1.390080037414001213e+00,5.744533893107617750e+00,1.451197835056103003e+00,1.197835056103047080e-03,5.032836989205149436e-01,0.000000000000000000e+00
1.000000000000000000e+00,5.450000000000000000e+02,5.450000000000000178e+00,1.200000000000000000e+01,-1.378376472013886023e+00,5.752596624360353239e+00,1.448843880685388719e+00,-1.156119314611236959e-03,5.032836989205149436e-01,1.000000000000000000e+00
1.000000000000000000e+00,5.460000000000000000e+02,5.459999999999999964e+00,1.198369932019292605e+01,-1.390040218623000534e+00,5.744474149966467991e+00,1.451197748711154700e+00,1.197748711154744683e-03,5.032836989205149436e-01,0.000000000000000000e+00
1.000000000000000000e+00,5.470000000000000000e+02,5.469999999999999751e+00,1.200000000000000000e+01,-1.378337100978695773e+00,5.752537612253607158e+00,1.448843785648982863e+00,-1.156214351017093023e-03,5.032836989205149436e-01,1.000000000000000000e+00
1.000000000000000000e+00,5.480000000000000000e+02,5.480000000000000426e+00,1.198369924745432158e+01,-1.390001366468505584e+00,5.744415812093270901e+00,1.451197662740893346e+00,1.197662740893390421e-03,5.032836989205149436e-01,0.000000000000000000e+00
1.000000000000000000e+00,5.490000000000000000e+02,5.490000000000000213e+00,1.200000000000000000e+01,-1.378298685260064493e+00,5.752479988514608955e+00,1.448843691030764713e+00,-1.156308969235242401e-03,5.032836989205149436e-01,1.000000000000000000e+00
1.000000000000000000e+00,5.500000000000000000e+02,5.500000000000000000e+00,1.198369917521302774e+01,-1.389963457906576272e+00,5.744358846151518705e+00,1.451197577140744599e+00,1.197577140744643387e-03,5.032836989205149436e-01,0.000000000000000000e+00
1.000000000000000000e+00,5.510000000000000000e+02,5.509999999999999787e+00,1.200000000000000000e+01,-1.378261202096644267e+00,5.752423720198985180e+00,1.448843596830283520e+00,-1.156403169716435642e-03,5.032836989205149436e-01,1.000000000000000000e+00
1.000000000000000000e+00,5.520000000000000000e+02,5.520000000000000462e+00,1.198369910348291079e+01,-1.389926470437730766e+00,5.744303219598921650e+00,1.451197491907232795e+00,1.197491907232839381e-03,5.032836989205149436e-01,0.000000000000000000e+00
1.000000000000000000e+00,5.530000000000000000e+02,5.530000000000000249e+00,1.200000000000000000e+01,-1.378224629260401235e+00,5.752368775150326741e+00,1.448843503046429726e+00,-1.156496953570229635e-03,5.032836989205149436e-01,1.000000000000000000e+00
1.000000000000000000e+00,5.540000000000000000e+02,5.540000000000000036e+00,1.198369903227172450e+01,-1.389890382093592391e+00,5.744248900668821101e+00,1.451197407037501330e+00,1.197407037501374560e-03,5.032836989205149436e-01,0.000000000000000000e+00
1.000000000000000000e+00,5.550000000000000000e+02,5.549999999999999822e+00,1.200000000000000000e+01,-1.378188945047359892e+00,5.752315121979104440e+00,1.448843409677996519e+00,-1.156590322003436810e-03,5.032836989205149436e-01,1.000000000000000000e+00
1.000000000000000000e+00,5.560000000000000000e+02,5.560000000000000497e+00,1.198369896158228265e+01,-1.389855171426944036e+00,5.744195858349910644e+00,1.451197322529194089e+00,1.197322529194133622e-03,5.032836989205149436e-01,0.000000000000000000e+00
1.000000000000000000e+00,5.570000000000000000e+02,5.570000000000000284e+00,1.200000000000000000e+01,-1.378154128265677292e+00,5.752262730044077621e+00,1.448843316723381180e+00,-1.156683276618775125e-03,5.032836989205149436e-01,1.000000000000000000e+00
1.000000000000000000e+00,5.580000000000000000e+02,5.580000000000000071e+00,1.198369889141474154e+01,-1.389820817498403471e+00,5.744144062368935266e+00,1.451197238380233401e+00,1.197238380233445199e-03,5.032836989205149436e-01,0.000000000000000000e+00
1.000000000000000000e+00,5.590000000000000000e+02,5.589999999999999858e+00,1.200000000000000000e+01,-1.378120158225617509e+00,5.752211569433031357e+00,1.448843224181031619e+00,-1.156775818968336367e-03,5.032836989205149436e-01,1.000000000000000000e+00
1.000000000000000000e+00,5.600000000000000000e+02,5.600000000000000533e+00,1.198369882205126657e+01,-1.389787300135515213e+00,5.744093482958057884e+00,1.451197154588721450e+00,1.197154588721494051e-03,5.032830576775576548e-01,8.000000000000000000e+00
1.000000000000000000e+00,5.610000000000000000e+02,5.610000000000000320e+00,1.200000000000000000e+01,-1.378087015260837989e+00,5.752161610522164459e+00,1.448843132049300708e+00,-1.156867950699247416e-03,5.032830576775576548e-01,1.000000000000000000e+00
1.000000000000000000e+00,5.620000000000000000e+02,5.620000000000000107e+00,1.198369875340028301e+01,-1.389754599044519479e+00,5.744044091501406157e+00,1.451197071105943426e+00,1.197071105943470215e-03,5.032830576775576548e-01,0.000000000000000000e+00
1.000000000000000000e+00,5.630000000000000000e+02,5.629999999999999893e+00,1.200000000000000000e+01,-1.378054678932669086e+00,5.752112825359497528e+00,1.448843040347556732e+00,-1.156959652443223519e-03,5.032830576775576548e-01,1.000000000000000000e+00
1.000000000000000000e+00,5.640000000000000000e+02,5.639999999999999680e+00,1.198369868510225444e+01,-1.389722694736044373e+00,5.743995859865760778e+00,1.451196987993051746e+00,1.196987993051790156e-03,5.032830576775576548e-01,0.000000000000000000e+00
1.000000000000000000e+00,5.650000000000000000e+02,5.650000000000000355e+00,1.200000000000000000e+01,-1.378023130051612588e+00,5.752065186072880643e+00,1.448842949045791251e+00,-1.157050954208704852e-03,5.032830576775576548e-01,1.000000000000000000e+00
1.000000000000000000e+00,5.660000000000000000e+02,5.660000000000000142e+00,1.198369861720656182e+01,-1.389691568215794426e+00,5.743948760536850884e+00,1.451196905243178570e+00,1.196905243178614242e-03,5.032830576775576548e-01,0.000000000000000000e+00
1.000000000000000000e+00,5.670000000000000000e+02,5.669999999999999929e+00,1.200000000000000000e+01,-1.377992349865072796e+00,5.752018665465619129e+00,1.448842858144643753e+00,-1.157141855356202953e-03,5.032830576775576548e-01,1.000000000000000000e+00
1.000000000000000000e+00,5.680000000000000000e+02,5.679999999999999716e+00,1.198369854974392723e+01,-1.389661200933828056e+00,5.743902766658976589e+00,1.451196822851307466e+00,1.196822851307510760e-03,5.032830576775576548e-01,0.000000000000000000e+00
1.000000000000000000e+00,5.690000000000000000e+02,5.690000000000000391e+00,1.200000000000000000e+01,-1.377962320053046641e+00,5.751973236996211547e+00,1.448842767643836904e+00,-1.157232356163051534e-03,5.032830576775576548e-01,1.000000000000000000e+00
1.000000000000000000e+00,5.700000000000000000e+02,5.700000000000000178e+00,1.198369848273362948e+01,-1.389631574775404665e+00,5.743857852018387611e+00,1.451196740813564201e+00,1.196740813564245443e-03,5.032830576775576548e-01,0.000000000000000000e+00
1.000000000000000000e+00,5.710000000000000000e+02,5.709999999999999964e+00,1.200000000000000000e+01,-1.377933022722260592e+00,5.751928874759722810e+00,1.448842677542630852e+00,-1.157322457369103219e-03,5.032830576775576548e-01,1.000000000000000000e+00
1.000000000000000000e+00,5.720000000000000000e+02,5.719999999999999751e+00,1.198369841618597675e+01,-1.389602672053511290e+00,5.743813991026040178e+00,1.451196659126970712e+00,1.196659126970756049e-03,5.032830576775576548e-01,0.000000000000000000e+00
1.000000000000000000e+00,5.730000000000000000e+02,5.730000000000000426e+00,1.200000000000000000e+01,-1.377904440399104313e+00,5.751885553470529544e+00,1.448842587839866969e+00,-1.157412160132986756e-03,5.032830576775576548e-01,1.000000000000000000e+00
1.000000000000000000e+00,5.740000000000000000e+02,5.740000000000000213e+00,1.198369835010685591e+01,-1.389574475498795314e+00,5.743771158702688950e+00,1.451196577788998798e+00,1.196577788998842706e-03,5.032830576775576548e-01,0.000000000000000000e+00
1.000000000000000000e+00,5.750000000000000000e+02,5.750000000000000000e+00,1.200000000000000000e+01,-1.377876556021671250e+00,5.751843248446211199e+00,1.448842498534252732e+00,-1.157501465747223790e-03,5.032830576775576548e-01,1.000000000000000000e+00
1.000000000000000000e+00,5.760000000000000000e+02,5.759999999999999787e+00,1.198369828449801666e+01,-1.389546968251511139e+00,5.743729330663103205e+00,1.451196496797541036e+00,1.196496797541080070e-03,5.032830576775576548e-01,0.000000000000000000e+00
1.000000000000000000e+00,5.770000000000000000e+02,5.770000000000000462e+00,1.200000000000000000e+01,-1.377849352931113769e+00,5.751801935592426140e+00,1.448842409624262917e+00,-1.157590375737038713e-03,5.032830576775576548e-01,1.000000000000000000e+00
1.000000000000000000e+00,5.780000000000000000e+02,5.780000000000000249e+00,1.198369821935939861e+01,-1.389520133851394279e+00,5.743688483102218356e+00,1.451196416150681845e+00,1.196416150681889334e-03,5.032830576775576548e-01,0.000000000000000000e+00
1.000000000000000000e+00,5.790000000000000000e+02,5.790000000000000036e+00,1.200000000000000000e+01,-1.377822814863169487e+00,5.751761591388175887e+00,1.448842321108358089e+00,-1.157678891641866770e-03,5.032830576775576548e-01,1.000000000000000000e+00
1.000000000000000000e+00,5.800000000000000000e+02,5.799999999999999822e+00,1.198369815491273371e+01,-1.389493956444298739e+00,5.743648592614869486e+00,1.451196335846710594e+00,1.196335846710638862e-03,5.032825518198537074e-01,8.000000000000000000e+00
1.000000000000000000e+00,5.810000000000000000e+02,5.810000000000000497e+00,1.200000000000000000e+01,-1.377796926363681784e+00,5.751722192544679757e+00,1.448842232984857592e+00,-1.157767015142363576e-03,5.032825518198537074e-01,1.000000000000000000e+00
1.000000000000000000e+00,5.820000000000000000e+02,5.820000000000000284e+00,1.198369809108582729e+01,-1.389468420076021227e+00,5.743609636699877896e+00,1.451196255846922689e+00,1.196255846922733568e-03,5.032825518198537074e-01,0.000000000000000000e+00
1.000000000000000000e+00,5.830000000000000000e+02,5.830000000000000071e+00,1.200000000000000000e+01,-1.377771671359306893e+00,5.751683717077021640e+00,1.448842145268795401e+00,-1.157854731204555065e-03,5.032825518198537074e-01,1.000000000000000000e+00
1.000000000000000000e+00,5.840000000000000000e+02,5.839999999999999858e+00,1.198369802759474290e+01,-1.389443509423906375e+00,5.743571593231751038e+00,1.451196176199277987e+00,1.196176199278031760e-03,5.032825518198537074e-01,0.000000000000000000e+00
1.000000000000000000e+00,5.850000000000000000e+02,5.850000000000000533e+00,1.200000000000000000e+01,-1.377747034765783418e+00,5.751646143067944195e+00,1.448842057936247985e+00,-1.157942063751971062e-03,5.032825518198537074e-01,1.000000000000000000e+00
1.000000000000000000e+00,5.860000000000000000e+02,5.860000000000000320e+00,1.198369796447776814e+01,-1.389419209557494428e+00,5.743534440574396882e+00,1.451196096898135446e+00,1.196096898135490250e-03,5.032825518198537074e-01,0.000000000000000000e+00
1.000000000000000000e+00,5.870000000000000000e+02,5.870000000000000107e+00,1.200000000000000000e+01,-1.377723001841669292e+00,5.751609449131757756e+00,1.448841970987300165e+00,-1.158029012699790528e-03,5.032825518198537074e-01,1.000000000000000000e+00
1.000000000000000000e+00,5.880000000000000000e+02,5.879999999999999893e+00,1.198369790175903127e+01,-1.389395505894669647e+00,5.743498157610248178e+00,1.451196017939262006e+00,1.196017939262050689e-03,5.032825518198537074e-01,0.000000000000000000e+00
1.000000000000000000e+00,5.890000000000000000e+02,5.889999999999999680e+00,1.200000000000000000e+01,-1.377699558185781381e+00,5.751573614397837098e+00,1.448841884421480986e+00,-1.158115578518970068e-03,5.032825518198537074e-01,1.000000000000000000e+00
1.000000000000000000e+00,5.900000000000000000e+02,5.900000000000000355e+00,1.198369783945289235e+01,-1.389372384196138066e+00,5.743462723726029395e+00,1.451195939319397610e+00,1.195939319397654188e-03,5.032825518198537074e-01,0.000000000000000000e+00
1.000000000000000000e+00,5.910000000000000000e+02,5.910000000000000142e+00,1.200000000000000000e+01,-1.377676689732468818e+00,5.751538618496051747e+00,1.448841798237867629e+00,-1.158201762132327062e-03,5.032825518198537074e-01,1.000000000000000000e+00
1.000000000000000000e+00,5.920000000000000000e+02,5.919999999999999929e+00,1.198369777756764165e+01,-1.389349830558264109e+00,5.743428118800099291e+00,1.451195861035892598e+00,1.195861035892642477e-03,5.032825518198537074e-01,0.000000000000000000e+00
1.000000000000000000e+00,5.930000000000000000e+02,5.929999999999999716e+00,1.200000000000000000e+01,-1.377654382746450246e+00,5.751504441542934387e+00,1.448841712435358531e+00,-1.158287564641424794e-03,5.032825518198537074e-01,1.000000000000000000e+00
1.000000000000000000e+00,5.940000000000000000e+02,5.940000000000000391e+00,1.198369771610724577e+01,-1.389327831406776070e+00,5.743394323189596307e+00,1.451195783086534963e+00,1.195783086535007200e-03,5.032825518198537074e-01,0.000000000000000000e+00
1.000000000000000000e+00,5.950000000000000000e+02,5.950000000000000178e+00,1.200000000000000000e+01,-1.377632623815503443e+00,5.751471064129733968e+00,1.448841627012518174e+00,-1.158372987481781635e-03,5.032825518198537074e-01,1.000000000000000000e+00
1.000000000000000000e+00,5.960000000000000000e+02,5.959999999999999964e+00,1.198369765507296236e+01,-1.389306373488446766e+00,5.743361317719410941e+00,1.451195705469391140e+00,1.195705469391183939e-03,5.032825518198537074e-01,0.000000000000000000e+00
1.000000000000000000e+00,5.970000000000000000e+02,5.969999999999999751e+00,1.200000000000000000e+01,-1.377611399844560713e+00,5.751438467309915481e+00,1.448841541967907043e+00,-1.158458032092912759e-03,5.032825518198537074e-01,1.000000000000000000e+00
1.000000000000000000e+00,5.980000000000000000e+02,5.980000000000000426e+00,1.198369759446435268e+01,-1.389285443864575864e+00,5.743329083670297486e+00,1.451195628182706532e+00,1.195628182706576226e-03,5.032825518198537074e-01,0.000000000000000000e+00
1.000000000000000000e+00,5.990000000000000000e+02,5.990000000000000213e+00,1.200000000000000000e+01,-1.377590698048502205e+00,5.751406632587944934e+00,1.448841457299972602e+00,-1.158542700027354044e-03,5.032825518198537074e-01,1.000000000000000000e+00
