i,t,alpha,delta1,delta2,CL,viol,SPL,flags
0.000000000000000000e+00,0.000000000000000000e+00,9.099999999999999645e+00,8.385243417172306479e+00,-5.391066176167292667e+00,1.252905443207108727e+00,4.709455679289131780e-02,8.208660985824525369e+01,2.000000000000000000e+00
1.000000000000000000e+00,1.000000000000000021e-02,9.199999999999999289e+00,8.212626354456350697e+00,-5.068469639787001491e+00,1.259581740481177325e+00,4.041825951882271895e-02,8.210903115296122223e+01,2.000000000000000000e+00
2.000000000000000000e+00,2.000000000000000042e-02,9.299999999999998934e+00,8.052667125313595520e+00,-4.746854572936381800e+00,1.268924518439431326e+00,3.107548156056871846e-02,8.213856259417843830e+01,2.000000000000000000e+00
3.000000000000000000e+00,2.999999999999999889e-02,9.399999999999998579e+00,7.874002447235308288e+00,-4.448063470779609396e+00,1.280397008773613177e+00,1.960299122638686775e-02,8.216958380775649573e+01,2.000000000000000000e+00
4.000000000000000000e+00,4.000000000000000083e-02,9.499999999999998224e+00,7.678432271194507663e+00,-4.170613618696716429e+00,1.292808641751473697e+00,7.191358248526347197e-03,8.219811915278302195e+01,2.000000000000000000e+00
5.000000000000000000e+00,5.000000000000000278e-02,9.599999999999997868e+00,7.447288989547545590e+00,-3.927455782117602379e+00,1.305349315509635399e+00,5.349315509635355070e-03,8.221897730494056589e+01,2.000000000000000000e+00
6.000000000000000000e+00,5.999999999999999778e-02,9.614248024680556171e+00,7.160295975227926490e+00,-3.732693291162675564e+00,1.316969482462755359e+00,1.696948246275531424e-02,8.221824705614652373e+01,0.000000000000000000e+00
7.000000000000000000e+00,7.000000000000000666e-02,9.631125826167400206e+00,6.881646527828651827e+00,-3.540820428498386185e+00,1.324318882654616170e+00,2.431888265461612519e-02,8.220279299436013787e+01,0.000000000000000000e+00
8.000000000000000000e+00,8.000000000000000167e-02,9.610758774363871382e+00,6.583618593113642170e+00,-3.371163103208264289e+00,1.328739961702196215e+00,2.873996170219617063e-02,8.217083986468767876e+01,0.000000000000000000e+00
9.000000000000000000e+00,8.999999999999999667e-02,9.576849040828955495e+00,6.282483907814110147e+00,-3.212048178395018549e+00,1.329509415294295005e+00,2.950941529429496057e-02,8.212520607786697724e+01,0.000000000000000000e+00
1.000000000000000000e+01,1.000000000000000056e-01,9.521062884027628570e+00,5.972381493854158840e+00,-3.067401467452163910e+00,1.327064927113152271e+00,2.706492711315222621e-02,8.206648419812617590e+01,0.000000000000000000e+00
1.100000000000000000e+01,1.100000000000000006e-01,9.463406494189751328e+00,5.667083294869900811e+00,-2.927366922819143902e+00,1.321342521088392230e+00,2.134252108839218565e-02,8.199823985054277387e+01,0.000000000000000000e+00
1.200000000000000000e+01,1.199999999999999956e-01,9.423196718008354011e+00,5.379855561170479916e+00,-2.782488294738957535e+00,1.313125012117456913e+00,1.312501211745686902e-02,8.192620590979679207e+01,0.000000000000000000e+00
1.300000000000000000e+01,1.300000000000000044e-01,9.397438123989875436e+00,5.108500808901834667e+00,-2.634162166059383914e+00,1.303821467958546698e+00,3.821467958546653776e-03,8.185511162328211299e+01,0.000000000000000000e+00
1.400000000000000000e+01,1.400000000000000133e-01,9.462202667030759073e+00,4.905109083293884176e+00,-2.445689268641867198e+00,1.294354224617840554e+00,5.645775382159490263e-03,8.180038102077213580e+01,0.000000000000000000e+00
1.500000000000000000e+01,1.499999999999999944e-01,9.562202667030758718e+00,4.732817157902217353e+00,-2.242708387612059706e+00,1.288783600042454180e+00,1.121639995754586394e-02,8.176367190415014363e+01,2.000000000000000000e+00
1.600000000000000000e+01,1.600000000000000033e-01,9.662202667030758363e+00,4.564432549682544860e+00,-2.044126830111649085e+00,1.287714588442500308e+00,1.228541155749973690e-02,8.173943409684784456e+01,2.000000000000000000e+00
1.700000000000000000e+01,1.700000000000000122e-01,9.761639110977444744e+00,4.400564299664781132e+00,-1.849360485735125348e+00,1.289929101983772641e+00,1.007089801622740310e-02,8.172342975852812685e+01,0.000000000000000000e+00
1.800000000000000000e+01,1.799999999999999933e-01,9.826646940215100656e+00,4.218414992831046817e+00,-1.674347408702498319e+00,1.294522618565584482e+00,5.477381434415562467e-03,8.170783284927615853e+01,0.000000000000000000e+00
1.900000000000000000e+01,1.900000000000000022e-01,9.848072058547218788e+00,4.011870997462966493e+00,-1.523290366432771936e+00,1.299332231897093237e+00,6.677681029068072149e-04,8.168619434868487872e+01,0.000000000000000000e+00
2.000000000000000000e+01,2.000000000000000111e-01,9.879815015872226880e+00,3.808879704665043775e+00,-1.365103995995329944e+00,1.302382235148069833e+00,2.382235148069788977e-03,8.166130739509314651e+01,0.000000000000000000e+00
2.100000000000000000e+01,2.099999999999999922e-01,9.879945437992986967e+00,3.589927481254089781e+00,-1.225133349836577290e+00,1.304537795179130599e+00,4.537795179130554857e-03,8.163040442791324836e+01,0.000000000000000000e+00
2.200000000000000000e+01,2.200000000000000011e-01,9.889106420935645403e+00,3.382143703858463191e+00,-1.084047722997162788e+00,1.304653699020408730e+00,4.653699020408685882e-03,8.159679403165819167e+01,0.000000000000000000e+00
2.300000000000000000e+01,2.300000000000000100e-01,9.925683081955780196e+00,3.197605267085659175e+00,-9.331743446798540509e-01,1.303689394359249132e+00,3.689394359249087429e-03,8.156482778731049166e+01,0.000000000000000000e+00
2.400000000000000000e+01,2.399999999999999911e-01,9.983434271540547300e+00,3.031949613472493699e+00,-7.754523309869465475e-01,1.303156409867671783e+00,3.156409867671738922e-03,8.153653524539591047e+01,0.000000000000000000e+00
2.500000000000000000e+01,2.500000000000000000e-01,9.947839307148740318e+00,2.809172977148389982e+00,-6.643083893531158690e-01,1.303878841779205100e+00,3.878841779205055573e-03,8.150063480985720332e+01,0.000000000000000000e+00
2.600000000000000000e+01,2.600000000000000089e-01,9.981888045690251232e+00,2.637108623362274251e+00,-5.235897647033600499e-01,1.301369475946868137e+00,1.369475946868092819e-03,8.146736887641559122e+01,0.000000000000000000e+00
2.700000000000000000e+01,2.700000000000000178e-01,1.003991998801809871e+01,2.485350826825636794e+00,-3.746128281070969512e-01,1.299599321529713913e+00,4.006784702861310166e-04,8.143857533701604723e+01,0.000000000000000000e+00
2.800000000000000000e+01,2.800000000000000266e-01,1.012690596464295290e+01,2.357005497216241974e+00,-2.150808869111118793e-01,1.299433801831250124e+00,5.661981687499206828e-04,8.141566199680396210e+01,0.000000000000000000e+00
2.900000000000000000e+01,2.899999999999999800e-01,1.013617297618429269e+01,2.181824760498996874e+00,-9.417847664875764191e-02,1.301721713238774614e+00,1.721713238774569277e-03,8.138928503283264604e+01,0.000000000000000000e+00
3.000000000000000000e+01,2.999999999999999889e-01,1.021494903538198251e+01,2.056455048941561170e+00,5.603796794445767282e-02,1.302329655649076434e+00,2.329655649076389778e-03,8.136691074619264441e+01,0.000000000000000000e+00
3.100000000000000000e+01,3.099999999999999978e-01,1.022650321828167641e+01,1.891075382881202804e+00,1.727572725608553517e-01,1.304807281501829230e+00,4.807281501829185899e-03,8.134149722091137846e+01,0.000000000000000000e+00
3.200000000000000000e+01,3.200000000000000067e-01,1.023562120106817197e+01,1.728100079765152008e+00,2.858313875805421622e-01,1.305650730946800175e+00,5.650730946800130994e-03,8.131447844609452602e+01,0.000000000000000000e+00
3.300000000000000000e+01,3.300000000000000155e-01,1.020880785967983861e+01,1.545518244837154054e+00,3.800351179036588478e-01,1.305198940859623846e+00,5.198940859623801813e-03,8.128406406846322341e+01,0.000000000000000000e+00
3.400000000000000000e+01,3.400000000000000244e-01,1.021186296189484644e+01,1.386295795102051365e+00,4.854633990891232265e-01,1.302206176492292755e+00,2.206176492292710734e-03,8.125394325993664779e+01,0.000000000000000000e+00
3.500000000000000000e+01,3.500000000000000333e-01,1.025756089243947677e+01,1.258669748597553539e+00,6.079043141612712198e-01,1.298693832939776360e+00,1.306167060223684118e-03,8.122735913147306519e+01,0.000000000000000000e+00
3.600000000000000000e+01,3.599999999999999867e-01,1.030299674381356922e+01,1.134497841654831696e+00,7.278808977226721710e-01,1.296708678845543972e+00,3.291321154456072762e-03,8.120332538679484458e+01,0.000000000000000000e+00
3.700000000000000000e+01,3.699999999999999956e-01,1.035467577559677466e+01,1.017948543021632402e+00,8.483914444078277661e-01,1.295827362575886266e+00,4.172637424113778692e-03,8.118150594103227036e+01,0.000000000000000000e+00
3.800000000000000000e+01,3.800000000000000044e-01,1.042498443825089716e+01,9.170386221669486471e-01,9.750798122633830278e-01,1.296033169227494453e+00,3.966830772505591796e-03,8.116224839833520832e+01,0.000000000000000000e+00
3.900000000000000000e+01,3.900000000000000133e-01,1.048825912464610788e+01,8.149183650442813898e-01,1.096389848222810048e+00,1.297867593217983506e+00,2.132406782016538216e-03,8.114409520124083031e+01,0.000000000000000000e+00
4.000000000000000000e+01,4.000000000000000222e-01,1.057185810784712920e+01,7.298047575160631073e-01,1.224464157328168934e+00,1.300576752985461271e+00,5.767529854612263307e-04,8.112738916953964008e+01,0.000000000000000000e+00
4.100000000000000000e+01,4.100000000000000311e-01,1.060370197992487817e+01,6.140435986110504007e-01,1.327114382129923165e+00,1.304838227499042880e+00,4.838227499042835333e-03,8.110907662605335133e+01,0.000000000000000000e+00
4.200000000000000000e+01,4.199999999999999845e-01,1.061353585066702898e+01,4.870020374033846022e-01,1.417822760229189738e+00,1.307930900813837782e+00,7.930900813837737928e-03,8.108912249664763294e+01,0.000000000000000000e+00
4.300000000000000000e+01,4.299999999999999933e-01,1.060038020112275170e+01,3.479487685613018577e-01,1.496213375106577148e+00,1.309216337120761464e+00,9.216337120761419754e-03,8.106748493032543479e+01,0.000000000000000000e+00
4.400000000000000000e+01,4.400000000000000022e-01,1.058539704203819376e+01,2.106734252573064514e-01,1.571867406468004269e+00,1.308189562476847811e+00,8.189562476847767059e-03,8.104503804626651231e+01,0.000000000000000000e+00
4.500000000000000000e+01,4.500000000000000111e-01,1.062466909940112636e+01,1.119072929358337770e-01,1.670019971787911617e+00,1.305422909908938056e+00,5.422909908938011725e-03,8.102378858234800418e+01,0.000000000000000000e+00
4.600000000000000000e+01,4.600000000000000200e-01,1.061032900239936083e+01,-1.920983102211805404e-02,1.742248790980880591e+00,1.303830654558187696e+00,3.830654558187651659e-03,8.100207411557923365e+01,0.000000000000000000e+00
4.700000000000000000e+01,4.700000000000000289e-01,1.064292850912037736e+01,-1.167007524560435827e-01,1.833749381087855124e+00,1.300724423712217526e+00,7.244237122174812527e-04,8.098136792091256098e+01,0.000000000000000000e+00
4.800000000000000000e+01,4.799999999999999822e-01,1.072375595458002273e+01,-1.797255974448931926e-01,1.945124047837408998e+00,1.298639269310913003e+00,1.360730689087041867e-03,8.096228716494989897e+01,0.000000000000000000e+00
4.900000000000000000e+01,4.899999999999999911e-01,1.073924712475711374e+01,-2.830867189628135661e-01,2.025456696896188458e+00,1.299479303621367432e+00,5.206963786326124222e-04,8.094292306989973440e+01,0.000000000000000000e+00
5.000000000000000000e+01,5.000000000000000000e-01,1.080377163538532947e+01,-3.515104158754363550e-01,2.126112828994230597e+00,1.299550448714651862e+00,4.495512853481820059e-04,8.092404256899455106e+01,0.000000000000000000e+00
5.100000000000000000e+01,5.100000000000000089e-01,1.081687662147273876e+01,-4.513116838179365153e-01,2.202041174269264268e+00,1.301285697329819246e+00,1.285697329819202039e-03,8.090483413845008442e+01,0.000000000000000000e+00
5.200000000000000000e+01,5.200000000000000178e-01,1.079777540224334942e+01,-5.699248877369857968e-01,2.261897408359121897e+00,1.301961611450884071e+00,1.961611450884026553e-03,8.088551038511724300e+01,0.000000000000000000e+00
5.300000000000000000e+01,5.300000000000000266e-01,1.078969030996662504e+01,-6.788442384419092201e-01,2.325132570812707300e+00,1.300464084713965240e+00,4.640847139651960163e-04,8.086648595243053705e+01,0.000000000000000000e+00
5.400000000000000000e+01,5.400000000000000355e-01,1.075757807623899076e+01,-8.013252493408866695e-01,2.376043672926532846e+00,1.297914359303705245e+00,2.085640696294799312e-03,8.084785621623606744e+01,0.000000000000000000e+00
5.500000000000000000e+01,5.500000000000000444e-01,1.080881303898796197e+01,-8.662604818748230739e-01,2.462878106676003931e+00,1.293555165273702734e+00,6.444834726297310468e-03,8.082974648117492222e+01,0.000000000000000000e+00
5.600000000000000000e+01,5.600000000000000533e-01,1.085684177345066104e+01,-9.310327168815261123e-01,2.546814700080158644e+00,1.291654230167863293e+00,8.345769832136751276e-03,8.081190410693818649e+01,0.000000000000000000e+00
5.700000000000000000e+01,5.700000000000000622e-01,1.093184005024154004e+01,-9.756390334835751688e-01,2.641454620990653090e+00,1.291431125670217339e+00,8.568874329782705246e-03,8.079388058410953022e+01,0.000000000000000000e+00
5.800000000000000000e+01,5.799999999999999600e-01,1.101452873035071534e+01,-1.012906946119880081e+00,2.738185524850701213e+00,1.293671452459468352e+00,6.328547540531692661e-03,8.077505524840042028e+01,0.000000000000000000e+00
5.900000000000000000e+01,5.899999999999999689e-01,1.108843468226072027e+01,-1.053848914417579552e+00,2.829628897831181877e+00,1.298072809174227293e+00,1.927190825772751026e-03,8.075505165591570744e+01,0.000000000000000000e+00
6.000000000000000000e+01,5.999999999999999778e-01,1.110344809711002689e+01,-1.131286911032987286e+00,2.892728342526587504e+00,1.303672258665426797e+00,3.672258665426753055e-03,8.073514463137081520e+01,0.000000000000000000e+00
6.100000000000000000e+01,6.099999999999999867e-01,1.108142247015829795e+01,-1.231500825852669623e+00,2.937810084002651756e+00,1.307540849412218265e+00,7.540849412218220138e-03,8.071670959158328174e+01,0.000000000000000000e+00
6.200000000000000000e+01,6.199999999999999956e-01,1.106269280142795886e+01,-1.327588217714055663e+00,2.983123448222694485e+00,1.308536078905817579e+00,8.536078905817534590e-03,8.069975742484814418e+01,0.000000000000000000e+00
6.300000000000000000e+01,6.300000000000000044e-01,1.100419113197601284e+01,-1.448436413626045471e+00,3.009228768180912450e+00,1.307628430103424666e+00,7.628430103424621578e-03,8.068538801894646895e+01,0.000000000000000000e+00
6.400000000000000000e+01,6.400000000000000133e-01,1.095314254700375400e+01,-1.562464393095061910e+00,3.037512219670200686e+00,1.303585212615042233e+00,3.585212615042188133e-03,8.067276100087183011e+01,0.000000000000000000e+00
6.500000000000000000e+01,6.500000000000000222e-01,1.099108887698325354e+01,-1.615021737755578890e+00,3.104846323436877054e+00,1.297615852313406037e+00,2.384147686594006998e-03,8.065886415067424764e+01,0.000000000000000000e+00
6.600000000000000000e+01,6.600000000000000311e-01,1.097548289602281102e+01,-1.701750876936980683e+00,3.146816685833026650e+00,1.294272130160843304e+00,5.727869839156740639e-03,8.064566902359401013e+01,0.000000000000000000e+00
6.700000000000000000e+01,6.700000000000000400e-01,1.098349712161542513e+01,-1.770891418607270396e+00,3.198353679957793627e+00,1.290447399110388416e+00,9.552600889611628787e-03,8.063249365222708320e+01,0.000000000000000000e+00
6.800000000000000000e+01,6.800000000000000488e-01,1.103052521276852360e+01,-1.812097745095503143e+00,3.266466610841147311e+00,1.287360249477073060e+00,1.263975052292698464e-02,8.061826161363134702e+01,0.000000000000000000e+00
6.900000000000000000e+01,6.900000000000000577e-01,1.110787736561981731e+01,-1.831197400803821873e+00,3.347282022645171384e+00,1.286595531793168323e+00,1.340446820683172113e-02,8.060218278324597918e+01,0.000000000000000000e+00
7.000000000000000000e+01,7.000000000000000666e-01,1.120075254262041220e+01,-1.838146984899960534e+00,3.434154611232248744e+00,1.288908202310395712e+00,1.109179768960433243e-02,8.058365331872509785e+01,0.000000000000000000e+00
7.100000000000000000e+01,7.099999999999999645e-01,1.125444203863776060e+01,-1.869907711412549300e+00,3.502238748794970213e+00,1.294164866746069675e+00,5.835133253930369079e-03,8.056418622227781157e+01,0.000000000000000000e+00
7.200000000000000000e+01,7.199999999999999734e-01,1.132172061033293708e+01,-1.890891966542971314e+00,3.575551678208751305e+00,1.299787373402915946e+00,2.126265970840979236e-04,8.054306115649822573e+01,0.000000000000000000e+00
7.300000000000000000e+01,7.299999999999999822e-01,1.130943875687412259e+01,-1.964218100169874637e+00,3.611590700791161179e+00,1.306292700909726046e+00,6.292700909726001157e-03,8.052466975651213943e+01,0.000000000000000000e+00
7.400000000000000000e+01,7.399999999999999911e-01,1.128583839462951310e+01,-2.043753223136529407e+00,3.641500868644435229e+00,1.309860316686078496e+00,9.860316686078451909e-03,8.050945982327483819e+01,0.000000000000000000e+00
7.500000000000000000e+01,7.500000000000000000e-01,1.123846660722850466e+01,-2.137988399277626961e+00,3.659608389736725531e+00,1.310801434517182562e+00,1.080143451718251768e-02,8.049828853842412002e+01,0.000000000000000000e+00
7.600000000000000000e+01,7.600000000000000089e-01,1.119114572826046938e+01,-2.230793847845939482e+00,3.676833993603664474e+00,1.308771088816485184e+00,8.771088816485139716e-03,8.049018443949864832e+01,0.000000000000000000e+00
7.700000000000000000e+01,7.700000000000000178e-01,1.114060439863978047e+01,-2.324422677665180181e+00,3.691702074805130795e+00,1.304580694417294850e+00,4.580694417294806087e-03,8.048442399417288584e+01,0.000000000000000000e+00
7.800000000000000000e+01,7.800000000000000266e-01,1.115170725177908295e+01,-2.374841073169855488e+00,3.733891305411846329e+00,1.298663602526870520e+00,1.336397473129524727e-03,8.047699916997301273e+01,0.000000000000000000e+00
7.900000000000000000e+01,7.900000000000000355e-01,1.113014881623996821e+01,-2.446151016583290705e+00,3.760285296749244388e+00,1.294273273979854366e+00,5.726726020145678220e-03,8.047020512287880933e+01,0.000000000000000000e+00
8.000000000000000000e+01,8.000000000000000444e-01,1.117938654330849602e+01,-2.467896892840057532e+00,3.818175507918626366e+00,1.289501538138767556e+00,1.049846186123248870e-02,8.046032153984320701e+01,0.000000000000000000e+00
8.100000000000000000e+01,8.100000000000000533e-01,1.124288061945284234e+01,-2.478654904885788657e+00,3.881819387299026758e+00,1.287665632774522839e+00,1.233436722547720521e-02,8.044744816728641013e+01,0.000000000000000000e+00
8.200000000000000000e+01,8.200000000000000622e-01,1.129330455176721593e+01,-2.497059241917556349e+00,3.938712407167732632e+00,1.288601324941887061e+00,1.139867505811298365e-02,8.043286720047194649e+01,0.000000000000000000e+00
8.300000000000000000e+01,8.300000000000000711e-01,1.139131006576721816e+01,-2.481754582562408107e+00,4.016749543778734832e+00,1.290936482423429732e+00,9.063517576570312428e-03,8.041384260460120004e+01,0.000000000000000000e+00
8.400000000000000000e+01,8.399999999999999689e-01,1.148518625811291827e+01,-2.468009679616954610e+00,4.092226350369009502e+00,1.296429672290510204e+00,3.570327709489840018e-03,8.039083106620066133e+01,0.000000000000000000e+00
8.500000000000000000e+01,8.499999999999999778e-01,1.147989669516399225e+01,-2.520942979421315844e+00,4.121230246528408969e+00,1.303989836970531169e+00,3.989836970531124294e-03,8.037137943385170047e+01,0.000000000000000000e+00
8.600000000000000000e+01,8.599999999999999867e-01,1.147848548513482392e+01,-2.570105226343371907e+00,4.151308435834137889e+00,1.308526567286162789e+00,8.526567286162745063e-03,8.035477279567919595e+01,0.000000000000000000e+00
8.700000000000000000e+01,8.699999999999999956e-01,1.141796079815446774e+01,-2.658711041246411444e+00,4.153328793299412069e+00,1.311036989071821202e+00,1.103698907182115718e-02,8.034524981595141924e+01,0.000000000000000000e+00
8.800000000000000000e+01,8.800000000000000044e-01,1.137542882180638770e+01,-2.733909385631927424e+00,4.163004328706257695e+00,1.309389424923693701e+00,9.389424923693656666e-03,8.033969243184209574e+01,0.000000000000000000e+00
8.900000000000000000e+01,8.900000000000000133e-01,1.134356335239752234e+01,-2.800753177114690295e+00,4.176948970816196649e+00,1.305516416428311732e+00,5.516416428311687881e-03,8.033616926833374805e+01,0.000000000000000000e+00
9.000000000000000000e+01,9.000000000000000222e-01,1.127507351684682924e+01,-2.891706088890108273e+00,4.173298756808168086e+00,1.300483378352299102e+00,4.833783522990575676e-04,8.033678332689314061e+01,0.000000000000000000e+00
9.100000000000000000e+01,9.100000000000000311e-01,1.126960205664351555e+01,-2.938429378211753207e+00,4.198167094193419935e+00,1.292913305502147558e+00,7.086694497852485952e-03,8.033557181865330676e+01,0.000000000000000000e+00
9.200000000000000000e+01,9.200000000000000400e-01,1.130278875970101637e+01,-2.957655852451954281e+00,4.240289391252205498e+00,1.286337360167487898e+00,1.366263983251214675e-02,8.033047129649094131e+01,0.000000000000000000e+00
9.300000000000000000e+01,9.300000000000000488e-01,1.137238240514902010e+01,-2.950914140647976858e+00,4.298673473335595574e+00,1.282227978016632131e+00,1.777202198336791383e-02,8.032009410987748765e+01,0.000000000000000000e+00
9.400000000000000000e+01,9.400000000000000577e-01,1.147217294986921132e+01,-2.922429503048255217e+00,4.370520406040029116e+00,1.281554847784202922e+00,1.844515221579712261e-02,8.030334594200519405e+01,0.000000000000000000e+00
9.500000000000000000e+01,9.500000000000000666e-01,1.154746759493176889e+01,-2.909809165010038612e+00,4.430493162493612580e+00,1.284729092066031919e+00,1.527090793396812529e-02,8.028304325270342190e+01,0.000000000000000000e+00
9.600000000000000000e+01,9.599999999999999645e-01,1.163888828282434140e+01,-2.879175327068149937e+00,4.501491773385122741e+00,1.289540580341988152e+00,1.045941965801189255e-02,8.025868285898795307e+01,2.000000000000000000e+00
9.700000000000000000e+01,9.699999999999999734e-01,1.169788041045653770e+01,-2.876060479175106099e+00,4.552773325706930052e+00,1.296397501001347319e+00,3.602498998652725604e-03,8.023274958175134941e+01,0.000000000000000000e+00
9.800000000000000000e+01,9.799999999999999822e-01,1.170594409864043506e+01,-2.907260060289977854e+00,4.579725271263612285e+00,1.303064833341435191e+00,3.064833341435146963e-03,8.021053942087347366e+01,0.000000000000000000e+00
9.900000000000000000e+01,9.899999999999999911e-01,1.170215370544948286e+01,-2.945824022159805100e+00,4.600599291635539601e+00,1.307271509986809521e+00,7.271509986809476800e-03,8.019261186492971660e+01,0.000000000000000000e+00
1.000000000000000000e+02,1.000000000000000000e+00,1.166932768869022752e+01,-3.002783650608232158e+00,4.606793447060819169e+00,1.309153894597024248e+00,9.153894597024203605e-03,8.018136284333273522e+01,0.000000000000000000e+00
1.010000000000000000e+02,1.010000000000000009e+00,1.162363844826549375e+01,-3.067888277537043962e+00,4.606486445916895711e+00,1.308045463493725080e+00,8.045463493725035775e-03,8.017664540404312845e+01,0.000000000000000000e+00
1.020000000000000000e+02,1.020000000000000018e+00,1.158584209644205210e+01,-3.126784334933305320e+00,4.609419050969105314e+00,1.304179802099794117e+00,4.179802099794072134e-03,8.017585825433994273e+01,0.000000000000000000e+00
1.030000000000000000e+02,1.030000000000000027e+00,1.162776995246404432e+01,-3.129787637007126921e+00,4.649224916118893880e+00,1.298657790172882409e+00,1.342209827117635257e-03,8.016939158451448577e+01,0.000000000000000000e+00
1.040000000000000000e+02,1.040000000000000036e+00,1.167057651553519726e+01,-3.131452452560433031e+00,4.689017063183745115e+00,1.295527505570265525e+00,4.472494429734519272e-03,8.015868950569837637e+01,0.000000000000000000e+00
1.050000000000000000e+02,1.050000000000000044e+00,1.170456655369726917e+01,-3.138513113625671647e+00,4.724256321691162164e+00,1.294169694646636115e+00,5.830305353363929299e-03,8.014574664024297590e+01,0.000000000000000000e+00
1.060000000000000000e+02,1.060000000000000053e+00,1.176425007820287050e+01,-3.105646787295736289e+00,4.785663622928338690e+00,1.293696167364727589e+00,6.303832635272454965e-03,8.013053263525337400e+01,0.000000000000000000e+00
1.070000000000000000e+02,1.070000000000000062e+00,1.181187632503057294e+01,-3.074104364655791954e+00,4.845344872941543812e+00,1.295595906819628551e+00,4.404093180371493332e-03,8.011543062424046013e+01,0.000000000000000000e+00
1.080000000000000000e+02,1.080000000000000071e+00,1.184988110785267956e+01,-3.040735189574570452e+00,4.905456524514988814e+00,1.298837011752994153e+00,1.162988247005891651e-03,8.010222897621812876e+01,0.000000000000000000e+00
1.090000000000000000e+02,1.090000000000000080e+00,1.185760878633292315e+01,-3.065251085633348804e+00,4.925448795142854941e+00,1.302824694557896956e+00,2.824694557896911817e-03,8.008982658554151612e+01,0.000000000000000000e+00
1.100000000000000000e+02,1.100000000000000089e+00,1.186097142094888390e+01,-3.092137120528725802e+00,4.943018875622524178e+00,1.305002196190911512e+00,5.002196190911467610e-03,8.007872136821744391e+01,0.000000000000000000e+00
1.110000000000000000e+02,1.110000000000000098e+00,1.185298071318636204e+01,-3.126269364474471235e+00,4.954870405092836272e+00,1.305692371718281342e+00,5.692371718281297177e-03,8.007018821299539013e+01,0.000000000000000000e+00
1.120000000000000000e+02,1.120000000000000107e+00,1.185958512506894280e+01,-3.149620658400727802e+00,4.973272644692182887e+00,1.304818069366372013e+00,4.818069366371968698e-03,8.006168241474978231e+01,0.000000000000000000e+00
1.130000000000000000e+02,1.130000000000000115e+00,1.183293408758854959e+01,-3.195489523615632432e+00,4.975610906785705723e+00,1.303484455840341560e+00,3.484455840341516009e-03,8.005773449319363522e+01,0.000000000000000000e+00
1.140000000000000000e+02,1.140000000000000124e+00,1.186668477696460045e+01,-3.196449002189629685e+00,5.007728601448024897e+00,1.300356102728529972e+00,3.561027285299278589e-04,8.004924435112700110e+01,0.000000000000000000e+00
1.150000000000000000e+02,1.150000000000000133e+00,1.189361714525458069e+01,-3.194436467153773940e+00,5.041147290311013940e+00,1.298712571473981114e+00,1.287428526018929986e-03,8.003914703806236730e+01,0.000000000000000000e+00
1.160000000000000000e+02,1.159999999999999920e+00,1.191510863106173623e+01,-3.169175480668420697e+00,5.089676450020326648e+00,1.298058596956551680e+00,1.941403043448364230e-03,8.003165504071681369e+01,0.000000000000000000e+00
1.170000000000000000e+02,1.169999999999999929e+00,1.193225840256441650e+01,-3.179734468685878390e+00,5.113156266410649131e+00,1.298611764778273336e+00,1.388235221726707991e-03,8.002274392911482437e+01,0.000000000000000000e+00
1.180000000000000000e+02,1.179999999999999938e+00,1.194210852140889223e+01,-3.198411399862962412e+00,5.130432002340705289e+00,1.298993253295394945e+00,1.006746704605099296e-03,8.001343876454028248e+01,0.000000000000000000e+00
1.190000000000000000e+02,1.189999999999999947e+00,1.195380376960911661e+01,-3.190504668494655860e+00,5.165146030229438523e+00,1.298867136738806716e+00,1.132863261193328697e-03,8.000648789223532731e+01,0.000000000000000000e+00
1.200000000000000000e+02,1.199999999999999956e+00,1.196313634140525473e+01,-3.204314097793548921e+00,5.183875913270417080e+00,1.299150525293498948e+00,8.494747065010965770e-04,7.999917156469001611e+01,0.000000000000000000e+00
1.210000000000000000e+02,1.209999999999999964e+00,1.197058354516176948e+01,-3.183181661333409185e+00,5.225805702873497438e+00,1.299114431779923029e+00,8.855682200770154111e-04,7.999607906405208269e+01,1.000000000000000000e+00
1.220000000000000000e+02,1.219999999999999973e+00,1.197652626331090708e+01,-3.150563413756730213e+00,5.274990714754148158e+00,1.299751825603168376e+00,2.481743968316685311e-04,7.999771980856388609e+01,1.000000000000000000e+00
1.230000000000000000e+02,1.229999999999999982e+00,1.198126843233900729e+01,-3.167245450033409515e+00,5.289977738151384834e+00,1.301171881935609065e+00,1.171881935609020431e-03,7.999726821927390574e+01,0.000000000000000000e+00
1.240000000000000000e+02,1.239999999999999991e+00,1.198300892906723725e+01,-3.190612938829160417e+00,5.299829340800441102e+00,1.301859145480349200e+00,1.859145480349155832e-03,7.999518959878676583e+01,0.000000000000000000e+00
1.250000000000000000e+02,1.250000000000000000e+00,1.196229101102021630e+01,-3.229101429033716997e+00,5.298799858146066022e+00,1.301797958534195887e+00,1.797958534195842617e-03,7.999541420295369676e+01,0.000000000000000000e+00
1.260000000000000000e+02,1.260000000000000009e+00,1.190821304843218087e+01,-3.290324735814456059e+00,5.281710299283568055e+00,1.300252538360032961e+00,2.525383600329167422e-04,8.000239993993184839e+01,0.000000000000000000e+00
1.270000000000000000e+02,1.270000000000000018e+00,1.190579632057111326e+01,-3.315021409862517920e+00,5.289010902194215547e+00,1.296204408316835810e+00,3.795591683164234453e-03,8.000639699540271010e+01,0.000000000000000000e+00
1.280000000000000000e+02,1.280000000000000027e+00,1.192482736692038259e+01,-3.287139416518640278e+00,5.331647097552989933e+00,1.292677236806234475e+00,7.322763193765569056e-03,8.000944261199714447e+01,0.000000000000000000e+00
1.290000000000000000e+02,1.290000000000000036e+00,1.194001375744151794e+01,-3.268473446851394293e+00,5.367503589098309824e+00,1.291514430939309843e+00,8.485569060690201226e-03,8.001159457519285922e+01,0.000000000000000000e+00
1.300000000000000000e+02,1.300000000000000044e+00,1.195213219028161511e+01,-3.217924586829715494e+00,5.424645194205624854e+00,1.291763167401536405e+00,8.236832598463639243e-03,8.001750935477468829e+01,3.000000000000000000e+00
1.310000000000000000e+02,1.310000000000000053e+00,1.196180245487118832e+01,-3.170497741572889883e+00,5.479211237092970421e+00,1.293836088037074727e+00,6.163911962925316956e-03,8.002631558401476752e+01,3.000000000000000000e+00
1.320000000000000000e+02,1.320000000000000062e+00,1.196951913065478657e+01,-3.129128983456906710e+00,5.529196943319576008e+00,1.297119832887656976e+00,2.880167112343068325e-03,8.003692701709917401e+01,1.000000000000000000e+00
1.330000000000000000e+02,1.330000000000000071e+00,1.197567688203765712e+01,-3.142820873766486223e+00,5.541046395247398948e+00,1.301104226435976674e+00,1.104226435976629617e-03,8.004273728245388497e+01,0.000000000000000000e+00
1.340000000000000000e+02,1.340000000000000080e+00,1.198059064324217005e+01,-3.140868198272183776e+00,5.563148614352401822e+00,1.304143107378798350e+00,4.143107378798305263e-03,8.004715933843243647e+01,1.000000000000000000e+00
1.350000000000000000e+02,1.350000000000000089e+00,1.198451172541546939e+01,-3.158918514444302605e+00,5.571103002528267290e+00,1.306914207541299389e+00,6.914207541299344228e-03,8.004844049058726796e+01,0.000000000000000000e+00
1.360000000000000000e+02,1.360000000000000098e+00,1.196134541312394006e+01,-3.199737125088939482e+00,5.563020207691669050e+00,1.308977004304461289e+00,8.977004304461244644e-03,8.005111130275024323e+01,0.000000000000000000e+00
1.370000000000000000e+02,1.370000000000000107e+00,1.193252369406362057e+01,-3.243953720956533449e+00,5.552182511782039143e+00,1.309268583621106430e+00,9.268583621106385451e-03,8.005567254030918889e+01,0.000000000000000000e+00
1.380000000000000000e+02,1.380000000000000115e+00,1.187153941350123354e+01,-3.310012181940326315e+00,5.525976533418088366e+00,1.308073192300961418e+00,8.073192300961373746e-03,8.006636662906021229e+01,0.000000000000000000e+00
1.390000000000000000e+02,1.390000000000000124e+00,1.186179103763585552e+01,-3.339924202484900739e+00,5.524104170078812714e+00,1.304422510963347381e+00,4.422510963347336954e-03,8.007371508551932493e+01,0.000000000000000000e+00
1.400000000000000000e+02,1.400000000000000133e+00,1.188148265699240547e+01,-3.348907887052594567e+00,5.536178035604499392e+00,1.301282506824275265e+00,1.282506824275220225e-03,8.007444927639909338e+01,0.000000000000000000e+00
1.410000000000000000e+02,1.409999999999999920e+00,1.190479711694296405e+01,-3.354870505561587724e+00,5.549922572683180455e+00,1.299853062231005829e+00,1.469377689942152898e-04,8.006998733264425994e+01,0.000000000000000000e+00
1.420000000000000000e+02,1.419999999999999929e+00,1.192403002261105271e+01,-3.350672513501763650e+00,5.570231436165484773e+00,1.299864252084865113e+00,1.357479151349316737e-04,8.006384076628654611e+01,0.000000000000000000e+00
1.430000000000000000e+02,1.429999999999999938e+00,1.188641047609364598e+01,-3.398372205557216752e+00,5.554651779689420366e+00,1.301104625090724776e+00,1.104625090724731251e-03,8.006329396657673669e+01,0.000000000000000000e+00
1.440000000000000000e+02,1.439999999999999947e+00,1.185436110202353532e+01,-3.441721803289209625e+00,5.541683950261725222e+00,1.300410719798990034e+00,4.107197989899891155e-04,8.006597854569974970e+01,0.000000000000000000e+00
1.450000000000000000e+02,1.449999999999999956e+00,1.187012798061589969e+01,-3.451319858684282593e+00,5.551437913952444347e+00,1.298584442418233786e+00,1.415557581766258011e-03,8.006413497318256134e+01,0.000000000000000000e+00
1.460000000000000000e+02,1.459999999999999964e+00,1.189636475220864753e+01,-3.430371644188109581e+00,5.581725724184765092e+00,1.298081893617640148e+00,1.918106382359896500e-03,8.006022920677266086e+01,0.000000000000000000e+00
1.470000000000000000e+02,1.469999999999999973e+00,1.188280260450017423e+01,-3.460007792630709567e+00,5.577071459732231951e+00,1.299632624780265866e+00,3.673752197341784154e-04,8.005785268176617819e+01,0.000000000000000000e+00
1.480000000000000000e+02,1.479999999999999982e+00,1.190647884601528972e+01,-3.448053294706037164e+00,5.600526865876967797e+00,1.300303541926683071e+00,3.035419266830263751e-04,8.005303866593092721e+01,0.000000000000000000e+00
1.490000000000000000e+02,1.489999999999999991e+00,1.192537200843644385e+01,-3.426977048025893868e+00,5.629897296435114384e+00,1.302410529784459037e+00,2.410529784458992353e-03,8.004854041069069126e+01,0.000000000000000000e+00
1.500000000000000000e+02,1.500000000000000000e+00,1.189476191180638054e+01,-3.468133188247036092e+00,5.616355644033109051e+00,1.305675900604523543e+00,5.675900604523498316e-03,8.004821217180887061e+01,0.000000000000000000e+00
1.510000000000000000e+02,1.510000000000000009e+00,1.185906715943477607e+01,-3.512399894298981806e+00,5.600372301052368051e+00,1.306842160832879296e+00,6.842160832879251586e-03,8.005166441550028367e+01,0.000000000000000000e+00
1.520000000000000000e+02,1.520000000000000018e+00,1.180482433048598878e+01,-3.569165229710569154e+00,5.575534650581468910e+00,1.306264482386058301e+00,6.264482386058256580e-03,8.006040319623355117e+01,0.000000000000000000e+00
1.530000000000000000e+02,1.530000000000000027e+00,1.175680020228231371e+01,-3.621170071549936864e+00,5.553660600342647413e+00,1.303592390114371335e+00,3.592390114371291077e-03,8.007182875695137625e+01,0.000000000000000000e+00
1.540000000000000000e+02,1.540000000000000036e+00,1.170521365784381018e+01,-3.675239493876913954e+00,5.530088133235464554e+00,1.299666732539921599e+00,3.332674600784457652e-04,8.008539786603654420e+01,0.000000000000000000e+00
1.550000000000000000e+02,1.550000000000000044e+00,1.172981596741708543e+01,-3.675867258055141917e+00,5.542744956248013111e+00,1.294656872273637127e+00,5.343127726362917329e-03,8.009035033145094928e+01,0.000000000000000000e+00
1.560000000000000000e+02,1.560000000000000053e+00,1.177883606645408676e+01,-3.659095811195205439e+00,5.567005568562601425e+00,1.292268099263821357e+00,7.731900736178687339e-03,8.008619183168627842e+01,0.000000000000000000e+00
1.570000000000000000e+02,1.570000000000000062e+00,1.181398328853361868e+01,-3.651589464671627816e+00,5.584661306484338006e+00,1.292878328280607114e+00,7.121671719392930200e-03,8.007729654363545535e+01,0.000000000000000000e+00
1.580000000000000000e+02,1.580000000000000071e+00,1.185156242216319100e+01,-3.624758208820429317e+00,5.615256575418142049e+00,1.295030763485188752e+00,4.969236514811292693e-03,8.006655290930476099e+01,0.000000000000000000e+00
1.590000000000000000e+02,1.590000000000000080e+00,1.188154981162517210e+01,-3.601149432391309357e+00,5.643393115085935108e+00,1.298857433339375866e+00,1.142566660624177999e-03,8.005555988656753641e+01,0.000000000000000000e+00
1.600000000000000000e+02,1.600000000000000089e+00,1.188747081537029793e+01,-3.613663493208277622e+00,5.646531339422675266e+00,1.303581284176806854e+00,3.581284176806809327e-03,8.004535028292477250e+01,0.000000000000000000e+00
1.610000000000000000e+02,1.610000000000000098e+00,1.185362997377496797e+01,-3.653578446214743813e+00,5.630671518706553691e+00,1.307326064184625602e+00,7.326064184625558084e-03,8.004133587639344682e+01,0.000000000000000000e+00
1.620000000000000000e+02,1.620000000000000107e+00,1.180827214215805832e+01,-3.701174658061460843e+00,5.609315962018129653e+00,1.308558494488203605e+00,8.558494488203560735e-03,8.004348988114946906e+01,0.000000000000000000e+00
1.630000000000000000e+02,1.630000000000000115e+00,1.177555171121281674e+01,-3.739593744814134979e+00,5.593999989769748105e+00,1.307429354898636875e+00,7.429354898636830740e-03,8.004829123962235826e+01,0.000000000000000000e+00
1.640000000000000000e+02,1.640000000000000124e+00,1.172655380330544084e+01,-3.789025806590360368e+00,5.570924963081668402e+00,1.305125719752753710e+00,5.125719752753665759e-03,8.005707596573337526e+01,0.000000000000000000e+00
1.650000000000000000e+02,1.650000000000000133e+00,1.174955471029391951e+01,-3.787899549421367418e+00,5.582167202235347681e+00,1.301205503297166555e+00,1.205503297166510279e-03,8.005910582251854635e+01,0.000000000000000000e+00
1.660000000000000000e+02,1.660000000000000142e+00,1.170528159942934110e+01,-3.833383504463210745e+00,5.561337222788821144e+00,1.299326780271994775e+00,6.732197280052698574e-04,8.006515421898296836e+01,0.000000000000000000e+00
1.670000000000000000e+02,1.669999999999999929e+00,1.173728125929084065e+01,-3.825338822958820550e+00,5.576853706105136865e+00,1.295865081133414920e+00,4.134918866585124420e-03,8.006423826940304878e+01,0.000000000000000000e+00
1.680000000000000000e+02,1.679999999999999938e+00,1.177911028343699940e+01,-3.810112899368964801e+00,5.597060240878869664e+00,1.294672946927000412e+00,5.327053072999632377e-03,8.005713515174670647e+01,0.000000000000000000e+00
1.690000000000000000e+02,1.689999999999999947e+00,1.181268461841499295e+01,-3.800329585880773298e+00,5.613339036155041484e+00,1.295546209510090918e+00,4.453790489909126293e-03,8.004654425010178898e+01,0.000000000000000000e+00
1.700000000000000000e+02,1.699999999999999956e+00,1.185052610964428688e+01,-3.778003920489505507e+00,5.637983244333088173e+00,1.297513383461619929e+00,2.486616538380115315e-03,8.003381078186278330e+01,0.000000000000000000e+00
1.710000000000000000e+02,1.709999999999999964e+00,1.181812671265009129e+01,-3.813944104422169357e+00,5.622600686554784843e+00,1.300683945647131301e+00,6.839456471312566066e-04,8.002778619749309996e+01,0.000000000000000000e+00
1.720000000000000000e+02,1.719999999999999973e+00,1.185486879090259826e+01,-3.796168234903198879e+00,5.643733745118313827e+00,1.301265016284402609e+00,1.265016284402564750e-03,8.001799530111105696e+01,0.000000000000000000e+00
1.730000000000000000e+02,1.729999999999999982e+00,1.183299342228468376e+01,-3.824295135499652609e+00,5.633298194234925838e+00,1.303202146157399932e+00,3.202146157399887727e-03,8.001283309349368267e+01,0.000000000000000000e+00
1.740000000000000000e+02,1.739999999999999991e+00,1.180444639404551666e+01,-3.856807967221233202e+00,5.619676608041599408e+00,1.303304279625185469e+00,3.304279625185424507e-03,8.001201543417803919e+01,0.000000000000000000e+00
1.750000000000000000e+02,1.750000000000000000e+00,1.183074484356695955e+01,-3.850690962225189029e+00,5.632267982129413930e+00,1.301746108046826889e+00,1.746108046826844173e-03,8.000686336056703851e+01,0.000000000000000000e+00
1.760000000000000000e+02,1.760000000000000009e+00,1.179999690685329128e+01,-3.884212349401893860e+00,5.617589649392025208e+00,1.301434147858874013e+00,1.434147858873968673e-03,8.000639741748061340e+01,0.000000000000000000e+00
1.770000000000000000e+02,1.770000000000000018e+00,1.181477439617304626e+01,-3.885622633832779727e+00,5.624676036574726368e+00,1.299419838584251696e+00,5.801614157483481193e-04,8.000311948041358789e+01,0.000000000000000000e+00
1.780000000000000000e+02,1.780000000000000027e+00,1.179814354022429512e+01,-3.908752818282401620e+00,5.616747487442915521e+00,1.298203754408186361e+00,1.796245591813683262e-03,8.000211275780168307e+01,0.000000000000000000e+00
1.790000000000000000e+02,1.790000000000000036e+00,1.180578679591077496e+01,-3.914648314247600958e+00,5.620423777717308056e+00,1.296120547252745059e+00,3.879452747254985567e-03,7.999946136115920581e+01,0.000000000000000000e+00
1.800000000000000000e+02,1.800000000000000044e+00,1.177676627300447798e+01,-3.945995560279995207e+00,5.606569802732739305e+00,1.294484133745720245e+00,5.515866254279799819e-03,8.000060745674659302e+01,0.000000000000000000e+00
1.810000000000000000e+02,1.810000000000000053e+00,1.180363459946433125e+01,-3.937991993846220673e+00,5.619432825111623231e+00,1.291487487885792707e+00,8.512512114207337888e-03,7.999695707698053582e+01,0.000000000000000000e+00
1.820000000000000000e+02,1.820000000000000062e+00,1.184330437735032504e+01,-3.899517438835364391e+00,5.652951748978945368e+00,1.290018181192807312e+00,9.981818807192732734e-03,7.999056206954635684e+01,0.000000000000000000e+00
1.830000000000000000e+02,1.830000000000000071e+00,1.187496005869369320e+01,-3.854984652335252449e+00,5.690467423593903895e+00,1.290795012521614105e+00,9.204987478385939781e-03,7.998450196439725346e+01,0.000000000000000000e+00
1.840000000000000000e+02,1.840000000000000080e+00,1.190022065289698716e+01,-3.823820046859386146e+00,5.718707083162448690e+00,1.293126116083796795e+00,6.873883916203249456e-03,7.997841891064331321e+01,0.000000000000000000e+00
1.850000000000000000e+02,1.850000000000000089e+00,1.192037809675618121e+01,-3.789666936498257588e+00,5.748850872377216703e+00,1.296028149455299205e+00,3.971850544700838981e-03,7.997372305752642774e+01,0.000000000000000000e+00
1.860000000000000000e+02,1.860000000000000098e+00,1.193646332973473001e+01,-3.781219656979928789e+00,5.761268792397872929e+00,1.299267439528546175e+00,7.325604714538691553e-04,7.996790225200584246e+01,0.000000000000000000e+00
1.870000000000000000e+02,1.870000000000000107e+00,1.194929902069741168e+01,-3.733855219742877818e+00,5.800179966877795579e+00,1.301932949296829012e+00,1.932949296828967434e-03,7.996652942802165853e+01,1.000000000000000000e+00
1.880000000000000000e+02,1.880000000000000115e+00,1.195954164277874199e+01,-3.737905710513286017e+00,5.803763276314271913e+00,1.305127172607653430e+00,5.127172607653385228e-03,7.996295729756685944e+01,0.000000000000000000e+00
1.890000000000000000e+02,1.890000000000000124e+00,1.196284235951668506e+01,-3.748136671304556522e+00,5.802975769220709346e+00,1.307242916043671821e+00,7.242916043671776549e-03,7.995867796190670163e+01,0.000000000000000000e+00
1.900000000000000000e+02,1.900000000000000133e+00,1.193424022747769619e+01,-3.780437250616793143e+00,5.786939904672864010e+00,1.308222373288250306e+00,8.222373288250262036e-03,7.995879598002809985e+01,0.000000000000000000e+00
1.910000000000000000e+02,1.910000000000000142e+00,1.190285253671196841e+01,-3.814416912487751610e+00,5.769625949058976744e+00,1.306950745729237529e+00,6.950745729237484127e-03,7.996256257384955290e+01,0.000000000000000000e+00
1.920000000000000000e+02,1.919999999999999929e+00,1.185534881016431186e+01,-3.859411087457541800e+00,5.744648394984766426e+00,1.303924236048030538e+00,3.924236048030493862e-03,7.997132032968757187e+01,0.000000000000000000e+00
1.930000000000000000e+02,1.929999999999999938e+00,1.184086353333786157e+01,-3.881029788855150819e+00,5.735545851781997051e+00,1.298902394914515757e+00,1.097605085484287812e-03,7.997866315264046477e+01,0.000000000000000000e+00
1.940000000000000000e+02,1.939999999999999947e+00,1.185517720966049460e+01,-3.882248457224889648e+00,5.740275780174943776e+00,1.293915478467367874e+00,6.084521532632169993e-03,7.998082228946122996e+01,0.000000000000000000e+00
1.950000000000000000e+02,1.949999999999999956e+00,1.188443433902201107e+01,-3.851657191501777433e+00,5.766645484958583978e+00,1.290255449939147647e+00,9.744550060852397166e-03,7.997961185086563773e+01,0.000000000000000000e+00
1.960000000000000000e+02,1.959999999999999964e+00,1.190778093719938191e+01,-3.805977317692468276e+00,5.803231451785700656e+00,1.288808022014725552e+00,1.119197798527449272e-02,7.997904807884781064e+01,0.000000000000000000e+00
1.970000000000000000e+02,1.969999999999999973e+00,1.192641105089647624e+01,-3.756445759550071539e+00,5.842357943474645765e+00,1.289218627981626009e+00,1.078137201837403580e-02,7.998043176738153193e+01,0.000000000000000000e+00
1.980000000000000000e+02,1.979999999999999982e+00,1.194127750526082465e+01,-3.705386096094057446e+00,5.882440658926104682e+00,1.290957510009973053e+00,9.042489990026991720e-03,7.998422836026361438e+01,1.000000000000000000e+00
1.990000000000000000e+02,1.989999999999999991e+00,1.195314063551116313e+01,-3.657043363027860927e+00,5.920574638831431535e+00,1.293603116405263931e+00,6.396883594736113565e-03,7.999012216788364071e+01,1.000000000000000000e+00
2.000000000000000000e+02,2.000000000000000000e+00,1.196260717379173677e+01,-3.663587534428893733e+00,5.920929775901424996e+00,1.296757416946942687e+00,3.242583053057357390e-03,7.999165625125766610e+01,0.000000000000000000e+00
2.010000000000000000e+02,2.010000000000000231e+00,1.197016128009643587e+01,-3.629346164286113563e+00,5.949150192068404230e+00,1.298759459190832910e+00,1.240540809167134384e-03,7.999523234078151290e+01,1.000000000000000000e+00
2.020000000000000000e+02,2.020000000000000018e+00,1.197618930431937834e+01,-3.579789001651933145e+00,5.987788711120213492e+00,1.300975584287695330e+00,9.755842876952858234e-04,8.000243325230614744e+01,1.000000000000000000e+00
2.030000000000000000e+02,2.030000000000000249e+00,1.198099954587101834e+01,-3.566226168530207907e+00,6.001644326960328790e+00,1.303723436477458586e+00,3.723436477458541560e-03,8.000834312593235609e+01,1.000000000000000000e+00
2.040000000000000000e+02,2.040000000000000036e+00,1.198483802145263155e+01,-3.568085121813292293e+00,6.004817947517011589e+00,1.305880174790921666e+00,5.880174790921621764e-03,8.001172579430564724e+01,1.000000000000000000e+00
2.050000000000000000e+02,2.049999999999999822e+00,1.197205401878126096e+01,-3.592688916459957138e+00,5.992280554525021508e+00,1.307190224598747896e+00,7.190224598747851914e-03,8.001456482754258559e+01,0.000000000000000000e+00
2.060000000000000000e+02,2.060000000000000053e+00,1.197769967155272397e+01,-3.595800186868936432e+00,5.994403222968494482e+00,1.306873353030502560e+00,6.873353030502515892e-03,8.001515410390737770e+01,0.000000000000000000e+00
2.070000000000000000e+02,2.069999999999999840e+00,1.194818849428037666e+01,-3.631591238755506712e+00,5.974002755172741708e+00,1.306438305884255247e+00,6.438305884255202116e-03,8.001862455597640178e+01,0.000000000000000000e+00
2.080000000000000000e+02,2.080000000000000071e+00,1.191394080977247327e+01,-3.670358786968369369e+00,5.951474888551396170e+00,1.304163907699668501e+00,4.163907699668456530e-03,8.002488732334515475e+01,0.000000000000000000e+00
2.090000000000000000e+02,2.089999999999999858e+00,1.188780265223940091e+01,-3.703144089966763364e+00,5.932968754681060553e+00,1.300369777416864547e+00,3.697774168645029391e-04,8.003185522650453265e+01,0.000000000000000000e+00
2.100000000000000000e+02,2.100000000000000089e+00,1.191046878310012858e+01,-3.693849379582590409e+00,5.943237366595299775e+00,1.295854554903982159e+00,4.145445096017885689e-03,8.003288114984536605e+01,0.000000000000000000e+00
2.110000000000000000e+02,2.109999999999999876e+00,1.192855589762535473e+01,-3.672589826823436265e+00,5.961629741247731040e+00,1.293212414748105221e+00,6.787585251894823202e-03,8.003211896115460888e+01,0.000000000000000000e+00
2.120000000000000000e+02,2.120000000000000107e+00,1.194298904962023222e+01,-3.630158040320308643e+00,5.994469663002125692e+00,1.292148624108311994e+00,7.851375891688050501e-03,8.003337137281796743e+01,1.000000000000000000e+00
2.130000000000000000e+02,2.129999999999999893e+00,1.195450641333331632e+01,-3.588000247098759310e+00,6.027058392807300713e+00,1.292715063901916039e+00,7.284936098084004996e-03,8.003671220792182339e+01,1.000000000000000000e+00
2.140000000000000000e+02,2.140000000000000124e+00,1.196369703690234410e+01,-3.540855619746315686e+00,6.063009631247675557e+00,1.294396984489865732e+00,5.603015510134312649e-03,8.004267415367392857e+01,1.000000000000000000e+00
2.150000000000000000e+02,2.149999999999999911e+00,1.197103096884126394e+01,-3.507707712264397149e+00,6.089289920889652485e+00,1.296974617398259033e+00,3.025382601741011257e-03,8.004932579579471508e+01,1.000000000000000000e+00
2.160000000000000000e+02,2.160000000000000142e+00,1.197688329836828203e+01,-3.451821528359671376e+00,6.131131681553068091e+00,1.299798709422497200e+00,2.012905775028439592e-04,8.005946703069011505e+01,3.000000000000000000e+00
2.170000000000000000e+02,2.169999999999999929e+00,1.198155333910196241e+01,-3.453405420417628324e+00,6.133413663296461316e+00,1.303378648184228439e+00,3.378648184228394413e-03,8.006570920824997017e+01,1.000000000000000000e+00
2.180000000000000000e+02,2.180000000000000160e+00,1.197459948341099079e+01,-3.476445173726031346e+00,6.120870811220632923e+00,1.305979182489184653e+00,5.979182489184609040e-03,8.006936082606664229e+01,0.000000000000000000e+00
2.190000000000000000e+02,2.189999999999999947e+00,1.197973090090371961e+01,-3.444669682167726510e+00,6.145939333194427867e+00,1.307029804984857213e+00,7.029804984857168648e-03,8.007467705253887402e+01,1.000000000000000000e+00
2.200000000000000000e+02,2.200000000000000178e+00,1.197728617169691212e+01,-3.464730210224098883e+00,6.135294336732905585e+00,1.308726889579300501e+00,8.726889579300456390e-03,8.007694103918423423e+01,0.000000000000000000e+00
2.210000000000000000e+02,2.209999999999999964e+00,1.195694890559443735e+01,-3.496841615561473215e+00,6.116296570154937662e+00,1.309357174759564035e+00,9.357174759563990918e-03,8.007980614267503938e+01,0.000000000000000000e+00
2.220000000000000000e+02,2.220000000000000195e+00,1.194458368801835135e+01,-3.523024172647552188e+00,6.101310812095904978e+00,1.308459782144464345e+00,8.459782144464300657e-03,8.008189845737375379e+01,0.000000000000000000e+00
2.230000000000000000e+02,2.229999999999999982e+00,1.192223334653265532e+01,-3.555778975311089329e+00,6.081745629718696478e+00,1.306832684016578927e+00,6.832684016578882691e-03,8.008497546238854170e+01,0.000000000000000000e+00
2.240000000000000000e+02,2.240000000000000213e+00,1.189428028515111002e+01,-3.592064950265982937e+00,6.059694800222049871e+00,1.304264541987444126e+00,4.264541987444081528e-03,8.008959033790547721e+01,0.000000000000000000e+00
2.250000000000000000e+02,2.250000000000000000e+00,1.190422327916628298e+01,-3.601618917875230252e+00,6.055945442465917594e+00,1.300791977253143106e+00,7.919772531430613327e-04,8.008962970043825180e+01,0.000000000000000000e+00
2.260000000000000000e+02,2.260000000000000231e+00,1.192357211165794340e+01,-3.587681336233648821e+00,6.068267480854885321e+00,1.298358467294373764e+00,1.641532705626280730e-03,8.008696571844780010e+01,0.000000000000000000e+00
2.270000000000000000e+02,2.270000000000000018e+00,1.193901208910078360e+01,-3.546637928088016700e+00,6.099150234527081160e+00,1.297560649018755452e+00,2.439350981244592376e-03,8.008639457309359955e+01,1.000000000000000000e+00
2.280000000000000000e+02,2.280000000000000249e+00,1.193909777781114911e+01,-3.563358541311809180e+00,6.090301497389795315e+00,1.298582500398988149e+00,1.417499601011895649e-03,8.008415955237067863e+01,0.000000000000000000e+00
2.290000000000000000e+02,2.290000000000000036e+00,1.192561530800616509e+01,-3.589165538153593182e+00,6.075153822935749126e+00,1.299023844656010063e+00,9.761553439899817164e-04,8.008279391016968418e+01,0.000000000000000000e+00
2.300000000000000000e+02,2.300000000000000266e+00,1.194064251850996961e+01,-3.568272490003704167e+00,6.092028263359323681e+00,1.298473875146331169e+00,1.526124853668875403e-03,8.008090077238000504e+01,0.000000000000000000e+00
2.310000000000000000e+02,2.310000000000000053e+00,1.195263392891199672e+01,-3.533179363660189143e+00,6.118609248251180688e+00,1.299189227096783306e+00,8.107729032167387828e-04,8.008096406818692969e+01,1.000000000000000000e+00
2.320000000000000000e+02,2.319999999999999840e+00,1.195275779595141152e+01,-3.549958808657662779e+00,6.109500745468119831e+00,1.301136074147241750e+00,1.136074147241705745e-03,8.007915571148785716e+01,0.000000000000000000e+00
2.330000000000000000e+02,2.330000000000000071e+00,1.196230167555718715e+01,-3.552406146138832543e+00,6.110188455074817782e+00,1.302321846339248079e+00,2.321846339248034852e-03,8.007546265366693206e+01,0.000000000000000000e+00
2.340000000000000000e+02,2.339999999999999858e+00,1.193215427759477443e+01,-3.589709883043065819e+00,6.086874180280400282e+00,1.303595000536494464e+00,3.595000536494419308e-03,8.007559190158548290e+01,0.000000000000000000e+00
2.350000000000000000e+02,2.350000000000000089e+00,1.190370019994288420e+01,-3.625484128485867430e+00,6.064565881103368028e+00,1.303011722518965021e+00,3.011722518964976558e-03,8.007823947250230390e+01,0.000000000000000000e+00
2.360000000000000000e+02,2.359999999999999876e+00,1.184948749084830943e+01,-3.678854283596238339e+00,6.030130665776695764e+00,1.301183036248301672e+00,1.183036248301627680e-03,8.008647478589486468e+01,0.000000000000000000e+00
2.370000000000000000e+02,2.370000000000000107e+00,1.181525676430802285e+01,-3.717965199644158059e+00,6.005447870635935992e+00,1.297335831774996340e+00,2.664168225003704649e-03,8.009559887298317449e+01,0.000000000000000000e+00
2.380000000000000000e+02,2.379999999999999893e+00,1.183706345685994599e+01,-3.717736708091500031e+00,6.007717393382270288e+00,1.292926879342460200e+00,7.073120657539844203e-03,8.009731263407718416e+01,0.000000000000000000e+00
2.390000000000000000e+02,2.390000000000000124e+00,1.186997993022157338e+01,-3.698871266001011460e+00,6.022729447391403035e+00,1.290623139730726621e+00,9.376860269273423754e-03,8.009348456973135910e+01,0.000000000000000000e+00
2.400000000000000000e+02,2.399999999999999911e+00,1.189624661098489256e+01,-3.669743204161111993e+00,6.044758174861613043e+00,1.290655301151625300e+00,9.344698848374743960e-03,8.008831909965594775e+01,0.000000000000000000e+00
2.410000000000000000e+02,2.410000000000000142e+00,1.191720689159400592e+01,-3.655434200789398957e+00,6.056578102828099830e+00,1.292503730260318617e+00,7.496269739681427069e-03,8.008160487582421183e+01,0.000000000000000000e+00
2.420000000000000000e+02,2.419999999999999929e+00,1.193393277208006609e+01,-3.620602521231676363e+00,6.082447700930209145e+00,1.295157244623669435e+00,4.842755376330609707e-03,8.007705183323110987e+01,0.000000000000000000e+00
2.430000000000000000e+02,2.430000000000000160e+00,1.194727968681136510e+01,-3.595317783347849350e+00,6.101729554006133149e+00,1.298847693829561667e+00,1.152306170438377464e-03,8.007369479967650250e+01,0.000000000000000000e+00
2.440000000000000000e+02,2.439999999999999947e+00,1.195793025513230212e+01,-3.596460638956378908e+00,6.102822029637693824e+00,1.302967227698738517e+00,2.967227698738472697e-03,8.006873216972687146e+01,0.000000000000000000e+00
2.450000000000000000e+02,2.450000000000000178e+00,1.193111127215950873e+01,-3.630687973890418530e+00,6.081146056246455878e+00,1.306648265317103208e+00,6.648265317103163596e-03,8.006741733841749920e+01,0.000000000000000000e+00
2.460000000000000000e+02,2.459999999999999964e+00,1.192854869110441385e+01,-3.647675461612989611e+00,6.071274126801527338e+00,1.308191524515819992e+00,8.191524515819947894e-03,8.006517907483670626e+01,0.000000000000000000e+00
2.470000000000000000e+02,2.470000000000000195e+00,1.186394249896261677e+01,-3.707585164795755617e+00,6.031890799602416031e+00,1.309288777265247283e+00,9.288777265247238901e-03,8.007154169713977865e+01,0.000000000000000000e+00
2.480000000000000000e+02,2.479999999999999982e+00,1.178893887796685647e+01,-3.774395428565362032e+00,5.987750634739483324e+00,1.307342922982198674e+00,7.342922982198629711e-03,8.008533526213534515e+01,0.000000000000000000e+00
2.490000000000000000e+02,2.490000000000000213e+00,1.172748745963710171e+01,-3.831420132907174647e+00,5.950306670776123852e+00,1.302744565575643332e+00,2.744565575643287403e-03,8.010202494588702393e+01,0.000000000000000000e+00
2.500000000000000000e+02,2.500000000000000000e+00,1.172863150034613255e+01,-3.844548269275239072e+00,5.942937262316001501e+00,1.296833761171556132e+00,3.166238828443912467e-03,8.011197299952073081e+01,0.000000000000000000e+00
2.510000000000000000e+02,2.510000000000000231e+00,1.175187363497930626e+01,-3.841991569818536956e+00,5.946285506685445199e+00,1.292784307088714391e+00,7.215692911285653821e-03,8.011438743193147616e+01,0.000000000000000000e+00
2.520000000000000000e+02,2.520000000000000018e+00,1.178904108598029588e+01,-3.829433582923485346e+00,5.956455796866051422e+00,1.291110152090389152e+00,8.889847909610892884e-03,8.010972359465117165e+01,0.000000000000000000e+00
2.530000000000000000e+02,2.530000000000000249e+00,1.183165904840851823e+01,-3.784839901887067093e+00,5.988558029568824992e+00,1.291817517222330514e+00,8.182482777669530805e-03,8.010245722732923923e+01,0.000000000000000000e+00
2.540000000000000000e+02,2.540000000000000036e+00,1.180723343281956339e+01,-3.815238285751722191e+00,5.969206104529993340e+00,1.295273794853866622e+00,4.726205146133422019e-03,8.009898138719313465e+01,0.000000000000000000e+00
2.550000000000000000e+02,2.550000000000000266e+00,1.182805815679129502e+01,-3.813798552224201277e+00,5.971657033012467863e+00,1.296976001997089067e+00,3.023998002910976979e-03,8.009222211111683976e+01,0.000000000000000000e+00
2.560000000000000000e+02,2.560000000000000053e+00,1.186279388269204382e+01,-3.795919026365193627e+00,5.985349489031737136e+00,1.299461285995423987e+00,5.387140045760574480e-04,8.008190596286456753e+01,0.000000000000000000e+00
2.570000000000000000e+02,2.569999999999999840e+00,1.185866957758081242e+01,-3.811458998241747054e+00,5.976094037317485785e+00,1.303333970453870672e+00,3.333970453870627182e-03,8.007354360059075304e+01,0.000000000000000000e+00
2.580000000000000000e+02,2.580000000000000071e+00,1.181178645939168703e+01,-3.856575082493379991e+00,5.946527301568427681e+00,1.306315445823796439e+00,6.315445823796395075e-03,8.007259060923050242e+01,0.000000000000000000e+00
2.590000000000000000e+02,2.589999999999999858e+00,1.175981219592412863e+01,-3.904962848462344205e+00,5.914697184295502730e+00,1.306755118808518024e+00,6.755118808517979190e-03,8.007765102142786873e+01,0.000000000000000000e+00
2.600000000000000000e+02,2.600000000000000089e+00,1.177749526942222680e+01,-3.904558811346545699e+00,5.916290248003717167e+00,1.305137844221956778e+00,5.137844221956733293e-03,8.007754672621362602e+01,0.000000000000000000e+00
2.610000000000000000e+02,2.609999999999999876e+00,1.170284790467485969e+01,-3.968321191753502841e+00,5.873886086016722352e+00,1.305170819169376939e+00,5.170819169376894564e-03,8.008605423446238092e+01,0.000000000000000000e+00
2.620000000000000000e+02,2.620000000000000107e+00,1.166092576659869806e+01,-4.008967579605144493e+00,5.847304521512719511e+00,1.302259380300818892e+00,2.259380300818847331e-03,8.009613683816441210e+01,0.000000000000000000e+00
2.630000000000000000e+02,2.629999999999999893e+00,1.160083849886870233e+01,-4.062015694005217448e+00,5.812210941882780979e+00,1.298689363647931083e+00,1.310636352068961230e-03,8.010937083349544707e+01,0.000000000000000000e+00
2.640000000000000000e+02,2.640000000000000124e+00,1.161764739957810910e+01,-4.061223909196737480e+00,5.813953705107679504e+00,1.293821878265894121e+00,6.178121734105923579e-03,8.011534959971356784e+01,0.000000000000000000e+00
2.650000000000000000e+02,2.649999999999999911e+00,1.161859353467841593e+01,-4.071247205720360363e+00,5.808267881757478435e+00,1.291506549213131461e+00,8.493450786868583791e-03,8.011826018016330408e+01,0.000000000000000000e+00
2.660000000000000000e+02,2.660000000000000142e+00,1.165803985390106412e+01,-4.054202602562948954e+00,5.821082054167209918e+00,1.290337083478769076e+00,9.662916521230968669e-03,8.011456706615010148e+01,0.000000000000000000e+00
2.670000000000000000e+02,2.669999999999999929e+00,1.169986138104564333e+01,-4.035258273692342357e+00,5.835172977359375679e+00,1.291761457274812175e+00,8.238542725187869564e-03,8.010585400740626483e+01,0.000000000000000000e+00
2.680000000000000000e+02,2.680000000000000160e+00,1.176049544548086701e+01,-3.999620579719121327e+00,5.860668697599312083e+00,1.295181269597043050e+00,4.818730402956994396e-03,8.009148367526773882e+01,0.000000000000000000e+00
2.690000000000000000e+02,2.689999999999999947e+00,1.173406973617138327e+01,-4.027950549015431037e+00,5.842348071319212188e+00,1.300993993064455401e+00,9.939930644553562900e-04,8.008306982336262081e+01,0.000000000000000000e+00
2.700000000000000000e+02,2.700000000000000178e+00,1.169006759741576040e+01,-4.068339848987698737e+00,5.815751809849603049e+00,1.304481615910754622e+00,4.481615910754577214e-03,8.008130463827731660e+01,0.000000000000000000e+00
2.710000000000000000e+02,2.709999999999999964e+00,1.162274376494658767e+01,-4.124788108583836710e+00,5.778149262206239811e+00,1.305481086590406736e+00,5.481086590406691883e-03,8.008713395033610993e+01,0.000000000000000000e+00
2.720000000000000000e+02,2.720000000000000195e+00,1.158595965858916976e+01,-4.159682237037839236e+00,5.755283456161088829e+00,1.303602386082921782e+00,3.602386082921738009e-03,8.009453514592507872e+01,0.000000000000000000e+00
2.730000000000000000e+02,2.729999999999999982e+00,1.157507439930395954e+01,-4.176300364274616150e+00,5.744900842322160806e+00,1.301010185971150923e+00,1.010185971150878714e-03,8.009997399645037319e+01,0.000000000000000000e+00
2.740000000000000000e+02,2.740000000000000213e+00,1.150334643514652200e+01,-4.235158033722369986e+00,5.705610883336576400e+00,1.299067936983979266e+00,9.320630160207787895e-04,8.011076515912476737e+01,0.000000000000000000e+00
2.750000000000000000e+02,2.750000000000000000e+00,1.153228379683203819e+01,-4.223623043542426458e+00,5.714437578296902132e+00,1.294789979176848238e+00,5.210020823151806368e-03,8.011420955293992563e+01,0.000000000000000000e+00
2.760000000000000000e+02,2.760000000000000231e+00,1.156556477575366060e+01,-4.208864834666347754e+00,5.725447857938286589e+00,1.293414671875208422e+00,6.585328124791622884e-03,8.011217016032722427e+01,0.000000000000000000e+00
2.770000000000000000e+02,2.770000000000000018e+00,1.158030541765137578e+01,-4.206847893095432056e+00,5.727727316675141012e+00,1.294331577680073009e+00,5.668422319927035602e-03,8.010821974834965431e+01,0.000000000000000000e+00
2.780000000000000000e+02,2.780000000000000249e+00,1.162268537006513469e+01,-4.185360607189896776e+00,5.743299525297726582e+00,1.296036320143360898e+00,3.963679856639146237e-03,8.009989767340275080e+01,0.000000000000000000e+00
2.790000000000000000e+02,2.790000000000000036e+00,1.161518245518831272e+01,-4.198517927883800738e+00,5.735164360220540658e+00,1.299557854271769619e+00,4.421457282304253056e-04,8.009378394991509253e+01,0.000000000000000000e+00
2.800000000000000000e+02,2.800000000000000266e+00,1.160863292395442414e+01,-4.210894118259064456e+00,5.727551418041243458e+00,1.302070976858167750e+00,2.070976858167705714e-03,8.008920924637419603e+01,0.000000000000000000e+00
2.810000000000000000e+02,2.810000000000000053e+00,1.155921144968557535e+01,-4.253042329285066536e+00,5.699565958290500944e+00,1.303863792236230390e+00,3.863792236230345623e-03,8.009047211925170018e+01,0.000000000000000000e+00
2.820000000000000000e+02,2.819999999999999840e+00,1.156886989939091315e+01,-4.253760506142787001e+00,5.699887185463504480e+00,1.303125870906808981e+00,3.125870906808936311e-03,8.008950286850505051e+01,0.000000000000000000e+00
2.830000000000000000e+02,2.830000000000000071e+00,1.150357906458681256e+01,-4.306643611426232532e+00,5.664536180931205145e+00,1.303235105285118101e+00,3.235105285118056173e-03,8.009495115360360273e+01,0.000000000000000000e+00
2.840000000000000000e+02,2.839999999999999858e+00,1.148750150346139698e+01,-4.324991291508412772e+00,5.652776356835884641e+00,1.300462883602129693e+00,4.628836021296489633e-04,8.009965331302389302e+01,0.000000000000000000e+00
2.850000000000000000e+02,2.850000000000000089e+00,1.152294170751648039e+01,-4.307245470543830557e+00,5.665660612376897554e+00,1.297825555833395761e+00,2.174444166604283524e-03,8.009859031414248420e+01,0.000000000000000000e+00
2.860000000000000000e+02,2.859999999999999876e+00,1.151853026927106960e+01,-4.317150431740619076e+00,5.659636198127289575e+00,1.297626268314836295e+00,2.373731685163749106e-03,8.009752334445657596e+01,0.000000000000000000e+00
2.870000000000000000e+02,2.870000000000000107e+00,1.155235860486811639e+01,-4.300216036652471985e+00,5.671933241809691495e+00,1.297309544145151650e+00,2.690455854848394779e-03,8.009257551379705831e+01,0.000000000000000000e+00
2.880000000000000000e+02,2.879999999999999893e+00,1.160686429752756510e+01,-4.268684927130995455e+00,5.694188762930363801e+00,1.298631759176099854e+00,1.368240823900190861e-03,8.008260437978785262e+01,0.000000000000000000e+00
2.890000000000000000e+02,2.890000000000000124e+00,1.165903193230431967e+01,-4.238616189061941597e+00,5.715432839040897051e+00,1.302050881008615546e+00,2.050881008615501599e-03,8.006895998207571097e+01,0.000000000000000000e+00
2.900000000000000000e+02,2.899999999999999911e+00,1.162979614119645788e+01,-4.265330750825879313e+00,5.697853979264033697e+00,1.306828648033568019e+00,6.828648033567974451e-03,8.006137989172270863e+01,0.000000000000000000e+00
2.910000000000000000e+02,2.910000000000000142e+00,1.159310976136151439e+01,-4.297109845116890092e+00,5.676802199906081370e+00,1.308779454469087833e+00,8.779454469087788482e-03,8.005922774882320425e+01,0.000000000000000000e+00
2.920000000000000000e+02,2.919999999999999929e+00,1.154567467877278553e+01,-4.336254071275533306e+00,5.650707761278940922e+00,1.308290526044773472e+00,8.290526044773427472e-03,8.006219160419402670e+01,0.000000000000000000e+00
2.930000000000000000e+02,2.930000000000000160e+00,1.147974764735592146e+01,-4.388161117462822780e+00,5.615886861047196810e+00,1.305484730315088715e+00,5.484730315088670594e-03,8.007063571772205535e+01,0.000000000000000000e+00
2.940000000000000000e+02,2.939999999999999947e+00,1.150018377881430354e+01,-4.379610631672380627e+00,5.622349394962323998e+00,1.300087170737189268e+00,8.717073718922385694e-05,8.007381570672660587e+01,0.000000000000000000e+00
2.950000000000000000e+02,2.950000000000000178e+00,1.153968029411886143e+01,-4.357623286503642390e+00,5.637974876463328400e+00,1.296753476256485182e+00,3.246523743514861948e-03,8.007141183667050655e+01,0.000000000000000000e+00
2.960000000000000000e+02,2.959999999999999964e+00,1.158968622632190204e+01,-4.328156554102165821e+00,5.658696774056015677e+00,1.295755138703374332e+00,4.244861296625712654e-03,8.006387892555994767e+01,0.000000000000000000e+00
2.970000000000000000e+02,2.970000000000000195e+00,1.163755429929986640e+01,-4.300041066952099200e+00,5.678485362139827686e+00,1.296889385643127168e+00,3.110614356872876130e-03,8.005266122514953508e+01,0.000000000000000000e+00
2.980000000000000000e+02,2.979999999999999982e+00,1.168257901995848336e+01,-4.273775534382422414e+00,5.697000048722064669e+00,1.299419307337574159e+00,5.806926624258856862e-04,8.003881516623947334e+01,0.000000000000000000e+00
2.990000000000000000e+02,2.990000000000000213e+00,1.169908078589445743e+01,-4.267352211019304953e+00,5.701946753717817451e+00,1.302777285315836142e+00,2.777285315836097723e-03,8.002607386267533229e+01,0.000000000000000000e+00
3.000000000000000000e+02,3.000000000000000000e+00,1.168476160380099671e+01,-4.282388620315655814e+00,5.692215431079917565e+00,1.305367940481935163e+00,5.367940481935118413e-03,8.001776432488370006e+01,0.000000000000000000e+00
3.010000000000000000e+02,3.010000000000000231e+00,1.165673944817967644e+01,-4.306913096454449530e+00,5.675990539450043393e+00,1.305937844501813272e+00,5.937844501813227538e-03,8.001443225117202473e+01,0.000000000000000000e+00
3.020000000000000000e+02,3.020000000000000018e+00,1.163799097158001139e+01,-4.324827427596715346e+00,5.664272320522048432e+00,1.304371969540231380e+00,4.371969540231335216e-03,8.001368463919682483e+01,0.000000000000000000e+00
3.030000000000000000e+02,3.030000000000000249e+00,1.165421357030848171e+01,-4.318148817689468899e+00,5.669342870263519352e+00,1.301646656130844626e+00,1.646656130844581511e-03,8.001073399871886238e+01,0.000000000000000000e+00
3.040000000000000000e+02,3.040000000000000036e+00,1.164203369324219040e+01,-4.331257941898280173e+00,5.660885629764636384e+00,1.299657008897305177e+00,3.429911026948673225e-04,8.000951785092196644e+01,0.000000000000000000e+00
3.050000000000000000e+02,3.050000000000000266e+00,1.168320916354188910e+01,-4.306902275810569058e+00,5.678008044641632779e+00,1.296856001549702375e+00,3.143998450297669223e-03,8.000330808941870941e+01,0.000000000000000000e+00
3.060000000000000000e+02,3.060000000000000053e+00,1.174346519761707341e+01,-4.269060628249801148e+00,5.704334564808372754e+00,1.295897541706811262e+00,4.102458293188782079e-03,7.999105035331584190e+01,0.000000000000000000e+00
3.070000000000000000e+02,3.070000000000000284e+00,1.179529041021968538e+01,-4.234823574782352829e+00,5.728193538594501533e+00,1.297124199685003365e+00,2.875800314996679319e-03,7.997532326326553687e+01,0.000000000000000000e+00
3.080000000000000000e+02,3.080000000000000071e+00,1.183664588290257669e+01,-4.205339848791489921e+00,5.748799087755032566e+00,1.299574387580066270e+00,4.256124199337740777e-04,7.995836112327130252e+01,0.000000000000000000e+00
3.090000000000000000e+02,3.089999999999999858e+00,1.181230421383585316e+01,-4.226701692754037509e+00,5.734642880179949387e+00,1.302469382671686660e+00,2.469382671686615183e-03,7.994846560226818610e+01,0.000000000000000000e+00
3.100000000000000000e+02,3.100000000000000089e+00,1.185022255447507433e+01,-4.203714169264421763e+00,5.750790048545382227e+00,1.302520645505533814e+00,2.520645505533769537e-03,7.993568512735816967e+01,0.000000000000000000e+00
3.110000000000000000e+02,3.109999999999999876e+00,1.183941102573702686e+01,-4.215400913487463264e+00,5.743228155051703254e+00,1.303369798511025079e+00,3.369798511025035026e-03,7.992728067403341186e+01,0.000000000000000000e+00
3.120000000000000000e+02,3.120000000000000107e+00,1.182253336708242131e+01,-4.231260157227148433e+00,5.732805599603303826e+00,1.302539915043993579e+00,2.539915043993534738e-03,7.992301517779165465e+01,0.000000000000000000e+00
3.130000000000000000e+02,3.129999999999999893e+00,1.185838521211627494e+01,-4.195464646290905542e+00,5.757677507111776727e+00,1.300212012626802638e+00,2.120126268025934735e-04,7.991618482750189401e+01,0.000000000000000000e+00
3.140000000000000000e+02,3.140000000000000124e+00,1.185516108254173240e+01,-4.201874090808495943e+00,5.753695511144026220e+00,1.299604093784271219e+00,3.959062157288251171e-04,7.991116686030308358e+01,0.000000000000000000e+00
3.150000000000000000e+02,3.149999999999999911e+00,1.188442146990703918e+01,-4.159892023591400978e+00,5.782784570011609837e+00,1.298052874176352400e+00,1.947125823647644083e-03,7.990586388289985109e+01,0.000000000000000000e+00
3.160000000000000000e+02,3.160000000000000142e+00,1.190777066790561634e+01,-4.096230856750355365e+00,5.826700184148766226e+00,1.298001429752228875e+00,1.998570247771169761e-03,7.990413441398631278e+01,0.000000000000000000e+00
3.170000000000000000e+02,3.169999999999999929e+00,1.192294175012413326e+01,-4.091122542310313470e+00,5.830571436118091810e+00,1.299473513544668224e+00,5.264864553318204798e-04,7.989994053895840409e+01,0.000000000000000000e+00
3.180000000000000000e+02,3.180000000000000160e+00,1.193850907333137989e+01,-4.040557986804985902e+00,5.865536842761828851e+00,1.300248815282145198e+00,2.488152821451539154e-04,7.989917301208028277e+01,1.000000000000000000e+00
3.190000000000000000e+02,3.189999999999999947e+00,1.194430625933649459e+01,-4.042780449699507450e+00,5.864377155277045617e+00,1.301778020814279513e+00,1.778020814279468453e-03,7.989695060904709578e+01,0.000000000000000000e+00
3.200000000000000000e+02,3.200000000000000178e+00,1.195555752007659756e+01,-4.017703102741200460e+00,5.881891754862085264e+00,1.302183442963895876e+00,2.183442963895831923e-03,7.989561199123176038e+01,0.000000000000000000e+00
3.210000000000000000e+02,3.209999999999999964e+00,1.193879139974964154e+01,-4.035924261834852977e+00,5.869758415565685894e+00,1.302680752920779117e+00,2.680752920779072568e-03,7.989643108180518993e+01,0.000000000000000000e+00
3.220000000000000000e+02,3.220000000000000195e+00,1.192277917680551447e+01,-4.053475322716293405e+00,5.858077756884505938e+00,1.301367453981549183e+00,1.367453981549138220e-03,7.989875151148140731e+01,0.000000000000000000e+00
3.230000000000000000e+02,3.229999999999999982e+00,1.193837934310742988e+01,-4.023844620162801533e+00,5.878685595127192798e+00,1.298812569362574054e+00,1.187430637425990199e-03,7.990025627052213508e+01,0.000000000000000000e+00
3.240000000000000000e+02,3.240000000000000213e+00,1.195082796066148489e+01,-3.978115817887484251e+00,5.910314200070993174e+00,1.297493655549732283e+00,2.506344450267761204e-03,7.990379201190145864e+01,1.000000000000000000e+00
3.250000000000000000e+02,3.250000000000000000e+00,1.196076170598239763e+01,-3.918214016848399872e+00,5.951658197991955390e+00,1.297457310932831787e+00,2.542689067168257822e-03,7.991104579114987416e+01,1.000000000000000000e+00
3.260000000000000000e+02,3.260000000000000231e+00,1.196868863406676198e+01,-3.863398671377250793e+00,5.989534983264172219e+00,1.298702325150682846e+00,1.297674849317198564e-03,7.992086202315192622e+01,1.000000000000000000e+00
3.270000000000000000e+02,3.270000000000000018e+00,1.197501416253812323e+01,-3.815697115513530857e+00,6.022549420695274769e+00,1.300723510419414808e+00,7.235104194147634615e-04,7.993207348089688935e+01,1.000000000000000000e+00
3.280000000000000000e+02,3.280000000000000249e+00,1.198006180646981633e+01,-3.786032851403533961e+00,6.043201894776897731e+00,1.303114182643773544e+00,3.114182643773499848e-03,7.994247931472722257e+01,1.000000000000000000e+00
3.290000000000000000e+02,3.290000000000000036e+00,1.198408972435470154e+01,-3.781143915727116056e+00,6.046856221705599665e+00,1.305299948092264684e+00,5.299948092264639143e-03,7.994963667396775975e+01,1.000000000000000000e+00
3.300000000000000000e+02,3.300000000000000266e+00,1.198318278889570898e+01,-3.792880292132756459e+00,6.039096938456251173e+00,1.306697167030894224e+00,6.697167030894179973e-03,7.995367368903627892e+01,0.000000000000000000e+00
3.310000000000000000e+02,3.310000000000000053e+00,1.197161764161856112e+01,-3.811838128934772474e+00,6.026376838812577574e+00,1.307003528602917353e+00,7.003528602917308277e-03,7.995716469343825850e+01,0.000000000000000000e+00
3.320000000000000000e+02,3.320000000000000284e+00,1.197010252690627041e+01,-3.823527661776962461e+00,6.018637450166824721e+00,1.306103802315550011e+00,6.103802315549966551e-03,7.995870292433077964e+01,0.000000000000000000e+00
3.330000000000000000e+02,3.330000000000000071e+00,1.197614242046055999e+01,-3.806773215801524390e+00,6.030402023156693048e+00,1.304836581852219402e+00,4.836581852219357103e-03,7.996034988529105192e+01,1.000000000000000000e+00
3.340000000000000000e+02,3.339999999999999858e+00,1.194742299974802791e+01,-3.837546992313668692e+00,6.009558766282045994e+00,1.304308517053691441e+00,4.308517053691396370e-03,7.996482489352223411e+01,0.000000000000000000e+00
3.350000000000000000e+02,3.350000000000000089e+00,1.195804461596054757e+01,-3.823867397948377267e+00,6.019200882254451379e+00,1.302202267334721997e+00,2.202267334721952352e-03,7.996713995234144079e+01,0.000000000000000000e+00
3.360000000000000000e+02,3.359999999999999876e+00,1.196652045112003293e+01,-3.795583689918010428e+00,6.038856465987037403e+00,1.301207176510889463e+00,1.207176510889418353e-03,7.997012390769505430e+01,1.000000000000000000e+00
3.370000000000000000e+02,3.370000000000000107e+00,1.197328399634830909e+01,-3.763760372058264192e+00,6.060941818982385598e+00,1.301402706408137488e+00,1.402706408137444072e-03,7.997441493824570102e+01,1.000000000000000000e+00
3.380000000000000000e+02,3.379999999999999893e+00,1.197868116880319533e+01,-3.704731892410080274e+00,6.101700656928440658e+00,1.302560951539984524e+00,2.560951539984479552e-03,7.998316194706792714e+01,3.000000000000000000e+00
3.390000000000000000e+02,3.390000000000000124e+00,1.198298800338840842e+01,-3.692463787158458910e+00,6.110372384468599982e+00,1.305152284285862052e+00,5.152284285862007707e-03,7.998991974383704928e+01,1.000000000000000000e+00
3.400000000000000000e+02,3.399999999999999911e+00,1.198642477038064946e+01,-3.696957587278340007e+00,6.107529106799773011e+00,1.307557101738318295e+00,7.557101738318250383e-03,7.999348013274735081e+01,0.000000000000000000e+00
3.410000000000000000e+02,3.410000000000000142e+00,1.196457747488669376e+01,-3.725055350521183861e+00,6.088471641022226599e+00,1.309406394729218936e+00,9.406394729218892081e-03,7.999801805960431977e+01,0.000000000000000000e+00
3.420000000000000000e+02,3.419999999999999929e+00,1.192847531286829899e+01,-3.762835491100036567e+00,6.062764641749723182e+00,1.309620322112271529e+00,9.620322112271484372e-03,8.000547678971943810e+01,0.000000000000000000e+00
3.430000000000000000e+02,3.430000000000000160e+00,1.189322808883409621e+01,-3.799743787136541595e+00,6.037657059304715190e+00,1.308065342527690245e+00,8.065342527690200214e-03,8.001482866536802874e+01,0.000000000000000000e+00
3.440000000000000000e+02,3.439999999999999947e+00,1.184225555398423069e+01,-3.847363758526035848e+00,6.005201295109488413e+00,1.305307578393573475e+00,5.307578393573431086e-03,8.002777604858026450e+01,0.000000000000000000e+00
3.450000000000000000e+02,3.450000000000000178e+00,1.180756191445599157e+01,-3.883347419031577097e+00,5.980731510754122127e+00,1.301014071580304909e+00,1.014071580304864995e-03,8.004065391016014530e+01,0.000000000000000000e+00
3.460000000000000000e+02,3.459999999999999964e+00,1.182770398391609135e+01,-3.880806309701317680e+00,5.982675960096752732e+00,1.296361969582993767e+00,3.638030417006277162e-03,8.004552703206761066e+01,0.000000000000000000e+00
3.470000000000000000e+02,3.470000000000000195e+00,1.186251125989263855e+01,-3.863993158973104691e+00,5.994401391638741750e+00,1.293933773772594664e+00,6.066226227405380200e-03,8.004316442519935038e+01,0.000000000000000000e+00
3.480000000000000000e+02,3.479999999999999982e+00,1.189028676294463160e+01,-3.834423761128879615e+00,6.014871881410244647e+00,1.293914533434699754e+00,6.085466565300290398e-03,8.003865169163620408e+01,0.000000000000000000e+00
3.490000000000000000e+02,3.490000000000000213e+00,1.191245105325884701e+01,-3.799167061500982268e+00,6.039245655825873804e+00,1.295824125926578363e+00,4.175874073421681487e-03,8.003445914170035280e+01,0.000000000000000000e+00
3.500000000000000000e+02,3.500000000000000000e+00,1.193013770916615002e+01,-3.769241536338907128e+00,6.059967200867826698e+00,1.299154638423887898e+00,8.453615761121469063e-04,8.003084467860496432e+01,0.000000000000000000e+00
3.510000000000000000e+02,3.510000000000000231e+00,1.194425130327399920e+01,-3.734462653952664191e+00,6.084022737821475957e+00,1.303267336941664079e+00,3.267336941664034100e-03,8.002899559381994266e+01,0.000000000000000000e+00
3.520000000000000000e+02,3.520000000000000018e+00,1.194297850760721502e+01,-3.748014632979950189e+00,6.074905951977467744e+00,1.307990486858763290e+00,7.990486858763246047e-03,8.002633546816039711e+01,0.000000000000000000e+00
3.530000000000000000e+02,3.530000000000000249e+00,1.193451331207771915e+01,-3.766319011671201089e+00,6.062523296159156416e+00,1.311473656448341796e+00,1.147365644834175136e-02,8.002422447503350611e+01,0.000000000000000000e+00
3.540000000000000000e+02,3.540000000000000036e+00,1.188562030267209657e+01,-3.812600413155591728e+00,6.030937238296800729e+00,1.313748650799434925e+00,1.374865079943488055e-02,8.002861759146183829e+01,0.000000000000000000e+00
3.550000000000000000e+02,3.550000000000000266e+00,1.183649453849871058e+01,-3.858770409867865681e+00,5.999433529991964775e+00,1.313352044613167457e+00,1.335204461316741309e-02,8.003763487415633904e+01,0.000000000000000000e+00
3.560000000000000000e+02,3.560000000000000053e+00,1.177825292023907622e+01,-3.911034308783879254e+00,5.963756766131868226e+00,1.311002547253096617e+00,1.100254725309657289e-02,8.005105682961215052e+01,0.000000000000000000e+00
3.570000000000000000e+02,3.570000000000000284e+00,1.171520925066976737e+01,-3.966376120228984892e+00,5.925978968355959609e+00,1.306814954091675141e+00,6.814954091675096137e-03,8.006791916438862700e+01,0.000000000000000000e+00
3.580000000000000000e+02,3.580000000000000071e+00,1.166055844502895589e+01,-4.015593452974015598e+00,5.892407877016960782e+00,1.301055648287736677e+00,1.055648287736632440e-03,8.008565187710294708e+01,0.000000000000000000e+00
3.590000000000000000e+02,3.589999999999999858e+00,1.169630271998063797e+01,-4.001554952306163315e+00,5.902171805045425046e+00,1.294504813401334609e+00,5.495186598665435795e-03,8.009212330236840671e+01,0.000000000000000000e+00
3.600000000000000000e+02,3.600000000000000089e+00,1.173729679051428221e+01,-3.983789682691762479e+00,5.914488914265178643e+00,1.291436512115421653e+00,8.563487884578391274e-03,8.009021326582627864e+01,0.000000000000000000e+00
3.610000000000000000e+02,3.609999999999999876e+00,1.177604410536196511e+01,-3.967338091747419249e+00,5.925904541463010489e+00,1.291120122376590906e+00,8.879877623409138110e-03,8.008263123004682882e+01,0.000000000000000000e+00
3.620000000000000000e+02,3.620000000000000107e+00,1.182128772044035614e+01,-3.922498359652642375e+00,5.956768829587356429e+00,1.292678781867885318e+00,7.321218132114726274e-03,8.007273682988062546e+01,0.000000000000000000e+00
3.630000000000000000e+02,3.629999999999999893e+00,1.185739121126048623e+01,-3.901014834671036713e+00,5.971634481472608336e+00,1.296500093348521343e+00,3.499906651478701392e-03,8.006021311948599362e+01,0.000000000000000000e+00
3.640000000000000000e+02,3.640000000000000124e+00,1.188620106757149841e+01,-3.851367516002111913e+00,6.005806714133117730e+00,1.301049463128244543e+00,1.049463128244498833e-03,8.005045095313839454e+01,0.000000000000000000e+00
3.650000000000000000e+02,3.649999999999999911e+00,1.189924798722872978e+01,-3.853462893671927514e+00,6.004508295321837608e+00,1.306649048096286903e+00,6.649048096286858112e-03,8.004007978552770908e+01,0.000000000000000000e+00
3.660000000000000000e+02,3.660000000000000142e+00,1.186521048371566245e+01,-3.888229264189748235e+00,5.980801781839780062e+00,1.311159373126433936e+00,1.115937312643389134e-02,8.003597705215807423e+01,0.000000000000000000e+00
3.670000000000000000e+02,3.669999999999999929e+00,1.183617006387533266e+01,-3.919257207307465407e+00,5.959660423432723064e+00,1.312729696809426638e+00,1.272969680942659387e-02,8.003586101867139746e+01,0.000000000000000000e+00
3.680000000000000000e+02,3.680000000000000160e+00,1.178633270786770204e+01,-3.964580695728607385e+00,5.928721905342031029e+00,1.312356583411828259e+00,1.235658341182821474e-02,8.004151938909808450e+01,0.000000000000000000e+00
3.690000000000000000e+02,3.689999999999999947e+00,1.174315892520026949e+01,-4.005002523504105127e+00,5.901148262315817128e+00,1.309595570745902160e+00,9.595570745902115561e-03,8.005025540813029750e+01,0.000000000000000000e+00
3.700000000000000000e+02,3.700000000000000178e+00,1.165816875111842066e+01,-4.074384897206589251e+00,5.853742205637662011e+00,1.305353302953806693e+00,5.353302953806649001e-03,8.006650187585250933e+01,0.000000000000000000e+00
3.710000000000000000e+02,3.709999999999999964e+00,1.164889823113005107e+01,-4.090666458716009757e+00,5.842709357181155916e+00,1.298093680244124748e+00,1.906319755875296451e-03,8.007784980331015845e+01,0.000000000000000000e+00
3.720000000000000000e+02,3.720000000000000195e+00,1.167594702618729130e+01,-4.081397981759413263e+00,5.849165289291183178e+00,1.292013850861368107e+00,7.986149138631937205e-03,8.008133238115554775e+01,0.000000000000000000e+00
3.730000000000000000e+02,3.729999999999999982e+00,1.173712934355575577e+01,-4.048088357444482810e+00,5.872077132149930101e+00,1.288399645237118030e+00,1.160035476288201473e-02,8.007511759809310092e+01,0.000000000000000000e+00
3.740000000000000000e+02,3.740000000000000213e+00,1.179023452667580507e+01,-4.004259334557223049e+00,5.902194666903093356e+00,1.288088304626403113e+00,1.191169537359693109e-02,8.006464676374606881e+01,0.000000000000000000e+00
3.750000000000000000e+02,3.750000000000000000e+00,1.183261138997362139e+01,-3.946351194569783782e+00,5.941963953571042012e+00,1.290193706696731946e+00,9.806293303268098782e-03,8.005471611680258093e+01,0.000000000000000000e+00
3.760000000000000000e+02,3.760000000000000231e+00,1.186642727078703174e+01,-3.898563079484378857e+00,5.974817051765141329e+00,1.294093210780422387e+00,5.906789219577657235e-03,8.004561137283509709e+01,0.000000000000000000e+00
3.770000000000000000e+02,3.770000000000000018e+00,1.189341166052702548e+01,-3.850179385290930067e+00,6.008091357287604239e+00,1.298736486335264395e+00,1.263513664735649300e-03,8.003851673024855984e+01,0.000000000000000000e+00
3.780000000000000000e+02,3.780000000000000249e+00,1.189809434929439469e+01,-3.858035903464037908e+00,6.002809942722183045e+00,1.303701237539043323e+00,3.701237539043278346e-03,8.003122092235275886e+01,0.000000000000000000e+00
3.790000000000000000e+02,3.790000000000000036e+00,1.187655499854945873e+01,-3.883982919794735533e+00,5.985120475549732255e+00,1.306752506623976684e+00,6.752506623976639588e-03,8.002760421521628587e+01,0.000000000000000000e+00
3.800000000000000000e+02,3.800000000000000266e+00,1.183741458141110137e+01,-3.921891600707427816e+00,5.959229306515690716e+00,1.307208070468613537e+00,7.208070468613492210e-03,8.002928926634564277e+01,0.000000000000000000e+00
3.810000000000000000e+02,3.810000000000000053e+00,1.179994411026401302e+01,-3.958395646449943683e+00,5.934305004271180906e+00,1.304965009280902200e+00,4.965009280902155098e-03,8.003456582333419078e+01,0.000000000000000000e+00
3.820000000000000000e+02,3.820000000000000284e+00,1.183040065210005842e+01,-3.947208417224659982e+00,5.942062569615866430e+00,1.300809336756758361e+00,8.093367567583165112e-04,8.003294787123900278e+01,0.000000000000000000e+00
3.830000000000000000e+02,3.830000000000000071e+00,1.186466314662529875e+01,-3.910686025438494973e+00,5.967179964044229123e+00,1.298296057754717570e+00,1.703942245282474843e-03,8.002844546751198607e+01,0.000000000000000000e+00
3.840000000000000000e+02,3.839999999999999858e+00,1.187826452838305791e+01,-3.911322780872478422e+00,5.966833592325695435e+00,1.297726397029482781e+00,2.273602970517263344e-03,8.002206050737029841e+01,0.000000000000000000e+00
3.850000000000000000e+02,3.850000000000000089e+00,1.190285755295213654e+01,-3.891293159702154281e+00,5.980650806518414520e+00,1.296997869591718366e+00,3.002130408281677987e-03,8.001421260361597376e+01,0.000000000000000000e+00
3.860000000000000000e+02,3.859999999999999876e+00,1.192248228972948354e+01,-3.836331442366630373e+00,6.018417133753217740e+00,1.296974455491291645e+00,3.025544508708399860e-03,8.001041621036179663e+01,0.000000000000000000e+00
3.870000000000000000e+02,3.870000000000000107e+00,1.193814243321847712e+01,-3.808616249762900807e+00,6.037514956395618526e+00,1.298248598678723775e+00,1.751401321276269130e-03,8.000724789145097304e+01,0.000000000000000000e+00
3.880000000000000000e+02,3.879999999999999893e+00,1.195063891135615819e+01,-3.803406389163725532e+00,6.041177409583225355e+00,1.299610860689005998e+00,3.891393109940466388e-04,8.000261285821810020e+01,0.000000000000000000e+00
3.890000000000000000e+02,3.890000000000000124e+00,1.196061084845592504e+01,-3.794028661391769308e+00,6.047697909211596112e+00,1.300341355186409364e+00,3.413551864093200550e-04,7.999797070859227688e+01,0.000000000000000000e+00
3.900000000000000000e+02,3.899999999999999911e+00,1.196856825280826264e+01,-3.778928831515539155e+00,6.058143800731738970e+00,1.300654799921920679e+00,6.547999219206346311e-04,7.999445823863796079e+01,0.000000000000000000e+00
3.910000000000000000e+02,3.910000000000000142e+00,1.197491810072578566e+01,-3.737730125794047176e+00,6.086500021825052009e+00,1.300765469935414087e+00,7.654699354140426237e-04,7.999519569189347123e+01,1.000000000000000000e+00
3.920000000000000000e+02,3.919999999999999929e+00,1.197998515108421280e+01,-3.680922868285839034e+00,6.125582796475002922e+00,1.301385488738444174e+00,1.385488738444129453e-03,8.000115712837641979e+01,1.000000000000000000e+00
3.930000000000000000e+02,3.930000000000000160e+00,1.198402855490558316e+01,-3.678468478888698101e+00,6.127356920555437902e+00,1.302761344918978548e+00,2.761344918978503316e-03,8.000478598331494595e+01,1.000000000000000000e+00
3.940000000000000000e+02,3.939999999999999947e+00,1.198725510947011230e+01,-3.670531095312234982e+00,6.132895338587458944e+00,1.303225367517567124e+00,3.225367517567079290e-03,8.000756738703742599e+01,1.000000000000000000e+00
3.950000000000000000e+02,3.950000000000000178e+00,1.198982983482968478e+01,-3.672575933196263520e+00,6.131576210655145687e+00,1.303171714498725597e+00,3.171714498725553000e-03,8.000872481935974179e+01,1.000000000000000000e+00
3.960000000000000000e+02,3.959999999999999964e+00,1.196243312340973297e+01,-3.705105618246873789e+00,6.109315647812132433e+00,1.302484312781598152e+00,2.484312781598108089e-03,8.001229943707052428e+01,0.000000000000000000e+00
3.970000000000000000e+02,3.970000000000000195e+00,1.195163859364587289e+01,-3.725753559768459233e+00,6.095216236077200200e+00,1.299785702374979257e+00,2.142976250207873079e-04,8.001504361106279362e+01,0.000000000000000000e+00
3.980000000000000000e+02,3.979999999999999982e+00,1.196140857472751406e+01,-3.713167659891617678e+00,6.103933109768201248e+00,1.296401799393691157e+00,3.598200606308887828e-03,8.001618156775414548e+01,0.000000000000000000e+00
3.990000000000000000e+02,3.990000000000000213e+00,1.196920482225730886e+01,-3.679739151510678319e+00,6.126961487046369115e+00,1.293965063660655668e+00,6.034936339344376677e-03,8.001906510202664435e+01,1.000000000000000000e+00
4.000000000000000000e+02,4.000000000000000000e+00,1.197542607028613482e+01,-3.655137246260481199e+00,6.143934791472651646e+00,1.292753712268587041e+00,7.246287731413003641e-03,8.002255546061100233e+01,1.000000000000000000e+00
4.010000000000000000e+02,4.009999999999999787e+00,1.198039050053136023e+01,-3.623659869104414177e+00,6.165635536833250718e+00,1.292197075971489140e+00,7.802924028510904719e-03,8.002758436775795303e+01,1.000000000000000000e+00
4.020000000000000000e+02,4.020000000000000462e+00,1.198435201557552965e+01,-3.569485784990986676e+00,6.202940032811049775e+00,1.292307856085871176e+00,7.692143914128868332e-03,8.003661434687847986e+01,1.000000000000000000e+00
4.030000000000000000e+02,4.030000000000000249e+00,1.198751322455017032e+01,-3.506430469954123996e+00,6.246371380475594037e+00,1.293521022316944880e+00,6.478977683055164860e-03,8.004976694047149977e+01,3.000000000000000000e+00
4.040000000000000000e+02,4.040000000000000036e+00,1.199003580544912495e+01,-3.414038705597878476e+00,6.310010742571515507e+00,1.295792172775517725e+00,4.207827224482318940e-03,8.006947289673398416e+01,3.000000000000000000e+00
4.050000000000000000e+02,4.049999999999999822e+00,1.199204877404526215e+01,-3.367923826355239569e+00,6.341850317734276210e+00,1.299629413853189863e+00,3.705861468101812051e-04,8.008864415382453217e+01,1.000000000000000000e+00
4.060000000000000000e+02,4.060000000000000497e+00,1.199365508231894673e+01,-3.349909203107728217e+00,6.354353213279235746e+00,1.303420766837144473e+00,3.420766837144428862e-03,8.010425114454986328e+01,1.000000000000000000e+00
4.070000000000000000e+02,4.070000000000000284e+00,1.199493688387067536e+01,-3.353791847588617259e+00,6.351775512577365390e+00,1.306490107310282145e+00,6.490107310282100528e-03,8.011477619965654640e+01,1.000000000000000000e+00
4.080000000000000000e+02,4.080000000000000071e+00,1.198754936179757458e+01,-3.378998652340546638e+00,6.334508140690682687e+00,1.308518814405515318e+00,8.518814405515273691e-03,8.012127156297081854e+01,0.000000000000000000e+00
4.090000000000000000e+02,4.089999999999999858e+00,1.199006464224250834e+01,-3.344817018286797783e+00,6.358135318706700900e+00,1.309081648068390002e+00,9.081648068389958084e-03,8.012938687654228431e+01,1.000000000000000000e+00
4.100000000000000000e+02,4.099999999999999645e+00,1.199207178522381945e+01,-3.361179148734571687e+00,6.346956172867689538e+00,1.310439621184751102e+00,1.043962118475105783e-02,8.013289151250261000e+01,0.000000000000000000e+00
4.110000000000000000e+02,4.110000000000000320e+00,1.197184114991029169e+01,-3.395172807212368582e+00,6.323631589285652055e+00,1.311109212324191642e+00,1.110921232419159743e-02,8.013626791008235273e+01,0.000000000000000000e+00
4.120000000000000000e+02,4.120000000000000107e+00,1.195037905740078976e+01,-3.429595751239373325e+00,6.300012616372644203e+00,1.310319104805751644e+00,1.031910480575159994e-02,8.013976052546806272e+01,0.000000000000000000e+00
4.130000000000000000e+02,4.129999999999999893e+00,1.194064531260935880e+01,-3.455469045235737280e+00,6.282279986842817188e+00,1.308487538711571974e+00,8.487538711571929184e-03,8.014153563466697960e+01,0.000000000000000000e+00
4.140000000000000000e+02,4.139999999999999680e+00,1.188842630055594540e+01,-3.510410489197448580e+00,6.244543563688570664e+00,1.306478707551249174e+00,6.478707551249129892e-03,8.014855210431618104e+01,0.000000000000000000e+00
4.150000000000000000e+02,4.150000000000000355e+00,1.184837416183156122e+01,-3.556506297659423943e+00,6.212902493004162530e+00,1.302555492153520955e+00,2.555492153520910747e-03,8.015732729763989539e+01,0.000000000000000000e+00
4.160000000000000000e+02,4.160000000000000142e+00,1.187900564428983152e+01,-3.550929338367319499e+00,6.216796112218273329e+00,1.297830714863121182e+00,2.169285136878862374e-03,8.015721299378513720e+01,0.000000000000000000e+00
4.170000000000000000e+02,4.169999999999999929e+00,1.190344894847370405e+01,-3.546397473360574981e+00,6.219970627485644776e+00,1.295740614207743224e+00,4.259385792256820125e-03,8.015210149934404171e+01,0.000000000000000000e+00
4.180000000000000000e+02,4.179999999999999716e+00,1.192295421140830847e+01,-3.541231928916206417e+00,6.223580245493909757e+00,1.295435635350030923e+00,4.564364649969121501e-03,8.014457510666106543e+01,0.000000000000000000e+00
4.190000000000000000e+02,4.190000000000000391e+00,1.193851901718440800e+01,-3.516583536971546575e+00,6.240586868767115547e+00,1.296368256965244825e+00,3.631743034755219313e-03,8.013842480013117608e+01,0.000000000000000000e+00
4.200000000000000000e+02,4.200000000000000178e+00,1.194670759847929276e+01,-3.528352138431751328e+00,6.232550654483950403e+00,1.298656847911881851e+00,1.343152088118193532e-03,8.013071219766277409e+01,0.000000000000000000e+00
4.210000000000000000e+02,4.209999999999999964e+00,1.194794207056482982e+01,-3.544576674118019355e+00,6.221448372734230681e+00,1.300829360073053609e+00,8.293600730535644061e-04,8.012298277661948021e+01,0.000000000000000000e+00
4.220000000000000000e+02,4.219999999999999751e+00,1.193695217446921397e+01,-3.568934367114879880e+00,6.204752191326221578e+00,1.302664725959831626e+00,2.664725959831582003e-03,8.011704958644983776e+01,0.000000000000000000e+00
4.230000000000000000e+02,4.230000000000000426e+00,1.194968910891987868e+01,-3.574590170104196218e+00,6.200913706909799039e+00,1.303767192690963972e+00,3.767192690963927504e-03,8.010915044453204814e+01,0.000000000000000000e+00
4.240000000000000000e+02,4.240000000000000213e+00,1.191401933230369004e+01,-3.615456923068010031e+00,6.172867399934646393e+00,1.305472876906324187e+00,5.472876906324142254e-03,8.010692092052769908e+01,0.000000000000000000e+00
4.250000000000000000e+02,4.250000000000000000e+00,1.186104781708730904e+01,-3.668017195934851760e+00,6.136790490666296449e+00,1.305478624917910224e+00,5.478624917910179803e-03,8.011133518322736791e+01,0.000000000000000000e+00
4.260000000000000000e+02,4.259999999999999787e+00,1.179271481196073346e+01,-3.730916694538449097e+00,6.093622534865087204e+00,1.303519766990845596e+00,3.519766990845552002e-03,8.012253233040465261e+01,0.000000000000000000e+00
4.270000000000000000e+02,4.270000000000000462e+00,1.178336671284711379e+01,-3.752446805385122097e+00,6.078874429838059257e+00,1.299475832233888406e+00,5.241677661116384002e-04,8.012992672141736250e+01,0.000000000000000000e+00
4.280000000000000000e+02,4.280000000000000249e+00,1.179169800209902697e+01,-3.761359454998217888e+00,6.072787994117510912e+00,1.296545027439486519e+00,3.454972560513525082e-03,8.013225584484951014e+01,0.000000000000000000e+00
4.290000000000000000e+02,4.290000000000000036e+00,1.183377921379619302e+01,-3.738856986679587990e+00,6.088263736569968110e+00,1.295233008283773080e+00,4.766991716226964826e-03,8.012731814948000419e+01,0.000000000000000000e+00
4.300000000000000000e+02,4.299999999999999822e+00,1.186735917060504342e+01,-3.713275889323880641e+00,6.105856385183503932e+00,1.296823324030760283e+00,3.176675969239761699e-03,8.011934223941867117e+01,0.000000000000000000e+00
4.310000000000000000e+02,4.310000000000000497e+00,1.189244783205577782e+01,-3.710098287693318841e+00,6.108070425906158896e+00,1.300388650767520415e+00,3.886507675203709766e-04,8.010836106457503547e+01,0.000000000000000000e+00
4.320000000000000000e+02,4.320000000000000284e+00,1.191363213456906145e+01,-3.709324607872030999e+00,6.108633324093570849e+00,1.304570548759810489e+00,4.570548759810444395e-03,8.009570431599981077e+01,0.000000000000000000e+00
4.330000000000000000e+02,4.330000000000000071e+00,1.186469575110590746e+01,-3.757136739510101187e+00,6.075833215926109254e+00,1.309030327373587044e+00,9.030327373586999329e-03,8.009189294889365840e+01,0.000000000000000000e+00
4.340000000000000000e+02,4.339999999999999858e+00,1.180292335845057750e+01,-3.813591014811153812e+00,6.037110624093034339e+00,1.310573982867016651e+00,1.057398286701660695e-02,8.009632376285512123e+01,0.000000000000000000e+00
4.350000000000000000e+02,4.350000000000000533e+00,1.173431106512821920e+01,-3.874500863604631640e+00,5.995345033608770358e+00,1.309423611186094849e+00,9.423611186094804637e-03,8.010737012861356732e+01,0.000000000000000000e+00
4.360000000000000000e+02,4.360000000000000320e+00,1.166400232518049584e+01,-3.936280417810415155e+00,5.952999162527823351e+00,1.305992949815947268e+00,5.992949815947223868e-03,8.012290486977491355e+01,0.000000000000000000e+00
4.370000000000000000e+02,4.370000000000000107e+00,1.157644320673124660e+01,-4.009756236463240420e+00,5.902652204563894500e+00,1.300801208777660145e+00,8.012087776601006794e-04,8.014320517473618111e+01,0.000000000000000000e+00
4.380000000000000000e+02,4.379999999999999893e+00,1.158951061903077751e+01,-4.012937214385925877e+00,5.900487851753578816e+00,1.293517204352161221e+00,6.482795647838823783e-03,8.015409999916199979e+01,0.000000000000000000e+00
4.390000000000000000e+02,4.389999999999999680e+00,1.164441256601466534e+01,-3.986753182472482671e+00,5.918440634274377388e+00,1.289220715912363424e+00,1.077928408763662027e-02,8.015382462349144532e+01,0.000000000000000000e+00
4.400000000000000000e+02,4.400000000000000355e+00,1.168800173975700041e+01,-3.968359517135075620e+00,5.931058676223300630e+00,1.288980160482910531e+00,1.101983951708951359e-02,8.014708686946721627e+01,0.000000000000000000e+00
4.410000000000000000e+02,4.410000000000000142e+00,1.174020741650435262e+01,-3.943681269158243463e+00,5.947984613997191694e+00,1.291149236143723122e+00,8.850763856276921970e-03,8.013459323696349657e+01,0.000000000000000000e+00
4.420000000000000000e+02,4.419999999999999929e+00,1.179269076670549410e+01,-3.915961051067757825e+00,5.966998352660104921e+00,1.295429155815130073e+00,4.570844184869971016e-03,8.011794473824076590e+01,0.000000000000000000e+00
4.430000000000000000e+02,4.429999999999999716e+00,1.183457141989630301e+01,-3.892316097125190222e+00,5.983222826347207146e+00,1.301286854838955120e+00,1.286854838955076019e-03,8.009966423691429327e+01,0.000000000000000000e+00
4.440000000000000000e+02,4.440000000000000391e+00,1.181754418060214640e+01,-3.915340021924508029e+00,5.967454642983880397e+00,1.307851742942502060e+00,7.851742942502015765e-03,8.008706491951457451e+01,0.000000000000000000e+00
4.450000000000000000e+02,4.450000000000000178e+00,1.176638415056799580e+01,-3.961959204891841502e+00,5.935514173017149453e+00,1.312075040172626439e+00,1.207504017262639451e-02,8.008330540432106659e+01,0.000000000000000000e+00
4.460000000000000000e+02,4.459999999999999964e+00,1.170795076367905629e+01,-4.013399121500246025e+00,5.900279709653709403e+00,1.313026779902811692e+00,1.302677990281164710e-02,8.008692745467988061e+01,0.000000000000000000e+00
4.470000000000000000e+02,4.469999999999999751e+00,1.161290932370248363e+01,-4.090120839108900341e+00,5.847739306880017196e+00,1.311236410044945622e+00,1.123641004494557727e-02,8.010020072585236051e+01,0.000000000000000000e+00
4.480000000000000000e+02,4.480000000000000426e+00,1.156740194418833489e+01,-4.132015660900432152e+00,5.819067192664797439e+00,1.305747498984139554e+00,5.747498984139509659e-03,8.011367881844527972e+01,0.000000000000000000e+00
4.490000000000000000e+02,4.490000000000000213e+00,1.157117710209503869e+01,-4.139339166000496562e+00,5.814063816856353206e+00,1.299762682522452861e+00,2.373174775471831310e-04,8.012141592368149645e+01,0.000000000000000000e+00
4.500000000000000000e+02,4.500000000000000000e+00,1.162196580968381099e+01,-4.113686925702589647e+00,5.831628619371191924e+00,1.295617778513475482e+00,4.382221486524562337e-03,8.011992061444587421e+01,0.000000000000000000e+00
4.510000000000000000e+02,4.509999999999999787e+00,1.165314649107669887e+01,-4.101471151270845716e+00,5.839998872152055931e+00,1.294920777152923419e+00,5.079222847076625413e-03,8.011416747722077503e+01,0.000000000000000000e+00
4.520000000000000000e+02,4.520000000000000462e+00,1.172321790702079980e+01,-4.060710147857291119e+00,5.867909028444904251e+00,1.295795077931852335e+00,4.204922068147709524e-03,8.010088805782095278e+01,0.000000000000000000e+00
4.530000000000000000e+02,4.530000000000000249e+00,1.177094035564649310e+01,-4.036523816308870138e+00,5.884478336620404093e+00,1.299576946911103370e+00,4.230530888966743674e-04,8.008429912149213692e+01,0.000000000000000000e+00
4.540000000000000000e+02,4.540000000000000036e+00,1.176527005358254918e+01,-4.049441281882247168e+00,5.875642518668274583e+00,1.304368685841069908e+00,4.368685841069863685e-03,8.007167916081563419e+01,0.000000000000000000e+00
4.550000000000000000e+02,4.549999999999999822e+00,1.174089086652097258e+01,-4.075244637929460900e+00,5.857983981686706976e+00,1.307418525802509501e+00,7.418525802509456923e-03,8.006446787211400817e+01,0.000000000000000000e+00
4.560000000000000000e+02,4.560000000000000497e+00,1.167004999723970471e+01,-4.133332046737317356e+00,5.818227138978622648e+00,1.308320221660961735e+00,8.320221660961690802e-03,8.006706406097279682e+01,0.000000000000000000e+00
4.570000000000000000e+02,4.570000000000000284e+00,1.160313878757363959e+01,-4.188441181231222998e+00,5.780522904155684927e+00,1.305513496556665487e+00,5.513496556665442583e-03,8.007602737470007526e+01,0.000000000000000000e+00
4.580000000000000000e+02,4.580000000000000071e+00,1.153863065906921470e+01,-4.241648146053973889e+00,5.744132429059706446e+00,1.300154639725180861e+00,1.546397251808162565e-04,8.008884915141385363e+01,0.000000000000000000e+00
4.590000000000000000e+02,4.589999999999999858e+00,1.156776549409247856e+01,-4.229331337685653835e+00,5.752561567100862305e+00,1.293009902576003345e+00,6.990097423996699533e-03,8.009354132124425973e+01,0.000000000000000000e+00
4.600000000000000000e+02,4.600000000000000533e+00,1.159635371110637792e+01,-4.217243443693915239e+00,5.760834445914402302e+00,1.288825950189576464e+00,1.117404981042358081e-02,8.009275149383732639e+01,0.000000000000000000e+00
4.610000000000000000e+02,4.610000000000000320e+00,1.165180884502369629e+01,-4.186219423620514135e+00,5.782058223363721439e+00,1.286747361486187957e+00,1.325263851381208724e-02,8.008506555917898595e+01,0.000000000000000000e+00
4.620000000000000000e+02,4.620000000000000107e+00,1.171429004580372002e+01,-4.150086563492502378e+00,5.806780054175208150e+00,1.287409642193250603e+00,1.259035780674944149e-02,8.007139541588838938e+01,0.000000000000000000e+00
4.630000000000000000e+02,4.629999999999999893e+00,1.177200922846963493e+01,-4.114956915622021150e+00,5.830820879138626900e+00,1.290359412323940580e+00,9.640587676059464428e-03,8.005379016688303295e+01,0.000000000000000000e+00
4.640000000000000000e+02,4.639999999999999680e+00,1.181806797019294031e+01,-4.062593057348476755e+00,5.866660939532565067e+00,1.294782655776897773e+00,5.217344223102271528e-03,8.003726459350291123e+01,0.000000000000000000e+00
4.650000000000000000e+02,4.650000000000000355e+00,1.185482191560850751e+01,-4.026463980198970560e+00,5.891402459373095368e+00,1.300405089010510773e+00,4.050890105107285422e-04,8.002131691181331519e+01,0.000000000000000000e+00
4.660000000000000000e+02,4.660000000000000142e+00,1.184801233878942561e+01,-4.039159998674616503e+00,5.882717573517847853e+00,1.306181738961989192e+00,6.181738961989147185e-03,8.000934079211567962e+01,0.000000000000000000e+00
4.670000000000000000e+02,4.669999999999999929e+00,1.187871691681176323e+01,-4.004596904410248293e+00,5.906391473063197672e+00,1.309574890358494059e+00,9.574890358494014819e-03,7.999780116806986996e+01,0.000000000000000000e+00
4.680000000000000000e+02,4.679999999999999716e+00,1.184588345925166664e+01,-4.035644292065385663e+00,5.885136773403374377e+00,1.313510322831412891e+00,1.351032283141284651e-02,7.999284940602419169e+01,0.000000000000000000e+00
4.690000000000000000e+02,4.690000000000000391e+00,1.180737138625869598e+01,-4.070484865361923887e+00,5.861288833300200452e+00,1.314378505866131253e+00,1.437850586613120818e-02,7.999364943213906542e+01,0.000000000000000000e+00
4.700000000000000000e+02,4.700000000000000178e+00,1.176667668475072404e+01,-4.106668557317838086e+00,5.836526717395399189e+00,1.312773423847056753e+00,1.277342384705670852e-02,7.999890335413381592e+01,0.000000000000000000e+00
4.710000000000000000e+02,4.709999999999999964e+00,1.172067030297230872e+01,-4.146386500755078863e+00,5.809351546881322825e+00,1.309280628723647588e+00,9.280628723647543765e-03,8.000795654143169600e+01,0.000000000000000000e+00
4.720000000000000000e+02,4.719999999999999751e+00,1.171876083857267048e+01,-4.155071575781651205e+00,5.803415113805995063e+00,1.304181327032878812e+00,4.181327032878767724e-03,8.001377304403831658e+01,0.000000000000000000e+00
4.730000000000000000e+02,4.730000000000000426e+00,1.173255022583419915e+01,-4.152612634070066200e+00,5.805102757329457575e+00,1.299929294621406051e+00,7.070537859399372849e-05,8.001528695448033091e+01,0.000000000000000000e+00
4.740000000000000000e+02,4.740000000000000213e+00,1.171245201173820405e+01,-4.173710163521272776e+00,5.790674683439931414e+00,1.297022494973186779e+00,2.977505026813265232e-03,8.001814332379980499e+01,0.000000000000000000e+00
4.750000000000000000e+02,4.750000000000000000e+00,1.172418976224308373e+01,-4.172373710893546139e+00,5.791593776230778978e+00,1.293564146268824100e+00,6.435853731175944503e-03,8.001788157143600699e+01,0.000000000000000000e+00
4.760000000000000000e+02,4.759999999999999787e+00,1.169997893485974316e+01,-4.196046389893089312e+00,5.775406040215143477e+00,1.291176500500815116e+00,8.823499499184928041e-03,8.001998366774498095e+01,0.000000000000000000e+00
4.770000000000000000e+02,4.770000000000000462e+00,1.175742216995288203e+01,-4.162428577230941507e+00,5.798401942747031690e+00,1.287945068561719086e+00,1.205493143828095803e-02,8.001343511988615376e+01,0.000000000000000000e+00
4.780000000000000000e+02,4.780000000000000249e+00,1.180642779218462302e+01,-4.115461630028402595e+00,5.830534043275864775e+00,1.287855241234860282e+00,1.214475876513976260e-02,8.000378783881679112e+01,0.000000000000000000e+00
4.790000000000000000e+02,4.790000000000000036e+00,1.184553328871298206e+01,-4.065210479246612607e+00,5.864925192760264139e+00,1.290201365708983694e+00,9.798634291016350417e-03,7.999413931922964593e+01,0.000000000000000000e+00
4.800000000000000000e+02,4.799999999999999822e+00,1.187673868493258134e+01,-4.010306946342776513e+00,5.902515845878389733e+00,1.294154834058191872e+00,5.845165941808172505e-03,7.998655031246462954e+01,0.000000000000000000e+00
4.810000000000000000e+02,4.810000000000000497e+00,1.190163996070377728e+01,-3.975434638053492620e+00,5.926406808142165694e+00,1.299205269816574804e+00,7.947301834252407104e-04,7.997939617520583511e+01,0.000000000000000000e+00
4.820000000000000000e+02,4.820000000000000284e+00,1.190780796900644667e+01,-3.979322519573986749e+00,5.923752877275511253e+00,1.304357580622767410e+00,4.357580622767365242e-03,7.997217928293960654e+01,0.000000000000000000e+00
4.830000000000000000e+02,4.830000000000000071e+00,1.189393422707581038e+01,-3.997081563258999992e+00,5.911596494023775072e+00,1.308064645135114556e+00,8.064645135114512087e-03,7.996789211844385648e+01,0.000000000000000000e+00
4.840000000000000000e+02,4.839999999999999858e+00,1.184886925526650714e+01,-4.036530613132580214e+00,5.884584948828240236e+00,1.309852355647416866e+00,9.852355647416821682e-03,7.997034335050108211e+01,0.000000000000000000e+00
4.850000000000000000e+02,4.850000000000000533e+00,1.181007576193948516e+01,-4.071397965057655277e+00,5.860717578968182906e+00,1.308872832465916902e+00,8.872832465916857814e-03,7.997675199683811798e+01,0.000000000000000000e+00
4.860000000000000000e+02,4.860000000000000320e+00,1.177108941716043944e+01,-4.106220925440273284e+00,5.836885904958538873e+00,1.306199578039128451e+00,6.199578039128406104e-03,7.998592293745116422e+01,0.000000000000000000e+00
4.870000000000000000e+02,4.870000000000000107e+00,1.176396938025556693e+01,-4.118560848869529778e+00,5.828446072511087372e+00,1.302314221158612506e+00,2.314221158612461693e-03,7.999256765317488771e+01,0.000000000000000000e+00
4.880000000000000000e+02,4.879999999999999893e+00,1.181165233373929091e+01,-4.086955048557107339e+00,5.850078640508153960e+00,1.299018855651498550e+00,9.811443485014947896e-04,7.999059395902594360e+01,0.000000000000000000e+00
4.890000000000000000e+02,4.889999999999999680e+00,1.184970236732731230e+01,-4.046722883128648363e+00,5.877620603644579056e+00,1.298814532554887213e+00,1.185467445112831086e-03,7.998549328356253341e+01,0.000000000000000000e+00
4.900000000000000000e+02,4.900000000000000355e+00,1.188006552544300654e+01,-4.008254794150627909e+00,5.903964345767847455e+00,1.300853466537492675e+00,8.534665374926309056e-04,7.997950486193893482e+01,0.000000000000000000e+00
4.910000000000000000e+02,4.910000000000000142e+00,1.186063360661283284e+01,-4.029701320890335836e+00,5.889283735148673316e+00,1.304284372599997299e+00,4.284372599997254838e-03,7.997693090414219341e+01,0.000000000000000000e+00
4.920000000000000000e+02,4.919999999999999929e+00,1.182909497101018204e+01,-4.059460034868573430e+00,5.868913050044971769e+00,1.305808282894670880e+00,5.808282894670835361e-03,7.997862611415543199e+01,0.000000000000000000e+00
4.930000000000000000e+02,4.929999999999999716e+00,1.178053049920345074e+01,-4.100971999389298794e+00,5.840499911250842224e+00,1.305424707584488697e+00,5.424707584488652756e-03,7.998576837617507351e+01,0.000000000000000000e+00
4.940000000000000000e+02,4.940000000000000391e+00,1.181311812244571691e+01,-4.085483622066343301e+00,5.851104734122006157e+00,1.302903746951828090e+00,2.903746951828045653e-03,7.998551899756118644e+01,0.000000000000000000e+00
4.950000000000000000e+02,4.950000000000000178e+00,1.185087203710314796e+01,-4.051126783042516166e+00,5.874625259258585253e+00,1.302525537645702780e+00,2.525537645702735645e-03,7.998100776922919408e+01,0.000000000000000000e+00
4.960000000000000000e+02,4.959999999999999964e+00,1.185287668354977519e+01,-4.057064047308144517e+00,5.870566192623987156e+00,1.304358792683218748e+00,4.358792683218704056e-03,7.997657959751387580e+01,0.000000000000000000e+00
4.970000000000000000e+02,4.969999999999999751e+00,1.181877617829129257e+01,-4.088150795796867243e+00,5.849289926173690368e+00,1.305766992396547588e+00,5.766992396547543365e-03,7.997731294236429278e+01,0.000000000000000000e+00
4.980000000000000000e+02,4.980000000000000426e+00,1.176961332749580613e+01,-4.129625936390529439e+00,5.820907735524966320e+00,1.305238329402839348e+00,5.238329402839303484e-03,7.998384046488321530e+01,0.000000000000000000e+00
4.990000000000000000e+02,4.990000000000000213e+00,1.170984655463563406e+01,-4.178351326518657594e+00,5.787572419460123463e+00,1.302624402628805633e+00,2.624402628805588833e-03,7.999577359283699707e+01,0.000000000000000000e+00
5.000000000000000000e+02,5.000000000000000000e+00,1.170550274557497339e+01,-4.188161031960468073e+00,5.780865848450567057e+00,1.298010574270569206e+00,1.989425729430838174e-03,8.000397116981430656e+01,0.000000000000000000e+00
5.010000000000000000e+02,5.009999999999999787e+00,1.167281652702068584e+01,-4.217656337721889415e+00,5.760695716393549048e+00,1.294458375042308207e+00,5.541624957691837494e-03,8.001321594995454234e+01,0.000000000000000000e+00
5.020000000000000000e+02,5.020000000000000462e+00,1.171254458758254735e+01,-4.196343087641240643e+00,5.775272784771487089e+00,1.290379476587266705e+00,9.620523412733339441e-03,8.001396126466296721e+01,0.000000000000000000e+00
5.030000000000000000e+02,5.030000000000000249e+00,1.177061638807092159e+01,-4.158786317383912134e+00,5.800960391242651504e+00,1.289217245456430350e+00,1.078275454356969476e-02,8.000671733617927828e+01,0.000000000000000000e+00
5.040000000000000000e+02,5.040000000000000036e+00,1.181695651169295758e+01,-4.110238654078914422e+00,5.834172714767911216e+00,1.291090407167423404e+00,8.909592832576640475e-03,7.999724613214000613e+01,0.000000000000000000e+00
5.050000000000000000e+02,5.049999999999999822e+00,1.185393499417922847e+01,-4.067280393049570009e+00,5.863573122370000945e+00,1.295130618376841181e+00,4.869381623158863803e-03,7.998728238773115606e+01,0.000000000000000000e+00
5.060000000000000000e+02,5.060000000000000497e+00,1.185969550830952102e+01,-4.070239799711505846e+00,5.861552488698529295e+00,1.300312740294396807e+00,3.127402943967627635e-04,7.997827198767129175e+01,0.000000000000000000e+00
5.070000000000000000e+02,5.070000000000000284e+00,1.185927402901834782e+01,-4.077381363179836349e+00,5.856668993831515735e+00,1.304219734799151764e+00,4.219734799151719784e-03,7.997088498584444949e+01,0.000000000000000000e+00
5.080000000000000000e+02,5.080000000000000071e+00,1.179929672418025888e+01,-4.126143157658484384e+00,5.823298025187439997e+00,1.306901603781599697e+00,6.901603781599652265e-03,7.997303903290787730e+01,0.000000000000000000e+00
5.090000000000000000e+02,5.089999999999999858e+00,1.172440033474386745e+01,-4.185178234729555413e+00,5.782908843324772619e+00,1.305966441901260433e+00,5.966441901260388647e-03,7.998403558314295481e+01,0.000000000000000000e+00
5.100000000000000000e+02,5.100000000000000533e+00,1.175596618123693204e+01,-4.169480990560929357e+00,5.793647863767407813e+00,1.301699450048708906e+00,1.699450048708861516e-03,7.998687412843889888e+01,0.000000000000000000e+00
5.110000000000000000e+02,5.110000000000000320e+00,1.171178261892573857e+01,-4.206694835948829869e+00,5.768196621349376052e+00,1.299827980154017126e+00,1.720198459829180848e-04,7.999401555620866588e+01,0.000000000000000000e+00
5.120000000000000000e+02,5.120000000000000107e+00,1.175825530086888016e+01,-4.180284425700235396e+00,5.786259577470421078e+00,1.296212042284657917e+00,3.787957715342127329e-03,7.999231774305162901e+01,0.000000000000000000e+00
5.130000000000000000e+02,5.129999999999999893e+00,1.178152054708500707e+01,-4.169977581960092827e+00,5.793311693726181488e+00,1.295432850748978071e+00,4.567149251021973555e-03,7.998733083969018764e+01,0.000000000000000000e+00
5.140000000000000000e+02,5.139999999999999680e+00,1.177024400291327488e+01,-4.183747134820256619e+00,5.783896641599353572e+00,1.295619101114689808e+00,4.380898885310235968e-03,7.998451551742796539e+01,0.000000000000000000e+00
5.150000000000000000e+02,5.150000000000000355e+00,1.180262110527366737e+01,-4.166789877590327151e+00,5.795496450014408829e+00,1.294892160152037786e+00,5.107839847962258872e-03,7.997750683950988559e+01,0.000000000000000000e+00
5.160000000000000000e+02,5.160000000000000142e+00,1.184249562946080481e+01,-4.128931066393190186e+00,5.821393577404535336e+00,1.295459063596565930e+00,4.540936403434114865e-03,7.996816176920981434e+01,0.000000000000000000e+00
5.170000000000000000e+02,5.169999999999999929e+00,1.187431469421619745e+01,-4.095305097339926981e+00,5.844402615765024400e+00,1.297689163652554045e+00,2.310836347445999195e-03,7.995821431580097283e+01,0.000000000000000000e+00
5.180000000000000000e+02,5.179999999999999716e+00,1.189970566508161198e+01,-4.074911452729277350e+00,5.858362916059507874e+00,1.300749993336634658e+00,7.499933366346134278e-04,7.994757945238765728e+01,0.000000000000000000e+00
5.190000000000000000e+02,5.190000000000000391e+00,1.190523529148104842e+01,-4.077162981522366003e+00,5.856826360859334279e+00,1.303837841115884633e+00,3.837841115884588206e-03,7.993820252897488388e+01,0.000000000000000000e+00
5.200000000000000000e+02,5.200000000000000178e+00,1.188946837788507516e+01,-4.094171181450219521e+00,5.845189723732316267e+00,1.305764595855547272e+00,5.764595855547227643e-03,7.993290352988636016e+01,0.000000000000000000e+00
5.210000000000000000e+02,5.209999999999999964e+00,1.185945037826118131e+01,-4.121056041516525603e+00,5.826795239726472175e+00,1.305850691785666040e+00,5.850691785665995681e-03,7.993272378826959823e+01,0.000000000000000000e+00
5.220000000000000000e+02,5.219999999999999751e+00,1.181991763954885499e+01,-4.154485457631669654e+00,5.803926200344639241e+00,1.303922295500665740e+00,3.922295500665695656e-03,7.993762171189344201e+01,0.000000000000000000e+00
5.230000000000000000e+02,5.230000000000000426e+00,1.185194966975712738e+01,-4.137571233369099488e+00,5.815498665233385545e+00,1.300066299031978012e+00,6.629903197796771508e-05,7.993590645429486585e+01,0.000000000000000000e+00
5.240000000000000000e+02,5.240000000000000213e+00,1.188185882738195076e+01,-4.118301002020064772e+00,5.828684295383077085e+00,1.298028358089921008e+00,1.971641910079036109e-03,7.993015800374737978e+01,0.000000000000000000e+00
5.250000000000000000e+02,5.250000000000000000e+00,1.186113315373122923e+01,-4.138259377185828036e+00,5.815032020535559454e+00,1.297283290423866475e+00,2.716709576133569115e-03,7.992833871162656578e+01,0.000000000000000000e+00
5.260000000000000000e+02,5.259999999999999787e+00,1.188918706206835552e+01,-4.107610180786614329e+00,5.836001508932042725e+00,1.295044169632215247e+00,4.955830367784797019e-03,7.992423240746126112e+01,0.000000000000000000e+00
5.270000000000000000e+02,5.270000000000000462e+00,1.191157351417575860e+01,-4.065985380422673323e+00,5.864486717925529113e+00,1.294351436950361922e+00,5.648563049638122280e-03,7.992098654272670899e+01,0.000000000000000000e+00
5.280000000000000000e+02,5.280000000000000249e+00,1.192943745070590822e+01,-4.040864864307113891e+00,5.881685917732951019e+00,1.294899407540524905e+00,5.100592459475139506e-03,7.991741513986761447e+01,0.000000000000000000e+00
5.290000000000000000e+02,5.290000000000000036e+00,1.194369251116936148e+01,-3.967413350248934822e+00,5.931978629650470403e+00,1.295754185129923242e+00,4.245814870076802805e-03,7.992007144652913553e+01,3.000000000000000000e+00
5.300000000000000000e+02,5.299999999999999822e+00,1.195506776143817795e+01,-3.960315998430221640e+00,5.936848923073482887e+00,1.298019479458498049e+00,1.980520541501995524e-03,7.992011738345722449e+01,0.000000000000000000e+00
5.310000000000000000e+02,5.310000000000000497e+00,1.196414498134965676e+01,-3.915235722488642267e+00,5.967742639070464428e+00,1.299418773231526325e+00,5.812267684737193463e-04,7.992325603911484677e+01,1.000000000000000000e+00
5.320000000000000000e+02,5.320000000000000284e+00,1.197138841946083687e+01,-3.904244266752107784e+00,5.975286337600138609e+00,1.301140508764573767e+00,1.140508764573722189e-03,7.992506882439398908e+01,0.000000000000000000e+00
5.330000000000000000e+02,5.330000000000000071e+00,1.197716853674147508e+01,-3.905291815360895313e+00,5.974578736305963034e+00,1.302120099427436895e+00,2.120099427436850092e-03,7.992485447595348091e+01,0.000000000000000000e+00
5.340000000000000000e+02,5.339999999999999858e+00,1.195877931689191165e+01,-3.926743599412388708e+00,5.959884575894366598e+00,1.302196695959084938e+00,2.196695959084893346e-03,7.992654818953599261e+01,0.000000000000000000e+00
5.350000000000000000e+02,5.350000000000000533e+00,1.196710672762081806e+01,-3.912591907905367705e+00,5.969592150943551445e+00,1.300443188210900214e+00,4.431882109001694658e-04,7.992744966668755069e+01,0.000000000000000000e+00
5.360000000000000000e+02,5.360000000000000320e+00,1.197375183315196523e+01,-3.874435825699123814e+00,5.995754445437579072e+00,1.299018326098861698e+00,9.816739011383468494e-04,7.993099147509238378e+01,1.000000000000000000e+00
5.370000000000000000e+02,5.370000000000000107e+00,1.197859752512484199e+01,-3.880310580793317587e+00,5.991737741130405581e+00,1.298437872656776459e+00,1.562127343223584930e-03,7.993170328149727766e+01,0.000000000000000000e+00
5.380000000000000000e+02,5.379999999999999893e+00,1.198292125742285386e+01,-3.820712896045971085e+00,6.032609555761474063e+00,1.297255507739160318e+00,2.744492260839725972e-03,7.993817498007030053e+01,1.000000000000000000e+00
5.390000000000000000e+02,5.389999999999999680e+00,1.198637150844854027e+01,-3.779129481479456487e+00,6.061149347552248656e+00,1.297389996396999479e+00,2.610003603000565775e-03,7.994691419684085076e+01,1.000000000000000000e+00
5.400000000000000000e+02,5.400000000000000355e+00,1.198912473906499621e+01,-3.713625900237612409e+00,6.106117212162675223e+00,1.297992432111861438e+00,2.007567888138606094e-03,7.996026848543641563e+01,3.000000000000000000e+00
5.410000000000000000e+02,5.410000000000000142e+00,1.199132176147610807e+01,-3.651813725417018652e+00,6.148581340337560874e+00,1.299574899541424022e+00,4.251004585760220778e-04,7.997666135345110661e+01,3.000000000000000000e+00
5.420000000000000000e+02,5.419999999999999929e+00,1.199307494097588389e+01,-3.650923348059870843e+00,6.149218933226790362e+00,1.301778095313964601e+00,1.778095313964556112e-03,7.998821887662894881e+01,1.000000000000000000e+00
5.430000000000000000e+02,5.429999999999999716e+00,1.199447394279893686e+01,-3.637996469663682397e+00,6.158125437953509973e+00,1.302833877944799656e+00,2.833877944799612081e-03,7.999777856844163182e+01,1.000000000000000000e+00
5.440000000000000000e+02,5.440000000000000391e+00,1.199559031799107167e+01,-3.639743064807976936e+00,6.156951301985082559e+00,1.303408019331312895e+00,3.408019331312850397e-03,8.000422774602101583e+01,1.000000000000000000e+00
5.450000000000000000e+02,5.450000000000000178e+00,1.199648116284136101e+01,-3.594876155585679189e+00,6.187804338148102268e+00,1.303280293071658935e+00,3.280293071658890725e-03,8.001393855848938585e+01,1.000000000000000000e+00
5.460000000000000000e+02,5.459999999999999964e+00,1.199719203903502596e+01,-3.582631551316233676e+00,6.196249571559026670e+00,1.303914080078813820e+00,3.914080078813775287e-03,8.002223787768781449e+01,1.000000000000000000e+00
5.470000000000000000e+02,5.469999999999999751e+00,1.199775930387643541e+01,-3.596644436682673973e+00,6.186645801480143092e+00,1.304281431943884462e+00,4.281431943884417279e-03,8.002647877616453798e+01,0.000000000000000000e+00
5.480000000000000000e+02,5.480000000000000426e+00,1.198582244785489515e+01,-3.619783431551025554e+00,6.170768467683955372e+00,1.303812886400836701e+00,3.812886400836656975e-03,8.002971957770756717e+01,0.000000000000000000e+00
5.490000000000000000e+02,5.490000000000000213e+00,1.196349213388300470e+01,-3.649853417745961170e+00,6.150128736134782059e+00,1.302233117594803868e+00,2.233117594803823991e-03,8.003390470864368922e+01,0.000000000000000000e+00
5.500000000000000000e+02,5.500000000000000000e+00,1.197086746037128613e+01,-3.648744319194320518e+00,6.150912422777794930e+00,1.299455417748170749e+00,5.445822518292953163e-04,8.003529184153107678e+01,0.000000000000000000e+00
5.510000000000000000e+02,5.509999999999999787e+00,1.197675282191243973e+01,-3.639561700054742666e+00,6.157242558726943038e+00,1.297451494349068035e+00,2.548505650932009203e-03,8.003596379111989734e+01,1.000000000000000000e+00
5.520000000000000000e+02,5.520000000000000462e+00,1.198144922152608771e+01,-3.611654989005798289e+00,6.176438713441815054e+00,1.296244588008456766e+00,3.755411991543278205e-03,8.003859002140059431e+01,1.000000000000000000e+00
5.530000000000000000e+02,5.530000000000000249e+00,1.198519685354101938e+01,-3.548173534113570504e+00,6.220090671913547808e+00,1.296140991406651732e+00,3.859008593348312033e-03,8.004701092694548947e+01,3.000000000000000000e+00
5.540000000000000000e+02,5.540000000000000036e+00,1.198818738817919716e+01,-3.503051654129653691e+00,6.251147403531434499e+00,1.297811903254994403e+00,2.188096745005640997e-03,8.005766620535601419e+01,1.000000000000000000e+00
5.550000000000000000e+02,5.549999999999999822e+00,1.199057377440562178e+01,-3.494959716302267427e+00,6.256746883471310028e+00,1.300327872500327553e+00,3.278725003275084759e-04,8.006576371938683678e+01,1.000000000000000000e+00
5.560000000000000000e+02,5.560000000000000497e+00,1.199247806240448533e+01,-3.500876877026193323e+00,6.252709238361047639e+00,1.302532420177415551e+00,2.532420177415506402e-03,8.007048970043146596e+01,1.000000000000000000e+00
5.570000000000000000e+02,5.570000000000000284e+00,1.199399764575711380e+01,-3.507801369173168649e+00,6.247977550567796357e+00,1.304198503678781984e+00,4.198503678781939641e-03,8.007274666218698655e+01,1.000000000000000000e+00
5.580000000000000000e+02,5.580000000000000071e+00,1.199521024257385804e+01,-3.521402988814423374e+00,6.238651716121499824e+00,1.305504761198106767e+00,5.504761198106722375e-03,8.007250846428667046e+01,0.000000000000000000e+00
5.590000000000000000e+02,5.589999999999999858e+00,1.198917508740358429e+01,-3.542072231709440189e+00,6.224463877088890484e+00,1.306433159646677389e+00,6.433159646677344412e-03,8.007136857200862323e+01,0.000000000000000000e+00
5.600000000000000000e+02,5.600000000000000533e+00,1.194834708618529184e+01,-3.586595491188517393e+00,6.193872104391311417e+00,1.306781599124932303e+00,6.781599124932258249e-03,8.007507410022034833e+01,0.000000000000000000e+00
5.610000000000000000e+02,5.610000000000000320e+00,1.188236681031762210e+01,-3.648278027182434435e+00,6.151492533961311793e+00,1.305256357938579637e+00,5.256357938579592215e-03,8.008605033112658589e+01,0.000000000000000000e+00
5.620000000000000000e+02,5.620000000000000107e+00,1.190613109106153722e+01,-3.640336075559061690e+00,6.156964682228729835e+00,1.301330191537994230e+00,1.330191537994185325e-03,8.008922589639328748e+01,0.000000000000000000e+00
5.630000000000000000e+02,5.629999999999999893e+00,1.192509450700870133e+01,-3.635538529869777324e+00,6.160277046655188826e+00,1.299847904309139324e+00,1.520956908607207225e-04,8.008765755231141270e+01,0.000000000000000000e+00
5.640000000000000000e+02,5.639999999999999680e+00,1.194022692983522660e+01,-3.615472426250430971e+00,6.174080822513843714e+00,1.299994178735231154e+00,5.821264768890443975e-06,8.008534426619306146e+01,0.000000000000000000e+00
5.650000000000000000e+02,5.650000000000000355e+00,1.191773883657814892e+01,-3.646391735427930048e+00,6.152849587245057705e+00,1.301680613339131209e+00,1.680613339131165063e-03,8.008528343434294072e+01,0.000000000000000000e+00
5.660000000000000000e+02,5.660000000000000142e+00,1.192442827527688110e+01,-3.656666025213508142e+00,6.145805261411212861e+00,1.302222881937496579e+00,2.222881937496534732e-03,8.008249594974793695e+01,0.000000000000000000e+00
5.670000000000000000e+02,5.669999999999999929e+00,1.189669223702148138e+01,-3.690602461955124980e+00,6.122504846882837803e+00,1.303277459990293430e+00,3.277459990293385417e-03,8.008292409741466145e+01,0.000000000000000000e+00
5.680000000000000000e+02,5.679999999999999716e+00,1.184941015065995806e+01,-3.737842760570665668e+00,6.090071482397473090e+00,1.303234418103655701e+00,3.234418103655656296e-03,8.008852313979974724e+01,0.000000000000000000e+00
5.690000000000000000e+02,5.690000000000000391e+00,1.178404111238231167e+01,-3.797365049198619946e+00,6.049215763527305612e+00,1.301573413951671698e+00,1.573413951671653876e-03,8.010024446962717093e+01,0.000000000000000000e+00
5.700000000000000000e+02,5.700000000000000178e+00,1.177910777389822883e+01,-3.814490704427364598e+00,6.037467975419213317e+00,1.297968635673196980e+00,2.031364326803064557e-03,8.010755659669382567e+01,0.000000000000000000e+00
5.710000000000000000e+02,5.709999999999999964e+00,1.182373246604000094e+01,-3.793243377378016756e+00,6.052048122366524119e+00,1.295668884584030289e+00,4.331115415969755134e-03,8.010540066244817581e+01,0.000000000000000000e+00
5.720000000000000000e+02,5.719999999999999751e+00,1.182753949402481020e+01,-3.803780350422221179e+00,6.044821319786045422e+00,1.296660015167519164e+00,3.339984832480880073e-03,8.010178105296004958e+01,0.000000000000000000e+00
5.730000000000000000e+02,5.730000000000000426e+00,1.182827471937236119e+01,-3.816175748111771071e+00,6.036319326987460876e+00,1.298155217552100726e+00,1.844782447899318001e-03,8.009756270076708518e+01,0.000000000000000000e+00
5.740000000000000000e+02,5.740000000000000213e+00,1.185455944900110126e+01,-3.810480952494532669e+00,6.040228382146517028e+00,1.299903678301879806e+00,9.632169812023860800e-05,8.008940164720553412e+01,0.000000000000000000e+00
5.750000000000000000e+02,5.750000000000000000e+00,1.188394137849582854e+01,-3.793688207876849461e+00,6.051751885738659631e+00,1.302997740597296117e+00,2.997740597296072451e-03,8.007892363683882309e+01,0.000000000000000000e+00
5.760000000000000000e+02,5.759999999999999787e+00,1.185726898417411768e+01,-3.824588198548249718e+00,6.030552315747505610e+00,1.307451932256542104e+00,7.451932256542059818e-03,8.007362661072787091e+01,0.000000000000000000e+00
5.770000000000000000e+02,5.770000000000000462e+00,1.180936992161272059e+01,-3.870037085923483833e+00,5.999375873098526490e+00,1.310159877629239356e+00,1.015987762923931115e-02,8.007511569255512995e+01,0.000000000000000000e+00
5.780000000000000000e+02,5.780000000000000249e+00,1.175798619003992584e+01,-3.917645857261483400e+00,5.966727371363584886e+00,1.310654764239921111e+00,1.065476423992106625e-02,8.008186550628590794e+01,0.000000000000000000e+00
5.790000000000000000e+02,5.790000000000000036e+00,1.169519826972309495e+01,-3.972938229152070733e+00,5.928821752033466730e+00,1.309380317716489550e+00,9.380317716489505742e-03,8.009366718828438536e+01,0.000000000000000000e+00
5.800000000000000000e+02,5.799999999999999822e+00,1.164580510359470011e+01,-4.018821606745187403e+00,5.897376768286227033e+00,1.306292671414905460e+00,6.292671414905415261e-03,8.010692482025491756e+01,0.000000000000000000e+00
5.810000000000000000e+02,5.810000000000000497e+00,1.158974357074096595e+01,-4.069083718018605467e+00,5.862941302290015422e+00,1.302461958558730704e+00,2.461958558730659163e-03,8.012174247634105484e+01,0.000000000000000000e+00
5.820000000000000000e+02,5.820000000000000284e+00,1.160239107539070957e+01,-4.071237042717942956e+00,5.861459932826377006e+00,1.297763433932145549e+00,2.236566067854495188e-03,8.012920653764896883e+01,0.000000000000000000e+00
5.830000000000000000e+02,5.830000000000000071e+00,1.160354180858014850e+01,-4.081158089440073411e+00,5.854659739675560637e+00,1.295524058868708916e+00,4.475941131291127917e-03,8.013304378949756313e+01,0.000000000000000000e+00
5.840000000000000000e+02,5.839999999999999858e+00,1.164281916657736815e+01,-4.064284654727652324e+00,5.866205834676638808e+00,1.294530165350287865e+00,5.469834649712179697e-03,8.012999460833123067e+01,0.000000000000000000e+00
5.850000000000000000e+02,5.850000000000000533e+00,1.166856281506737858e+01,-4.056602166019440681e+00,5.871459848328412612e+00,1.296150339739786661e+00,3.849660260213383367e-03,8.012361888015233546e+01,0.000000000000000000e+00
5.860000000000000000e+02,5.860000000000000320e+00,1.172299922679320083e+01,-4.028675451962886456e+00,5.890576663404281099e+00,1.299020148167636890e+00,9.798518323631544291e-04,8.011141917570122928e+01,0.000000000000000000e+00
5.870000000000000000e+02,5.870000000000000107e+00,1.171530059724878114e+01,-4.043878246623795469e+00,5.880159195695116026e+00,1.304065570757196424e+00,4.065570757196379503e-03,8.010226870911685637e+01,0.000000000000000000e+00
5.880000000000000000e+02,5.879999999999999893e+00,1.166822551845446476e+01,-4.086359806908783199e+00,5.851062465859841133e+00,1.307815845654536790e+00,7.815845654536746068e-03,8.010016522443760323e+01,0.000000000000000000e+00
5.890000000000000000e+02,5.889999999999999680e+00,1.163298384966130783e+01,-4.120355668460897292e+00,5.827782773959522267e+00,1.308789996782073972e+00,8.789996782073927761e-03,8.010174100158856447e+01,0.000000000000000000e+00
5.900000000000000000e+02,5.900000000000000355e+00,1.155725718199423113e+01,-4.182381226418439013e+00,5.785323747386380333e+00,1.308239553866246130e+00,8.239553866246085434e-03,8.011054319993407091e+01,0.000000000000000000e+00
5.910000000000000000e+02,5.910000000000000142e+00,1.149202401500034476e+01,-4.236840099572235729e+00,5.748057468331424502e+00,1.304677765747057183e+00,4.677765747057138768e-03,8.012284873845393918e+01,0.000000000000000000e+00
5.920000000000000000e+02,5.919999999999999929e+00,1.150071626724232488e+01,-4.239572268629954621e+00,5.746181295127263944e+00,1.299342639280952394e+00,6.573607190476504769e-04,8.012939502175922257e+01,0.000000000000000000e+00
5.930000000000000000e+02,5.929999999999999716e+00,1.152640778243213049e+01,-4.230269490425093259e+00,5.752536262761887009e+00,1.296049175837520107e+00,3.950824162479937840e-03,8.013028626178058289e+01,0.000000000000000000e+00
5.940000000000000000e+02,5.940000000000000391e+00,1.153732013365873321e+01,-4.231075782016632481e+00,5.751977613168569370e+00,1.294968993859924478e+00,5.031006140075566790e-03,8.012880042820685844e+01,0.000000000000000000e+00
5.950000000000000000e+02,5.950000000000000178e+00,1.155390016650403773e+01,-4.227746598251926002e+00,5.754247426854276704e+00,1.294760196727935186e+00,5.239803272064857964e-03,8.012505531214142707e+01,0.000000000000000000e+00
5.960000000000000000e+02,5.959999999999999964e+00,1.160093228838294266e+01,-4.202996003453064233e+00,5.771167715902428164e+00,1.295385990585306235e+00,4.614009414693809319e-03,8.011648633741512526e+01,0.000000000000000000e+00
5.970000000000000000e+02,5.969999999999999751e+00,1.162932097376214102e+01,-4.191062594782727579e+00,5.779323426007325182e+00,1.297959707162753995e+00,2.040292837246049373e-03,8.010626904927332248e+01,0.000000000000000000e+00
5.980000000000000000e+02,5.980000000000000426e+00,1.163104381614688165e+01,-4.197573310119931733e+00,5.774863536808140019e+00,1.301024760433628025e+00,1.024760433627980305e-03,8.009768941796379238e+01,0.000000000000000000e+00
5.990000000000000000e+02,5.990000000000000213e+00,1.160675497796051836e+01,-4.222085839293835186e+00,5.758091032045823177e+00,1.303157128954632871e+00,3.157128954632826279e-03,8.009323858375360317e+01,0.000000000000000000e+00
6.000000000000000000e+02,6.000000000000000000e+00,1.155513580196057788e+01,-4.265548351574322439e+00,5.728361817160344316e+00,1.303357046894610516e+00,3.357046894610471455e-03,8.009480659794223811e+01,0.000000000000000000e+00
6.010000000000000000e+02,6.009999999999999787e+00,1.158972688217341585e+01,-4.248653641792269120e+00,5.739906305382988627e+00,1.300836741973342203e+00,8.367419733421588290e-04,8.009133388782163365e+01,0.000000000000000000e+00
6.020000000000000000e+02,6.020000000000000462e+00,1.156067560289579177e+01,-4.276033783502191099e+00,5.721179181625561050e+00,1.300253103637550867e+00,2.531036375508222136e-04,8.009114794433375550e+01,0.000000000000000000e+00
6.030000000000000000e+02,6.030000000000000249e+00,1.158710118628610353e+01,-4.264519898415844779e+00,5.729044340911531030e+00,1.298085504607593865e+00,1.914495392406179164e-03,8.008736055330238912e+01,0.000000000000000000e+00
6.040000000000000000e+02,6.040000000000000036e+00,1.162639978588218348e+01,-4.243856629478364617e+00,5.743165000528853703e+00,1.297270303164088867e+00,2.729696835911177288e-03,8.007955427204461785e+01,0.000000000000000000e+00
6.050000000000000000e+02,6.049999999999999822e+00,1.167570360368696036e+01,-4.216036765489644011e+00,5.762180326963441068e+00,1.297975893227038657e+00,2.024106772961387080e-03,8.006758395790893701e+01,0.000000000000000000e+00
6.060000000000000000e+02,6.060000000000000497e+00,1.172467845736711567e+01,-4.188276890538504382e+00,5.781157670548718208e+00,1.300191336551986820e+00,1.913365519867760156e-04,8.005235514690745902e+01,0.000000000000000000e+00
6.070000000000000000e+02,6.070000000000000284e+00,1.178029897103032475e+01,-4.150947128795847263e+00,5.806683399140392332e+00,1.303432104119569779e+00,3.432104119569734380e-03,8.003418871833457615e+01,0.000000000000000000e+00
6.080000000000000000e+02,6.080000000000000071e+00,1.177585041194723203e+01,-4.160392584260905302e+00,5.800217369533724465e+00,1.307798531096763028e+00,7.798531096762983950e-03,8.002043348136611201e+01,0.000000000000000000e+00
6.090000000000000000e+02,6.089999999999999858e+00,1.173644445632033673e+01,-4.194196163459612769e+00,5.777089914029078344e+00,1.310044724940250260e+00,1.004472494025021589e-02,8.001451278560536196e+01,0.000000000000000000e+00
6.100000000000000000e+02,6.100000000000000533e+00,1.170612178410829074e+01,-4.221486385387688500e+00,5.758421972688904766e+00,1.309118318634572509e+00,9.118318634572464276e-03,8.001330836763403909e+01,0.000000000000000000e+00
6.110000000000000000e+02,6.110000000000000320e+00,1.167278298482451504e+01,-4.250746428762637308e+00,5.738410537973203773e+00,1.306274300293345236e+00,6.274300293345191903e-03,8.001589059747274746e+01,0.000000000000000000e+00
6.120000000000000000e+02,6.120000000000000107e+00,1.169268744550675621e+01,-4.242601883505557225e+00,5.743973497691489349e+00,1.301867340011717777e+00,1.867340011717733006e-03,8.001460999383854755e+01,0.000000000000000000e+00
6.130000000000000000e+02,6.129999999999999893e+00,1.173170325500606737e+01,-4.220946166977231684e+00,5.758773598593332821e+00,1.298737621347486160e+00,1.262378652513884703e-03,8.000819336351086974e+01,0.000000000000000000e+00
6.140000000000000000e+02,6.140000000000000568e+00,1.177420685428087133e+01,-4.196706707828378846e+00,5.775342239002627664e+00,1.297386071013492792e+00,2.613928986507252361e-03,7.999751430702021082e+01,0.000000000000000000e+00
6.150000000000000000e+02,6.150000000000000355e+00,1.181982163119382712e+01,-4.148583400608082172e+00,5.808245807744608413e+00,1.297460475515173517e+00,2.539524484826527484e-03,7.998564151164892166e+01,0.000000000000000000e+00
6.160000000000000000e+02,6.160000000000000142e+00,1.185622130165972088e+01,-4.097460568396434688e+00,5.843213796627369838e+00,1.299278295144073780e+00,7.217048559262639884e-04,7.997496244998130521e+01,0.000000000000000000e+00
6.170000000000000000e+02,6.169999999999999929e+00,1.188214573414749253e+01,-4.085610618953483097e+00,5.851321094460660177e+00,1.302170895107168658e+00,2.170895107168613336e-03,7.996269237734105673e+01,0.000000000000000000e+00
6.180000000000000000e+02,6.179999999999999716e+00,1.190595467674395813e+01,-4.068040828659158059e+00,5.863343920532408049e+00,1.304475116110186628e+00,4.475116110186583285e-03,7.995032046852065832e+01,0.000000000000000000e+00
6.190000000000000000e+02,6.190000000000000391e+00,1.189221942105543661e+01,-4.083903493954734287e+00,5.852484742076236479e+00,1.306442120876621926e+00,6.442120876621881820e-03,7.994237819242439969e+01,0.000000000000000000e+00
6.200000000000000000e+02,6.200000000000000178e+00,1.185907847339726118e+01,-4.113162995212221951e+00,5.832457846271870139e+00,1.306261760393648830e+00,6.261760393648785339e-03,7.994061576474628339e+01,0.000000000000000000e+00
6.210000000000000000e+02,6.209999999999999964e+00,1.181506662689709408e+01,-4.149911804652846037e+00,5.807310374268818798e+00,1.303653110899859024e+00,3.653110899858980076e-03,7.994493597506463800e+01,0.000000000000000000e+00
6.220000000000000000e+02,6.219999999999999751e+00,1.184066367045960000e+01,-4.137691842736472836e+00,5.815666829979773134e+00,1.298797124155642857e+00,1.202875844357187418e-03,7.994374398742529308e+01,0.000000000000000000e+00
6.230000000000000000e+02,6.230000000000000426e+00,1.183569831663065486e+01,-4.146787003200374855e+00,5.809442191083747709e+00,1.295482248634905353e+00,4.517751365094690996e-03,7.994292873999631865e+01,0.000000000000000000e+00
6.240000000000000000e+02,6.240000000000000213e+00,1.186889057589718988e+01,-4.124459172643960336e+00,5.824713165201464982e+00,1.291909730730726569e+00,8.090269269273475672e-03,7.993750377485132219e+01,0.000000000000000000e+00
6.250000000000000000e+02,6.250000000000000000e+00,1.189537732824119232e+01,-4.069690476365164677e+00,5.862181964202002327e+00,1.290023827861265904e+00,9.976172138734140660e-03,7.993396506949093805e+01,0.000000000000000000e+00
6.260000000000000000e+02,6.259999999999999787e+00,1.191651322152580050e+01,-4.004934707080706424e+00,5.906505566568849730e+00,1.290078163510688380e+00,9.921836489311663954e-03,7.993410559504076218e+01,2.000000000000000000e+00
6.270000000000000000e+02,6.270000000000000462e+00,1.193337923737917450e+01,-3.942223588221029917e+00,5.949456176223571369e+00,1.291681975214346023e+00,8.318024785654021258e-03,7.993760462373914777e+01,1.000000000000000000e+00
6.280000000000000000e+02,6.280000000000000249e+00,1.194683797730257346e+01,-3.896007711657944572e+00,5.981129971861617989e+00,1.294255393884785832e+00,5.744606115214212494e-03,7.994236764106761939e+01,1.000000000000000000e+00
6.290000000000000000e+02,6.290000000000000036e+00,1.195757777986771053e+01,-3.834201385522514105e+00,6.023506673288190783e+00,1.297014671365119831e+00,2.985328634880213272e-03,7.995049235060744763e+01,3.000000000000000000e+00
6.300000000000000000e+02,6.299999999999999822e+00,1.196614792534898086e+01,-3.769039850511508138e+00,6.068211650849615779e+00,1.300278850860601354e+00,2.788508606013095914e-04,7.996195136424623229e+01,3.000000000000000000e+00
6.310000000000000000e+02,6.310000000000000497e+00,1.197298672830878274e+01,-3.759615316154784725e+00,6.074694239015171249e+00,1.303964164114942870e+00,3.964164114942825279e-03,7.996971048685787764e+01,0.000000000000000000e+00
6.320000000000000000e+02,6.320000000000000284e+00,1.197844395491306990e+01,-3.753035069251104083e+00,6.079225490892217643e+00,1.306444765244515027e+00,6.444765244514982783e-03,7.997478448343393609e+01,0.000000000000000000e+00
6.330000000000000000e+02,6.330000000000000071e+00,1.198279871149628839e+01,-3.701647498128358027e+00,6.114513014865210927e+00,1.307976552756985322e+00,7.976552756985277881e-03,7.998342231363426436e+01,1.000000000000000000e+00
6.340000000000000000e+02,6.339999999999999858e+00,1.198627371927481633e+01,-3.704173678546249349e+00,6.112796840799716414e+00,1.310020508551015261e+00,1.002050855101521698e-02,7.998854530983732047e+01,0.000000000000000000e+00
6.350000000000000000e+02,6.350000000000000533e+00,1.198318257920807284e+01,-3.719097889605672336e+00,6.102566364499047324e+00,1.311012410489285962e+00,1.101241048928591759e-02,7.999124105429582698e+01,0.000000000000000000e+00
6.360000000000000000e+02,6.360000000000000320e+00,1.197123083643479724e+01,-3.739938603545624574e+00,6.088273411126072787e+00,1.310781999731774894e+00,1.078199973177484949e-02,7.999360995993738754e+01,0.000000000000000000e+00
6.370000000000000000e+02,6.370000000000000107e+00,1.194816909606414335e+01,-3.768274916909220007e+00,6.068835647179446902e+00,1.309318752655818763e+00,9.318752655818718367e-03,7.999750876749676820e+01,0.000000000000000000e+00
6.380000000000000000e+02,6.379999999999999893e+00,1.192894738687508926e+01,-3.793663163463661281e+00,6.051423793622527469e+00,1.306513569761706961e+00,6.513569761706916594e-03,8.000191572801766426e+01,0.000000000000000000e+00
6.390000000000000000e+02,6.390000000000000568e+00,1.194330145013264755e+01,-3.772525541033678653e+00,6.065938164779439035e+00,1.302948622364092035e+00,2.948622364091990633e-03,8.000416096073689687e+01,0.000000000000000000e+00
6.400000000000000000e+02,6.400000000000000355e+00,1.195475570263110221e+01,-3.753882941042422594e+00,6.078744023032299104e+00,1.300973357964358090e+00,9.733579643580458907e-04,8.000526182593867475e+01,0.000000000000000000e+00
6.410000000000000000e+02,6.410000000000000142e+00,1.196389596472582895e+01,-3.709928161590580142e+00,6.108927278467892741e+00,1.300046960670360408e+00,4.696067036036311038e-05,8.000903599768810182e+01,1.000000000000000000e+00
6.420000000000000000e+02,6.419999999999999929e+00,1.197118970922566206e+01,-3.659581050819964876e+00,6.143514690231047126e+00,1.300528577030113819e+00,5.285770301137748817e-04,8.001592574905350830e+01,1.000000000000000000e+00
6.430000000000000000e+02,6.429999999999999716e+00,1.197700996998815448e+01,-3.602262770645122458e+00,6.182910210516140204e+00,1.302185288910980399e+00,2.185288910980354160e-03,8.002623082685671818e+01,3.000000000000000000e+00
6.440000000000000000e+02,6.440000000000000391e+00,1.198165442049559815e+01,-3.595822268465031613e+00,6.187361026161262600e+00,1.304870296256199103e+00,4.870296256199058149e-03,8.003334592099896838e+01,1.000000000000000000e+00
6.450000000000000000e+02,6.450000000000000178e+00,1.198536059817325494e+01,-3.599986426105367343e+00,6.184522991377494172e+00,1.306955409698122628e+00,6.955409698122583251e-03,8.003713293839298615e+01,0.000000000000000000e+00
6.460000000000000000e+02,6.459999999999999964e+00,1.198831805308774889e+01,-3.610770278516067577e+00,6.177134254984185446e+00,1.308335226374363280e+00,8.335226374363235990e-03,8.003791194611237358e+01,0.000000000000000000e+00
6.470000000000000000e+02,6.469999999999999751e+00,1.198189729437794604e+01,-3.629941985121565295e+00,6.163980072804769783e+00,1.309042110673601211e+00,9.042110673601166937e-03,8.003776683938589542e+01,0.000000000000000000e+00
6.480000000000000000e+02,6.480000000000000426e+00,1.195436396571369286e+01,-3.663522047154348815e+00,6.140925281740496011e+00,1.308829185459234656e+00,8.829185459234611955e-03,8.004029538180874681e+01,0.000000000000000000e+00
6.490000000000000000e+02,6.490000000000000213e+00,1.190581357613080371e+01,-3.711449019938039218e+00,6.108018643310606954e+00,1.307054466378157587e+00,7.054466378157542295e-03,8.004798217449577180e+01,0.000000000000000000e+00
6.500000000000000000e+02,6.500000000000000000e+00,1.192484113650841948e+01,-3.691585005978959444e+00,6.121671229868346664e+00,1.303249873843445483e+00,3.249873843445438837e-03,8.005132812097522788e+01,0.000000000000000000e+00
6.510000000000000000e+02,6.509999999999999787e+00,1.190852739026476570e+01,-3.716868139922228309e+00,6.104321298008654750e+00,1.301524264064959358e+00,1.524264064959313103e-03,8.005459192361057319e+01,0.000000000000000000e+00
6.520000000000000000e+02,6.520000000000000462e+00,1.192700670536279262e+01,-3.703254216797544185e+00,6.113680841485795270e+00,1.299225216284445761e+00,7.747837155542836030e-04,8.005422762443689066e+01,0.000000000000000000e+00
6.530000000000000000e+02,6.530000000000000249e+00,1.194175282549152151e+01,-3.663064669750145441e+00,6.141291928242625708e+00,1.298456614850868718e+00,1.543385149131326628e-03,8.005521364897498415e+01,1.000000000000000000e+00
6.540000000000000000e+02,6.540000000000000036e+00,1.195351993145282954e+01,-3.616025790899497938e+00,6.173620770753756481e+00,1.299423006100140388e+00,5.769938998596568780e-04,8.005866179058072873e+01,1.000000000000000000e+00
6.550000000000000000e+02,6.549999999999999822e+00,1.196290984429064252e+01,-3.581535017885937311e+00,6.197343137121133161e+00,1.301765287883126065e+00,1.765287883126021029e-03,8.006297822790328667e+01,1.000000000000000000e+00
6.560000000000000000e+02,6.560000000000000497e+00,1.197040280504000798e+01,-3.590221597469785753e+00,6.191393634202440488e+00,1.304722405230840598e+00,4.722405230840553969e-03,8.006333316978945902e+01,0.000000000000000000e+00
6.570000000000000000e+02,6.570000000000000284e+00,1.195664195378217798e+01,-3.615211863156227334e+00,6.174236402047558414e+00,1.306947468030566606e+00,6.947468030566561481e-03,8.006390214590199150e+01,0.000000000000000000e+00
6.580000000000000000e+02,6.580000000000000071e+00,1.194874806462738270e+01,-3.635785409401617319e+00,6.160115649757463174e+00,1.307676358869959365e+00,7.676358869959321041e-03,8.006377162159978411e+01,0.000000000000000000e+00
6.590000000000000000e+02,6.589999999999999858e+00,1.189955804102218551e+01,-3.684812330881562570e+00,6.126444650641027501e+00,1.307596303752483591e+00,7.596303752483546390e-03,8.006945102361947875e+01,0.000000000000000000e+00
6.600000000000000000e+02,6.600000000000000533e+00,1.184035496123227915e+01,-3.740523272744393779e+00,6.088193171979651375e+00,1.305120477049474204e+00,5.120477049474159159e-03,8.008064897430958240e+01,0.000000000000000000e+00
6.610000000000000000e+02,6.610000000000000320e+00,1.180526593296114513e+01,-3.779112779826574897e+00,6.061709347777924251e+00,1.300467087632390051e+00,4.670876323900063909e-04,8.009200260293377482e+01,0.000000000000000000e+00
6.620000000000000000e+02,6.620000000000000107e+00,1.183756438046975212e+01,-3.770472703003812320e+00,6.067644294760878410e+00,1.295300801819848635e+00,4.699198180151409332e-03,8.009379966715712840e+01,0.000000000000000000e+00
6.630000000000000000e+02,6.629999999999999893e+00,1.186253691712623315e+01,-3.766624841028503923e+00,6.070290892057633947e+00,1.292762781395380811e+00,7.237218604619233275e-03,8.008994799242452700e+01,0.000000000000000000e+00
6.640000000000000000e+02,6.640000000000000568e+00,1.189030723689871216e+01,-3.745514696207011607e+00,6.084785416653732071e+00,1.291819759062109885e+00,8.180240937890159714e-03,8.008338995469139832e+01,0.000000000000000000e+00
6.650000000000000000e+02,6.650000000000000355e+00,1.191246739106058783e+01,-3.719491340794273793e+00,6.102656455394313895e+00,1.292565164418199464e+00,7.434835581800580684e-03,8.007664753674430358e+01,0.000000000000000000e+00
6.660000000000000000e+02,6.660000000000000142e+00,1.193015074640188367e+01,-3.673020846831843045e+00,6.134572434733417623e+00,1.294516247177272650e+00,5.483752822727394616e-03,8.007310218754230391e+01,0.000000000000000000e+00
6.670000000000000000e+02,6.669999999999999929e+00,1.194426170672473475e+01,-3.606423160992929589e+00,6.180329900793622322e+00,1.297762019315664705e+00,2.237980684335338921e-03,8.007499356763605647e+01,3.000000000000000000e+00
6.680000000000000000e+02,6.679999999999999716e+00,1.193568454942488977e+01,-3.627881123124975460e+00,6.165599892088562406e+00,1.302377530661462446e+00,2.377530661462401440e-03,8.007580246554789483e+01,0.000000000000000000e+00
6.690000000000000000e+02,6.690000000000000391e+00,1.194867756974309358e+01,-3.596346065363098088e+00,6.187285021714854949e+00,1.305058247756806011e+00,5.058247756805966944e-03,8.007704561241374108e+01,1.000000000000000000e+00
6.700000000000000000e+02,6.700000000000000178e+00,1.194875675000253956e+01,-3.611927727622470830e+00,6.176593038702296035e+00,1.308291864495513934e+00,8.291864495513889821e-03,8.007610017950339909e+01,0.000000000000000000e+00
6.710000000000000000e+02,6.709999999999999964e+00,1.190381354809952974e+01,-3.658528308344968227e+00,6.144582869158735861e+00,1.310341063612397106e+00,1.034106361239706118e-02,8.008038320835835577e+01,0.000000000000000000e+00
6.720000000000000000e+02,6.719999999999999751e+00,1.186931022083421361e+01,-3.697523471852213195e+00,6.117806310984159168e+00,1.309546894314014498e+00,9.546894314014453542e-03,8.008684701792367377e+01,0.000000000000000000e+00
6.730000000000000000e+02,6.730000000000000426e+00,1.182191963690167569e+01,-3.745166828087161282e+00,6.085096336924538996e+00,1.307151691853075004e+00,7.151691853074959582e-03,8.009665862967749206e+01,0.000000000000000000e+00
6.740000000000000000e+02,6.740000000000000213e+00,1.185789546783063031e+01,-3.732542393035819472e+00,6.093768439143579130e+00,1.303020029768484189e+00,3.020029768484144839e-03,8.009702771505678243e+01,0.000000000000000000e+00
6.750000000000000000e+02,6.750000000000000000e+00,1.188660345412747255e+01,-3.701930913552230251e+00,6.114790920287255460e+00,1.301375798843005693e+00,1.375798843005648919e-03,8.009439223590113954e+01,0.000000000000000000e+00
6.760000000000000000e+02,6.759999999999999787e+00,1.190951184723303413e+01,-3.687825997988042559e+00,6.124485480042810792e+00,1.301823079332721900e+00,1.823079332721855295e-03,8.008895322112502413e+01,0.000000000000000000e+00
6.770000000000000000e+02,6.770000000000000462e+00,1.189768726773706575e+01,-3.710319631225354797e+00,6.109046102320815130e+00,1.303193304602571212e+00,3.193304602571167550e-03,8.008505906629311255e+01,0.000000000000000000e+00
6.780000000000000000e+02,6.780000000000000249e+00,1.189966976893032680e+01,-3.722884077367440092e+00,6.100425932629679693e+00,1.303356670847362730e+00,3.356670847362686061e-03,8.008032777008992298e+01,0.000000000000000000e+00
6.790000000000000000e+02,6.790000000000000036e+00,1.191091811921740096e+01,-3.728687498506141118e+00,6.096447717281963108e+00,1.303262056478879272e+00,3.262056478879227228e-03,8.007366723525325369e+01,0.000000000000000000e+00
6.800000000000000000e+02,6.799999999999999822e+00,1.187507975991088394e+01,-3.767030193867061616e+00,6.070129020336449521e+00,1.303396428699145515e+00,3.396428699145470631e-03,8.007252439661067456e+01,0.000000000000000000e+00
6.810000000000000000e+02,6.810000000000000497e+00,1.181912325211970760e+01,-3.819111413144072209e+00,6.034386994924851422e+00,1.301609854581101677e+00,1.609854581101632931e-03,8.007824028712227005e+01,0.000000000000000000e+00
6.820000000000000000e+02,6.820000000000000284e+00,1.185434514258270156e+01,-3.807332251519868649e+00,6.042468245903836355e+00,1.297536159649833154e+00,2.463840350166890403e-03,8.007579155368794943e+01,0.000000000000000000e+00
6.830000000000000000e+02,6.830000000000000071e+00,1.188377036630336825e+01,-3.784925619765241223e+00,6.057842267880612752e+00,1.295868955612226481e+00,4.131044387773563642e-03,8.007002677665298052e+01,0.000000000000000000e+00
6.840000000000000000e+02,6.839999999999999858e+00,1.190725110038349577e+01,-3.758350344810855947e+00,6.076081054432111550e+00,1.296084479723923488e+00,3.915520276076556172e-03,8.006363478276972501e+01,0.000000000000000000e+00
6.850000000000000000e+02,6.850000000000000533e+00,1.189619403924809404e+01,-3.778828281977194337e+00,6.062029205677694321e+00,1.297623805822594178e+00,2.376194177405865915e-03,8.005909698995432677e+01,0.000000000000000000e+00
6.860000000000000000e+02,6.860000000000000320e+00,1.191716494041009611e+01,-3.774254432820343563e+00,6.065170479308576112e+00,1.297974639244023454e+00,2.025360755976590710e-03,8.005157075040516190e+01,0.000000000000000000e+00
6.870000000000000000e+02,6.870000000000000107e+00,1.187979478887824669e+01,-3.812620649239984338e+00,6.038842997380442057e+00,1.298968280563932209e+00,1.031719436067835005e-03,8.005014053578760524e+01,0.000000000000000000e+00
6.880000000000000000e+02,6.879999999999999893e+00,1.185942660280194794e+01,-3.838846107126764107e+00,6.020851014027595483e+00,1.297774249727922546e+00,2.225750272077497982e-03,8.005066454055793201e+01,0.000000000000000000e+00
6.890000000000000000e+02,6.890000000000000568e+00,1.188782526890256364e+01,-3.828293210557048631e+00,6.028088228519926872e+00,1.295764401670631560e+00,4.235598329368484016e-03,8.004584000452575765e+01,0.000000000000000000e+00
6.900000000000000000e+02,6.900000000000000355e+00,1.187776876520527836e+01,-3.846865614200294825e+00,6.015347612258065801e+00,1.295420804929580116e+00,4.579195070419928015e-03,8.004245911500677835e+01,0.000000000000000000e+00
6.910000000000000000e+02,6.910000000000000142e+00,1.190246194395168722e+01,-3.835139532513412330e+00,6.023388416155913028e+00,1.294517623287380514e+00,5.482376712619529968e-03,8.003577413460214984e+01,0.000000000000000000e+00
6.920000000000000000e+02,6.919999999999999929e+00,1.192216660173922449e+01,-3.805643970887435668e+00,6.043619011757471071e+00,1.294933140427221963e+00,5.066859572778081855e-03,8.002985154475098284e+01,0.000000000000000000e+00
6.930000000000000000e+02,6.929999999999999716e+00,1.193789052057978495e+01,-3.795227202772144981e+00,6.050766723819955395e+00,1.296660891359517231e+00,3.339108640482812973e-03,8.002313035987495482e+01,0.000000000000000000e+00
6.940000000000000000e+02,6.940000000000000391e+00,1.195043789015962687e+01,-3.759347819754338182e+00,6.075386909038949845e+00,1.298738887153441546e+00,1.261112846558498646e-03,8.001949669092253714e+01,1.000000000000000000e+00
6.950000000000000000e+02,6.950000000000000178e+00,1.196045043760212678e+01,-3.752455055863339606e+00,6.080121775386816196e+00,1.301679531116735955e+00,1.679531116735910601e-03,8.001529677001667551e+01,0.000000000000000000e+00
6.960000000000000000e+02,6.959999999999999964e+00,1.192791371567760450e+01,-3.787281669474749979e+00,6.056220717322367442e+00,1.304420633443301725e+00,4.420633443301680288e-03,8.001575222690830458e+01,0.000000000000000000e+00
6.970000000000000000e+02,6.969999999999999751e+00,1.190286525407098495e+01,-3.816611560612552800e+00,6.036096425260786269e+00,1.304820136560145727e+00,4.820136560145682481e-03,8.001848402747350519e+01,0.000000000000000000e+00
6.980000000000000000e+02,6.980000000000000426e+00,1.189045078027853641e+01,-3.836858179292023774e+00,6.022206796115796124e+00,1.303878846318380358e+00,3.878846318380313463e-03,8.002095728955127640e+01,0.000000000000000000e+00
6.990000000000000000e+02,6.990000000000000213e+00,1.186527799207541811e+01,-3.865770396173283441e+00,6.002374573767199628e+00,1.302550043129573565e+00,2.550043129573520417e-03,8.002513859768036752e+01,0.000000000000000000e+00
7.000000000000000000e+02,7.000000000000000000e+00,1.180274908150974689e+01,-3.920568300188136845e+00,5.964794582414784330e+00,1.300392846908426048e+00,3.928469084260033384e-04,8.003591438128758284e+01,0.000000000000000000e+00
7.010000000000000000e+02,7.009999999999999787e+00,1.181742929547706211e+01,-3.921189757652024710e+00,5.964363874553308520e+00,1.295982444124195831e+00,4.017555875804212917e-03,8.004017189584948255e+01,0.000000000000000000e+00
7.020000000000000000e+02,7.020000000000000462e+00,1.185127769983144397e+01,-3.908184410442476331e+00,5.973273531059646757e+00,1.293412069452509083e+00,6.587930547490961075e-03,8.003716940315273121e+01,0.000000000000000000e+00
7.030000000000000000e+02,7.030000000000000249e+00,1.188132260895640435e+01,-3.884352011150606021e+00,5.989606475009551012e+00,1.293065122688368485e+00,6.934877311631559849e-03,8.003103209999702017e+01,0.000000000000000000e+00
7.040000000000000000e+02,7.040000000000000036e+00,1.190529783947026132e+01,-3.863021547553544988e+00,6.004228322360147807e+00,1.294541229030499396e+00,5.458770969500648107e-03,8.002364783881938592e+01,0.000000000000000000e+00
7.050000000000000000e+02,7.049999999999999822e+00,1.192442958907222916e+01,-3.834010056658236021e+00,6.024121138709721102e+00,1.297129980123275184e+00,2.870019876724860808e-03,8.001727833949821900e+01,0.000000000000000000e+00
7.060000000000000000e+02,7.060000000000000497e+00,1.193969633875460623e+01,-3.792243083114059221e+00,6.052769833064838956e+00,1.300619576754529660e+00,6.195767545296160250e-04,8.001396942811611268e+01,0.000000000000000000e+00
7.070000000000000000e+02,7.070000000000000284e+00,1.195187889658195779e+01,-3.791558335045540851e+00,6.053242302334857605e+00,1.305016179919176400e+00,5.016179919176355639e-03,8.000877954344920795e+01,0.000000000000000000e+00
7.080000000000000000e+02,7.080000000000000071e+00,1.193604108772941785e+01,-3.814043120119519958e+00,6.037816453448203724e+00,1.308905903661943038e+00,8.905903661942993210e-03,8.000602172961285419e+01,0.000000000000000000e+00
7.090000000000000000e+02,7.089999999999999858e+00,1.187336593772743853e+01,-3.869032969220530305e+00,6.000092496539985554e+00,1.311098177672304743e+00,1.109817767230469876e-02,8.001211082445955469e+01,0.000000000000000000e+00
7.100000000000000000e+02,7.100000000000000533e+00,1.180562966709345396e+01,-3.927290324044546477e+00,5.960142312562711986e+00,1.309990396494222775e+00,9.990396494222730794e-03,8.002511988132974352e+01,0.000000000000000000e+00
7.110000000000000000e+02,7.110000000000000320e+00,1.173942620259897751e+01,-3.984206514107506258e+00,5.921127285141498220e+00,1.306275077634904136e+00,6.275077634904091539e-03,8.004244497918698187e+01,0.000000000000000000e+00
7.120000000000000000e+02,7.120000000000000107e+00,1.173952547794052670e+01,-3.994586677791881257e+00,5.914009735416182245e+00,1.300740286829631387e+00,7.402868296313425134e-04,8.005333841325894184e+01,0.000000000000000000e+00
7.130000000000000000e+02,7.129999999999999893e+00,1.177858837870514463e+01,-3.977544585387102316e+00,5.925678416381880531e+00,1.296872911047868282e+00,3.127088952131762412e-03,8.005456443126193733e+01,0.000000000000000000e+00
7.140000000000000000e+02,7.140000000000000568e+00,1.182331799916875248e+01,-3.952672468527691496e+00,5.942713481392341457e+00,1.295993517875187129e+00,4.006482124812915657e-03,8.004862924675067859e+01,0.000000000000000000e+00
7.150000000000000000e+02,7.150000000000000355e+00,1.185901133267001484e+01,-3.917591345755679910e+00,5.966748140347170271e+00,1.297655767812613492e+00,2.344232187386552368e-03,8.004059407539095616e+01,0.000000000000000000e+00
7.160000000000000000e+02,7.160000000000000142e+00,1.182122401444807736e+01,-3.954102789816211772e+00,5.941718857069396620e+00,1.301205354094236100e+00,1.205354094236055218e-03,8.003877622745707754e+01,0.000000000000000000e+00
7.170000000000000000e+02,7.169999999999999929e+00,1.185734037516563788e+01,-3.918676321670607088e+00,5.965990163963223125e+00,1.302271621120172806e+00,2.271621120172762076e-03,8.003363475604531629e+01,0.000000000000000000e+00
7.180000000000000000e+02,7.179999999999999716e+00,1.183073875050733115e+01,-3.947367712040623644e+00,5.946321468582286052e+00,1.305418734160978866e+00,5.418734160978821990e-03,8.003242197243508826e+01,0.000000000000000000e+00
7.190000000000000000e+02,7.190000000000000391e+00,1.182119850962790508e+01,-3.963909874298588765e+00,5.934981755843237394e+00,1.306705483453596273e+00,6.705483453596228216e-03,8.003172328129353730e+01,0.000000000000000000e+00
7.200000000000000000e+02,7.200000000000000178e+00,1.177230470174372634e+01,-4.007778668106963593e+00,5.904919324471511466e+00,1.307419323375818676e+00,7.419323375818631661e-03,8.003682409951815657e+01,0.000000000000000000e+00
7.210000000000000000e+02,7.209999999999999964e+00,1.173504389810176285e+01,-4.043289972331877813e+00,5.880590070180174322e+00,1.305946181971812559e+00,5.946181971812514178e-03,8.004437851387579883e+01,0.000000000000000000e+00
7.220000000000000000e+02,7.219999999999999751e+00,1.173457136830057124e+01,-4.052887232443914023e+00,5.874011642121676147e+00,1.303409832435800553e+00,3.409832435800508321e-03,8.004871421510848961e+01,0.000000000000000000e+00
7.230000000000000000e+02,7.230000000000000426e+00,1.175632317688149087e+01,-4.046756999423089418e+00,5.878202515990600396e+00,1.301764833019484202e+00,1.764833019484157717e-03,8.004788872095099350e+01,0.000000000000000000e+00
7.240000000000000000e+02,7.240000000000000213e+00,1.170101097216234187e+01,-4.094291650867574184e+00,5.845647477846075191e+00,1.301775594517504242e+00,1.775594517504197611e-03,8.005344893347614743e+01,0.000000000000000000e+00
7.250000000000000000e+02,7.250000000000000000e+00,1.170988323003819076e+01,-4.096770862695942483e+00,5.843943250963036462e+00,1.299491827723548543e+00,5.081722764515017587e-04,8.005524431043694733e+01,0.000000000000000000e+00
7.260000000000000000e+02,7.259999999999999787e+00,1.175233835934226256e+01,-4.075595425518484305e+00,5.858430353740476271e+00,1.298451153066380037e+00,1.548846933620007249e-03,8.005012197431766197e+01,0.000000000000000000e+00
7.270000000000000000e+02,7.270000000000000462e+00,1.173829519017930600e+01,-4.093724349338445201e+00,5.846013289419129677e+00,1.299837170344492865e+00,1.628296555071795382e-04,8.004724411107366677e+01,0.000000000000000000e+00
7.280000000000000000e+02,7.280000000000000249e+00,1.172666487327261642e+01,-4.109985270791259637e+00,5.834876283262119046e+00,1.300409339101052941e+00,4.093391010528968366e-04,8.004570323242734275e+01,0.000000000000000000e+00
7.290000000000000000e+02,7.290000000000000036e+00,1.168056744391882340e+01,-4.150169811641158724e+00,5.807367434576226728e+00,1.300493402207044902e+00,4.934022070448573771e-04,8.004948737185770824e+01,0.000000000000000000e+00
7.300000000000000000e+02,7.299999999999999822e+00,1.171360472323207702e+01,-4.134858869941090198e+00,5.817835780618233699e+00,1.298643589399243847e+00,1.356410600756197127e-03,8.004714350528756484e+01,0.000000000000000000e+00
7.310000000000000000e+02,7.310000000000000497e+00,1.169399847402578452e+01,-4.156180512566331586e+00,5.803239264668026642e+00,1.298986678781964388e+00,1.013321218035656557e-03,8.004701056089172084e+01,0.000000000000000000e+00
7.320000000000000000e+02,7.320000000000000284e+00,1.164673360386131407e+01,-4.196672483456425518e+00,5.775529438873945764e+00,1.298509808935102594e+00,1.490191064897450346e-03,8.005185510277155458e+01,0.000000000000000000e+00
7.330000000000000000e+02,7.330000000000000071e+00,1.167320658036796566e+01,-4.185454928007972697e+00,5.783194493068446462e+00,1.296160750073231727e+00,3.839249926768317778e-03,8.005123208566955384e+01,0.000000000000000000e+00
7.340000000000000000e+02,7.339999999999999858e+00,1.167950931893946098e+01,-4.188174426224972713e+00,5.781327171378748631e+00,1.295809617042638306e+00,4.190382957361737937e-03,8.004918687803971977e+01,0.000000000000000000e+00
7.350000000000000000e+02,7.350000000000000533e+00,1.163675619154084906e+01,-4.225043353640276500e+00,5.756102508175825250e+00,1.295973608709027669e+00,4.026391290972375359e-03,8.005203895292495986e+01,0.000000000000000000e+00
7.360000000000000000e+02,7.360000000000000320e+00,1.165926128091166092e+01,-4.216132554098770413e+00,5.762188734907575771e+00,1.294249846078136201e+00,5.750153921863843109e-03,8.005059884811110749e+01,0.000000000000000000e+00
7.370000000000000000e+02,7.370000000000000107e+00,1.167850428278048014e+01,-4.209350263430160055e+00,5.766819799775307231e+00,1.294131012179206897e+00,5.868987820793147847e-03,8.004649035826163583e+01,0.000000000000000000e+00
7.380000000000000000e+02,7.379999999999999893e+00,1.170803431584892174e+01,-4.195224120670899559e+00,5.776473292972482021e+00,1.295012652680869181e+00,4.987347319130863710e-03,8.003920478544384309e+01,0.000000000000000000e+00
7.390000000000000000e+02,7.390000000000000568e+00,1.176640790177578744e+01,-4.160760296355528354e+00,5.800036744878693362e+00,1.297075666692727447e+00,2.924333307272597438e-03,8.002598647191133807e+01,0.000000000000000000e+00
7.400000000000000000e+02,7.400000000000000355e+00,1.176816920536135136e+01,-4.165803091629243227e+00,5.796581222924280574e+00,1.301298988870861484e+00,1.298988870861439437e-03,8.001528837542666395e+01,0.000000000000000000e+00
7.410000000000000000e+02,7.410000000000000142e+00,1.180636265224550563e+01,-4.145182677279318995e+00,5.810679893653921901e+00,1.304475085142697388e+00,4.475085142697343699e-03,8.000182238601973950e+01,0.000000000000000000e+00
7.420000000000000000e+02,7.419999999999999929e+00,1.178130702677129271e+01,-4.168759788651883014e+00,5.794545226615610112e+00,1.308542454253260434e+00,8.542454253260389763e-03,7.999447546004930132e+01,0.000000000000000000e+00
7.430000000000000000e+02,7.429999999999999716e+00,1.172894346264455301e+01,-4.211342050772471701e+00,5.765413957144576607e+00,1.310347297834094205e+00,1.034729783409416015e-02,7.999526592137705450e+01,0.000000000000000000e+00
7.440000000000000000e+02,7.440000000000000391e+00,1.166241158672814571e+01,-4.263692122822289043e+00,5.729611795380875172e+00,1.309249518458471373e+00,9.249518458471328586e-03,8.000365663439750108e+01,0.000000000000000000e+00
7.450000000000000000e+02,7.450000000000000178e+00,1.160579574484817122e+01,-4.308930192344924137e+00,5.698682964160824760e+00,1.305378211601010419e+00,5.378211601010374210e-03,8.001591763035206384e+01,0.000000000000000000e+00
7.460000000000000000e+02,7.459999999999999964e+00,1.154992102350957595e+01,-4.353492865448682636e+00,5.668224257018075640e+00,1.299922968725959471e+00,7.703127404057319438e-05,8.003048291666547698e+01,0.000000000000000000e+00
7.470000000000000000e+02,7.469999999999999751e+00,1.157654742347559207e+01,-4.340253231059820749e+00,5.677264287413139598e+00,1.293326170579387924e+00,6.673829420612120700e-03,8.003693814162487286e+01,0.000000000000000000e+00
7.480000000000000000e+02,7.480000000000000426e+00,1.161421401836713585e+01,-4.319172974233760343e+00,5.691661864774931523e+00,1.289679271919305759e+00,1.032072808069428582e-02,8.003661034247734563e+01,0.000000000000000000e+00
7.490000000000000000e+02,7.490000000000000213e+00,1.166551393995513486e+01,-4.288428084950949071e+00,5.712664771252068618e+00,1.288674783500170173e+00,1.132521649982987100e-02,8.002989129160195603e+01,0.000000000000000000e+00
7.500000000000000000e+02,7.500000000000000000e+00,1.169468288550981327e+01,-4.273039736417443279e+00,5.723176253362779242e+00,1.290203484376815757e+00,9.796515623184287591e-03,8.002098968736738982e+01,0.000000000000000000e+00
7.510000000000000000e+02,7.509999999999999787e+00,1.175636311065934514e+01,-4.231288210295568675e+00,5.751706910891241975e+00,1.292532701744805834e+00,7.467298255194210199e-03,8.000688183063827807e+01,0.000000000000000000e+00
7.520000000000000000e+02,7.520000000000000462e+00,1.180558268426351809e+01,-4.189539544748013711e+00,5.780243112065272193e+00,1.297017843960209138e+00,2.982156039790906377e-03,7.999111050488606622e+01,0.000000000000000000e+00
7.530000000000000000e+02,7.530000000000000249e+00,1.181002454629528664e+01,-4.191481363532530757e+00,5.778911101283041418e+00,1.302706195805668710e+00,2.706195805668665244e-03,7.997817006672731566e+01,0.000000000000000000e+00
7.540000000000000000e+02,7.540000000000000036e+00,1.180014044238813042e+01,-4.203366892613874306e+00,5.770779514701548152e+00,1.306853663207123484e+00,6.853663207123439349e-03,7.996930756348403690e+01,0.000000000000000000e+00
7.550000000000000000e+02,7.549999999999999822e+00,1.175160964781473361e+01,-4.242263756761912141e+00,5.744179526769062960e+00,1.309219454129918025e+00,9.219454129917981078e-03,7.996863503359928416e+01,0.000000000000000000e+00
7.560000000000000000e+02,7.560000000000000497e+00,1.170066561174812669e+01,-4.282721527093796610e+00,5.716519430857691653e+00,1.308515537989292765e+00,8.515537989292720766e-03,7.997421452218277693e+01,0.000000000000000000e+00
7.570000000000000000e+02,7.570000000000000284e+00,1.171288076179553528e+01,-4.278788856583008560e+00,5.719202911268141065e+00,1.305463735091175748e+00,5.463735091175703218e-03,7.997609348712504129e+01,0.000000000000000000e+00
7.580000000000000000e+02,7.580000000000000071e+00,1.167756975814156384e+01,-4.308066809833163369e+00,5.699190184591805597e+00,1.303591745465283003e+00,3.591745465282958349e-03,7.998138811718700936e+01,0.000000000000000000e+00
7.590000000000000000e+02,7.589999999999999858e+00,1.168273804659881421e+01,-4.308872639691619710e+00,5.698635716836518483e+00,1.300384577204166003e+00,3.845772041659589746e-04,7.998400108342180204e+01,0.000000000000000000e+00
7.600000000000000000e+02,7.600000000000000533e+00,1.173724162525494741e+01,-4.275032496141018434e+00,5.721753825691881623e+00,1.298056653693625551e+00,1.943346306374493793e-03,7.997855306519717544e+01,0.000000000000000000e+00
7.610000000000000000e+02,7.610000000000000320e+00,1.177296000369391038e+01,-4.254240336638416942e+00,5.735959458502497554e+00,1.298625070561809869e+00,1.374929438190175546e-03,7.996954125432638705e+01,0.000000000000000000e+00
7.620000000000000000e+02,7.620000000000000107e+00,1.174825358257066732e+01,-4.275747260424718199e+00,5.721256400888760751e+00,1.300420122893413799e+00,4.201228934137546389e-04,7.996563446442468148e+01,0.000000000000000000e+00
7.630000000000000000e+02,7.629999999999999893e+00,1.173000467684009251e+01,-4.292625753467429917e+00,5.709718500634509475e+00,1.300319284139693332e+00,3.192841396932877274e-04,7.996466984587550542e+01,0.000000000000000000e+00
7.640000000000000000e+02,7.640000000000000568e+00,1.170527650197803027e+01,-4.313955928732544187e+00,5.695140150808181367e+00,1.299132582814952919e+00,8.674171850471257272e-04,7.996666685659862139e+01,0.000000000000000000e+00
7.650000000000000000e+02,7.650000000000000355e+00,1.174770961550815507e+01,-4.288100256240457320e+00,5.712801700632848423e+00,1.296851471948839984e+00,3.148528051160059960e-03,7.996223711270015144e+01,0.000000000000000000e+00
7.660000000000000000e+02,7.660000000000000142e+00,1.176795219919609536e+01,-4.277711078125483013e+00,5.719897500340532126e+00,1.296853647215371330e+00,3.146352784628714261e-03,7.995595826798759731e+01,0.000000000000000000e+00
7.670000000000000000e+02,7.669999999999999929e+00,1.180540407705886174e+01,-4.255154062269292936e+00,5.735308582074729600e+00,1.297482720980048132e+00,2.517279019951912389e-03,7.994603364154590963e+01,0.000000000000000000e+00
7.680000000000000000e+02,7.679999999999999716e+00,1.180553335927451641e+01,-4.258716674998507479e+00,5.732870773957767341e+00,1.299346170999410077e+00,6.538290005899671797e-04,7.993830183538784695e+01,0.000000000000000000e+00
7.690000000000000000e+02,7.690000000000000391e+00,1.178917341596100776e+01,-4.273783076769555045e+00,5.722571242046279316e+00,1.300380824394634649e+00,3.808243946346046016e-04,7.993442670805291073e+01,0.000000000000000000e+00
7.700000000000000000e+02,7.700000000000000178e+00,1.183176464505979375e+01,-4.246989804890858977e+00,5.740877327774446925e+00,1.300050037182872043e+00,5.003718287199809822e-05,7.992548400873575076e+01,0.000000000000000000e+00
7.710000000000000000e+02,7.709999999999999964e+00,1.182134286043979365e+01,-4.257743789121076539e+00,5.733524716808402921e+00,1.301432431433616976e+00,1.432431433616931926e-03,7.991995979795649419e+01,0.000000000000000000e+00
7.720000000000000000e+02,7.719999999999999751e+00,1.184299714054011332e+01,-4.245879129303928856e+00,5.741630348024385988e+00,1.301605849597448739e+00,1.605849597448694155e-03,7.991254680407874389e+01,0.000000000000000000e+00
7.730000000000000000e+02,7.730000000000000426e+00,1.182590362727840194e+01,-4.261178585684915809e+00,5.731171314578304532e+00,1.302361662843957824e+00,2.361662843957779145e-03,7.990912957496728097e+01,0.000000000000000000e+00
7.740000000000000000e+02,7.740000000000000213e+00,1.185052010653490306e+01,-4.247084388080152983e+00,5.740800371390453627e+00,1.301754700575078694e+00,1.754700575078649294e-03,7.990282292444170764e+01,0.000000000000000000e+00
7.750000000000000000e+02,7.750000000000000000e+00,1.180970149975671291e+01,-4.278929828150175751e+00,5.719033580286665419e+00,1.302057056098063992e+00,2.057056098063947402e-03,7.990359713086927229e+01,0.000000000000000000e+00
7.760000000000000000e+02,7.759999999999999787e+00,1.184354886389297690e+01,-4.258211624464005141e+00,5.733187621773284448e+00,1.300012552853196057e+00,1.255285319601284755e-05,7.989904704970152238e+01,0.000000000000000000e+00
7.770000000000000000e+02,7.770000000000000462e+00,1.187515515401560862e+01,-4.227109415604775933e+00,5.754439759970571444e+00,1.299669732904997765e+00,3.302670950022790208e-04,7.989228691224830925e+01,0.000000000000000000e+00
7.780000000000000000e+02,7.780000000000000249e+00,1.187841531739482193e+01,-4.228014547234717924e+00,5.753818982373139157e+00,1.300768161796877820e+00,7.681617968777754157e-04,7.988648857443001816e+01,0.000000000000000000e+00
7.790000000000000000e+02,7.790000000000000036e+00,1.190297787953728204e+01,-4.200053568912533564e+00,5.772928918665979126e+00,1.301268587213434191e+00,1.268587213434146932e-03,7.987993254044343416e+01,0.000000000000000000e+00
7.800000000000000000e+02,7.799999999999999822e+00,1.190725655702523511e+01,-4.200364978021437601e+00,5.772714304737109892e+00,1.302670047875719606e+00,2.670047875719561148e-03,7.987409712443736964e+01,0.000000000000000000e+00
7.810000000000000000e+02,7.810000000000000497e+00,1.191285918026611412e+01,-4.199672627254583901e+00,5.773185956056716250e+00,1.303398902327945308e+00,3.398902327945263480e-03,7.986861092089219483e+01,0.000000000000000000e+00
7.820000000000000000e+02,7.820000000000000284e+00,1.185299206212308221e+01,-4.244996692032539265e+00,5.742197786175295526e+00,1.303685377565222847e+00,3.685377565222802687e-03,7.987312314771924093e+01,0.000000000000000000e+00
7.830000000000000000e+02,7.830000000000000071e+00,1.180235920577579556e+01,-4.283715371100626612e+00,5.715733866712156441e+00,1.300651784766217567e+00,6.517847662175224599e-04,7.988338127151710921e+01,0.000000000000000000e+00
7.840000000000000000e+02,7.839999999999999858e+00,1.181774988097841117e+01,-4.275940938259903845e+00,5.721044102715302060e+00,1.295612081988053665e+00,4.387918011946378982e-03,7.988812990900363786e+01,0.000000000000000000e+00
7.850000000000000000e+02,7.850000000000000533e+00,1.185456808684135765e+01,-4.247123236196251206e+00,5.740733395504062919e+00,1.292111043240203205e+00,7.888956759796839080e-03,7.988661579475571273e+01,0.000000000000000000e+00
7.860000000000000000e+02,7.860000000000000320e+00,1.188394827131785192e+01,-4.219836628765048836e+00,5.759380322777808203e+00,1.290850918028749739e+00,9.149081971250305756e-03,7.988204948113808257e+01,0.000000000000000000e+00
7.870000000000000000e+02,7.870000000000000107e+00,1.190739306499101247e+01,-4.178507866028125406e+00,5.787630003390281885e+00,1.290956532558898306e+00,9.043467441101737947e-03,7.987819578663729203e+01,0.000000000000000000e+00
7.880000000000000000e+02,7.879999999999999893e+00,1.192610153671000006e+01,-4.133174513740840439e+00,5.818628236672643617e+00,1.292255233243237766e+00,7.744766756762277993e-03,7.987635493276818011e+01,0.000000000000000000e+00
7.890000000000000000e+02,7.890000000000000568e+00,1.194103051919282876e+01,-4.079570186191311620e+00,5.855297307181050570e+00,1.294378280134645287e+00,5.621719865354757317e-03,7.987778298462255577e+01,1.000000000000000000e+00
7.900000000000000000e+02,7.900000000000000355e+00,1.195294354561852046e+01,-4.008169969270689137e+00,5.904164450559716393e+00,1.297198862426648169e+00,2.801137573351875076e-03,7.988435931735180873e+01,3.000000000000000000e+00
7.910000000000000000e+02,7.910000000000000142e+00,1.196244990003902053e+01,-3.979919646972779113e+00,5.923515200790219204e+00,1.300901838171185432e+00,9.018381711853873384e-04,7.989015337006593143e+01,1.000000000000000000e+00
7.920000000000000000e+02,7.919999999999999929e+00,1.197003577881901570e+01,-3.969916134642228922e+00,5.930372779523271909e+00,1.303987185333148613e+00,3.987185333148568489e-03,7.989368711947200552e+01,0.000000000000000000e+00
7.930000000000000000e+02,7.930000000000000604e+00,1.195149159881416701e+01,-3.990206806182516441e+00,5.916477941821645992e+00,1.306062564291911254e+00,6.062564291911209935e-03,7.989824586321860522e+01,0.000000000000000000e+00
7.940000000000000000e+02,7.940000000000000391e+00,1.191631491740329984e+01,-4.022015302595260522e+00,5.894695593337138995e+00,1.305889683816969127e+00,5.889683816969082386e-03,7.990615879502198027e+01,0.000000000000000000e+00
7.950000000000000000e+02,7.950000000000000178e+00,1.191375585271380722e+01,-4.030770125794135517e+00,5.888704097218538713e+00,1.303327465558789422e+00,3.327465558789377553e-03,7.991145133069142048e+01,0.000000000000000000e+00
7.960000000000000000e+02,7.959999999999999964e+00,1.188529180376573713e+01,-4.057555744977159762e+00,5.870366814191962490e+00,1.300490298768330000e+00,4.902987683299553368e-04,7.991881007113693158e+01,0.000000000000000000e+00
7.970000000000000000e+02,7.969999999999999751e+00,1.183964837227951072e+01,-4.096240811702802631e+00,5.843886707316819695e+00,1.296272980442302547e+00,3.727019557697497376e-03,7.993015105893299221e+01,0.000000000000000000e+00
7.980000000000000000e+02,7.980000000000000426e+00,1.187204264050587277e+01,-4.071475537185392568e+00,5.860836635707073583e+00,1.290265020973036636e+00,9.734979026963408444e-03,7.993369793009361501e+01,0.000000000000000000e+00
7.990000000000000000e+02,7.990000000000000213e+00,1.189789261212084881e+01,-4.051038027883938852e+00,5.874827905615599200e+00,1.286703829940278876e+00,1.329617005972116850e-02,7.993270467227834786e+01,0.000000000000000000e+00
8.000000000000000000e+02,8.000000000000000000e+00,1.191852036724795028e+01,-3.997618732148401577e+00,5.911401066884519828e+00,1.284618628637817395e+00,1.538137136218264978e-02,7.993347276757729958e+01,0.000000000000000000e+00
8.010000000000000000e+02,8.009999999999999787e+00,1.193498089911705051e+01,-3.941079019911612136e+00,5.950130269843695530e+00,1.284345475724443686e+00,1.565452427555635850e-02,7.993681479052783345e+01,1.000000000000000000e+00
8.020000000000000000e+02,8.019999999999999574e+00,1.194811607101259554e+01,-3.877656636175620619e+00,5.993597576376012093e+00,1.285347629286507365e+00,1.465237071349267950e-02,7.994357509119802785e+01,3.000000000000000000e+00
8.030000000000000000e+02,8.029999999999999361e+00,1.195859767282823327e+01,-3.809838900092481051e+00,6.040106300496096203e+00,1.287359396436821068e+00,1.264060356317897593e-02,7.995393097654380199e+01,3.000000000000000000e+00
8.040000000000000000e+02,8.040000000000000924e+00,1.196696177932757976e+01,-3.732554594118815405e+00,6.093141805487480411e+00,1.290139295764735961e+00,9.860704235264083906e-03,7.996848794549175921e+01,3.000000000000000000e+00
8.050000000000000000e+02,8.050000000000000711e+00,1.197363616734221026e+01,-3.656573576130415226e+00,6.145324378072650084e+00,1.293662921338121885e+00,6.337078661878159380e-03,7.998632727857652469e+01,3.000000000000000000e+00
8.060000000000000000e+02,8.060000000000000497e+00,1.197896219414176322e+01,-3.582219361516153722e+00,6.196430212317026509e+00,1.297636308376835856e+00,2.363691623164188016e-03,8.000667458449331093e+01,3.000000000000000000e+00
8.070000000000000000e+02,8.070000000000000284e+00,1.198321225593130634e+01,-3.555315019609919247e+00,6.214956768544101173e+00,1.301849831567585047e+00,1.849831567585003000e-03,8.002353188095855785e+01,1.000000000000000000e+00
8.080000000000000000e+02,8.080000000000000071e+00,1.198660371937952718e+01,-3.547560224362081627e+00,6.220322363236840069e+00,1.304950354282826908e+00,4.950354282826863184e-03,8.003583739522736096e+01,1.000000000000000000e+00
8.090000000000000000e+02,8.089999999999999858e+00,1.197899034835530863e+01,-3.568994881403430242e+00,6.205616423241840707e+00,1.306727048110622125e+00,6.727048110622080301e-03,8.004405688018118781e+01,0.000000000000000000e+00
8.100000000000000000e+02,8.099999999999999645e+00,1.196823149163683198e+01,-3.592273230753418645e+00,6.189642968094304365e+00,1.306507428136722160e+00,6.507428136722115397e-03,8.004985275659798560e+01,0.000000000000000000e+00
8.110000000000000000e+02,8.109999999999999432e+00,1.197464937211423930e+01,-3.598885536702794319e+00,6.185125809939434838e+00,1.304730389779514832e+00,4.730389779514787563e-03,8.005176168859172492e+01,0.000000000000000000e+00
8.120000000000000000e+02,8.120000000000000995e+00,1.196735995070620362e+01,-3.619171074992146853e+00,6.171209642483574065e+00,1.302722995612692225e+00,2.722995612692180600e-03,8.005250988812477431e+01,0.000000000000000000e+00
8.130000000000000000e+02,8.130000000000000782e+00,1.194820574418261394e+01,-3.647398640820109339e+00,6.151835754606339357e+00,1.299856739355430557e+00,1.432606445694872832e-04,8.005429272508945360e+01,0.000000000000000000e+00
8.140000000000000000e+02,8.140000000000000568e+00,1.195866923020632910e+01,-3.629616604335306196e+00,6.164074334522348764e+00,1.295876360458105836e+00,4.123639541894208449e-03,8.005518066976831904e+01,0.000000000000000000e+00
8.150000000000000000e+02,8.150000000000000355e+00,1.196701888066969666e+01,-3.593733986247053203e+00,6.188753683950999118e+00,1.293086752491611202e+00,6.913247508388842277e-03,8.005803623169998673e+01,1.000000000000000000e+00
8.160000000000000000e+02,8.160000000000000142e+00,1.197368173305965655e+01,-3.546849246512153719e+00,6.221005953275733802e+00,1.291612261415215457e+00,8.387738584784587559e-03,8.006399669261264762e+01,1.000000000000000000e+00
8.170000000000000000e+02,8.169999999999999929e+00,1.197899855466376628e+01,-3.499723159534645855e+00,6.253441182975842949e+00,1.291367989439855757e+00,8.632010560144287581e-03,8.007255011129930722e+01,1.000000000000000000e+00
8.180000000000000000e+02,8.179999999999999716e+00,1.198324127089330915e+01,-3.428829661400994322e+00,6.302243752117316689e+00,1.292019109376293162e+00,7.980890623706882181e-03,8.008599968552064752e+01,3.000000000000000000e+00
8.190000000000000000e+02,8.189999999999999503e+00,1.198662687273304428e+01,-3.358909750658229054e+00,6.350412287655087695e+00,1.293948371843565148e+00,6.051628156434896155e-03,8.010307982852009445e+01,3.000000000000000000e+00
8.200000000000000000e+02,8.199999999999999289e+00,1.198932851460515714e+01,-3.302441126779502856e+00,6.389351132212121698e+00,1.296789104055178443e+00,3.210895944821601233e-03,8.012135908845340282e+01,3.000000000000000000e+00
8.210000000000000000e+02,8.210000000000000853e+00,1.199148437024047809e+01,-3.269078538340494333e+00,6.412392295755800831e+00,1.299957603506048498e+00,4.239649395154643230e-05,8.013808038375644571e+01,1.000000000000000000e+00
8.220000000000000000e+02,8.220000000000000639e+00,1.199320469948482604e+01,-3.256672927181441857e+00,6.420998253235313591e+00,1.302790604974166433e+00,2.790604974166388530e-03,8.015129508180464768e+01,1.000000000000000000e+00
8.230000000000000000e+02,8.230000000000000426e+00,1.199457748746768893e+01,-3.251978529883106539e+00,6.424290036060634534e+00,1.304874811081144115e+00,4.874811081144070357e-03,8.016113070696577836e+01,1.000000000000000000e+00
8.240000000000000000e+02,8.240000000000000213e+00,1.199320955245031506e+01,-3.275154630126142052e+00,6.408369352482959691e+00,1.306261461587941985e+00,6.261461587941941076e-03,8.016587442954195808e+01,0.000000000000000000e+00
8.250000000000000000e+02,8.250000000000000000e+00,1.196466294893718363e+01,-3.316653611633662901e+00,6.379819483736717700e+00,1.306408912945844047e+00,6.408912945844003062e-03,8.017121493509057473e+01,0.000000000000000000e+00
8.260000000000000000e+02,8.259999999999999787e+00,1.195107684659828351e+01,-3.347341705358352737e+00,6.358721912460255865e+00,1.304554082148946303e+00,4.554082148946259068e-03,8.017467144326346329e+01,0.000000000000000000e+00
8.270000000000000000e+02,8.269999999999999574e+00,1.195258573488021980e+01,-3.367129673043023796e+00,6.345132981481147461e+00,1.301961762666465905e+00,1.961762666465860505e-03,8.017447611501090421e+01,0.000000000000000000e+00
8.280000000000000000e+02,8.279999999999999361e+00,1.193078171157124245e+01,-3.402615753382591812e+00,6.320732456735656868e+00,1.299556238184742751e+00,4.437618152572930796e-04,8.017526708848282624e+01,0.000000000000000000e+00
8.290000000000000000e+02,8.290000000000000924e+00,1.194476520418311338e+01,-3.390867023268127944e+00,6.328853625957127527e+00,1.296345669374576959e+00,3.654330625423085621e-03,8.017393610804965931e+01,0.000000000000000000e+00
8.300000000000000000e+02,8.300000000000000711e+00,1.195592374879258557e+01,-3.363796694191361514e+00,6.347525718459676725e+00,1.294744763769939855e+00,5.255236230060189584e-03,8.017354430788201114e+01,1.000000000000000000e+00
8.310000000000000000e+02,8.310000000000000497e+00,1.196482804196580041e+01,-3.336394549486259464e+00,6.366433004279825170e+00,1.294699919125506860e+00,5.300080874493184879e-03,8.017439816620083093e+01,1.000000000000000000e+00
8.320000000000000000e+02,8.320000000000000284e+00,1.197193348803331503e+01,-3.278676543036803004e+00,6.406229973662351362e+00,1.295796336130359050e+00,4.203663869640994477e-03,8.018013710591183951e+01,3.000000000000000000e+00
8.330000000000000000e+02,8.330000000000000071e+00,1.197760349045082684e+01,-3.231382993439076312e+00,6.438867457688640883e+00,1.298520042178618938e+00,1.479957821381105987e-03,8.018854519856368768e+01,3.000000000000000000e+00
8.340000000000000000e+02,8.339999999999999858e+00,1.198212803783449765e+01,-3.222550266878795977e+00,6.445006273490617943e+00,1.302174233330911868e+00,2.174233330911823359e-03,8.019463239271821919e+01,1.000000000000000000e+00
8.350000000000000000e+02,8.349999999999999645e+00,1.198573853524166921e+01,-3.215209307384105486e+00,6.450117130009734190e+00,1.305538914117801319e+00,5.538914117801274628e-03,8.019906921864617289e+01,1.000000000000000000e+00
8.360000000000000000e+02,8.359999999999999432e+00,1.198080073737475715e+01,-3.241767709879138426e+00,6.431853930193909719e+00,1.308693367575004096e+00,8.693367575004051773e-03,8.020031423578332408e+01,0.000000000000000000e+00
8.370000000000000000e+02,8.370000000000000995e+00,1.194537166914500226e+01,-3.288897108321676477e+00,6.399409187521612807e+00,1.310666790787148983e+00,1.066679078714893869e-02,8.020400040920334561e+01,0.000000000000000000e+00
8.380000000000000000e+02,8.380000000000000782e+00,1.191713240351519154e+01,-3.330579704076995995e+00,6.370724152401840534e+00,1.310541953726847009e+00,1.054195372684696430e-02,8.020833456734021638e+01,0.000000000000000000e+00
8.390000000000000000e+02,8.390000000000000568e+00,1.186040128268248139e+01,-3.391489071586627713e+00,6.328799291357237955e+00,1.309270472974511490e+00,9.270472974511445585e-03,8.021734792449024098e+01,0.000000000000000000e+00
8.400000000000000000e+02,8.400000000000000355e+00,1.180726898235140432e+01,-3.449612280858727065e+00,6.288807209724766700e+00,1.305993528059210984e+00,5.993528059210939674e-03,8.022890142156586535e+01,0.000000000000000000e+00
8.410000000000000000e+02,8.410000000000000142e+00,1.175580026125106414e+01,-3.506125071431966056e+00,6.249936107923823592e+00,1.301460746374157207e+00,1.460746374157162464e-03,8.024174471813333298e+01,0.000000000000000000e+00
8.420000000000000000e+02,8.419999999999999929e+00,1.169948934757398185e+01,-3.565534399497359175e+00,6.209084662698632684e+00,1.296133338497334808e+00,3.866661502665236227e-03,8.025586656230728977e+01,0.000000000000000000e+00
8.430000000000000000e+02,8.429999999999999716e+00,1.170769866689335714e+01,-3.579896640403642749e+00,6.199217658172868184e+00,1.290058483966439962e+00,9.941516033560082732e-03,8.026218352724026772e+01,0.000000000000000000e+00
8.440000000000000000e+02,8.439999999999999503e+00,1.174104212743633369e+01,-3.576441431170758189e+00,6.201598874115584970e+00,1.286321325022402817e+00,1.367867497759722717e-02,8.025997132082994767e+01,0.000000000000000000e+00
8.450000000000000000e+02,8.449999999999999289e+00,1.178833989313240238e+01,-3.562890006422728018e+00,6.210920923212333911e+00,1.285451406350553327e+00,1.454859364944671718e-02,8.025001426706063512e+01,0.000000000000000000e+00
8.460000000000000000e+02,8.460000000000000853e+00,1.183109951068141186e+01,-3.544793897980192288e+00,6.223369528906760983e+00,1.287335025293060431e+00,1.266497470693961347e-02,8.023586489920462839e+01,0.000000000000000000e+00
8.470000000000000000e+02,8.470000000000000639e+00,1.186522082165486403e+01,-3.515534600441903912e+00,6.243497621990856672e+00,1.291253493670451835e+00,8.746506329548209280e-03,8.022164053890668356e+01,0.000000000000000000e+00
8.480000000000000000e+02,8.480000000000000426e+00,1.189244893849226514e+01,-3.500241566905883062e+00,6.254027319811178209e+00,1.296745248855429411e+00,3.254751144570633414e-03,8.020707933210690044e+01,0.000000000000000000e+00
8.490000000000000000e+02,8.490000000000000213e+00,1.187560506959345652e+01,-3.530497174749565925e+00,6.233227227987317320e+00,1.302853197950130548e+00,2.853197950130503813e-03,8.019655944054390773e+01,0.000000000000000000e+00
8.500000000000000000e+02,8.500000000000000000e+00,1.186095220062594535e+01,-3.558835103398223065e+00,6.213748131190341972e+00,1.307092106910269891e+00,7.092106910269846409e-03,8.018882786816018893e+01,0.000000000000000000e+00
8.510000000000000000e+02,8.509999999999999787e+00,1.178556540730498625e+01,-3.628932648468078614e+00,6.165558920173164204e+00,1.310101343796194806e+00,1.010134379619476164e-02,8.019156746852360129e+01,0.000000000000000000e+00
8.520000000000000000e+02,8.519999999999999574e+00,1.169702362789126759e+01,-3.707751065551101011e+00,6.111399093017852557e+00,1.309559895965139553e+00,9.559895965139508789e-03,8.020329762873211621e+01,0.000000000000000000e+00
8.530000000000000000e+02,8.529999999999999361e+00,1.163376147104661484e+01,-3.768630573695657571e+00,6.069586348033376488e+00,1.305860029056292504e+00,5.860029056292459515e-03,8.021754148690928332e+01,0.000000000000000000e+00
8.540000000000000000e+02,8.540000000000000924e+00,1.159178644084054177e+01,-3.814372673064293728e+00,6.038179775226407919e+00,1.300975702197741501e+00,9.757021977414570557e-04,8.023053200694177178e+01,0.000000000000000000e+00
8.550000000000000000e+02,8.550000000000000711e+00,1.159192280121947505e+01,-3.830565510769353921e+00,6.027058290309405209e+00,1.296171359639600951e+00,3.828640360399093723e-03,8.023754113298203094e+01,0.000000000000000000e+00
8.560000000000000000e+02,8.560000000000000497e+00,1.158990927044978569e+01,-3.847899042343268849e+00,6.015154941120563592e+00,1.293308768732709835e+00,6.691231267290209672e-03,8.024075906945135728e+01,0.000000000000000000e+00
8.570000000000000000e+02,8.570000000000000284e+00,1.163021428805067359e+01,-3.835543249664309595e+00,6.023620088920906390e+00,1.291763928721188170e+00,8.236071278811873952e-03,8.023660466460007967e+01,0.000000000000000000e+00
8.580000000000000000e+02,8.580000000000000071e+00,1.166842963888700879e+01,-3.824284470031280581e+00,6.031333720748700777e+00,1.293077916958453422e+00,6.922083041546622795e-03,8.022749315820760785e+01,0.000000000000000000e+00
8.590000000000000000e+02,8.589999999999999858e+00,1.171622319213176588e+01,-3.806028659488552179e+00,6.043849030885787066e+00,1.296366598295181305e+00,3.633401704818739475e-03,8.021363596984431865e+01,0.000000000000000000e+00
8.600000000000000000e+02,8.599999999999999645e+00,1.169944253799004841e+01,-3.832441327503765649e+00,6.025716293542271451e+00,1.301503878069617759e+00,1.503878069617714530e-03,8.020380228089238983e+01,0.000000000000000000e+00
8.610000000000000000e+02,8.609999999999999432e+00,1.172375648459382091e+01,-3.829967742508581630e+00,6.027402998981319371e+00,1.305048762817890395e+00,5.048762817890350973e-03,8.019215829547960084e+01,0.000000000000000000e+00
8.620000000000000000e+02,8.620000000000000995e+00,1.165764247352826999e+01,-3.890068337697001333e+00,5.986162024043115260e+00,1.309266031609383596e+00,9.266031609383551526e-03,8.018992202345722831e+01,0.000000000000000000e+00
8.630000000000000000e+02,8.630000000000000782e+00,1.160589369222135225e+01,-3.939849533453600561e+00,5.952013067742036867e+00,1.309867854260180708e+00,9.867854260180664028e-03,8.019274938099695760e+01,0.000000000000000000e+00
8.640000000000000000e+02,8.640000000000000568e+00,1.153237511521999537e+01,-4.004444580287628064e+00,5.907719736613955774e+00,1.308455579486032638e+00,8.455579486032593906e-03,8.020144222832874448e+01,0.000000000000000000e+00
8.650000000000000000e+02,8.650000000000000355e+00,1.146659664542380419e+01,-4.063334353556594891e+00,5.867352950849332949e+00,1.304549286214891080e+00,4.549286214891035129e-03,8.021296581515619550e+01,0.000000000000000000e+00
8.660000000000000000e+02,8.660000000000000142e+00,1.146306259825212059e+01,-4.078700159214231569e+00,5.856811837074777038e+00,1.299126056374894311e+00,8.739436251057330907e-04,8.021969431246476745e+01,0.000000000000000000e+00
8.670000000000000000e+02,8.669999999999999929e+00,1.148816598833207081e+01,-4.073903930476822310e+00,5.860080324313493350e+00,1.295382608974689598e+00,4.617391025310446651e-03,8.022034711492975134e+01,0.000000000000000000e+00
8.680000000000000000e+02,8.679999999999999716e+00,1.149858201914086209e+01,-4.079029943187918228e+00,5.856553724545674022e+00,1.294127537325664878e+00,5.872462674335166000e-03,8.021831680747135351e+01,0.000000000000000000e+00
8.690000000000000000e+02,8.689999999999999503e+00,1.154746798720040069e+01,-4.057155208226134846e+00,5.871518252369324564e+00,1.293965516969406426e+00,6.034483030593618125e-03,8.021060312017820593e+01,0.000000000000000000e+00
8.700000000000000000e+02,8.700000000000001066e+00,1.158480440538568423e+01,-4.043027180625935912e+00,5.881179232538760182e+00,1.296309542700676332e+00,3.690457299323712803e-03,8.019986864292286555e+01,0.000000000000000000e+00
8.710000000000000000e+02,8.710000000000000853e+00,1.163809748071043515e+01,-4.017524240655488299e+00,5.898632274294879352e+00,1.299891184519214260e+00,1.088154807857844020e-04,8.018513949937027974e+01,0.000000000000000000e+00
8.720000000000000000e+02,8.720000000000000639e+00,1.163871627451066715e+01,-4.028428460260870203e+00,5.891148927689971337e+00,1.305044285695492023e+00,5.044285695491979027e-03,8.017290508400620297e+01,0.000000000000000000e+00
8.730000000000000000e+02,8.730000000000000426e+00,1.159409071810694769e+01,-4.070605576094200373e+00,5.862245704756126052e+00,1.308871631175748007e+00,8.871631175747962672e-03,8.016750940628506328e+01,0.000000000000000000e+00
8.740000000000000000e+02,8.740000000000000213e+00,1.153006884995492420e+01,-4.126034310365158220e+00,5.824275920879247614e+00,1.309617318903729233e+00,9.617318903729188406e-03,8.016920877771546827e+01,0.000000000000000000e+00
8.750000000000000000e+02,8.750000000000000000e+00,1.147519522545376347e+01,-4.174827691718075329e+00,5.790860896154383930e+00,1.307183718174660836e+00,7.183718174660791433e-03,8.017484140279609051e+01,0.000000000000000000e+00
8.760000000000000000e+02,8.759999999999999787e+00,1.148865764867583117e+01,-4.175833047471989801e+00,5.790157805375900857e+00,1.302797577305930155e+00,2.797577305930110114e-03,8.017619271340774390e+01,0.000000000000000000e+00
8.770000000000000000e+02,8.769999999999999574e+00,1.142807763079785488e+01,-4.228131503299496607e+00,5.754355385921457788e+00,1.300068287871677830e+00,6.828787167778571643e-05,8.018190377429669979e+01,0.000000000000000000e+00
8.780000000000000000e+02,8.779999999999999361e+00,1.146363000436486956e+01,-4.213328662819124659e+00,5.764467111962397361e+00,1.295083734231719408e+00,4.916265768280636550e-03,8.018130999398771053e+01,0.000000000000000000e+00
8.790000000000000000e+02,8.790000000000000924e+00,1.152574924590279970e+01,-4.179814128767740833e+00,5.787380711228167662e+00,1.292829777845413419e+00,7.170222154586625152e-03,8.017377828126227257e+01,0.000000000000000000e+00
8.800000000000000000e+02,8.800000000000000711e+00,1.149242776878190320e+01,-4.212614850854831339e+00,5.764923736683667421e+00,1.293733618605716451e+00,6.266381394283593309e-03,8.017044624969710753e+01,0.000000000000000000e+00
8.810000000000000000e+02,8.810000000000000497e+00,1.154257671381901673e+01,-4.187077009765784119e+00,5.782379864233388567e+00,1.292474763180169850e+00,7.525236819830194435e-03,8.016206916120937365e+01,0.000000000000000000e+00
8.820000000000000000e+02,8.820000000000000284e+00,1.161439959547108991e+01,-4.146206851047029573e+00,5.810328122068046497e+00,1.293446239459186575e+00,6.553760540813469149e-03,8.014766639140846394e+01,0.000000000000000000e+00
8.830000000000000000e+02,8.830000000000000071e+00,1.167707992711614118e+01,-4.111463552142605948e+00,5.834090333034581910e+00,1.296983242467848241e+00,3.016757532151803645e-03,8.012933228136299135e+01,0.000000000000000000e+00
8.840000000000000000e+02,8.839999999999999858e+00,1.167115750796475560e+01,-4.124390819811176279e+00,5.825230577163098999e+00,1.301905280658642194e+00,1.905280658642150016e-03,8.011526096751963166e+01,0.000000000000000000e+00
8.850000000000000000e+02,8.849999999999999645e+00,1.164373297292242171e+01,-4.152141996931813850e+00,5.806226791401432941e+00,1.304632076126182261e+00,4.632076126182216314e-03,8.010694479387170475e+01,0.000000000000000000e+00
8.860000000000000000e+02,8.859999999999999432e+00,1.162636123393221510e+01,-4.172679254985923514e+00,5.792162505689921304e+00,1.304746771540391093e+00,4.746771540391048205e-03,8.010186358042054167e+01,0.000000000000000000e+00
8.870000000000000000e+02,8.870000000000000995e+00,1.155657264748362145e+01,-4.229624190535044903e+00,5.753192507471163175e+00,1.303395446531136814e+00,3.395446531136769863e-03,8.010499421492384897e+01,0.000000000000000000e+00
8.880000000000000000e+02,8.880000000000000782e+00,1.157247285249834512e+01,-4.226568914568717972e+00,5.755269978352336224e+00,1.298541305562366466e+00,1.458694437633578644e-03,8.010453590086756037e+01,0.000000000000000000e+00
8.890000000000000000e+02,8.890000000000000568e+00,1.162370871669259742e+01,-4.198678065184878960e+00,5.774332594717224154e+00,1.295049917056701361e+00,4.950082943298683702e-03,8.009767725881033584e+01,0.000000000000000000e+00
8.900000000000000000e+02,8.900000000000000355e+00,1.165482134966929273e+01,-4.184642839065756625e+00,5.783921182514254689e+00,1.294148185063874301e+00,5.851814936125743216e-03,8.008833406262198196e+01,0.000000000000000000e+00
8.910000000000000000e+02,8.910000000000000142e+00,1.168450800525129907e+01,-4.171425517114354165e+00,5.792951249656249857e+00,1.294177332532941982e+00,5.822667467058062485e-03,8.007724470031266151e+01,0.000000000000000000e+00
8.920000000000000000e+02,8.919999999999999929e+00,1.174824376176618834e+01,-4.120293602278290557e+00,5.827918569289336936e+00,1.294796567613419436e+00,5.203432386580608693e-03,8.006236878956454461e+01,0.000000000000000000e+00
8.930000000000000000e+02,8.929999999999999716e+00,1.179910360787402901e+01,-4.061885612326676664e+00,5.867877973325319019e+00,1.297770090639020601e+00,2.229909360979442923e-03,8.004770610840719769e+01,0.000000000000000000e+00
8.940000000000000000e+02,8.939999999999999503e+00,1.180376404103855315e+01,-4.066638457947264307e+00,5.864616278248010239e+00,1.302278983098160259e+00,2.278983098160214382e-03,8.003516914209207300e+01,0.000000000000000000e+00
8.950000000000000000e+02,8.950000000000001066e+00,1.184340766911157239e+01,-4.021521841598638680e+00,5.895494197131252001e+00,1.304931495898737914e+00,4.931495898737869865e-03,8.002270521801337111e+01,0.000000000000000000e+00
8.960000000000000000e+02,8.960000000000000853e+00,1.186031078274566930e+01,-4.017906210814057744e+00,5.897963981538218547e+00,1.308520859182446872e+00,8.520859182446827162e-03,8.001016995178316904e+01,0.000000000000000000e+00
8.970000000000000000e+02,8.970000000000000639e+00,1.182665729038494895e+01,-4.049525635161430159e+00,5.876304053847815290e+00,1.311052847182024195e+00,1.105284718202415029e-02,8.000451192001997924e+01,0.000000000000000000e+00
8.980000000000000000e+02,8.980000000000000426e+00,1.179327131313495869e+01,-4.080771768363811169e+00,5.854904255917402267e+00,1.310533629173750603e+00,1.053362917375055829e-02,8.000400491268273129e+01,0.000000000000000000e+00
8.990000000000000000e+02,8.990000000000000213e+00,1.175933901103298318e+01,-4.112218204512341657e+00,5.833371795532785065e+00,1.307831178443858322e+00,7.831178443858277660e-03,8.000731576818290591e+01,0.000000000000000000e+00
9.000000000000000000e+02,9.000000000000000000e+00,1.172043029254668411e+01,-4.146887339284605289e+00,5.809638485090533599e+00,1.303535674778025788e+00,3.535674778025743592e-03,8.001397733649670840e+01,0.000000000000000000e+00
9.010000000000000000e+02,9.009999999999999787e+00,1.174342531614551000e+01,-4.138076066843367151e+00,5.815658891851794188e+00,1.297876424431190889e+00,2.123575568809155101e-03,8.001486549815091109e+01,0.000000000000000000e+00
9.020000000000000000e+02,9.019999999999999574e+00,1.179525858561106411e+01,-4.098025202152664193e+00,5.843054096153109001e+00,1.294065238978326038e+00,5.934761021674006543e-03,8.000913037704069097e+01,0.000000000000000000e+00
9.030000000000000000e+02,9.029999999999999361e+00,1.183581621881285706e+01,-4.076822831565243277e+00,5.857558024039462019e+00,1.293231548060244540e+00,6.768451939755504299e-03,7.999868576865233649e+01,0.000000000000000000e+00
9.040000000000000000e+02,9.040000000000000924e+00,1.186898465945672498e+01,-4.051285163829193792e+00,5.875031959444120488e+00,1.293767661633782096e+00,6.232338366217948789e-03,7.998674546095637083e+01,0.000000000000000000e+00
9.050000000000000000e+02,9.050000000000000711e+00,1.189545240502102352e+01,-4.003357711443128686e+00,5.907838451735678120e+00,1.295242508381279745e+00,4.757491618720299797e-03,7.997765684352589233e+01,0.000000000000000000e+00
9.060000000000000000e+02,9.060000000000000497e+00,1.191657313127940299e+01,-3.954922867158668698e+00,5.941007490067014452e+00,1.297853203639268704e+00,2.146796360731340059e-03,7.997181200193392669e+01,0.000000000000000000e+00
9.070000000000000000e+02,9.070000000000000284e+00,1.191930042154080205e+01,-3.961479828447449503e+00,5.936513265694154384e+00,1.301186177824607659e+00,1.186177824607614895e-03,7.996604453269286239e+01,0.000000000000000000e+00
9.080000000000000000e+02,9.080000000000000071e+00,1.193560336668407373e+01,-3.951602693472160865e+00,5.943278671968427851e+00,1.303105852398603437e+00,3.105852398603392572e-03,7.995919435120357832e+01,0.000000000000000000e+00
9.090000000000000000e+02,9.089999999999999858e+00,1.193879389867806751e+01,-3.957616462271945412e+00,5.939156727216872156e+00,1.304839482145101259e+00,4.839482145101214883e-03,7.995270238163558929e+01,0.000000000000000000e+00
9.100000000000000000e+02,9.099999999999999645e+00,1.191536010158380421e+01,-3.982123164376657698e+00,5.922364299915501284e+00,1.305704999547881551e+00,5.704999547881506317e-03,7.995051945069840826e+01,0.000000000000000000e+00
9.110000000000000000e+02,9.109999999999999432e+00,1.186795609737369972e+01,-4.023258879963302448e+00,5.894183324542220603e+00,1.304788080644212922e+00,4.788080644212877601e-03,7.995508627021905568e+01,0.000000000000000000e+00
9.120000000000000000e+02,9.120000000000000995e+00,1.181708779829555311e+01,-4.066631095647025518e+00,5.864478778507427492e+00,1.301544570010279456e+00,1.544570010279411321e-03,7.996491369527856818e+01,0.000000000000000000e+00
9.130000000000000000e+02,9.130000000000000782e+00,1.184917988980179260e+01,-4.051707369582638663e+00,5.874690316339910900e+00,1.296498156178993000e+00,3.501843821007044610e-03,7.996639024524368722e+01,0.000000000000000000e+00
9.140000000000000000e+02,9.140000000000000568e+00,1.187964859893274294e+01,-4.027113949171829965e+00,5.891523415480699022e+00,1.293931197115102849e+00,6.068802884897195327e-03,7.996341867214853494e+01,0.000000000000000000e+00
9.150000000000000000e+02,9.150000000000000355e+00,1.190396201328976389e+01,-3.976428074970173032e+00,5.926227490691284849e+00,1.293424772996876415e+00,6.575227003123629288e-03,7.996164101468079366e+01,0.000000000000000000e+00
9.160000000000000000e+02,9.160000000000000142e+00,1.192336362676658013e+01,-3.930629705619030911e+00,5.957600430654916401e+00,1.294994360870442840e+00,5.005639129557204470e-03,7.996123027355268675e+01,0.000000000000000000e+00
9.170000000000000000e+02,9.169999999999999929e+00,1.193884572236929209e+01,-3.878497101244851919e+00,5.993328968064679962e+00,1.297843978888173044e+00,2.156021111827000070e-03,7.996341195625858234e+01,1.000000000000000000e+00
9.180000000000000000e+02,9.179999999999999716e+00,1.195120012189064695e+01,-3.829415100899346225e+00,6.026985072904656349e+00,1.301722940424523189e+00,1.722940424523144998e-03,7.996781707022796581e+01,1.000000000000000000e+00
9.190000000000000000e+02,9.189999999999999503e+00,1.194815839156994741e+01,-3.842213371904935393e+00,6.018212637930338005e+00,1.306216080532882406e+00,6.216080532882362064e-03,7.997018396905150439e+01,0.000000000000000000e+00
9.200000000000000000e+02,9.200000000000001066e+00,1.195513241381237357e+01,-3.847652387968753640e+00,6.014487670967537447e+00,1.309127966436737900e+00,9.127966436737855460e-03,7.996961026007130613e+01,0.000000000000000000e+00
9.210000000000000000e+02,9.210000000000000853e+00,1.193765694265236021e+01,-3.869985749261894981e+00,5.999175874906341299e+00,1.311389293264746403e+00,1.138929326474635850e-02,7.997067315357780615e+01,0.000000000000000000e+00
9.220000000000000000e+02,9.220000000000000639e+00,1.189491019681551087e+01,-3.909793692922791220e+00,5.971883542884763862e+00,1.312124437982288505e+00,1.212443798228846070e-02,7.997679433520536918e+01,0.000000000000000000e+00
9.230000000000000000e+02,9.230000000000000426e+00,1.183385514698733942e+01,-3.962188904519460042e+00,5.935970184002737682e+00,1.310658237412101634e+00,1.065823741210158992e-02,7.998918123176858330e+01,0.000000000000000000e+00
9.240000000000000000e+02,9.240000000000000213e+00,1.178059758548944558e+01,-4.008892968574452098e+00,5.903969172959332212e+00,1.306803300299038906e+00,6.803300299038861354e-03,8.000459372157624216e+01,0.000000000000000000e+00
9.250000000000000000e+02,9.250000000000000000e+00,1.170349122715103185e+01,-4.072040120266021468e+00,5.860715516011322457e+00,1.301584483787959323e+00,1.584483787959278800e-03,8.002513481967461928e+01,0.000000000000000000e+00
9.260000000000000000e+02,9.259999999999999787e+00,1.172950477415927040e+01,-4.062924051071712839e+00,5.866953649001909632e+00,1.294315265100775658e+00,5.684734899224386240e-03,8.003488926233872292e+01,0.000000000000000000e+00
9.270000000000000000e+02,9.269999999999999574e+00,1.177749228733206266e+01,-4.038252885192806119e+00,5.883842243719344722e+00,1.290227981811501445e+00,9.772018188498599045e-03,8.003434966498565473e+01,0.000000000000000000e+00
9.280000000000000000e+02,9.279999999999999361e+00,1.182244334039629230e+01,-4.003208239527320522e+00,5.907837438283439546e+00,1.289476162514889834e+00,1.052383748511021011e-02,8.002832154521341579e+01,0.000000000000000000e+00
9.290000000000000000e+02,9.290000000000000924e+00,1.185831337263946494e+01,-3.977941931263060393e+00,5.925142294729848658e+00,1.291360263364368599e+00,8.639736635631445338e-03,8.001904029510112082e+01,0.000000000000000000e+00
9.300000000000000000e+02,9.300000000000000711e+00,1.188693693372240112e+01,-3.942403916419507048e+00,5.949488129288761584e+00,1.294658715932812676e+00,5.341284067187368478e-03,8.001004047237871930e+01,0.000000000000000000e+00
9.310000000000000000e+02,9.310000000000000497e+00,1.190977795721282462e+01,-3.907008124691265127e+00,5.973745085727426130e+00,1.299070728805125308e+00,9.292711948747367501e-04,8.000241172406389012e+01,0.000000000000000000e+00
9.320000000000000000e+02,9.320000000000000284e+00,1.192800463252336485e+01,-3.887137340647568440e+00,5.987368934659965447e+00,1.304131700541485639e+00,4.131700541485594513e-03,7.999494860443120103e+01,0.000000000000000000e+00
9.330000000000000000e+02,9.330000000000000071e+00,1.190713321154718862e+01,-3.911408065424631264e+00,5.970732966102330508e+00,1.309119452210409928e+00,9.119452210409884074e-03,7.999135883303395644e+01,0.000000000000000000e+00
9.340000000000000000e+02,9.339999999999999858e+00,1.185400680353845893e+01,-3.958050380020807779e+00,5.938764572804359432e+00,1.311841001470095858e+00,1.184100147009581327e-02,7.999539729483016970e+01,0.000000000000000000e+00
9.350000000000000000e+02,9.349999999999999645e+00,1.180890701086605787e+01,-3.998851131621759869e+00,5.910808875736010215e+00,1.311470659395749472e+00,1.147065939574942739e-02,8.000370619197573774e+01,0.000000000000000000e+00
9.360000000000000000e+02,9.359999999999999432e+00,1.174701537812386931e+01,-4.051180788110443132e+00,5.874963598736944626e+00,1.309210932353028989e+00,9.210932353028944419e-03,8.001724395799668343e+01,0.000000000000000000e+00
9.370000000000000000e+02,9.370000000000000995e+00,1.169154564506120941e+01,-4.098794867010116860e+00,5.842359557596168429e+00,1.304807398752284797e+00,4.807398752284752774e-03,8.003325551844882568e+01,0.000000000000000000e+00
9.380000000000000000e+02,9.380000000000000782e+00,1.163945156521327640e+01,-4.143834251814595859e+00,5.811527813452064706e+00,1.299114300161040791e+00,8.856998389592529719e-04,8.005021559355897409e+01,0.000000000000000000e+00
9.390000000000000000e+02,9.390000000000000568e+00,1.166804490812449835e+01,-4.132340328534730212e+00,5.819389561611644446e+00,1.292611995654264989e+00,7.388004345735055267e-03,8.005744949178919967e+01,0.000000000000000000e+00
9.400000000000000000e+02,9.400000000000000355e+00,1.166952854383385052e+01,-4.139722832867461122e+00,5.814334362575005244e+00,1.289168499294342185e+00,1.083150070565785938e-02,8.006140088638201746e+01,0.000000000000000000e+00
9.410000000000000000e+02,9.410000000000000142e+00,1.173629045417044559e+01,-4.097087883577717804e+00,5.843505022676820815e+00,1.286695924663509238e+00,1.330407533649080598e-02,8.005547229172854884e+01,0.000000000000000000e+00
9.420000000000000000e+02,9.419999999999999929e+00,1.178956510989358719e+01,-4.053924614005516958e+00,5.873045816964529209e+00,1.287999300558991811e+00,1.200069944100823349e-02,8.004509855283419029e+01,0.000000000000000000e+00
9.430000000000000000e+02,9.429999999999999716e+00,1.183207720890498393e+01,-4.022677028434261892e+00,5.894438510335842096e+00,1.291666732251476324e+00,8.333267748523720542e-03,8.003210431495217847e+01,0.000000000000000000e+00
9.440000000000000000e+02,9.439999999999999503e+00,1.186600100508579558e+01,-3.990678094949716037e+00,5.916351490884850683e+00,1.296401712057561273e+00,3.598287942438771481e-03,8.001889568685155041e+01,0.000000000000000000e+00
9.450000000000000000e+02,9.450000000000001066e+00,1.186291542278308775e+01,-4.001337870663833840e+00,5.909050337063008307e+00,1.301665628437072009e+00,1.665628437071964285e-03,8.000851963267029987e+01,0.000000000000000000e+00
9.460000000000000000e+02,9.460000000000000853e+00,1.185624398911136268e+01,-4.014324041797928899e+00,5.900156041030655274e+00,1.305145535676736523e+00,5.145535676736479047e-03,8.000084064718002708e+01,0.000000000000000000e+00
9.470000000000000000e+02,9.470000000000000639e+00,1.182097011086557714e+01,-4.047164123749695364e+00,5.877665297940739109e+00,1.307144810589167205e+00,7.144810589167160941e-03,7.999919192931800183e+01,0.000000000000000000e+00
9.480000000000000000e+02,9.480000000000000426e+00,1.177359825552808914e+01,-4.088287653465334515e+00,5.849507847660136761e+00,1.306748206004969548e+00,6.748206004969503624e-03,8.000359808764540048e+01,0.000000000000000000e+00
9.490000000000000000e+02,9.490000000000000213e+00,1.170238653354320846e+01,-4.145901235979446930e+00,5.810071071151980071e+00,1.304035457427048517e+00,4.035457427048472212e-03,8.001540996301173436e+01,0.000000000000000000e+00
9.500000000000000000e+02,9.500000000000000000e+00,1.165902362685272031e+01,-4.183824094868216825e+00,5.784121494168370070e+00,1.298524274782518972e+00,1.475725217481071994e-03,8.002846589498457774e+01,0.000000000000000000e+00
9.510000000000000000e+02,9.509999999999999787e+00,1.166604446020769537e+01,-4.186352054037077330e+00,5.782389238905662587e+00,1.292206730934198244e+00,7.793269065801800011e-03,8.003586747944025603e+01,0.000000000000000000e+00
9.520000000000000000e+02,9.519999999999999574e+00,1.171838113943896609e+01,-4.157041136735726283e+00,5.802435005776049870e+00,1.287566880618606024e+00,1.243311938139401995e-02,8.003371110113431541e+01,0.000000000000000000e+00
9.530000000000000000e+02,9.529999999999999361e+00,1.176901627840979181e+01,-4.128733164570212999e+00,5.821798323049137025e+00,1.286189420730218247e+00,1.381057926978179751e-02,8.002491048846994204e+01,0.000000000000000000e+00
9.540000000000000000e+02,9.540000000000000924e+00,1.181567965650882357e+01,-4.087334118801367211e+00,5.850122726869976475e+00,1.287076001666032532e+00,1.292399833396751241e-02,8.001344173953535233e+01,0.000000000000000000e+00
9.550000000000000000e+02,9.550000000000000711e+00,1.185291608953734332e+01,-4.055061561211908305e+00,5.872210067251034005e+00,1.289820820271593060e+00,1.017917972840698404e-02,8.000073990094266208e+01,0.000000000000000000e+00
9.560000000000000000e+02,9.560000000000000497e+00,1.185720333495092405e+01,-4.059350366201546656e+00,5.869273528950675001e+00,1.293378844049811294e+00,6.621155950188750694e-03,7.998989320012016435e+01,0.000000000000000000e+00
9.570000000000000000e+02,9.570000000000000284e+00,1.188605114607194935e+01,-4.023966384696247012e+00,5.893495999612256675e+00,1.295631146555704438e+00,4.368853444295606181e-03,7.997966306713847473e+01,0.000000000000000000e+00
9.580000000000000000e+02,9.580000000000000071e+00,1.190907111656246542e+01,-3.988686265329429492e+00,5.917655415013118869e+00,1.298637305767419869e+00,1.362694232580174969e-03,7.997105863247783475e+01,0.000000000000000000e+00
9.590000000000000000e+02,9.589999999999999858e+00,1.192744058796398754e+01,-3.952057130045974809e+00,5.942747325665808766e+00,1.302005908669838785e+00,2.005908669838740721e-03,7.996478309889566560e+01,0.000000000000000000e+00
9.600000000000000000e+02,9.599999999999999645e+00,1.193701881311262092e+01,-3.953626147827251192e+00,5.941675633758615405e+00,1.305526923707038600e+00,5.526923707038555733e-03,7.995772362187830140e+01,0.000000000000000000e+00
9.610000000000000000e+02,9.609999999999999432e+00,1.192838447558811232e+01,-3.967786537179486483e+00,5.931976481117006372e+00,1.307877564340680143e+00,7.877564340680098809e-03,7.995284752590383448e+01,0.000000000000000000e+00
9.620000000000000000e+02,9.620000000000000995e+00,1.189475139633118950e+01,-3.999303426448652665e+00,5.910387055491124642e+00,1.308551357934804482e+00,8.551357934804437733e-03,7.995337110793008151e+01,0.000000000000000000e+00
9.630000000000000000e+02,9.630000000000000782e+00,1.186140016363841809e+01,-4.030443117590449376e+00,5.889060371304510433e+00,1.306878726800463353e+00,6.878726800463308422e-03,7.995777862800477465e+01,0.000000000000000000e+00
9.640000000000000000e+02,9.640000000000000568e+00,1.183650400400957636e+01,-4.055481575897926128e+00,5.871915791772808646e+00,1.303513243644758735e+00,3.513243644758690110e-03,7.996369190616805156e+01,0.000000000000000000e+00
9.650000000000000000e+02,9.650000000000000355e+00,1.179073517448099118e+01,-4.094975758090650508e+00,5.844877284032313547e+00,1.299297694081282373e+00,7.023059187176716733e-04,7.997361648460056927e+01,0.000000000000000000e+00
9.660000000000000000e+02,9.660000000000000142e+00,1.183054143372696565e+01,-4.074367629014428616e+00,5.858980779314478582e+00,1.293520652362492696e+00,6.479347637507348878e-03,7.997419166810844615e+01,0.000000000000000000e+00
9.670000000000000000e+02,9.669999999999999929e+00,1.186477548751949840e+01,-4.050498602821487992e+00,5.875318664792557044e+00,1.290484586880294327e+00,9.515413119705717904e-03,7.996972600395736208e+01,0.000000000000000000e+00
9.680000000000000000e+02,9.679999999999999716e+00,1.189209357084889263e+01,-4.008229718152493071e+00,5.904256979356453883e+00,1.289385174707987636e+00,1.061482529201240865e-02,7.996525341379155805e+01,0.000000000000000000e+00
9.690000000000000000e+02,9.689999999999999503e+00,1.191389284946527738e+01,-3.968815958986825265e+00,5.931251512019088956e+00,1.290011163119765936e+00,9.988836880234108762e-03,7.996161918376556343e+01,0.000000000000000000e+00
9.700000000000000000e+02,9.700000000000001066e+00,1.193128823341168676e+01,-3.934468264634535029e+00,5.954785907795547395e+00,1.291672076872403263e+00,8.327923127596781327e-03,7.995895103516761537e+01,0.000000000000000000e+00
9.710000000000000000e+02,9.710000000000000853e+00,1.194516939837902214e+01,-3.877364142282298864e+00,5.993923677446582055e+00,1.293840008003371622e+00,6.159991996628422228e-03,7.996042020588512855e+01,1.000000000000000000e+00
9.720000000000000000e+02,9.720000000000000639e+00,1.195624628759538055e+01,-3.833372404619746820e+00,6.024093785523912281e+00,1.296907710026526939e+00,3.092289973473105746e-03,7.996399407863495412e+01,1.000000000000000000e+00
9.730000000000000000e+02,9.730000000000000426e+00,1.196508542141449638e+01,-3.810012141581928358e+00,6.040126754596593095e+00,1.300214941978855343e+00,2.149419788552986432e-04,7.996719854406310901e+01,1.000000000000000000e+00
9.740000000000000000e+02,9.740000000000000213e+00,1.197213887163379020e+01,-3.778075625191045450e+00,6.062048058187726518e+00,1.303102736016976460e+00,3.102736016976415101e-03,7.997155836031338083e+01,1.000000000000000000e+00
9.750000000000000000e+02,9.750000000000000000e+00,1.197776738241484296e+01,-3.777960793100684889e+00,6.062139883334033641e+00,1.305892469731132488e+00,5.892469731132443655e-03,7.997337043172655058e+01,0.000000000000000000e+00
9.760000000000000000e+02,9.759999999999999787e+00,1.197434470520934013e+01,-3.791628613165454187e+00,6.052773088675534652e+00,1.307750142506132640e+00,7.750142506132595699e-03,7.997387523925496566e+01,0.000000000000000000e+00
9.770000000000000000e+02,9.769999999999999574e+00,1.195466242203751683e+01,-3.816430748507261939e+00,6.035766283285089351e+00,1.308360595663921488e+00,8.360595663921444043e-03,7.997601008461698768e+01,0.000000000000000000e+00
9.780000000000000000e+02,9.779999999999999361e+00,1.193412895114431826e+01,-3.841590262448464799e+00,6.018516252083107254e+00,1.307381128513114943e+00,7.381128513114898482e-03,7.997947905237330701e+01,0.000000000000000000e+00
9.790000000000000000e+02,9.790000000000000924e+00,1.190487513062487501e+01,-3.872617319324334062e+00,5.997243977748900612e+00,1.305249428046121762e+00,5.249428046121717983e-03,7.998523977761655601e+01,0.000000000000000000e+00
9.800000000000000000e+02,9.800000000000000711e+00,1.192409227595318377e+01,-3.857584726515736584e+00,6.007558058157829173e+00,1.301930785760284204e+00,1.930785760284159380e-03,7.998662970805298755e+01,0.000000000000000000e+00
9.810000000000000000e+02,9.810000000000000497e+00,1.193942716970001605e+01,-3.841438095784731388e+00,6.018638040030762859e+00,1.300271835297311718e+00,2.718352973116733295e-04,7.998592868526168331e+01,0.000000000000000000e+00
9.820000000000000000e+02,9.820000000000000284e+00,1.194115323583451271e+01,-3.850726935114227256e+00,6.012274940705210291e+00,1.299781313888439760e+00,2.186861115602845018e-04,7.998392953019657625e+01,0.000000000000000000e+00
9.830000000000000000e+02,9.830000000000000071e+00,1.192587090361832836e+01,-3.871693313496059385e+00,5.997903096991532124e+00,1.299141002726404759e+00,8.589972735952855487e-04,7.998361431652558906e+01,0.000000000000000000e+00
9.840000000000000000e+02,9.839999999999999858e+00,1.194084647864492865e+01,-3.851366253175324328e+00,6.011846923990741942e+00,1.297673927647019498e+00,2.326072352980546043e-03,7.998225006441062135e+01,0.000000000000000000e+00
9.850000000000000000e+02,9.849999999999999645e+00,1.195279668497928682e+01,-3.830268599332881774e+00,6.026322664939253393e+00,1.297531465036156462e+00,2.468534963843582730e-03,7.998091860429249778e+01,0.000000000000000000e+00
9.860000000000000000e+02,9.859999999999999432e+00,1.196233270821579531e+01,-3.808271327411020035e+00,6.041419248441996181e+00,1.298326296963778104e+00,1.673703036221940721e-03,7.998027182136272017e+01,0.000000000000000000e+00
9.870000000000000000e+02,9.870000000000000995e+00,1.196994226211159429e+01,-3.800322611452918498e+00,6.046881731366456236e+00,1.299795517827577518e+00,2.044821724225265314e-04,7.997892284412040453e+01,0.000000000000000000e+00
9.880000000000000000e+02,9.880000000000000782e+00,1.196287805370057811e+01,-3.816188514837324686e+00,6.036005362623081183e+00,1.301361776355050459e+00,1.361776355050414722e-03,7.997775336976802407e+01,0.000000000000000000e+00
9.890000000000000000e+02,9.890000000000000568e+00,1.197037743679137023e+01,-3.783456365010949618e+00,6.058468440882140982e+00,1.302015865731160904e+00,2.015865731160859653e-03,7.997895360943243759e+01,1.000000000000000000e+00
9.900000000000000000e+02,9.900000000000000355e+00,1.196360387523689184e+01,-3.799474327601548573e+00,6.047486890584941044e+00,1.303711615388896128e+00,3.711615388896083445e-03,7.997955656921558898e+01,0.000000000000000000e+00
9.910000000000000000e+02,9.910000000000000142e+00,1.193508424274044444e+01,-3.830463098604125705e+00,6.026233888617491097e+00,1.304523616295931498e+00,4.523616295931454090e-03,7.998313625626235535e+01,0.000000000000000000e+00
9.920000000000000000e+02,9.919999999999999929e+00,1.194819853713631375e+01,-3.831230433615666175e+00,6.025714555685056872e+00,1.303760360874550717e+00,3.760360874550672250e-03,7.998252748126130030e+01,0.000000000000000000e+00
9.930000000000000000e+02,9.929999999999999716e+00,1.190178700672962187e+01,-3.874291247555282869e+00,5.996184717702290889e+00,1.303762850573776388e+00,3.762850573776344021e-03,7.998798663172360079e+01,0.000000000000000000e+00
9.940000000000000000e+02,9.939999999999999503e+00,1.187646401841582389e+01,-3.902359017513806094e+00,5.976943654127075511e+00,1.301671393127673992e+00,1.671393127673947987e-03,7.999450999718771982e+01,0.000000000000000000e+00
9.950000000000000000e+02,9.950000000000001066e+00,1.182367920625167024e+01,-3.949406238194904883e+00,5.944694866033395364e+00,1.299023361512785746e+00,9.766384872142985785e-04,8.000580037559822699e+01,0.000000000000000000e+00
9.960000000000000000e+02,9.960000000000000853e+00,1.185929956862507062e+01,-3.934412917010427613e+00,5.954970364614002420e+00,1.294760680023242516e+00,5.239319976757528252e-03,8.000744126664298506e+01,0.000000000000000000e+00
9.970000000000000000e+02,9.970000000000000639e+00,1.188772389819576425e+01,-3.906250475934597954e+00,5.974272655429050616e+00,1.293303737015163657e+00,6.696262984836387488e-03,8.000542776003737799e+01,0.000000000000000000e+00
9.980000000000000000e+02,9.980000000000000426e+00,1.191040593896429733e+01,-3.882633084730358508e+00,5.990465008537674052e+00,1.294063203404945073e+00,5.936796595054971704e-03,8.000154286815755711e+01,0.000000000000000000e+00
9.990000000000000000e+02,9.990000000000000213e+00,1.192850574927454055e+01,-3.836605601646119634e+00,6.022026562648830961e+00,1.296166078054891146e+00,3.833921945108897944e-03,7.999992203679815361e+01,0.000000000000000000e+00
1.000000000000000000e+03,1.000000000000000000e+01,1.194294903224938054e+01,-3.837003636934065653e+00,6.021760073706039940e+00,1.299725846191401413e+00,2.741538085986316986e-04,7.999533567798698641e+01,0.000000000000000000e+00
1.001000000000000000e+03,1.000999999999999979e+01,1.192422414275008791e+01,-3.860629085386887649e+00,6.005561843962707869e+00,1.303002108904053769e+00,3.002108904053724103e-03,7.999356438977972061e+01,0.000000000000000000e+00
1.002000000000000000e+03,1.001999999999999957e+01,1.187147281317029091e+01,-3.907835548158874683e+00,5.973194699527414997e+00,1.304586133693108829e+00,4.586133693108784826e-03,7.999896375889188960e+01,0.000000000000000000e+00
1.003000000000000000e+03,1.002999999999999936e+01,1.181514382446830247e+01,-3.957302047967599101e+00,5.939288599784509515e+00,1.303420577257451196e+00,3.420577257451151709e-03,8.000990820570441997e+01,0.000000000000000000e+00
1.004000000000000000e+03,1.004000000000000092e+01,1.181916995386706049e+01,-3.964343200421590829e+00,5.934464545123106838e+00,1.300090689900638585e+00,9.068990063854087680e-05,8.001594484030086107e+01,0.000000000000000000e+00
1.005000000000000000e+03,1.005000000000000071e+01,1.185570127631815929e+01,-3.945184634821299774e+00,5.947591958525237921e+00,1.297886421911466526e+00,2.113578088533518695e-03,8.001429813931235913e+01,0.000000000000000000e+00
1.006000000000000000e+03,1.006000000000000050e+01,1.181697860261293265e+01,-3.981780237724229732e+00,5.922515098483508211e+00,1.298039914012418361e+00,1.960085987581683398e-03,8.001750413829856257e+01,0.000000000000000000e+00
1.007000000000000000e+03,1.007000000000000028e+01,1.185395262228708724e+01,-3.961759537092691463e+00,5.936230527054810580e+00,1.296416153449470698e+00,3.583846550529345976e-03,8.001389294181439027e+01,0.000000000000000000e+00
1.008000000000000000e+03,1.008000000000000007e+01,1.188345714303717138e+01,-3.931799298637915108e+00,5.956758867247446076e+00,1.296986357993662908e+00,3.013642006337136081e-03,8.000815445483706867e+01,0.000000000000000000e+00
1.009000000000000000e+03,1.008999999999999986e+01,1.190700115454481356e+01,-3.898836776335689702e+00,5.979350995279828496e+00,1.299194310656694107e+00,8.056893433059375553e-04,8.000249113331651074e+01,0.000000000000000000e+00
1.010000000000000000e+03,1.009999999999999964e+01,1.188474053293366417e+01,-3.924150498502861684e+00,5.962000970891274676e+00,1.302483743724547560e+00,2.483743724547515797e-03,8.000043969258867094e+01,0.000000000000000000e+00
1.011000000000000000e+03,1.010999999999999943e+01,1.187608653093175448e+01,-3.939730406658441098e+00,5.951324797712302939e+00,1.303761213876603042e+00,3.761213876602997885e-03,7.999909705564104456e+01,0.000000000000000000e+00
1.012000000000000000e+03,1.012000000000000099e+01,1.185942440857485636e+01,-3.960710285764395433e+00,5.936948753043202132e+00,1.304165544951129352e+00,4.165544951129307449e-03,7.999945220056559947e+01,0.000000000000000000e+00
1.013000000000000000e+03,1.013000000000000078e+01,1.181199277350143895e+01,-4.003021878731271244e+00,5.907958374354162601e+00,1.303546667381169533e+00,3.546667381169488209e-03,8.000544099225764683e+01,0.000000000000000000e+00
1.014000000000000000e+03,1.014000000000000057e+01,1.179616021285386296e+01,-4.023016482968212237e+00,5.894262142688447170e+00,1.300767204345411043e+00,7.672043454109989113e-04,8.001089731560961127e+01,0.000000000000000000e+00
1.015000000000000000e+03,1.015000000000000036e+01,1.183032622162969005e+01,-4.007847522896825332e+00,5.904648995491718289e+00,1.297806645645540602e+00,2.193354354459442490e-03,8.000899644914105124e+01,0.000000000000000000e+00
1.016000000000000000e+03,1.016000000000000014e+01,1.183817075312802558e+01,-4.010898802377208305e+00,5.902558072211146367e+00,1.296936590156990698e+00,3.063409843009345934e-03,8.000552525242162005e+01,0.000000000000000000e+00
1.017000000000000000e+03,1.016999999999999993e+01,1.183869521922326307e+01,-4.018889908031963110e+00,5.897083892621948209e+00,1.296361027171752056e+00,3.638972828247988289e-03,8.000196272081252857e+01,0.000000000000000000e+00
1.018000000000000000e+03,1.017999999999999972e+01,1.185469456798241161e+01,-4.015865974014433348e+00,5.899153341474077550e+00,1.295632202585809800e+00,4.367797414190244254e-03,7.999617604229194967e+01,0.000000000000000000e+00
1.019000000000000000e+03,1.018999999999999950e+01,1.188404920071323723e+01,-3.996587246617857581e+00,5.912354862905729647e+00,1.295454772302408575e+00,4.545227697591469607e-03,7.998765224423580378e+01,0.000000000000000000e+00
1.020000000000000000e+03,1.020000000000000107e+01,1.190747360460955306e+01,-3.966143138473190000e+00,5.933206550743505225e+00,1.296424944965626436e+00,3.575055034373608720e-03,7.997968846222515538e+01,0.000000000000000000e+00
1.021000000000000000e+03,1.021000000000000085e+01,1.192616580569853291e+01,-3.905886532471781081e+00,5.974489697908952124e+00,1.298329523303292765e+00,1.670476696707279274e-03,7.997661664479592503e+01,1.000000000000000000e+00
1.022000000000000000e+03,1.022000000000000064e+01,1.192376094539839038e+01,-3.916892490778479896e+00,5.966948807986605985e+00,1.301546369391182401e+00,1.546369391182356168e-03,7.997358762801428611e+01,0.000000000000000000e+00
1.023000000000000000e+03,1.023000000000000043e+01,1.192381212276443136e+01,-3.925977115733562783e+00,5.960724946644609723e+00,1.303202692738445023e+00,3.202692738444978815e-03,7.997028551874117852e+01,0.000000000000000000e+00
1.024000000000000000e+03,1.024000000000000021e+01,1.190361249828074186e+01,-3.949052779658675405e+00,5.944912289338395439e+00,1.303808490720639757e+00,3.808490720639712279e-03,7.996984753838599147e+01,0.000000000000000000e+00
1.025000000000000000e+03,1.025000000000000000e+01,1.186745966865584023e+01,-3.983109476587598952e+00,5.921577231009095499e+00,1.302713029928859623e+00,2.713029928859578277e-03,7.997387442969188953e+01,0.000000000000000000e+00
1.026000000000000000e+03,1.025999999999999979e+01,1.182598308547644450e+01,-4.020695999582369673e+00,5.895829258979483178e+00,1.299637971422079152e+00,3.620285779208920474e-04,7.998182795734159356e+01,0.000000000000000000e+00
1.027000000000000000e+03,1.026999999999999957e+01,1.185286435777512004e+01,-4.010235692201090885e+00,5.902991752919348301e+00,1.294857784456991512e+00,5.142215543008532563e-03,7.998264614536653028e+01,0.000000000000000000e+00
1.028000000000000000e+03,1.027999999999999936e+01,1.188258872994176230e+01,-3.982090379737078578e+00,5.922267070728159055e+00,1.291894573311836325e+00,8.105426688163719362e-03,7.997978675569693507e+01,0.000000000000000000e+00
1.029000000000000000e+03,1.029000000000000092e+01,1.190630817843837619e+01,-3.933170443123737758e+00,5.955778952527289505e+00,1.290776664924526473e+00,9.223335075473571010e-03,7.997801762368999334e+01,0.000000000000000000e+00
1.030000000000000000e+03,1.030000000000000071e+01,1.192523581915789599e+01,-3.882540804739971207e+00,5.990478725179724684e+00,1.291375085778305287e+00,8.624914221694757188e-03,7.997828338941570792e+01,0.000000000000000000e+00
1.031000000000000000e+03,1.031000000000000050e+01,1.194033969407549201e+01,-3.819425619663001648e+00,6.033756731011579610e+00,1.293114899321468059e+00,6.885100678531985707e-03,7.998232318720640421e+01,3.000000000000000000e+00
1.032000000000000000e+03,1.032000000000000028e+01,1.195239228113094754e+01,-3.755808007154545436e+00,6.077407262012316735e+00,1.295895936722267328e+00,4.104063277732716841e-03,7.998984206122621288e+01,3.000000000000000000e+00
1.033000000000000000e+03,1.033000000000000007e+01,1.196201000211459409e+01,-3.692013468902633377e+00,6.121208037397215307e+00,1.299346193047662634e+00,6.538069523374101522e-04,8.000045919969909392e+01,3.000000000000000000e+00
1.034000000000000000e+03,1.033999999999999986e+01,1.196968474916215008e+01,-3.670390147192304386e+00,6.136076027350765294e+00,1.303207421206080019e+00,3.207421206079974496e-03,8.000885614103941634e+01,1.000000000000000000e+00
1.035000000000000000e+03,1.034999999999999964e+01,1.197556558308374797e+01,-3.680035216096595896e+00,6.129469770176525500e+00,1.306183940577305913e+00,6.183940577305868658e-03,8.001240016444647551e+01,0.000000000000000000e+00
1.036000000000000000e+03,1.035999999999999943e+01,1.194278482058891733e+01,-3.716368739003004240e+00,6.104531987146078365e+00,1.307645025352051515e+00,7.645025352051471046e-03,8.001843614234267932e+01,0.000000000000000000e+00
1.037000000000000000e+03,1.037000000000000099e+01,1.193404632089073480e+01,-3.735628729399084413e+00,6.091322276147870696e+00,1.306310140609046933e+00,6.310140609046888116e-03,8.002261345490478561e+01,0.000000000000000000e+00
1.038000000000000000e+03,1.038000000000000078e+01,1.194737029646836390e+01,-3.711008561581982779e+00,6.108237381542624966e+00,1.304035842510026022e+00,4.035842510025977603e-03,8.002538574006693750e+01,0.000000000000000000e+00
1.039000000000000000e+03,1.039000000000000057e+01,1.193556023709896152e+01,-3.732459081797805389e+00,6.093522760423351947e+00,1.302829514572980685e+00,2.829514572980640352e-03,8.002766257036569186e+01,0.000000000000000000e+00
1.040000000000000000e+03,1.040000000000000036e+01,1.194857837101836395e+01,-3.712770954460821837e+00,6.107051986384699482e+00,1.300544622109854664e+00,5.446221098546200068e-04,8.002855925142915794e+01,0.000000000000000000e+00
1.041000000000000000e+03,1.041000000000000014e+01,1.195896657889344183e+01,-3.670271957600328427e+00,6.136247803503672493e+00,1.299234112240731598e+00,7.658877592684465441e-04,8.003172790694863181e+01,1.000000000000000000e+00
1.042000000000000000e+03,1.041999999999999993e+01,1.196725615891496908e+01,-3.647267984728745027e+00,6.152066359140693663e+00,1.299193446795344764e+00,8.065532046552803536e-04,8.003475527899101394e+01,1.000000000000000000e+00
1.043000000000000000e+03,1.042999999999999972e+01,1.197387107630588510e+01,-3.598514547002090946e+00,6.185580711033925816e+00,1.299532851578513171e+00,4.671484214868737439e-04,8.004107061138125800e+01,1.000000000000000000e+00
1.044000000000000000e+03,1.043999999999999950e+01,1.197914964674914096e+01,-3.591647864130098622e+00,6.190322904749897326e+00,1.300819694724329345e+00,8.196947243293006835e-04,8.004519619421483867e+01,1.000000000000000000e+00
1.045000000000000000e+03,1.045000000000000107e+01,1.198336183932507204e+01,-3.591472992468307535e+00,6.190465716514776062e+00,1.301690650336716937e+00,1.690650336716892355e-03,8.004720385238975666e+01,1.000000000000000000e+00
1.046000000000000000e+03,1.046000000000000085e+01,1.198451214803873377e+01,-3.605861688446637903e+00,6.180597330606732775e+00,1.302101237309459147e+00,2.101237309459103031e-03,8.004670258644674163e+01,0.000000000000000000e+00
1.047000000000000000e+03,1.047000000000000064e+01,1.196824843309166297e+01,-3.632061554676355719e+00,6.162610664344545519e+00,1.301764612006841570e+00,1.764612006841526082e-03,8.004714343075555405e+01,0.000000000000000000e+00
1.048000000000000000e+03,1.048000000000000043e+01,1.196191363119681306e+01,-3.651021385008599296e+00,6.149600396660630963e+00,1.300179985520702575e+00,1.799855207025302661e-04,8.004675379268319091e+01,0.000000000000000000e+00
1.049000000000000000e+03,1.049000000000000021e+01,1.196960784711664871e+01,-3.651086307841429068e+00,6.149571584596922769e+00,1.298190519113173513e+00,1.809480886826531076e-03,8.004464011107573640e+01,0.000000000000000000e+00
1.050000000000000000e+03,1.050000000000000000e+01,1.197574767598197276e+01,-3.640865548018074271e+00,6.156608944008378437e+00,1.296822875441600686e+00,3.177124558399357923e-03,8.004284442567160340e+01,1.000000000000000000e+00
1.051000000000000000e+03,1.050999999999999979e+01,1.198064713537955406e+01,-3.621481565202193220e+00,6.169943392443513197e+00,1.296196982224922412e+00,3.803017775077632834e-03,8.004264022045003912e+01,1.000000000000000000e+00
1.052000000000000000e+03,1.051999999999999957e+01,1.198455680499984588e+01,-3.575227110611741921e+00,6.201746916609057081e+00,1.296380171822997474e+00,3.619828177002570868e-03,8.004695851936132556e+01,1.000000000000000000e+00
1.053000000000000000e+03,1.052999999999999936e+01,1.198767664237361430e+01,-3.520381152867848584e+00,6.239473625173128646e+00,1.297894893318712439e+00,2.105106681287605142e-03,8.005574361387385807e+01,3.000000000000000000e+00
1.054000000000000000e+03,1.054000000000000092e+01,1.199016620957086410e+01,-3.504757751537103339e+00,6.250245589793799184e+00,1.300642672273047751e+00,6.426722730477063550e-04,8.006333958520738747e+01,1.000000000000000000e+00
1.055000000000000000e+03,1.055000000000000071e+01,1.199215283389998277e+01,-3.467726175659231025e+00,6.275746660206955596e+00,1.303300959592020192e+00,3.300959592020147326e-03,8.007268885536079495e+01,1.000000000000000000e+00
1.056000000000000000e+03,1.056000000000000050e+01,1.199373811998079375e+01,-3.480348132832344898e+00,6.267091628122686053e+00,1.306509153548974345e+00,6.509153548974300207e-03,8.007761636186350529e+01,0.000000000000000000e+00
1.057000000000000000e+03,1.057000000000000028e+01,1.196929371261108699e+01,-3.514767380668401220e+00,6.243438121601957214e+00,1.308871926697254606e+00,8.871926697254561844e-03,8.008299595319549269e+01,0.000000000000000000e+00
1.058000000000000000e+03,1.058000000000000007e+01,1.193404443773403578e+01,-3.556326668997024765e+00,6.214876626783572888e+00,1.309455457046053928e+00,9.455457046053883374e-03,8.009038174945528965e+01,0.000000000000000000e+00
1.059000000000000000e+03,1.058999999999999986e+01,1.191413307077614370e+01,-3.586854952737695168e+00,6.193905840338743474e+00,1.308351754859493843e+00,8.351754859493798477e-03,8.009679486792015268e+01,0.000000000000000000e+00
1.060000000000000000e+03,1.059999999999999964e+01,1.188579120309555215e+01,-3.622903695486514142e+00,6.169142709320587947e+00,1.306767889076472899e+00,6.767889076472854981e-03,8.010375988764751298e+01,0.000000000000000000e+00
1.061000000000000000e+03,1.060999999999999943e+01,1.183307624340115005e+01,-3.675551673942758502e+00,6.132977107887936263e+00,1.304534905577603432e+00,4.534905577603387528e-03,8.011464640513304403e+01,0.000000000000000000e+00
1.062000000000000000e+03,1.062000000000000099e+01,1.183278760039401867e+01,-3.691395148408306515e+00,6.122103521171907481e+00,1.300822529241291825e+00,8.225292412917806217e-04,8.012054831979604330e+01,0.000000000000000000e+00
1.063000000000000000e+03,1.063000000000000078e+01,1.186049142160840653e+01,-3.687433591324895232e+00,6.124831921398373069e+00,1.298411403108432172e+00,1.588596891567872760e-03,8.011898545370019065e+01,0.000000000000000000e+00
1.064000000000000000e+03,1.064000000000000057e+01,1.185163055781503516e+01,-3.708578679829396041e+00,6.110317002105565720e+00,1.298252923407512860e+00,1.747076592487184499e-03,8.011737312733046679e+01,0.000000000000000000e+00
1.065000000000000000e+03,1.065000000000000036e+01,1.188160418249886696e+01,-3.694429259284901068e+00,6.120039254326704814e+00,1.298176286978844463e+00,1.823713021155581870e-03,8.011114684709193057e+01,0.000000000000000000e+00
1.066000000000000000e+03,1.066000000000000014e+01,1.190552252946879364e+01,-3.687834691111327334e+00,6.124575085876904801e+00,1.300151785592625453e+00,1.517855926254085830e-04,8.010202877561937385e+01,0.000000000000000000e+00
1.067000000000000000e+03,1.066999999999999993e+01,1.191805180304268319e+01,-3.693400614035291074e+00,6.120759632209963996e+00,1.303307916315535664e+00,3.307916315535619489e-03,8.009191701696970256e+01,0.000000000000000000e+00
1.068000000000000000e+03,1.067999999999999972e+01,1.189286881149902797e+01,-3.724945209657930079e+00,6.099102429533824754e+00,1.306747160017099452e+00,6.747160017099407270e-03,8.008660688921908388e+01,0.000000000000000000e+00
1.069000000000000000e+03,1.068999999999999950e+01,1.184126632767393517e+01,-3.774605944181913308e+00,6.065010449735038556e+00,1.308767039335569038e+00,8.767039335568993508e-03,8.008863747923993515e+01,0.000000000000000000e+00
1.070000000000000000e+03,1.070000000000000107e+01,1.175654398465061590e+01,-3.847039457291520748e+00,6.015300324725473935e+00,1.308625410349965046e+00,8.625410349965001444e-03,8.010045798429402453e+01,0.000000000000000000e+00
1.071000000000000000e+03,1.071000000000000085e+01,1.167907960136072987e+01,-3.914082988187170375e+00,5.969311682497554727e+00,1.305468981664931194e+00,5.468981664931149567e-03,8.011766882335686546e+01,0.000000000000000000e+00
1.072000000000000000e+03,1.072000000000000064e+01,1.166931059039218610e+01,-3.933696371968026018e+00,5.955859951718567302e+00,1.300458616119090749e+00,4.586161190907045437e-04,8.012934611162863519e+01,0.000000000000000000e+00
1.073000000000000000e+03,1.073000000000000043e+01,1.167535515570224902e+01,-3.942029420151933472e+00,5.950141940342223990e+00,1.297149329307070387e+00,2.850670692929657690e-03,8.013525161701232946e+01,0.000000000000000000e+00
1.074000000000000000e+03,1.074000000000000021e+01,1.171930219703636311e+01,-3.923705532695135112e+00,5.962695247946379951e+00,1.295814814310813246e+00,4.185185689186798896e-03,8.013247617191829875e+01,0.000000000000000000e+00
1.075000000000000000e+03,1.075000000000000000e+01,1.175656814046899434e+01,-3.909751746258378624e+00,5.972254912732541499e+00,1.297646237791141521e+00,2.353762208858523053e-03,8.012438867745048299e+01,0.000000000000000000e+00
1.076000000000000000e+03,1.075999999999999979e+01,1.170005079321731323e+01,-3.960910166062278748e+00,5.937178528249340559e+00,1.301490875681867054e+00,1.490875681867009916e-03,8.012428798802075391e+01,0.000000000000000000e+00
1.077000000000000000e+03,1.076999999999999957e+01,1.166401143697232001e+01,-3.997523358735076915e+00,5.912081291518029857e+00,1.302569929070354737e+00,2.569929070354692868e-03,8.012731897356125899e+01,0.000000000000000000e+00
1.078000000000000000e+03,1.077999999999999936e+01,1.159932158230169819e+01,-4.053842108839343261e+00,5.873489284705738278e+00,1.302563075244616897e+00,2.563075244616852544e-03,8.013592212647969859e+01,0.000000000000000000e+00
1.079000000000000000e+03,1.079000000000000092e+01,1.155897955164774871e+01,-4.092934526149782926e+00,5.846708163491544319e+00,1.300458169463567515e+00,4.581694635674704585e-04,8.014530715870689903e+01,0.000000000000000000e+00
1.080000000000000000e+03,1.080000000000000071e+01,1.153099461367120426e+01,-4.123387161145380730e+00,5.825848642344392481e+00,1.297913176924086143e+00,2.086823075913901704e-03,8.015367100834271241e+01,0.000000000000000000e+00
1.081000000000000000e+03,1.081000000000000050e+01,1.152433235515316312e+01,-4.138755344964025973e+00,5.815318849393777079e+00,1.295583492311429774e+00,4.416507688570270318e-03,8.015895011280898075e+01,0.000000000000000000e+00
1.082000000000000000e+03,1.082000000000000028e+01,1.156467586674181192e+01,-4.121173455425465981e+00,5.827343055399340166e+00,1.294360485364925983e+00,5.639514635074061033e-03,8.015711389463501746e+01,0.000000000000000000e+00
1.083000000000000000e+03,1.083000000000000007e+01,1.159501179625061340e+01,-4.110316246644589278e+00,5.834765448528939302e+00,1.296067545043677827e+00,3.932454956322217754e-03,8.015135010269054305e+01,0.000000000000000000e+00
1.084000000000000000e+03,1.083999999999999986e+01,1.155341865190026418e+01,-4.149349927815698003e+00,5.808036626473041864e+00,1.299415165899318714e+00,5.848341006813306819e-04,8.015048168879152968e+01,0.000000000000000000e+00
1.085000000000000000e+03,1.084999999999999964e+01,1.157554709598876030e+01,-4.143760789151969881e+00,5.811852178706858219e+00,1.300621421145004231e+00,6.214211450041862150e-04,8.014636089733289737e+01,0.000000000000000000e+00
1.086000000000000000e+03,1.085999999999999943e+01,1.156137430988695591e+01,-4.163250878498605090e+00,5.798504704841064950e+00,1.303152031871696259e+00,3.152031871696214793e-03,8.014378337743659131e+01,0.000000000000000000e+00
1.087000000000000000e+03,1.087000000000000099e+01,1.151645163812908557e+01,-4.203958956669226588e+00,5.770640196313942205e+00,1.304932644491082261e+00,4.932644491082216476e-03,8.014555430643551404e+01,0.000000000000000000e+00
1.088000000000000000e+03,1.088000000000000078e+01,1.145044007750959381e+01,-4.259133734741948452e+00,5.732885907863649599e+00,1.304705052612560978e+00,4.705052612560933767e-03,8.015244400471101471e+01,0.000000000000000000e+00
1.089000000000000000e+03,1.089000000000000057e+01,1.137985353467474958e+01,-4.317251711094172606e+00,5.693130655288324071e+00,1.301989352005133771e+00,1.989352005133726564e-03,8.016301562747314335e+01,0.000000000000000000e+00
1.090000000000000000e+03,1.090000000000000036e+01,1.130735220698952936e+01,-4.376457952733993295e+00,5.652643835793947247e+00,1.297186039013689340e+00,2.813960986310704016e-03,8.017580912455883890e+01,0.000000000000000000e+00
1.091000000000000000e+03,1.091000000000000014e+01,1.130171152576774674e+01,-4.388955719290836832e+00,5.644093524722419097e+00,1.290701527359537026e+00,9.298472640463018024e-03,8.018391463877976832e+01,0.000000000000000000e+00
1.092000000000000000e+03,1.091999999999999993e+01,1.132803001517502217e+01,-4.379054214114916022e+00,5.650852419620608913e+00,1.286022840597594641e+00,1.397715940240540355e-02,8.018629356879957015e+01,0.000000000000000000e+00
1.093000000000000000e+03,1.092999999999999972e+01,1.135737743252722254e+01,-4.366858737628329656e+00,5.659179307294005312e+00,1.284081293324527584e+00,1.591870667547246043e-02,8.018459481231778341e+01,0.000000000000000000e+00
1.094000000000000000e+03,1.093999999999999950e+01,1.140440728876135168e+01,-4.342176629721866910e+00,5.676040434216226060e+00,1.284205331951334905e+00,1.579466804866513918e-02,8.017858191165343840e+01,0.000000000000000000e+00
1.095000000000000000e+03,1.095000000000000107e+01,1.147880177106497790e+01,-4.298249837373235849e+00,5.706056741361846818e+00,1.286583285133325427e+00,1.341671486667461721e-02,8.016699186230580665e+01,0.000000000000000000e+00
1.096000000000000000e+03,1.096000000000000085e+01,1.145636773379658102e+01,-4.321587058962040651e+00,5.690095396010627304e+00,1.291795761959791067e+00,8.204238040208977623e-03,8.015948850248749125e+01,0.000000000000000000e+00
1.097000000000000000e+03,1.097000000000000064e+01,1.142441351734613875e+01,-4.351384448887228196e+00,5.669720797231732057e+00,1.294481470027638359e+00,5.518529972361685410e-03,8.015596946558622449e+01,0.000000000000000000e+00
1.098000000000000000e+03,1.098000000000000043e+01,1.144932163265742275e+01,-4.341395915683968987e+00,5.676540194358118185e+00,1.294821961616434036e+00,5.178038383566008207e-03,8.015037775130946329e+01,0.000000000000000000e+00
1.099000000000000000e+03,1.099000000000000021e+01,1.147008152422298188e+01,-4.334132649846649699e+00,5.681497341307593985e+00,1.296033417223275253e+00,3.966582776724791870e-03,8.014362087650187050e+01,0.000000000000000000e+00
1.100000000000000000e+03,1.100000000000000000e+01,1.144127861321906359e+01,-4.361290604483865074e+00,5.662929930042244209e+00,1.297609921720263459e+00,2.390078279736584932e-03,8.014049609402846386e+01,0.000000000000000000e+00
1.101000000000000000e+03,1.100999999999999979e+01,1.146812523475107071e+01,-4.349497446616805263e+00,5.670982232244813126e+00,1.297073304510915293e+00,2.926695489084751856e-03,8.013500429586342477e+01,0.000000000000000000e+00
1.102000000000000000e+03,1.101999999999999957e+01,1.145869168547637074e+01,-4.362845274840911003e+00,5.661854697477721743e+00,1.297521073169949357e+00,2.478926830050687258e-03,8.013110117820636447e+01,0.000000000000000000e+00
1.103000000000000000e+03,1.102999999999999936e+01,1.142807152378885682e+01,-4.390816426220510493e+00,5.642736134526857406e+00,1.296925869922281649e+00,3.074130077718395526e-03,8.013030715323326092e+01,0.000000000000000000e+00
1.104000000000000000e+03,1.104000000000000092e+01,1.146517752211249253e+01,-4.371423038972702457e+00,5.655979912879050886e+00,1.294521068225503058e+00,5.478931774496986762e-03,8.012561151074920929e+01,0.000000000000000000e+00
1.105000000000000000e+03,1.105000000000000071e+01,1.151107954880086304e+01,-4.345741043755311672e+00,5.673521217997628874e+00,1.293888943328130869e+00,6.111056671869175005e-03,8.011720769834703049e+01,0.000000000000000000e+00
1.106000000000000000e+03,1.106000000000000050e+01,1.153650185052525146e+01,-4.334195923950606932e+00,5.681404519595921521e+00,1.294887969346189660e+00,5.112030653810384351e-03,8.010789197722253618e+01,0.000000000000000000e+00
1.107000000000000000e+03,1.107000000000000028e+01,1.157859145000809598e+01,-4.310870057524895493e+00,5.697338382705790849e+00,1.296055061768137895e+00,3.944938231862149536e-03,8.009618605716127604e+01,0.000000000000000000e+00
1.108000000000000000e+03,1.108000000000000007e+01,1.158035899072599584e+01,-4.315572086468479007e+00,5.694119621801789322e+00,1.298059235439548598e+00,1.940764560451446741e-03,8.008664963965445338e+01,0.000000000000000000e+00
1.109000000000000000e+03,1.108999999999999986e+01,1.162024909914233461e+01,-4.293499925888664137e+00,5.709197895908594056e+00,1.298744036463329810e+00,1.255963536670234859e-03,8.007480709491112236e+01,0.000000000000000000e+00
1.110000000000000000e+03,1.109999999999999964e+01,1.166542935234954115e+01,-4.267584848732218106e+00,5.726904229894861587e+00,1.300190356303067230e+00,1.903563030671850953e-04,8.006051042377302451e+01,0.000000000000000000e+00
1.111000000000000000e+03,1.110999999999999943e+01,1.173301938217791651e+01,-4.214687606187379920e+00,5.763056214754664452e+00,1.302384033744752090e+00,2.384033744752045436e-03,8.004289582447505325e+01,0.000000000000000000e+00
1.112000000000000000e+03,1.112000000000000099e+01,1.175826105238512476e+01,-4.202692670423709309e+00,5.771253351326954828e+00,1.306413659471065802e+00,6.413659471065757955e-03,8.002600295189814972e+01,0.000000000000000000e+00
1.113000000000000000e+03,1.113000000000000078e+01,1.173779024758685807e+01,-4.222606364507621279e+00,5.757631955739454632e+00,1.309461417101297043e+00,9.461417101296998311e-03,8.001520807149374548e+01,0.000000000000000000e+00
1.114000000000000000e+03,1.114000000000000057e+01,1.169555893188972640e+01,-4.257642181349710953e+00,5.733673309092859327e+00,1.309665206869418785e+00,9.665206869418740965e-03,8.001179475980023881e+01,0.000000000000000000e+00
1.115000000000000000e+03,1.115000000000000036e+01,1.165296577402432554e+01,-4.292792115389699070e+00,5.709642122502794237e+00,1.306786949701168821e+00,6.786949701168776272e-03,8.001387036660615593e+01,0.000000000000000000e+00
1.116000000000000000e+03,1.116000000000000014e+01,1.163487962150296617e+01,-4.310650608617868862e+00,5.697433328738811475e+00,1.301636795936331303e+00,1.636795936331258972e-03,8.001691200943726301e+01,0.000000000000000000e+00
1.117000000000000000e+03,1.116999999999999993e+01,1.166767519279585485e+01,-4.292782374854278160e+00,5.709638983183498162e+00,1.295946934019462926e+00,4.053065980537118307e-03,8.001459833446708103e+01,0.000000000000000000e+00
1.118000000000000000e+03,1.117999999999999972e+01,1.171949297441746474e+01,-4.261471614427184917e+00,5.731032157720732378e+00,1.292195070200216733e+00,7.804929799783311140e-03,8.000611378326806289e+01,0.000000000000000000e+00
1.119000000000000000e+03,1.118999999999999950e+01,1.177616106039373456e+01,-4.216613366053057810e+00,5.761688853059596660e+00,1.290717037787956212e+00,9.282962212043832650e-03,7.999349063852167774e+01,0.000000000000000000e+00
1.120000000000000000e+03,1.120000000000000107e+01,1.182138104819298086e+01,-4.179953863956087368e+00,5.786749504149201861e+00,1.291378470976937365e+00,8.621529023062679542e-03,7.997892770656919481e+01,0.000000000000000000e+00
1.121000000000000000e+03,1.121000000000000085e+01,1.185746568492167086e+01,-4.124039887830662998e+00,5.824984616360763034e+00,1.293050620014278396e+00,6.949379985721648723e-03,7.996686140372433726e+01,0.000000000000000000e+00
1.122000000000000000e+03,1.122000000000000064e+01,1.188626049604860668e+01,-4.050581555570323289e+00,5.875241526160993821e+00,1.295734321234257580e+00,4.265678765742464407e-03,7.996007712723287852e+01,2.000000000000000000e+00
1.123000000000000000e+03,1.123000000000000043e+01,1.190923817361454518e+01,-3.979904436765282050e+00,5.923628021411348143e+00,1.299434512058762037e+00,5.654879412380076076e-04,7.995802033167123568e+01,2.000000000000000000e+00
1.124000000000000000e+03,1.124000000000000021e+01,1.192661253362779128e+01,-3.975755287116931047e+00,5.926473478422084717e+00,1.303643014605336381e+00,3.643014605336336587e-03,7.995286620494763952e+01,0.000000000000000000e+00
1.125000000000000000e+03,1.125000000000000000e+01,1.194143828441005617e+01,-3.954875362973364172e+00,5.940780363396065411e+00,1.306278975421978794e+00,6.278975421978749694e-03,7.994799618170846145e+01,0.000000000000000000e+00
1.126000000000000000e+03,1.125999999999999979e+01,1.192949256745807496e+01,-3.971338553393221282e+00,5.929504363723744120e+00,1.308186265229184464e+00,8.186265229184419567e-03,7.994514747138741484e+01,0.000000000000000000e+00
1.127000000000000000e+03,1.126999999999999957e+01,1.191955161970786392e+01,-3.986219758871986318e+00,5.919312972603773204e+00,1.307883101787264746e+00,7.883101787264701343e-03,7.994359228444048426e+01,0.000000000000000000e+00
1.128000000000000000e+03,1.127999999999999936e+01,1.190260106504448245e+01,-4.005845208579360772e+00,5.905872507597998755e+00,1.306108284106547446e+00,6.108284106547401393e-03,7.994408124551659967e+01,0.000000000000000000e+00
1.129000000000000000e+03,1.129000000000000092e+01,1.188807809615192213e+01,-4.023598639738676042e+00,5.893715584213922831e+00,1.302990584002875929e+00,2.990584002875884551e-03,7.994571486246910297e+01,0.000000000000000000e+00
1.130000000000000000e+03,1.130000000000000071e+01,1.185315780022602006e+01,-4.055489587200366230e+00,5.871878845558370585e+00,1.299050191707230129e+00,9.498082927699158517e-04,7.995119096710685369e+01,0.000000000000000000e+00
1.131000000000000000e+03,1.131000000000000050e+01,1.188282289108945022e+01,-4.032879329464168272e+00,5.887358287054424544e+00,1.293635748752699932e+00,6.364251247300112269e-03,7.995098031107380621e+01,0.000000000000000000e+00
1.132000000000000000e+03,1.132000000000000028e+01,1.190649503430370260e+01,-3.995357903259918242e+00,5.913050962067170957e+00,1.290357704549380369e+00,9.642295450619675634e-03,7.994978312281853050e+01,0.000000000000000000e+00
1.133000000000000000e+03,1.133000000000000007e+01,1.192538492636356118e+01,-3.935220274817318398e+00,5.954243679823690627e+00,1.288918591005674852e+00,1.108140899432519255e-02,7.995158089435869897e+01,1.000000000000000000e+00
1.134000000000000000e+03,1.133999999999999986e+01,1.194045867861334642e+01,-3.880619819153612315e+00,5.991666186506455993e+00,1.289340381119961076e+00,1.065961888003896796e-02,7.995575088484818593e+01,1.000000000000000000e+00
1.135000000000000000e+03,1.134999999999999964e+01,1.195248722838842781e+01,-3.824479111550275867e+00,6.030165571547771997e+00,1.290904461603915143e+00,9.095538396084901223e-03,7.996250532826539370e+01,1.000000000000000000e+00
1.136000000000000000e+03,1.135999999999999943e+01,1.196208576810793822e+01,-3.763405857476109340e+00,6.072070981085900598e+00,1.293301696992649408e+00,6.698303007350636662e-03,7.997226507957952890e+01,3.000000000000000000e+00
1.137000000000000000e+03,1.137000000000000099e+01,1.196974520889421356e+01,-3.746441245668057363e+00,6.083729608336407857e+00,1.296415647401380378e+00,3.584352598619666708e-03,7.997949261725773340e+01,1.000000000000000000e+00
1.138000000000000000e+03,1.138000000000000078e+01,1.197585728790548387e+01,-3.705738822457567583e+00,6.111685530466518301e+00,1.298866319449615281e+00,1.133680550384763563e-03,7.998802483051653667e+01,1.000000000000000000e+00
1.139000000000000000e+03,1.139000000000000057e+01,1.198073460348013342e+01,-3.692356046971683625e+00,6.120894162088537982e+00,1.301480921131145330e+00,1.480921131145285230e-03,7.999460021427134393e+01,1.000000000000000000e+00
1.140000000000000000e+03,1.140000000000000036e+01,1.197543430763598771e+01,-3.709077992888668351e+00,6.109429162354875764e+00,1.303505537669557013e+00,3.505537669556968439e-03,7.999866585899656002e+01,0.000000000000000000e+00
1.141000000000000000e+03,1.141000000000000014e+01,1.198039707377013130e+01,-3.670655975919064673e+00,6.135829977652008438e+00,1.304093500705812758e+00,4.093500705812713747e-03,8.000491596128222227e+01,1.000000000000000000e+00
1.142000000000000000e+03,1.141999999999999993e+01,1.198435726088727726e+01,-3.670001121074004669e+00,6.136300022410184241e+00,1.305421108925093776e+00,5.421108925093731656e-03,8.000857559215062054e+01,1.000000000000000000e+00
1.143000000000000000e+03,1.142999999999999972e+01,1.196083591379831113e+01,-3.699866013344947913e+00,6.115805389714605411e+00,1.306307136487741216e+00,6.307136487741171749e-03,8.001334115234706701e+01,0.000000000000000000e+00
1.144000000000000000e+03,1.143999999999999950e+01,1.193332273002129362e+01,-3.732228894038685407e+00,6.093598046225271680e+00,1.305407036294271794e+00,5.407036294271749810e-03,8.001953389777574444e+01,0.000000000000000000e+00
1.145000000000000000e+03,1.145000000000000107e+01,1.190534494447308411e+01,-3.764632496743041568e+00,6.071366360291410302e+00,1.303090874269599242e+00,3.090874269599197532e-03,8.002678734520912940e+01,0.000000000000000000e+00
1.146000000000000000e+03,1.146000000000000085e+01,1.187752302439247032e+01,-3.796649367326649926e+00,6.049403849942275535e+00,1.299778074707193198e+00,2.219252928068460307e-04,8.003471799821527100e+01,0.000000000000000000e+00
1.147000000000000000e+03,1.147000000000000064e+01,1.190226584774752716e+01,-3.789880747465756539e+00,6.054057987551044739e+00,1.295796671951409129e+00,4.203328048590915245e-03,8.003545101774531645e+01,0.000000000000000000e+00
1.148000000000000000e+03,1.148000000000000043e+01,1.189816740736912060e+01,-3.804846183522064607e+00,6.043798803057263136e+00,1.293762684594707890e+00,6.237315405292154225e-03,8.003517412996993130e+01,0.000000000000000000e+00
1.149000000000000000e+03,1.149000000000000021e+01,1.191873964830465127e+01,-3.785769175734883696e+00,6.056896390317976220e+00,1.291857285513273057e+00,8.142714486726987388e-03,8.003244897698949956e+01,0.000000000000000000e+00
1.150000000000000000e+03,1.150000000000000000e+01,1.193515588097037750e+01,-3.755943084585054326e+00,6.077373224754704317e+00,1.291628303538153943e+00,8.371696461846100945e-03,8.003015248889319366e+01,0.000000000000000000e+00
1.151000000000000000e+03,1.150999999999999979e+01,1.194825570299656370e+01,-3.719803651528001520e+00,6.102190586992239929e+00,1.292827855664326897e+00,7.172144335673147353e-03,8.002964906940052003e+01,1.000000000000000000e+00
1.152000000000000000e+03,1.151999999999999957e+01,1.195870909633059043e+01,-3.682647121084540398e+00,6.127716552209348855e+00,1.295175195467481277e+00,4.824804532518767175e-03,8.003116274719361911e+01,1.000000000000000000e+00
1.153000000000000000e+03,1.152999999999999936e+01,1.196705069303148150e+01,-3.630201379823539298e+00,6.163754569322579258e+00,1.298339285524891640e+00,1.660714475108404642e-03,8.003640402843883805e+01,1.000000000000000000e+00
1.154000000000000000e+03,1.154000000000000092e+01,1.197370711868168769e+01,-3.636534054728403742e+00,6.159423798141423489e+00,1.302468623435939943e+00,2.468623435939898414e-03,8.003788563405777268e+01,0.000000000000000000e+00
1.155000000000000000e+03,1.155000000000000071e+01,1.197428735066776184e+01,-3.650452638063131694e+00,6.149879944346724692e+00,1.305717981415091655e+00,5.717981415091610842e-03,8.003718508878689875e+01,0.000000000000000000e+00
1.156000000000000000e+03,1.156000000000000050e+01,1.192956475269576444e+01,-3.695664578837850822e+00,6.118836305182393076e+00,1.307994092394953123e+00,7.994092394953078440e-03,8.004193360758904419e+01,0.000000000000000000e+00
1.157000000000000000e+03,1.157000000000000028e+01,1.189625439100864490e+01,-3.732609475495376916e+00,6.093478604349264138e+00,1.307587873124510969e+00,7.587873124510924328e-03,8.004882726156282047e+01,0.000000000000000000e+00
1.158000000000000000e+03,1.158000000000000007e+01,1.184980087877472776e+01,-3.778421994250057203e+00,6.062038115693533236e+00,1.305760512793784578e+00,5.760512793784533514e-03,8.005913479002569488e+01,0.000000000000000000e+00
1.159000000000000000e+03,1.158999999999999986e+01,1.180872138882635625e+01,-3.820190324298946560e+00,6.033381945500797094e+00,1.302332110609086158e+00,2.332110609086113229e-03,8.007090095756487358e+01,0.000000000000000000e+00
1.160000000000000000e+03,1.159999999999999964e+01,1.183216686259647865e+01,-3.816835922135481063e+00,6.035689127144348021e+00,1.297986659564487333e+00,2.013340435512711579e-03,8.007435101990327553e+01,0.000000000000000000e+00
1.161000000000000000e+03,1.160999999999999943e+01,1.183465674376743948e+01,-3.827805023825511022e+00,6.028169640525358197e+00,1.295853611448626319e+00,4.146388551373725306e-03,8.007497354271755796e+01,0.000000000000000000e+00
1.162000000000000000e+03,1.162000000000000099e+01,1.181340362767340757e+01,-3.855060066994620449e+00,6.009478159200908998e+00,1.294404882923178901e+00,5.595117076821143343e-03,8.007695076923590705e+01,0.000000000000000000e+00
1.163000000000000000e+03,1.163000000000000078e+01,1.185109986450706288e+01,-3.833877920492350544e+00,6.024009179856510521e+00,1.292397703732291125e+00,7.602296267708918975e-03,8.007247979790881232e+01,0.000000000000000000e+00
1.164000000000000000e+03,1.164000000000000057e+01,1.188118069996018100e+01,-3.802091397265386252e+00,6.045817516462153485e+00,1.292812710205476279e+00,7.187289794523765707e-03,8.006624210285241361e+01,0.000000000000000000e+00
1.165000000000000000e+03,1.165000000000000036e+01,1.190518459895812420e+01,-3.766751049733317203e+00,6.070071721161490075e+00,1.295063767740026073e+00,4.936232259973971637e-03,8.006041780211754144e+01,0.000000000000000000e+00
1.166000000000000000e+03,1.166000000000000014e+01,1.192433922543123082e+01,-3.716218214686781263e+00,6.104762461323078426e+00,1.298571303620217998e+00,1.428696379782046222e-03,8.005768250921525464e+01,0.000000000000000000e+00
1.167000000000000000e+03,1.166999999999999993e+01,1.193789173693247641e+01,-3.720258038815706936e+00,6.102000667479148710e+00,1.303253282105903077e+00,3.253282105903032573e-03,8.005208307239904286e+01,0.000000000000000000e+00
1.168000000000000000e+03,1.167999999999999972e+01,1.191382977778955521e+01,-3.750252818128066767e+00,6.081417586641828521e+00,1.307170595290461979e+00,7.170595290461934113e-03,8.004998999641459534e+01,0.000000000000000000e+00
1.169000000000000000e+03,1.168999999999999950e+01,1.186213864331877943e+01,-3.799243217275755757e+00,6.047798407730453185e+00,1.308853640335781332e+00,8.853640335781287618e-03,8.005456751994798026e+01,0.000000000000000000e+00
1.170000000000000000e+03,1.170000000000000107e+01,1.180235923405033027e+01,-3.853581601129429934e+00,6.010520332975643143e+00,1.307678415471710043e+00,7.678415471709998386e-03,8.006499178371089442e+01,0.000000000000000000e+00
1.171000000000000000e+03,1.171000000000000085e+01,1.176639609406411857e+01,-3.891017152917497501e+00,5.984848310676969874e+00,1.304052126825939517e+00,4.052126825939472710e-03,8.007597829172158299e+01,0.000000000000000000e+00
1.172000000000000000e+03,1.172000000000000064e+01,1.177104752936093490e+01,-3.899864816647122812e+00,5.978783244019694187e+00,1.299688653676788430e+00,3.113463232116142620e-04,8.008168781063702113e+01,0.000000000000000000e+00
1.173000000000000000e+03,1.173000000000000043e+01,1.174461714749203090e+01,-3.930124984949431965e+00,5.958037906170134512e+00,1.296591703379095684e+00,3.408296620904360807e-03,8.008792543139691134e+01,0.000000000000000000e+00
1.174000000000000000e+03,1.174000000000000021e+01,1.177960060958922028e+01,-3.917304522997715033e+00,5.966825048998363634e+00,1.293005499654730883e+00,6.994500345269161201e-03,8.008633459672127231e+01,0.000000000000000000e+00
1.175000000000000000e+03,1.175000000000000000e+01,1.182412573896513486e+01,-3.889860731318387277e+00,5.985637355362116274e+00,1.291808758223965681e+00,8.191241776034363653e-03,8.007878850334978438e+01,0.000000000000000000e+00
1.176000000000000000e+03,1.175999999999999979e+01,1.185346399541404239e+01,-3.880623849638643819e+00,5.991971540915467465e+00,1.292969189530408292e+00,7.030810469591752820e-03,8.006800082629189319e+01,0.000000000000000000e+00
1.177000000000000000e+03,1.176999999999999957e+01,1.188306722866373022e+01,-3.865984887605744991e+00,6.002010437675106225e+00,1.294927314857376999e+00,5.072685142623045707e-03,8.005531452840028805e+01,0.000000000000000000e+00
1.178000000000000000e+03,1.177999999999999936e+01,1.190669001075186628e+01,-3.834888604655702693e+00,6.023336499740975292e+00,1.297590574171876288e+00,2.409425828123756830e-03,8.004436480366234719e+01,0.000000000000000000e+00
1.179000000000000000e+03,1.179000000000000092e+01,1.192554051363027767e+01,-3.800221737729394977e+00,6.047118999157425456e+00,1.301023964163573021e+00,1.023964163572976815e-03,8.003609152818094685e+01,0.000000000000000000e+00
1.180000000000000000e+03,1.180000000000000071e+01,1.194058283410901034e+01,-3.748889019015652746e+00,6.082345491508593049e+00,1.304960076050464268e+00,4.960076050464223840e-03,8.003252926392626421e+01,1.000000000000000000e+00
1.181000000000000000e+03,1.181000000000000050e+01,1.194133072897603931e+01,-3.760822535616971773e+00,6.074163296841354587e+00,1.309580247422234667e+00,9.580247422234622334e-03,8.002829492836148972e+01,0.000000000000000000e+00
1.182000000000000000e+03,1.182000000000000028e+01,1.193824100577496061e+01,-3.775168768530317465e+00,6.064324954259302736e+00,1.312611401035754355e+00,1.261140103575431048e-02,8.002421648545663402e+01,0.000000000000000000e+00
1.183000000000000000e+03,1.183000000000000007e+01,1.193159184325749678e+01,-3.791740274643791153e+00,6.052959576862148694e+00,1.314309257793464303e+00,1.430925779346425841e-02,8.002084526711092849e+01,0.000000000000000000e+00
1.184000000000000000e+03,1.183999999999999986e+01,1.187132728107474122e+01,-3.845524870427603048e+00,6.016059988012633752e+00,1.314870759148331958e+00,1.487075914833191348e-02,8.002603860466541619e+01,0.000000000000000000e+00
1.185000000000000000e+03,1.184999999999999964e+01,1.181361513117135154e+01,-3.897251039543814244e+00,5.980585705239970906e+00,1.312205636677900689e+00,1.220563667790064422e-02,8.003685717785873521e+01,0.000000000000000000e+00
1.186000000000000000e+03,1.185999999999999943e+01,1.178635340775119289e+01,-3.927451293899831164e+00,5.959881421568020698e+00,1.307295905857256635e+00,7.295905857256590465e-03,8.004709375456579323e+01,0.000000000000000000e+00
1.187000000000000000e+03,1.187000000000000099e+01,1.181083785756553439e+01,-3.921289361774452864e+00,5.964104185528437796e+00,1.302101208601676996e+00,2.101208601676951560e-03,8.004963242290585868e+01,0.000000000000000000e+00
1.188000000000000000e+03,1.188000000000000078e+01,1.178480504490870651e+01,-3.950164010190785113e+00,5.944311722005254595e+00,1.299011044480617771e+00,9.889555193822729962e-04,8.005380377726099539e+01,0.000000000000000000e+00
1.189000000000000000e+03,1.189000000000000057e+01,1.182827877320997878e+01,-3.927111551119357280e+00,5.960107590709007752e+00,1.295175253223977530e+00,4.824746776022514894e-03,8.004993252443770757e+01,0.000000000000000000e+00
1.190000000000000000e+03,1.190000000000000036e+01,1.185011721446049648e+01,-3.922159410654978196e+00,5.963500981119270961e+00,1.294003007011907957e+00,5.996992988092086918e-03,8.004290005769674110e+01,0.000000000000000000e+00
1.191000000000000000e+03,1.191000000000000014e+01,1.188039656507453756e+01,-3.894156470174114926e+00,5.982693957384238814e+00,1.293700885655774346e+00,6.299114344225698048e-03,8.003432194975891889e+01,0.000000000000000000e+00
1.192000000000000000e+03,1.191999999999999993e+01,1.190455887516048961e+01,-3.860611384727064443e+00,6.005692085201125963e+00,1.294861074308212956e+00,5.138925691787088468e-03,8.002654566254854274e+01,0.000000000000000000e+00
1.193000000000000000e+03,1.192999999999999972e+01,1.192383991048160219e+01,-3.826443387579978594e+00,6.029125647552247891e+00,1.297060540081227620e+00,2.939459918772424629e-03,8.002044532349097494e+01,0.000000000000000000e+00
1.194000000000000000e+03,1.193999999999999950e+01,1.193922578715198490e+01,-3.810556711881742054e+00,6.040027721649256165e+00,1.299893770113466296e+00,1.062298865337485410e-04,8.001427637625573652e+01,0.000000000000000000e+00
1.195000000000000000e+03,1.195000000000000107e+01,1.193293852387050080e+01,-3.826102427887469126e+00,6.029367709676939135e+00,1.302588933511724889e+00,2.588933511724844649e-03,8.000936146632854218e+01,0.000000000000000000e+00
1.196000000000000000e+03,1.196000000000000085e+01,1.193506806076559634e+01,-3.835522314751617756e+00,6.022910210433407130e+00,1.303777396745005923e+00,3.777396745005878742e-03,8.000417652147308445e+01,0.000000000000000000e+00
1.197000000000000000e+03,1.197000000000000064e+01,1.191009739954544067e+01,-3.863665086261280468e+00,6.003610469125868931e+00,1.304258430794795753e+00,4.258430794795708962e-03,8.000289813468236844e+01,0.000000000000000000e+00
1.198000000000000000e+03,1.198000000000000043e+01,1.186658704046606694e+01,-3.904543494496798051e+00,5.975580418225325374e+00,1.303023471748251394e+00,3.023471748251349567e-03,8.000722448678730814e+01,0.000000000000000000e+00
1.199000000000000000e+03,1.199000000000000021e+01,1.183121140626916024e+01,-3.939496662528574777e+00,5.951619652568807872e+00,1.299722703059263296e+00,2.772969407367487094e-04,8.001429564645729897e+01,0.000000000000000000e+00
1.200000000000000000e+03,1.200000000000000000e+01,1.186531011207337016e+01,-3.922070782575748371e+00,5.963560585574973594e+00,1.295293146182859623e+00,4.706853817140421725e-03,8.001364950400801490e+01,0.000000000000000000e+00
1.201000000000000000e+03,1.200999999999999979e+01,1.189252019044238651e+01,-3.897504958584872004e+00,5.980397487937318957e+00,1.293266446276502002e+00,6.733553723498042487e-03,8.000987207494240749e+01,0.000000000000000000e+00
1.202000000000000000e+03,1.201999999999999957e+01,1.191423328328230902e+01,-3.871194405145424344e+00,5.998434976056293166e+00,1.293003662273614518e+00,6.996337726385526423e-03,8.000524376851585373e+01,0.000000000000000000e+00
1.203000000000000000e+03,1.203000000000000114e+01,1.193155989272022666e+01,-3.831747992349737508e+00,6.025484989545893733e+00,1.293930485044169520e+00,6.069514955830523917e-03,8.000248538425076106e+01,0.000000000000000000e+00
1.204000000000000000e+03,1.204000000000000092e+01,1.192717110066973163e+01,-3.845689383597910904e+00,6.015926284337879792e+00,1.295963923094929360e+00,4.036076905070684617e-03,7.999983668092015421e+01,0.000000000000000000e+00
1.205000000000000000e+03,1.205000000000000071e+01,1.194188400962534224e+01,-3.814463838875469026e+00,6.037345414855098014e+00,1.296813542455436119e+00,3.186457544563925381e-03,7.999813743441821146e+01,0.000000000000000000e+00
1.206000000000000000e+03,1.206000000000000050e+01,1.195362461374143415e+01,-3.784638814850833199e+00,6.057811424121569921e+00,1.298521538783471208e+00,1.478461216528836886e-03,7.999762973275727518e+01,1.000000000000000000e+00
1.207000000000000000e+03,1.207000000000000028e+01,1.195802593610587472e+01,-3.793119253874040364e+00,6.051998943186847946e+00,1.300746232544678138e+00,7.462325446780937455e-04,7.999521519497793065e+01,0.000000000000000000e+00
1.208000000000000000e+03,1.208000000000000007e+01,1.195166856912922348e+01,-3.808873039205869837e+00,6.041195514129206856e+00,1.302144047025169948e+00,2.144047025169903975e-03,7.999309815516677702e+01,0.000000000000000000e+00
1.209000000000000000e+03,1.208999999999999986e+01,1.194221067637695732e+01,-3.826551430846919288e+00,6.029072062819571087e+00,1.302483288749818113e+00,2.483288749818068908e-03,7.999171572002148878e+01,0.000000000000000000e+00
1.210000000000000000e+03,1.209999999999999964e+01,1.195388528720989463e+01,-3.819633916576884669e+00,6.033821104424480275e+00,1.301937116051120169e+00,1.937116051120124638e-03,7.998877552592087170e+01,0.000000000000000000e+00
1.211000000000000000e+03,1.210999999999999943e+01,1.193638565900277015e+01,-3.842674423653501314e+00,6.018019573609898920e+00,1.301965934903106970e+00,1.965934903106925091e-03,7.998806809834145781e+01,0.000000000000000000e+00
1.212000000000000000e+03,1.212000000000000099e+01,1.189736555944905128e+01,-3.880538259676864055e+00,5.992053038609427951e+00,1.300869574719796695e+00,8.695747197966507969e-04,7.999227269313968236e+01,0.000000000000000000e+00
1.213000000000000000e+03,1.213000000000000078e+01,1.189471744237940420e+01,-3.892723438678822756e+00,5.983699192825029378e+00,1.298015066539117912e+00,1.984933460882132295e-03,7.999447079048432840e+01,0.000000000000000000e+00
1.214000000000000000e+03,1.214000000000000057e+01,1.191598664593912105e+01,-3.862209775284719093e+00,6.004618680748310844e+00,1.295526197967814097e+00,4.473802032185947297e-03,7.999466969586327991e+01,0.000000000000000000e+00
1.215000000000000000e+03,1.215000000000000036e+01,1.190533754478999739e+01,-3.880107482569058686e+00,5.992347186678947502e+00,1.295079324416375854e+00,4.920675583624189997e-03,7.999519393232860409e+01,0.000000000000000000e+00
1.216000000000000000e+03,1.216000000000000014e+01,1.192446127311525039e+01,-3.840209867077152506e+00,6.019703592648026458e+00,1.294002469733307681e+00,5.997530266692363554e-03,7.999579581152148933e+01,0.000000000000000000e+00
1.217000000000000000e+03,1.216999999999999993e+01,1.193972162198085663e+01,-3.792258039855795460e+00,6.052595938894602234e+00,1.294800605228145551e+00,5.199394771854493058e-03,7.999828059814188919e+01,1.000000000000000000e+00
1.218000000000000000e+03,1.217999999999999972e+01,1.195151874771504552e+01,-3.795614729372159157e+00,6.050298838661361422e+00,1.297082897678093483e+00,2.917102321906561713e-03,7.999692824299503968e+01,0.000000000000000000e+00
1.219000000000000000e+03,1.218999999999999950e+01,1.196131294009584423e+01,-3.789870971407363065e+00,6.054245680424756415e+00,1.298990710249069425e+00,1.009289750930619789e-03,7.999430617981163039e+01,0.000000000000000000e+00
1.220000000000000000e+03,1.220000000000000107e+01,1.196912850775324877e+01,-3.763814318150881633e+00,6.072131206347674670e+00,1.300828517234306370e+00,8.285172343063251787e-04,7.999359026415389451e+01,1.000000000000000000e+00
1.221000000000000000e+03,1.221000000000000085e+01,1.197536517285360169e+01,-3.729817985454256135e+00,6.095471831590963063e+00,1.303114705507904647e+00,3.114705507904602655e-03,7.999555346493204411e+01,1.000000000000000000e+00
1.222000000000000000e+03,1.222000000000000064e+01,1.195436937944946187e+01,-3.756805315690665559e+00,6.076953716107216685e+00,1.305903812273887077e+00,5.903812273887032447e-03,7.999878185307296974e+01,0.000000000000000000e+00
1.223000000000000000e+03,1.223000000000000043e+01,1.194465711752166470e+01,-3.775643189751521245e+00,6.064031586876616586e+00,1.306739897331761213e+00,6.739897331761168786e-03,8.000121566566338061e+01,0.000000000000000000e+00
1.224000000000000000e+03,1.224000000000000021e+01,1.191667342719412304e+01,-3.806992343076075702e+00,6.042524071976257183e+00,1.306678155498379068e+00,6.678155498379023669e-03,8.000590020729683260e+01,0.000000000000000000e+00
1.225000000000000000e+03,1.225000000000000000e+01,1.188461970349332120e+01,-3.840929614402742498e+00,6.019244645109577796e+00,1.305166302853275617e+00,5.166302853275572815e-03,8.001279142077839879e+01,0.000000000000000000e+00
1.226000000000000000e+03,1.225999999999999979e+01,1.184979544776002847e+01,-3.876550061494990373e+00,5.994815420150027663e+00,1.302431669118889523e+00,2.431669118889479009e-03,8.002158100387313766e+01,0.000000000000000000e+00
1.227000000000000000e+03,1.226999999999999957e+01,1.182435670500408875e+01,-3.905366010507648866e+00,5.975057277562404678e+00,1.298693805608039931e+00,1.306194391960113776e-03,8.003025199639472476e+01,0.000000000000000000e+00
1.228000000000000000e+03,1.228000000000000114e+01,1.183460301115439606e+01,-3.909019548746075934e+00,5.972551990224568286e+00,1.294653370525560954e+00,5.346629474439090757e-03,8.003366835949195490e+01,0.000000000000000000e+00
1.229000000000000000e+03,1.229000000000000092e+01,1.186801654425451780e+01,-3.883151429025696988e+00,5.990283749840984662e+00,1.291999508614762204e+00,8.000491385237840092e-03,8.003160505474386355e+01,0.000000000000000000e+00
1.230000000000000000e+03,1.230000000000000071e+01,1.189467986864754501e+01,-3.848704397283429834e+00,6.013902376492817226e+00,1.291753594259448690e+00,8.246405740551354668e-03,8.002809388174136984e+01,0.000000000000000000e+00
1.231000000000000000e+03,1.231000000000000050e+01,1.191595666286016275e+01,-3.796960578042348544e+00,6.049392455544237990e+00,1.293311480098745525e+00,6.688519901254519340e-03,8.002673629359485119e+01,0.000000000000000000e+00
1.232000000000000000e+03,1.232000000000000028e+01,1.193293511480760394e+01,-3.752167980999961738e+00,6.080132057877350782e+00,1.296499213602683831e+00,3.500786397316213439e-03,8.002704618874851406e+01,0.000000000000000000e+00
1.233000000000000000e+03,1.233000000000000007e+01,1.194648357646263293e+01,-3.751802199260865223e+00,6.080391454150717578e+00,1.300567466312721354e+00,5.674663127213097624e-04,8.002415321073719667e+01,0.000000000000000000e+00
1.234000000000000000e+03,1.233999999999999986e+01,1.192129878242840491e+01,-3.781671823769841456e+00,6.059896664186185333e+00,1.303997616433213436e+00,3.997616433213391218e-03,8.002435529114529800e+01,0.000000000000000000e+00
1.235000000000000000e+03,1.234999999999999964e+01,1.188571452297843578e+01,-3.818540411078484187e+00,6.034602126262544886e+00,1.305156421725207183e+00,5.156421725207138707e-03,8.002840480971165960e+01,0.000000000000000000e+00
1.236000000000000000e+03,1.235999999999999943e+01,1.185841657723474540e+01,-3.849358415433810077e+00,6.013464026411721619e+00,1.304214330205929695e+00,4.214330205929650575e-03,8.003397157410697105e+01,0.000000000000000000e+00
1.237000000000000000e+03,1.237000000000000099e+01,1.188486292454549798e+01,-3.842393294611334387e+00,6.018243099761632742e+00,1.302123367554739675e+00,2.123367554739630236e-03,8.003275969355355812e+01,0.000000000000000000e+00
1.238000000000000000e+03,1.238000000000000078e+01,1.190812293978883218e+01,-3.807836917280694955e+00,6.041946946997377665e+00,1.301604970750690482e+00,1.604970750690437598e-03,8.003059879202950810e+01,0.000000000000000000e+00
1.239000000000000000e+03,1.239000000000000057e+01,1.187267215546498633e+01,-3.844252516114818441e+00,6.016967203671617526e+00,1.302881869021293992e+00,2.881869021293947952e-03,8.003287524295285493e+01,0.000000000000000000e+00
1.240000000000000000e+03,1.240000000000000036e+01,1.188916903414800430e+01,-3.844190863245889656e+00,6.017011767733056793e+00,1.302037915288206227e+00,2.037915288206182396e-03,8.003077476028369119e+01,0.000000000000000000e+00
1.241000000000000000e+03,1.241000000000000014e+01,1.189839889486875357e+01,-3.848955198506254227e+00,6.013746238115742493e+00,1.301982256448688036e+00,1.982256448687991224e-03,8.002659633699749975e+01,0.000000000000000000e+00
1.242000000000000000e+03,1.241999999999999993e+01,1.187156120555528283e+01,-3.878687768288421545e+00,5.993356406268496528e+00,1.302180700428977378e+00,2.180700428977333516e-03,8.002621582015579804e+01,0.000000000000000000e+00
1.243000000000000000e+03,1.242999999999999972e+01,1.189750843675623493e+01,-3.865127226236694913e+00,6.002654708736438138e+00,1.300956975941368388e+00,9.569759413683431859e-04,8.002160624760679752e+01,0.000000000000000000e+00
1.244000000000000000e+03,1.243999999999999950e+01,1.191043743909839314e+01,-3.866723447213173070e+00,6.001561058502156598e+00,1.301235435503181881e+00,1.235435503181836481e-03,8.001512803459613110e+01,0.000000000000000000e+00
1.245000000000000000e+03,1.245000000000000107e+01,1.186604111337092071e+01,-3.908186716848150333e+00,5.973129516453060006e+00,1.301860246888852046e+00,1.860246888852001845e-03,8.001573164995241427e+01,0.000000000000000000e+00
1.246000000000000000e+03,1.246000000000000085e+01,1.184187985076343530e+01,-3.935262796098905280e+00,5.954567991085658818e+00,1.300176917799873655e+00,1.769177998736104485e-04,8.001847271854799715e+01,0.000000000000000000e+00
1.247000000000000000e+03,1.247000000000000064e+01,1.185171688373893417e+01,-3.938346695769829875e+00,5.952452227800826279e+00,1.297731472277089626e+00,2.268527722910418376e-03,8.001784546918133856e+01,0.000000000000000000e+00
1.248000000000000000e+03,1.248000000000000043e+01,1.188167306884217922e+01,-3.901992421283023038e+00,5.977364011865343940e+00,1.296266137666136631e+00,3.733862333863413596e-03,8.001486198086726631e+01,0.000000000000000000e+00
1.249000000000000000e+03,1.249000000000000021e+01,1.185072163687555324e+01,-3.933721305262777079e+00,5.955612582701671265e+00,1.297100748313078089e+00,2.899251686921955340e-03,8.001598458433007011e+01,0.000000000000000000e+00
1.250000000000000000e+03,1.250000000000000000e+01,1.188087888195119923e+01,-3.898604136463815539e+00,5.979677979314923064e+00,1.296188449887992089e+00,3.811550112007955349e-03,8.001408793564041844e+01,0.000000000000000000e+00
1.251000000000000000e+03,1.250999999999999979e+01,1.185409289110167563e+01,-3.927502895546878037e+00,5.959866419440058571e+00,1.297406135321492515e+00,2.593864678507529220e-03,8.001538487285299084e+01,0.000000000000000000e+00
1.252000000000000000e+03,1.251999999999999957e+01,1.188356907471749935e+01,-3.888141779109059115e+00,5.986842230912922780e+00,1.296966368390482405e+00,3.033631609517639660e-03,8.001426328298646240e+01,0.000000000000000000e+00
1.253000000000000000e+03,1.253000000000000114e+01,1.186079180650284037e+01,-3.914419943883427511e+00,5.968826271994368327e+00,1.298634643813913359e+00,1.365356186086685852e-03,8.001552570270618503e+01,0.000000000000000000e+00
1.254000000000000000e+03,1.254000000000000092e+01,1.182145351669959332e+01,-3.952052308349298659e+00,5.943030212061134243e+00,1.298709877762303400e+00,1.290122237696644802e-03,8.002088397570325640e+01,0.000000000000000000e+00
1.255000000000000000e+03,1.255000000000000071e+01,1.185752351332593868e+01,-3.933042740064832454e+00,5.956054337936583565e+00,1.296898452965071780e+00,3.101547034928264779e-03,8.001888909437958830e+01,0.000000000000000000e+00
1.256000000000000000e+03,1.256000000000000050e+01,1.188237803820364924e+01,-3.925433068385141944e+00,5.961268133923096180e+00,1.297221730862895717e+00,2.778269137104327768e-03,8.001275525894909890e+01,0.000000000000000000e+00
1.257000000000000000e+03,1.257000000000000028e+01,1.188306179513024752e+01,-3.934518188749367873e+00,5.955040234755186290e+00,1.298502534814205855e+00,1.497465185794188969e-03,8.000707898549201502e+01,0.000000000000000000e+00
1.258000000000000000e+03,1.258000000000000007e+01,1.190668567490191521e+01,-3.914142141016241805e+00,5.969002825499980958e+00,1.299405453652892728e+00,5.945463471073164641e-04,7.999997308273043473e+01,0.000000000000000000e+00
1.259000000000000000e+03,1.258999999999999986e+01,1.192553705370960948e+01,-3.883387817174788648e+00,5.990082290745685434e+00,1.301435702128287630e+00,1.435702128287585921e-03,7.999406501198458841e+01,0.000000000000000000e+00
1.260000000000000000e+03,1.259999999999999964e+01,1.194058007316221293e+01,-3.860194496707785472e+00,6.005984954507639806e+00,1.304445651599455358e+00,4.445651599455313630e-03,7.998897495665153201e+01,0.000000000000000000e+00
1.261000000000000000e+03,1.260999999999999943e+01,1.192058781120067401e+01,-3.884251984617312026e+00,5.989489664006039327e+00,1.307872021562616505e+00,7.872021562616460244e-03,7.998705273073728961e+01,0.000000000000000000e+00
1.262000000000000000e+03,1.262000000000000099e+01,1.189102745319305221e+01,-3.914788842186099682e+00,5.968554161601792529e+00,1.309431700235841545e+00,9.431700235841500302e-03,7.998891876664438882e+01,0.000000000000000000e+00
1.263000000000000000e+03,1.263000000000000078e+01,1.185633353098037723e+01,-3.948701249377335909e+00,5.945308832680145983e+00,1.309227903488263456e+00,9.227903488263411447e-03,7.999426568030638407e+01,0.000000000000000000e+00
1.264000000000000000e+03,1.264000000000000057e+01,1.179489146435836489e+01,-4.001111252169683219e+00,5.909393035154893781e+00,1.307530556786348663e+00,7.530556786348618914e-03,8.000588849149694681e+01,0.000000000000000000e+00
1.265000000000000000e+03,1.265000000000000036e+01,1.174091422417853181e+01,-4.048068104632744912e+00,5.877225259043100891e+00,1.303559802018146252e+00,3.559802018146207558e-03,8.002060816955079758e+01,0.000000000000000000e+00
1.266000000000000000e+03,1.266000000000000014e+01,1.176204141695327543e+01,-4.042325268577970476e+00,5.881153013295380205e+00,1.298280859713893287e+00,1.719140286106757287e-03,8.002701113825818879e+01,0.000000000000000000e+00
1.267000000000000000e+03,1.266999999999999993e+01,1.181011385797281577e+01,-4.016004108820466101e+00,5.899172173773181704e+00,1.295453287775747864e+00,4.546712224252180690e-03,8.002417005360946689e+01,0.000000000000000000e+00
1.268000000000000000e+03,1.267999999999999972e+01,1.184242735026842830e+01,-4.002069300045494771e+00,5.908712139394131313e+00,1.295687303578210381e+00,4.312696421789663503e-03,8.001666412285365482e+01,0.000000000000000000e+00
1.269000000000000000e+03,1.268999999999999950e+01,1.187426020880005950e+01,-3.970085513736556049e+00,5.930615790787459929e+00,1.297405232939171205e+00,2.594767060828839789e-03,8.000788734890137732e+01,0.000000000000000000e+00
1.270000000000000000e+03,1.270000000000000107e+01,1.188239397100444172e+01,-3.973086015725365794e+00,5.928558184350391613e+00,1.300682298663379255e+00,6.822986633792105238e-04,7.999929267965696056e+01,0.000000000000000000e+00
1.271000000000000000e+03,1.271000000000000085e+01,1.183739657022632663e+01,-4.013112903622861438e+00,5.901134253661028950e+00,1.303530495912086362e+00,3.530495912086317745e-03,7.999841257736925115e+01,0.000000000000000000e+00
1.272000000000000000e+03,1.272000000000000064e+01,1.179467997374277388e+01,-4.051343081640036203e+00,5.874948203885006492e+00,1.303683777129523325e+00,3.683777129523280180e-03,8.000279984779493248e+01,0.000000000000000000e+00
1.273000000000000000e+03,1.273000000000000043e+01,1.180880975377101905e+01,-4.049599477992556373e+00,5.876137816423045557e+00,1.301997119451568485e+00,1.997119451568440951e-03,8.000302135730942155e+01,0.000000000000000000e+00
1.274000000000000000e+03,1.274000000000000021e+01,1.178336250536678165e+01,-4.075382403677339838e+00,5.858480822884084560e+00,1.301555346179236627e+00,1.555346179236583026e-03,8.000575400026772854e+01,0.000000000000000000e+00
1.275000000000000000e+03,1.275000000000000000e+01,1.181043272123077514e+01,-4.064234275178449707e+00,5.866107545759424724e+00,1.300236439849624004e+00,2.364398496239594749e-04,8.000308806679055351e+01,0.000000000000000000e+00
1.276000000000000000e+03,1.275999999999999979e+01,1.176201185347128408e+01,-4.105770692115751075e+00,5.837668064047440986e+00,1.300668570919803813e+00,6.685709198037681489e-04,8.000687419246756349e+01,0.000000000000000000e+00
1.277000000000000000e+03,1.276999999999999957e+01,1.178729133185177780e+01,-4.095543606632928046e+00,5.844662241757631271e+00,1.298956546176947668e+00,1.043453823052375995e-03,8.000529107226387282e+01,0.000000000000000000e+00
1.278000000000000000e+03,1.278000000000000114e+01,1.179689437689541620e+01,-4.096124784025501064e+00,5.844259720287974247e+00,1.299037604719390560e+00,9.623952806094848711e-04,8.000199510691550131e+01,0.000000000000000000e+00
1.279000000000000000e+03,1.279000000000000092e+01,1.179290360876496280e+01,-4.106068319715429737e+00,5.837449626333719443e+00,1.299713780473804148e+00,2.862195261958966341e-04,7.999931485078886340e+01,0.000000000000000000e+00
1.280000000000000000e+03,1.280000000000000071e+01,1.177775227397768099e+01,-4.123731871948272065e+00,5.825356762156537194e+00,1.300207230415534099e+00,2.072304155340543019e-04,7.999859689680900487e+01,0.000000000000000000e+00
1.281000000000000000e+03,1.281000000000000050e+01,1.182146794960992864e+01,-4.100013532621137102e+00,5.841581096603414736e+00,1.300060392857854685e+00,6.039285785464088008e-05,7.999136473115345325e+01,0.000000000000000000e+00
1.282000000000000000e+03,1.282000000000000028e+01,1.185753503049681257e+01,-4.079339311601425599e+00,5.855725124837896978e+00,1.302124854950460264e+00,2.124854950460219882e-03,7.998060826853502192e+01,0.000000000000000000e+00
1.283000000000000000e+03,1.283000000000000007e+01,1.183512608098602925e+01,-4.101706989700040218e+00,5.840411452123150937e+00,1.305500172080756416e+00,5.500172080756371429e-03,7.997507016728036433e+01,0.000000000000000000e+00
1.284000000000000000e+03,1.283999999999999986e+01,1.178166535564082373e+01,-4.145699021484441360e+00,5.810301699503501283e+00,1.307105056338168536e+00,7.105056338168491692e-03,7.997768231547168227e+01,0.000000000000000000e+00
1.285000000000000000e+03,1.284999999999999964e+01,1.172686615598935589e+01,-4.190459067426094641e+00,5.779675486092732406e+00,1.306010025700145016e+00,6.010025700144971950e-03,7.998622761800098147e+01,0.000000000000000000e+00
1.286000000000000000e+03,1.285999999999999943e+01,1.172313058305563871e+01,-4.199296347429525511e+00,5.773626280044720005e+00,1.302883201720561601e+00,2.883201720561556769e-03,7.999204406480011187e+01,0.000000000000000000e+00
1.287000000000000000e+03,1.287000000000000099e+01,1.175460819176506000e+01,-4.183341975216831266e+00,5.784531619434417848e+00,1.300593678132755615e+00,5.936781327555706866e-04,7.999133565845924920e+01,0.000000000000000000e+00
1.288000000000000000e+03,1.288000000000000078e+01,1.177635064824617395e+01,-4.174065466467837382e+00,5.790871016474762989e+00,1.300508575847947768e+00,5.085758479477231475e-04,7.998726067774330772e+01,0.000000000000000000e+00
1.289000000000000000e+03,1.289000000000000057e+01,1.180069264076169766e+01,-4.162832372819605276e+00,5.798549118240343248e+00,1.301567362873840894e+00,1.567362873840849602e-03,7.998038972589770879e+01,0.000000000000000000e+00
1.290000000000000000e+03,1.290000000000000036e+01,1.178115527036773180e+01,-4.182236923447308463e+00,5.785271830294442807e+00,1.303559477013425782e+00,3.559477013425738079e-03,7.997733463749577254e+01,0.000000000000000000e+00
1.291000000000000000e+03,1.291000000000000014e+01,1.176214872447946114e+01,-4.201141930122626711e+00,5.772337942564983670e+00,1.304209075795455419e+00,4.209075795455374802e-03,7.997700452827655226e+01,0.000000000000000000e+00
1.292000000000000000e+03,1.291999999999999993e+01,1.171556878955788683e+01,-4.239250650037440060e+00,5.746274081752569707e+00,1.303891208567115267e+00,3.891208567115223005e-03,7.998226471158874062e+01,0.000000000000000000e+00
1.293000000000000000e+03,1.292999999999999972e+01,1.172156803049309559e+01,-4.240384042260199493e+00,5.745494386286120303e+00,1.301590769988932195e+00,1.590769988932150270e-03,7.998460747471246179e+01,0.000000000000000000e+00
1.294000000000000000e+03,1.293999999999999950e+01,1.173955421449990233e+01,-4.233002797216823154e+00,5.750535590151685916e+00,1.300232672473575990e+00,2.326724735759455598e-04,7.998334928710292502e+01,0.000000000000000000e+00
1.295000000000000000e+03,1.295000000000000107e+01,1.177434140991758404e+01,-4.213728940350686791e+00,5.763707403740978563e+00,1.300085781741127766e+00,8.578174112772174453e-05,7.997732400092036187e+01,0.000000000000000000e+00
1.296000000000000000e+03,1.296000000000000085e+01,1.181992900387362688e+01,-4.184418135720162191e+00,5.783743348913403359e+00,1.301563647252315548e+00,1.563647252315503167e-03,7.996660425289033469e+01,0.000000000000000000e+00
1.297000000000000000e+03,1.297000000000000064e+01,1.180558038486814354e+01,-4.199433877466805853e+00,5.773470810725341629e+00,1.304751680590680474e+00,4.751680590680429361e-03,7.996008142396200924e+01,0.000000000000000000e+00
1.298000000000000000e+03,1.298000000000000043e+01,1.179691859271050625e+01,-4.210349377565473006e+00,5.766002992518397541e+00,1.306346078811052580e+00,6.346078811052535684e-03,7.995592967998392453e+01,0.000000000000000000e+00
1.299000000000000000e+03,1.299000000000000021e+01,1.176722686692705544e+01,-4.235917156124552108e+00,5.748517800623047513e+00,1.307020519291730798e+00,7.020519291730753508e-03,7.995636005951801906e+01,0.000000000000000000e+00
1.300000000000000000e+03,1.300000000000000000e+01,1.172205524681822020e+01,-4.272238478080869761e+00,5.723684579637243530e+00,1.306040053772305587e+00,6.040053772305542523e-03,7.996212871858827498e+01,0.000000000000000000e+00
1.301000000000000000e+03,1.300999999999999979e+01,1.173769817666421744e+01,-4.265803312369257583e+00,5.728078471045941811e+00,1.303122184907543168e+00,3.122184907543124055e-03,7.996366155311827129e+01,0.000000000000000000e+00
1.302000000000000000e+03,1.301999999999999957e+01,1.172846998528803297e+01,-4.276708289054203860e+00,5.720621432750031765e+00,1.301553762498988576e+00,1.553762498988531249e-03,7.996544514144753180e+01,0.000000000000000000e+00
1.303000000000000000e+03,1.303000000000000114e+01,1.174988227334328350e+01,-4.266030964825939797e+00,5.727914361261205123e+00,1.299798463507305213e+00,2.015364926948315372e-04,7.996343628500609668e+01,0.000000000000000000e+00
1.304000000000000000e+03,1.304000000000000092e+01,1.177876058514694613e+01,-4.250017385370095546e+00,5.738854773811220333e+00,1.299285118187118337e+00,7.148818128817069351e-04,7.995770926123032041e+01,0.000000000000000000e+00
1.305000000000000000e+03,1.305000000000000071e+01,1.180058243537116880e+01,-4.238855145504165201e+00,5.746480428057650691e+00,1.299988035299855627e+00,1.196470014441786134e-05,7.995016201486814111e+01,0.000000000000000000e+00
1.306000000000000000e+03,1.306000000000000050e+01,1.184086881206386188e+01,-4.207055297766084223e+00,5.768213303256633395e+00,1.301221904305454924e+00,1.221904305454879491e-03,7.993962784079414519e+01,0.000000000000000000e+00
1.307000000000000000e+03,1.307000000000000028e+01,1.184435202507746254e+01,-4.208750539105970745e+00,5.767051038089861414e+00,1.303865923635842528e+00,3.865923635842483108e-03,7.993091022448076899e+01,0.000000000000000000e+00
1.308000000000000000e+03,1.308000000000000007e+01,1.180553925046809738e+01,-4.240075697419672274e+00,5.745631586802921298e+00,1.305608652579131945e+00,5.608652579131900850e-03,7.992940901744643156e+01,0.000000000000000000e+00
1.309000000000000000e+03,1.308999999999999986e+01,1.177642156297818055e+01,-4.264486992596101977e+00,5.728942537011282532e+00,1.304741457495979251e+00,4.741457495979206627e-03,7.993184916748015212e+01,0.000000000000000000e+00
1.310000000000000000e+03,1.309999999999999964e+01,1.172585643920045939e+01,-4.303858017467359076e+00,5.702032605455740644e+00,1.302403138814839156e+00,2.403138814839111959e-03,7.993997243125355112e+01,0.000000000000000000e+00
1.311000000000000000e+03,1.310999999999999943e+01,1.172841821809475427e+01,-4.305848858187394157e+00,5.700669261769145457e+00,1.297992269662645581e+00,2.007730337354463046e-03,7.994496933878863842e+01,0.000000000000000000e+00
1.312000000000000000e+03,1.312000000000000099e+01,1.175743144611138469e+01,-4.289201329271300267e+00,5.712040240664079782e+00,1.294488905983797178e+00,5.511094016202866541e-03,7.994428975211162935e+01,0.000000000000000000e+00
1.313000000000000000e+03,1.313000000000000078e+01,1.180643519437171030e+01,-4.241909529256571609e+00,5.744351188514545292e+00,1.292840270213766241e+00,7.159729786233803850e-03,7.993878984544538469e+01,0.000000000000000000e+00
1.314000000000000000e+03,1.314000000000000057e+01,1.184553919550873857e+01,-4.196999441944526232e+00,5.775045181106799319e+00,1.293890016877193405e+00,6.109983122806639244e-03,7.993149441775879893e+01,0.000000000000000000e+00
1.315000000000000000e+03,1.315000000000000036e+01,1.187674339843626647e+01,-4.152697804465235620e+00,5.805334046487728550e+00,1.296545387667361826e+00,3.454612332638218319e-03,7.992438305017199696e+01,0.000000000000000000e+00
1.316000000000000000e+03,1.316000000000000014e+01,1.190164372198449527e+01,-4.102410434646879267e+00,5.839728544102626984e+00,1.300116442040913700e+00,1.164420409136557311e-04,7.991938518543888392e+01,0.000000000000000000e+00
1.317000000000000000e+03,1.316999999999999993e+01,1.192151367713914212e+01,-4.078207051628031543e+00,5.856290097514172288e+00,1.304327795088286779e+00,4.327795088286734426e-03,7.991393421615535431e+01,0.000000000000000000e+00
1.318000000000000000e+03,1.317999999999999972e+01,1.193736949993931518e+01,-4.068880512240579783e+00,5.862673646758706170e+00,1.308144367048185819e+00,8.144367048185774394e-03,7.990729163628203935e+01,0.000000000000000000e+00
1.319000000000000000e+03,1.318999999999999950e+01,1.189467409625917149e+01,-4.104560205422219887e+00,5.838252905967245887e+00,1.311155522335871515e+00,1.115552233587147057e-02,7.990803851185128792e+01,0.000000000000000000e+00
1.320000000000000000e+03,1.320000000000000107e+01,1.186892702740800942e+01,-4.128153466127404414e+00,5.822108571239984265e+00,1.310817772854642849e+00,1.081777285464280425e-02,7.991173759712202695e+01,0.000000000000000000e+00
1.321000000000000000e+03,1.321000000000000085e+01,1.180881539724560447e+01,-4.175751520308101483e+00,5.789543987471938991e+00,1.308826307856088444e+00,8.826307856088400072e-03,7.992254527375577311e+01,0.000000000000000000e+00
1.322000000000000000e+03,1.322000000000000064e+01,1.178055996995250254e+01,-4.200845110185558617e+00,5.772381050712871442e+00,1.304076302951460820e+00,4.076302951460775148e-03,7.993366446976727957e+01,0.000000000000000000e+00
1.323000000000000000e+03,1.323000000000000043e+01,1.180982444808522303e+01,-4.185476482313103652e+00,5.782888598093328447e+00,1.298771662237582891e+00,1.228337762417153201e-03,7.993687054278484538e+01,0.000000000000000000e+00
1.324000000000000000e+03,1.324000000000000021e+01,1.183565328050610965e+01,-4.172397690999510189e+00,5.791831354299555201e+00,1.295687867733829268e+00,4.312132266170776163e-03,7.993495900118369946e+01,0.000000000000000000e+00
1.325000000000000000e+03,1.325000000000000000e+01,1.186885463797962359e+01,-4.129684147441900599e+00,5.821042325122586902e+00,1.294070061155975226e+00,5.929938844024817968e-03,7.993113747881176323e+01,0.000000000000000000e+00
1.326000000000000000e+03,1.325999999999999979e+01,1.189534865050899270e+01,-4.093585685446658573e+00,5.845738332042137664e+00,1.294523663201979202e+00,5.476336798020842167e-03,7.992657879134414145e+01,0.000000000000000000e+00
1.327000000000000000e+03,1.326999999999999957e+01,1.191649033727485296e+01,-4.042344182022619137e+00,5.880805344535922075e+00,1.296128571465376300e+00,3.871428534623744255e-03,7.992439083571197500e+01,0.000000000000000000e+00
1.328000000000000000e+03,1.328000000000000114e+01,1.193336097620922587e+01,-4.025582669839082861e+00,5.892283082684097728e+00,1.298845409479037372e+00,1.154590520962672784e-03,7.992081120592750665e+01,0.000000000000000000e+00
1.329000000000000000e+03,1.329000000000000092e+01,1.194682340525786657e+01,-3.983907292943577261e+00,5.920822165341014909e+00,1.301331340541220127e+00,1.331340541220082940e-03,7.991989847787439771e+01,1.000000000000000000e+00
1.330000000000000000e+03,1.330000000000000071e+01,1.194412376047641899e+01,-3.993124317133199153e+00,5.914512897310594042e+00,1.304248452211902221e+00,4.248452211902176145e-03,7.991872060846458226e+01,0.000000000000000000e+00
1.331000000000000000e+03,1.331000000000000050e+01,1.192867747514319454e+01,-4.011130787297405575e+00,5.902183571858448552e+00,1.305696654554393099e+00,5.696654554393054681e-03,7.991934647568120909e+01,0.000000000000000000e+00
1.332000000000000000e+03,1.332000000000000028e+01,1.192807887682736379e+01,-4.018560363417811310e+00,5.897098718973439624e+00,1.305532041797370146e+00,5.532041797370101932e-03,7.991906614037475265e+01,0.000000000000000000e+00
1.333000000000000000e+03,1.333000000000000007e+01,1.186500213076237742e+01,-4.069695233238387999e+00,5.862085454154843944e+00,1.304894823940871085e+00,4.894823940871040335e-03,7.992759951769718896e+01,0.000000000000000000e+00
1.334000000000000000e+03,1.333999999999999986e+01,1.183089991130405849e+01,-4.100321614750906285e+00,5.841122955510310355e+00,1.301122485253829009e+00,1.122485253828964247e-03,7.993797532749285040e+01,0.000000000000000000e+00
1.335000000000000000e+03,1.334999999999999964e+01,1.177405880922719561e+01,-4.146734388951834660e+00,5.809361287946197550e+00,1.296407166773883679e+00,3.592833226116365353e-03,7.995281188709492426e+01,0.000000000000000000e+00
1.336000000000000000e+03,1.335999999999999943e+01,1.178663455584654507e+01,-4.144342688042899070e+00,5.810997570406549961e+00,1.290001260912057468e+00,9.998739087942576376e-03,7.996076877072616185e+01,0.000000000000000000e+00
1.337000000000000000e+03,1.337000000000000099e+01,1.182973868597855649e+01,-4.106234310838023482e+00,5.837068419321172819e+00,1.285538587068196126e+00,1.446141293180391862e-02,7.996132093121065054e+01,0.000000000000000000e+00
1.338000000000000000e+03,1.338000000000000078e+01,1.186413491103339268e+01,-4.055716283572308178e+00,5.871639321549409374e+00,1.284290323717901972e+00,1.570967628209807287e-02,7.995994368704731414e+01,0.000000000000000000e+00
1.339000000000000000e+03,1.339000000000000057e+01,1.189158240375391884e+01,-3.998663232080494012e+00,5.910699555108511305e+00,1.285506828469529683e+00,1.449317153047036122e-02,7.995941456206372777e+01,0.000000000000000000e+00
1.340000000000000000e+03,1.340000000000000036e+01,1.191348494845009753e+01,-3.928637612111578914e+00,5.958665862057107354e+00,1.288525606807108703e+00,1.147439319289134119e-02,7.996218979655739645e+01,2.000000000000000000e+00
1.341000000000000000e+03,1.341000000000000014e+01,1.193096273664199636e+01,-3.867023251716750654e+00,6.000900000046119231e+00,1.293074002120021770e+00,6.925997879978273986e-03,7.996733460899631041e+01,3.000000000000000000e+00
1.342000000000000000e+03,1.341999999999999993e+01,1.194490965853250231e+01,-3.829066111198416777e+00,6.026938177397580532e+00,1.298404280930317789e+00,1.595719069682255409e-03,7.997221531045133247e+01,0.000000000000000000e+00
1.343000000000000000e+03,1.342999999999999972e+01,1.195017864547339670e+01,-3.836071568707568158e+00,6.022145395899258347e+00,1.303590725730729760e+00,3.590725730729715792e-03,7.997364962574506819e+01,0.000000000000000000e+00
1.344000000000000000e+03,1.343999999999999950e+01,1.196024356557978052e+01,-3.836968040978013139e+00,6.021542355158107540e+00,1.307263609054467146e+00,7.263609054467101700e-03,7.997219036716955998e+01,0.000000000000000000e+00
1.345000000000000000e+03,1.345000000000000107e+01,1.192870725241324337e+01,-3.869335724488760508e+00,5.999353245426072512e+00,1.310155826457758632e+00,1.015582645775858772e-02,7.997470250164741401e+01,0.000000000000000000e+00
1.346000000000000000e+03,1.346000000000000085e+01,1.191091949328406407e+01,-3.891853179583125488e+00,5.983922615672989664e+00,1.310582168234242229e+00,1.058216823424218411e-02,7.997804569731867730e+01,0.000000000000000000e+00
1.347000000000000000e+03,1.347000000000000064e+01,1.187316928950330208e+01,-3.928123935087628027e+00,5.959064804794923731e+00,1.309865573203760070e+00,9.865573203760025223e-03,7.998498331069194478e+01,0.000000000000000000e+00
1.348000000000000000e+03,1.348000000000000043e+01,1.183029382046642652e+01,-3.967758463897988364e+00,5.931907218224481859e+00,1.307450617402567516e+00,7.450617402567472070e-03,7.999515492021592422e+01,0.000000000000000000e+00
1.349000000000000000e+03,1.349000000000000021e+01,1.177742059031997712e+01,-4.014163515383433634e+00,5.900117706099009318e+00,1.303593184240506631e+00,3.593184240506586136e-03,8.000888916734908207e+01,0.000000000000000000e+00
1.350000000000000000e+03,1.350000000000000000e+01,1.175026883526558485e+01,-4.042363998585376983e+00,5.880806293418679331e+00,1.298254151795493971e+00,1.745848204506073031e-03,8.002129018962875762e+01,0.000000000000000000e+00
1.351000000000000000e+03,1.350999999999999979e+01,1.175049989590311839e+01,-4.051224903688070533e+00,5.874741188292910365e+00,1.293009800046737379e+00,6.990199953262665744e-03,8.002895015410310009e+01,0.000000000000000000e+00
1.352000000000000000e+03,1.351999999999999957e+01,1.178258189345126894e+01,-4.037629782597105255e+00,5.884052129998368130e+00,1.289086704612470546e+00,1.091329538752949802e-02,8.002902537502598079e+01,0.000000000000000000e+00
1.353000000000000000e+03,1.353000000000000114e+01,1.182650474325909329e+01,-4.007335418431368979e+00,5.904799097431745025e+00,1.287581893446386738e+00,1.241810655361330618e-02,8.002306448698089980e+01,0.000000000000000000e+00
1.354000000000000000e+03,1.354000000000000092e+01,1.186155429007543738e+01,-3.971598573705008572e+00,5.929279015284823373e+00,1.288605795426602141e+00,1.139420457339790360e-02,8.001520110104064543e+01,0.000000000000000000e+00
1.355000000000000000e+03,1.355000000000000071e+01,1.188952312036322745e+01,-3.949374872919766410e+00,5.944509133511640897e+00,1.291380754619595006e+00,8.619245380405038404e-03,8.000581971790902003e+01,0.000000000000000000e+00
1.356000000000000000e+03,1.356000000000000050e+01,1.191184168190600978e+01,-3.902527214926304833e+00,5.976615645688616141e+00,1.294873725669040798e+00,5.126274330959246228e-03,7.999936127805881370e+01,0.000000000000000000e+00
1.357000000000000000e+03,1.357000000000000028e+01,1.192168462766080594e+01,-3.905242778214457200e+00,5.974761581410848343e+00,1.299399601116602243e+00,6.003988833978013417e-04,7.999202161365865038e+01,0.000000000000000000e+00
1.358000000000000000e+03,1.358000000000000007e+01,1.193750591500205793e+01,-3.866942607350416949e+00,6.001022748107154747e+00,1.303008578552818486e+00,3.008578552818441665e-03,7.998746231282393637e+01,0.000000000000000000e+00
1.359000000000000000e+03,1.358999999999999986e+01,1.192028307720133817e+01,-3.888985957852532316e+00,5.985916439678310219e+00,1.307207756071580684e+00,7.207756071580639912e-03,7.998547610415110398e+01,0.000000000000000000e+00
1.360000000000000000e+03,1.359999999999999964e+01,1.189545632474600900e+01,-3.916117028376769227e+00,5.967323615631614508e+00,1.309345101326134575e+00,9.345101326134530595e-03,7.998657483235773213e+01,0.000000000000000000e+00
1.361000000000000000e+03,1.360999999999999943e+01,1.185061737587183472e+01,-3.957041840909945041e+00,5.939279011619948534e+00,1.309647257828124634e+00,9.647257828124589096e-03,7.999286291764194345e+01,0.000000000000000000e+00
1.362000000000000000e+03,1.362000000000000099e+01,1.178681508497697017e+01,-4.011012936174872756e+00,5.902302543851391192e+00,1.307714348205394561e+00,7.714348205394516711e-03,8.000547529600109442e+01,0.000000000000000000e+00
1.363000000000000000e+03,1.363000000000000078e+01,1.173913104681145469e+01,-4.053480308134481014e+00,5.873218595064133574e+00,1.303293796695145446e+00,3.293796695145401188e-03,8.001999384545615612e+01,0.000000000000000000e+00
1.364000000000000000e+03,1.364000000000000057e+01,1.169550987326002733e+01,-4.092893434596770241e+00,5.846233808892242756e+00,1.297773059945652951e+00,2.226940054347092968e-03,8.003505094194805736e+01,0.000000000000000000e+00
1.365000000000000000e+03,1.365000000000000036e+01,1.169187148310932756e+01,-4.104172697005395776e+00,5.838513837142366825e+00,1.291616138048783613e+00,8.383861951216431407e-03,8.004505852526705212e+01,0.000000000000000000e+00
1.366000000000000000e+03,1.366000000000000014e+01,1.173553652462531183e+01,-4.082222289334047183e+00,5.853538552303275466e+00,1.286789734198649615e+00,1.321026580135042927e-02,8.004548689701026376e+01,0.000000000000000000e+00
1.367000000000000000e+03,1.366999999999999993e+01,1.178740689495244531e+01,-4.054331503034286577e+00,5.872631950455256877e+00,1.285064756100960714e+00,1.493524389903932992e-02,8.003807514090395614e+01,0.000000000000000000e+00
1.368000000000000000e+03,1.367999999999999972e+01,1.183035499698225479e+01,-4.007797767592204075e+00,5.904493360110603106e+00,1.285949633257229774e+00,1.405036674277027053e-02,8.002889571540984548e+01,0.000000000000000000e+00
1.369000000000000000e+03,1.368999999999999950e+01,1.186462671476361663e+01,-3.960635918895055507e+00,5.936797880785863235e+00,1.288969893057712923e+00,1.103010694228712119e-02,8.002018498204165553e+01,0.000000000000000000e+00
1.370000000000000000e+03,1.370000000000000107e+01,1.189197485319520986e+01,-3.909795998886299362e+00,5.971636713638552862e+00,1.293294085143641192e+00,6.705914856358852205e-03,8.001361039253907848e+01,0.000000000000000000e+00
1.371000000000000000e+03,1.371000000000000085e+01,1.190151871699852393e+01,-3.912847348565402505e+00,5.969552190441200779e+00,1.298446349477315520e+00,1.553650522684524304e-03,8.000620139145604526e+01,0.000000000000000000e+00
1.372000000000000000e+03,1.372000000000000064e+01,1.189165761414658462e+01,-3.929270568004119557e+00,5.958301743731652778e+00,1.302245528276935627e+00,2.245528276935582213e-03,8.000102095692767534e+01,0.000000000000000000e+00
1.373000000000000000e+03,1.373000000000000043e+01,1.187931729542962422e+01,-3.947224538777869274e+00,5.946002890904094507e+00,1.304170235250264875e+00,4.170235250264830995e-03,7.999791849109611519e+01,0.000000000000000000e+00
1.374000000000000000e+03,1.374000000000000021e+01,1.183862067289911302e+01,-3.984827974363508218e+00,5.920240322531085120e+00,1.304604719684606673e+00,4.604719684606628505e-03,8.000044710834914952e+01,0.000000000000000000e+00
1.375000000000000000e+03,1.375000000000000000e+01,1.177930959272208256e+01,-4.035247877540072636e+00,5.885704178112899143e+00,1.302659118830771012e+00,2.659118830770967890e-03,8.000960331688510507e+01,0.000000000000000000e+00
1.376000000000000000e+03,1.375999999999999979e+01,1.178561075102523681e+01,-4.039564604111002488e+00,5.882750239505026180e+00,1.298121222512374606e+00,1.878777487625438170e-03,8.001421997213307691e+01,0.000000000000000000e+00
1.377000000000000000e+03,1.376999999999999957e+01,1.182892171041407714e+01,-4.013639195066625476e+00,5.900504563541155711e+00,1.294636575636515463e+00,5.363424363484581292e-03,8.001103272464118277e+01,0.000000000000000000e+00
1.378000000000000000e+03,1.378000000000000114e+01,1.186348298103749599e+01,-3.987327055890214300e+00,5.918527597847123900e+00,1.293681239607740396e+00,6.318760392259648029e-03,8.000414820915943892e+01,0.000000000000000000e+00
1.379000000000000000e+03,1.379000000000000092e+01,1.189106217678749644e+01,-3.934785210919859999e+00,5.954522633622271854e+00,1.294313920784607053e+00,5.686079215392991770e-03,7.999908246567783010e+01,0.000000000000000000e+00
1.380000000000000000e+03,1.380000000000000071e+01,1.191306981784052788e+01,-3.916198084585652328e+00,5.967266262805581256e+00,1.296592944000699132e+00,3.407055999300911964e-03,7.999254721791443501e+01,0.000000000000000000e+00
1.381000000000000000e+03,1.381000000000000050e+01,1.193063147080203734e+01,-3.874431571399559182e+00,5.995900073183224599e+00,1.298974708611811968e+00,1.025291388188076525e-03,7.998859311452757481e+01,0.000000000000000000e+00
1.382000000000000000e+03,1.382000000000000028e+01,1.194464531508445404e+01,-3.849254846843691791e+00,6.013171309248656726e+00,1.301911847017781731e+00,1.911847017781687086e-03,7.998535906706537446e+01,0.000000000000000000e+00
1.383000000000000000e+03,1.383000000000000007e+01,1.193037743009822194e+01,-3.869500858475306337e+00,5.999295870392778340e+00,1.304687807963896162e+00,4.687807963896117869e-03,7.998387927797242014e+01,0.000000000000000000e+00
1.384000000000000000e+03,1.383999999999999986e+01,1.194444259573494449e+01,-3.855132316423259375e+00,6.009156680964512276e+00,1.305371556497925578e+00,5.371556497925533691e-03,7.998120123101350032e+01,0.000000000000000000e+00
1.385000000000000000e+03,1.384999999999999964e+01,1.191263003933460141e+01,-3.887537340009314502e+00,5.986942863456021335e+00,1.306189620125328466e+00,6.189620125328421096e-03,7.998285502246683620e+01,0.000000000000000000e+00
1.386000000000000000e+03,1.385999999999999943e+01,1.190920339034010311e+01,-3.899851985472755800e+00,5.978507155499916514e+00,1.304642507520293204e+00,4.642507520293159828e-03,7.998341024911083252e+01,0.000000000000000000e+00
1.387000000000000000e+03,1.387000000000000099e+01,1.191095684935428345e+01,-3.908327252310376920e+00,5.972703556984182427e+00,1.302645347523471164e+00,2.645347523471119899e-03,7.998241569580726207e+01,0.000000000000000000e+00
1.388000000000000000e+03,1.388000000000000078e+01,1.187285972224597685e+01,-3.944492838841271443e+00,5.947919040219885822e+00,1.300548753314838546e+00,5.487533148385015380e-04,7.998627464722117963e+01,0.000000000000000000e+00
1.389000000000000000e+03,1.389000000000000057e+01,1.187886096581451234e+01,-3.949580589048013568e+00,5.944436766686140849e+00,1.296590327342806326e+00,3.409672657193718592e-03,7.998706641685747343e+01,0.000000000000000000e+00
1.390000000000000000e+03,1.390000000000000036e+01,1.184840991574934854e+01,-3.979985566122682172e+00,5.923606188051290466e+00,1.293258125404826542e+00,6.741874595173502627e-03,7.999103632491960525e+01,0.000000000000000000e+00
1.391000000000000000e+03,1.391000000000000014e+01,1.187903417519392413e+01,-3.947912359548883643e+00,5.945581052324138582e+00,1.288745344008491944e+00,1.125465599150810014e-02,7.999064998894272094e+01,0.000000000000000000e+00
1.392000000000000000e+03,1.391999999999999993e+01,1.190347171555878880e+01,-3.903817450872922201e+00,5.975800573539478577e+00,1.286651382187403936e+00,1.334861781259610858e-02,7.998993941963412624e+01,0.000000000000000000e+00
1.393000000000000000e+03,1.392999999999999972e+01,1.192297237908226570e+01,-3.841564593633950864e+00,6.018480698336759360e+00,1.286476679425401892e+00,1.352332057459815218e-02,7.999220500985815363e+01,3.000000000000000000e+00
1.394000000000000000e+03,1.393999999999999950e+01,1.193853351462120216e+01,-3.781454656224566779e+00,6.059717727434735579e+00,1.288054516130170857e+00,1.194548386982918764e-02,7.999724836770029412e+01,3.000000000000000000e+00
1.395000000000000000e+03,1.395000000000000107e+01,1.195095098641489884e+01,-3.715143709290563478e+00,6.105235646352901391e+00,1.290745010793027836e+00,9.254989206972208393e-03,8.000573078684210770e+01,3.000000000000000000e+00
1.396000000000000000e+03,1.396000000000000085e+01,1.196085987804825201e+01,-3.650934611356481785e+00,6.149341614212637808e+00,1.294330341918235705e+00,5.669658081764339386e-03,8.001703754253483680e+01,3.000000000000000000e+00
1.397000000000000000e+03,1.397000000000000064e+01,1.196876697339203943e+01,-3.575837209292232366e+00,6.200957861399984949e+00,1.298449504219926887e+00,1.550495780073157803e-03,8.003210682279515709e+01,3.000000000000000000e+00
1.398000000000000000e+03,1.398000000000000043e+01,1.197507667573708190e+01,-3.576400268153755668e+00,6.200599868336388099e+00,1.303202179814831441e+00,3.202179814831396243e-03,8.004145878344880316e+01,0.000000000000000000e+00
1.399000000000000000e+03,1.399000000000000021e+01,1.198011169073969207e+01,-3.553974429780331956e+00,6.216045384369928151e+00,1.306383025010329213e+00,6.383025010329168580e-03,8.004964833083147369e+01,1.000000000000000000e+00
1.400000000000000000e+03,1.400000000000000000e+01,1.198412953099430034e+01,-3.508314812947142425e+00,6.247470863691638954e+00,1.309027163554292272e+00,9.027163554292227943e-03,8.005994447686146032e+01,1.000000000000000000e+00
1.401000000000000000e+03,1.400999999999999979e+01,1.198733568634898639e+01,-3.511870984443564936e+00,6.245058293243594072e+00,1.311893599335083760e+00,1.189359933508371547e-02,8.006622567702827098e+01,1.000000000000000000e+00
1.402000000000000000e+03,1.401999999999999957e+01,1.198010839126886218e+01,-3.533685880009061364e+00,6.230085401046713045e+00,1.313632160189833753e+00,1.363216018983370859e-02,8.006994392376060432e+01,0.000000000000000000e+00
1.403000000000000000e+03,1.403000000000000114e+01,1.196611751168377502e+01,-3.559848452699693411e+00,6.212122553426913996e+00,1.313839969672757180e+00,1.383996967275713530e-02,8.007290462097759587e+01,0.000000000000000000e+00
1.404000000000000000e+03,1.404000000000000092e+01,1.191723572878594872e+01,-3.609943487015029540e+00,6.177705619915751178e+00,1.312685637410845763e+00,1.268563741084571816e-02,8.008072378819133519e+01,0.000000000000000000e+00
1.405000000000000000e+03,1.405000000000000071e+01,1.187998520374143396e+01,-3.651593841396537421e+00,6.149102642212509018e+00,1.309053995966562578e+00,9.053995966562533582e-03,8.009013863733486005e+01,0.000000000000000000e+00
1.406000000000000000e+03,1.406000000000000050e+01,1.184690328086458067e+01,-3.690004345685673037e+00,6.122731907284164166e+00,1.304175501392251579e+00,4.175501392251534938e-03,8.009995294699395174e+01,0.000000000000000000e+00
1.407000000000000000e+03,1.407000000000000028e+01,1.182173251351864707e+01,-3.722579428877866192e+00,6.100374193374417331e+00,1.298615014002799217e+00,1.384985997200827157e-03,8.010880251248060802e+01,0.000000000000000000e+00
1.408000000000000000e+03,1.408000000000000007e+01,1.185175267476719085e+01,-3.716431928742249369e+00,6.104607256116273639e+00,1.292950102468668039e+00,7.049897531332005585e-03,8.010905895764933859e+01,0.000000000000000000e+00
1.409000000000000000e+03,1.408999999999999986e+01,1.188170162935967689e+01,-3.700042416571671655e+00,6.115873164661686623e+00,1.289701134538528970e+00,1.029886546147107396e-02,8.010442430148643211e+01,0.000000000000000000e+00
1.410000000000000000e+03,1.409999999999999964e+01,1.190560029009509613e+01,-3.654569074950972496e+00,6.147114243085473717e+00,1.288519284204830084e+00,1.148071579516996010e-02,8.010095624916354495e+01,0.000000000000000000e+00
1.411000000000000000e+03,1.410999999999999943e+01,1.192467093856073390e+01,-3.606343815347091031e+00,6.180261362201927788e+00,1.289491700468837321e+00,1.050829953116272364e-02,8.009969895724859157e+01,0.000000000000000000e+00
1.412000000000000000e+03,1.412000000000000099e+01,1.193988893077068703e+01,-3.566961454297549405e+00,6.207348459200213497e+00,1.292011512494174896e+00,7.988487505825148105e-03,8.009985786885482639e+01,1.000000000000000000e+00
1.413000000000000000e+03,1.413000000000000078e+01,1.195203258112004363e+01,-3.497624121239335526e+00,6.255042480293690588e+00,1.295355373277877531e+00,4.644626722122513485e-03,8.010519481897230776e+01,3.000000000000000000e+00
1.414000000000000000e+03,1.414000000000000057e+01,1.196172296877256080e+01,-3.440940834269844206e+00,6.294066069319318224e+00,1.300042145549255013e+00,4.214554925496827309e-05,8.011337309808232021e+01,3.000000000000000000e+00
1.415000000000000000e+03,1.415000000000000036e+01,1.196945570235386214e+01,-3.445958208156694624e+00,6.290647980793107052e+00,1.305336640494777489e+00,5.336640494777444843e-03,8.011690322088850280e+01,0.000000000000000000e+00
1.416000000000000000e+03,1.416000000000000014e+01,1.197560459503085895e+01,-3.460157278566854622e+00,6.280909707941828124e+00,1.309436404667349674e+00,9.436404667349629349e-03,8.011636127017722231e+01,0.000000000000000000e+00
1.417000000000000000e+03,1.416999999999999993e+01,1.194284382869851591e+01,-3.500981308857786800e+00,6.252848440775469641e+00,1.312430265182555011e+00,1.243026518255496704e-02,8.011884169481459139e+01,0.000000000000000000e+00
1.418000000000000000e+03,1.417999999999999972e+01,1.189704583023069873e+01,-3.550475002721050988e+00,6.218828600668262929e+00,1.312968232820327152e+00,1.296823282032710800e-02,8.012549195578317551e+01,0.000000000000000000e+00
1.419000000000000000e+03,1.418999999999999950e+01,1.186841024742976636e+01,-3.587667389577880783e+00,6.193276639694632379e+00,1.311198148533993857e+00,1.119814853399381249e-02,8.013245206510264040e+01,0.000000000000000000e+00
1.420000000000000000e+03,1.420000000000000107e+01,1.181405634290049989e+01,-3.642471019073167060e+00,6.155623426751272831e+00,1.308542846815903493e+00,8.542846815903448743e-03,8.014334340152090874e+01,0.000000000000000000e+00
1.421000000000000000e+03,1.421000000000000085e+01,1.175113320230893699e+01,-3.702848981510175275e+00,6.114152627249985095e+00,1.304143240212342070e+00,4.143240212342025330e-03,8.015792353787927027e+01,0.000000000000000000e+00
1.422000000000000000e+03,1.422000000000000064e+01,1.175658477530035562e+01,-3.715384623683025023e+00,6.105552755924207098e+00,1.298121649170196124e+00,1.878350829803920874e-03,8.016547321142418525e+01,0.000000000000000000e+00
1.423000000000000000e+03,1.423000000000000043e+01,1.180575956816896976e+01,-3.691672407380356180e+00,6.121843076547671458e+00,1.293972334304803962e+00,6.027665695196082751e-03,8.016298845861177824e+01,0.000000000000000000e+00
1.424000000000000000e+03,1.424000000000000021e+01,1.184500005944796541e+01,-3.677724249593212313e+00,6.131431801376293400e+00,1.293308045132020023e+00,6.691954867980021149e-03,8.015429851127146321e+01,0.000000000000000000e+00
1.425000000000000000e+03,1.425000000000000000e+01,1.187631317875140624e+01,-3.656439605211694754e+00,6.146061519813169838e+00,1.294680418914701869e+00,5.319581085298175083e-03,8.014361391954666658e+01,0.000000000000000000e+00
1.426000000000000000e+03,1.425999999999999979e+01,1.190130041536728456e+01,-3.641760384616924640e+00,6.156157401214840341e+00,1.297534661542268264e+00,2.465338457731780508e-03,8.013199820688231512e+01,0.000000000000000000e+00
1.427000000000000000e+03,1.426999999999999957e+01,1.190697231953308233e+01,-3.653204511151460832e+00,6.148306801273068167e+00,1.301135423061623220e+00,1.135423061623175300e-03,8.012090427480441690e+01,0.000000000000000000e+00
1.428000000000000000e+03,1.428000000000000114e+01,1.192576579033448070e+01,-3.607141134453438092e+00,6.179963863727055973e+00,1.304093964029368946e+00,4.093964029368901691e-03,8.011390852056842959e+01,0.000000000000000000e+00
1.429000000000000000e+03,1.429000000000000092e+01,1.190261945359206841e+01,-3.639021319173346036e+00,6.158068190134833308e+00,1.308455365035484208e+00,8.455365035484163627e-03,8.011030683397487451e+01,0.000000000000000000e+00
1.430000000000000000e+03,1.430000000000000071e+01,1.185119013231803287e+01,-3.690247448173142875e+00,6.122883160247205581e+00,1.310690527631477531e+00,1.069052763147748664e-02,8.011333007997647826e+01,0.000000000000000000e+00
1.431000000000000000e+03,1.431000000000000050e+01,1.180277649840724230e+01,-3.739032310016053628e+00,6.089385910018548564e+00,1.310142240324551954e+00,1.014224032455190994e-02,8.012060544543689389e+01,0.000000000000000000e+00
1.432000000000000000e+03,1.432000000000000028e+01,1.175244266804099880e+01,-3.788818270437126934e+00,6.055211308862590514e+00,1.307708334232797975e+00,7.708334232797930952e-03,8.013099932265708958e+01,0.000000000000000000e+00
1.433000000000000000e+03,1.433000000000000007e+01,1.169646415304640286e+01,-3.842200288470714042e+00,6.018579299145903505e+00,1.303813330908404566e+00,3.813330908404521935e-03,8.014410698509458086e+01,0.000000000000000000e+00
1.434000000000000000e+03,1.433999999999999986e+01,1.168251352723816794e+01,-3.866035899938692122e+00,6.002227480520575753e+00,1.298592898308255528e+00,1.407101691744516714e-03,8.015341092985195814e+01,0.000000000000000000e+00
1.435000000000000000e+03,1.434999999999999964e+01,1.171021534221162774e+01,-3.860606740323092811e+00,6.005948779608281107e+00,1.294275250825677182e+00,5.724749174322862899e-03,8.015481121645251505e+01,0.000000000000000000e+00
1.436000000000000000e+03,1.435999999999999943e+01,1.176875769732039068e+01,-3.833242022028136020e+00,6.024715074008390125e+00,1.292476363717967480e+00,7.523636282032564182e-03,8.014681998176624234e+01,0.000000000000000000e+00
1.437000000000000000e+03,1.437000000000000099e+01,1.181547331402334144e+01,-3.792987752337359630e+00,6.052328103458439301e+00,1.293891383353445779e+00,6.108616646554265728e-03,8.013586585516995342e+01,0.000000000000000000e+00
1.438000000000000000e+03,1.438000000000000078e+01,1.185275143240246365e+01,-3.750846132816796352e+00,6.081247184310979215e+00,1.297652065760397377e+00,2.347934239602667006e-03,8.012476586043497662e+01,0.000000000000000000e+00
1.439000000000000000e+03,1.439000000000000057e+01,1.188249861777570260e+01,-3.720129212875465718e+00,6.102336586383235506e+00,1.302887932013645500e+00,2.887932013645455598e-03,8.011368893068102182e+01,0.000000000000000000e+00
1.440000000000000000e+03,1.440000000000000036e+01,1.190355274744228353e+01,-3.719435621000897196e+00,6.102819020918897053e+00,1.308658534235611848e+00,8.658534235611803354e-03,8.010094846604012275e+01,0.000000000000000000e+00
1.441000000000000000e+03,1.441000000000000014e+01,1.188630179751521787e+01,-3.745140751441354166e+00,6.085175586408841930e+00,1.313757163849069043e+00,1.375716384906899847e-02,8.009239518362805654e+01,0.000000000000000000e+00
1.442000000000000000e+03,1.441999999999999993e+01,1.182074588595926912e+01,-3.804234519934577730e+00,6.044614028591045241e+00,1.316639435005900305e+00,1.663943500590026048e-02,8.009382538872901591e+01,0.000000000000000000e+00
1.443000000000000000e+03,1.442999999999999972e+01,1.175335716233645478e+01,-3.864291203844294920e+00,6.003407822881950295e+00,1.315738767686892574e+00,1.573876768689252970e-02,8.010260390827619403e+01,0.000000000000000000e+00
1.444000000000000000e+03,1.443999999999999950e+01,1.169823421185352252e+01,-3.915493176328462610e+00,5.968290553732948922e+00,1.311980142622519052e+00,1.198014262251900774e-02,8.011465804164016902e+01,0.000000000000000000e+00
1.445000000000000000e+03,1.445000000000000107e+01,1.164682860300056610e+01,-3.963812212409605795e+00,5.935161002716086820e+00,1.306656592870627298e+00,6.656592870627253689e-03,8.012823827497066986e+01,0.000000000000000000e+00
1.446000000000000000e+03,1.446000000000000085e+01,1.160977234260528945e+01,-4.001857978578994945e+00,5.909081766486402820e+00,1.300323625402622696e+00,3.236254026226514924e-04,8.014083270198048581e+01,0.000000000000000000e+00
1.447000000000000000e+03,1.447000000000000064e+01,1.163414593300414168e+01,-3.996888701852836068e+00,5.912479553156133605e+00,1.293865762144289944e+00,6.134237855710100717e-03,8.014526919863953935e+01,0.000000000000000000e+00
1.448000000000000000e+03,1.448000000000000043e+01,1.167355190000497878e+01,-3.981189674718292881e+00,5.923228906209040190e+00,1.290064251128671735e+00,9.935748871328309306e-03,8.014233908956036601e+01,0.000000000000000000e+00
1.449000000000000000e+03,1.449000000000000021e+01,1.171988872953190608e+01,-3.960393001081599529e+00,5.937472484165506437e+00,1.288851266740963064e+00,1.114873325903698031e-02,8.013333238228746325e+01,0.000000000000000000e+00
1.450000000000000000e+03,1.450000000000000000e+01,1.177647686498000645e+01,-3.925616796781699058e+00,5.961298310066978523e+00,1.289805005391108317e+00,1.019499460889172759e-02,8.011928532583290519e+01,0.000000000000000000e+00
1.451000000000000000e+03,1.450999999999999979e+01,1.182163305387293484e+01,-3.893140081711068401e+00,5.983555054418498109e+00,1.292941761114547061e+00,7.058238885452983169e-03,8.010333388472770366e+01,0.000000000000000000e+00
1.452000000000000000e+03,1.451999999999999957e+01,1.183297263070520344e+01,-3.896386710327859770e+00,5.981326589386444681e+00,1.297255799565664391e+00,2.744200434335652972e-03,8.008875309732121650e+01,0.000000000000000000e+00
1.453000000000000000e+03,1.453000000000000114e+01,1.186372335554916901e+01,-3.885832763562167891e+00,5.988559435358141947e+00,1.300530486099420679e+00,5.304860994206350711e-04,8.007263934490703150e+01,0.000000000000000000e+00
1.454000000000000000e+03,1.454000000000000092e+01,1.184851237398444823e+01,-3.907152545628775009e+00,5.973939764794503837e+00,1.303902610034516352e+00,3.902610034516307280e-03,8.006158482355097306e+01,0.000000000000000000e+00
1.455000000000000000e+03,1.455000000000000071e+01,1.182556931791948074e+01,-3.933645462268567261e+00,5.955775516380517054e+00,1.305249862720876619e+00,5.249862720876574684e-03,8.005543380424789746e+01,0.000000000000000000e+00
1.456000000000000000e+03,1.456000000000000050e+01,1.178728853291439549e+01,-3.970628744976687940e+00,5.930424423471441386e+00,1.304761416462801860e+00,4.761416462801815186e-03,8.005500360871381815e+01,0.000000000000000000e+00
1.457000000000000000e+03,1.457000000000000028e+01,1.175975234525496305e+01,-3.999875428763977059e+00,5.910380175196958241e+00,1.302230252472783345e+00,2.230252472783300632e-03,8.005722642933830002e+01,0.000000000000000000e+00
1.458000000000000000e+03,1.458000000000000007e+01,1.177420732769067158e+01,-3.999572880291362598e+00,5.910581127207323426e+00,1.298680852601189262e+00,1.319147398810782690e-03,8.005573373260406811e+01,0.000000000000000000e+00
1.459000000000000000e+03,1.458999999999999986e+01,1.179861437001934199e+01,-3.992102692557974564e+00,5.915691996498169125e+00,1.296271702432196582e+00,3.728297567803462442e-03,8.005026971103569622e+01,0.000000000000000000e+00
1.460000000000000000e+03,1.459999999999999964e+01,1.183272590317223028e+01,-3.977684714814172295e+00,5.925562757281129578e+00,1.295128060669141323e+00,4.871939330858721107e-03,8.004061854827443767e+01,0.000000000000000000e+00
1.461000000000000000e+03,1.460999999999999943e+01,1.186651865000612283e+01,-3.949010552977514799e+00,5.945201748825110322e+00,1.295329712789732524e+00,4.670287210267520805e-03,8.002952572554433175e+01,0.000000000000000000e+00
1.462000000000000000e+03,1.462000000000000099e+01,1.189348457929781588e+01,-3.924641490346334471e+00,5.961896313448216134e+00,1.296868492231570080e+00,3.131507768429964145e-03,8.001825192710030876e+01,0.000000000000000000e+00
1.463000000000000000e+03,1.463000000000000078e+01,1.191500284610633820e+01,-3.879357799125115580e+00,5.992929700242368263e+00,1.299068280633962180e+00,9.317193660378642051e-04,8.001039812714591903e+01,0.000000000000000000e+00
1.464000000000000000e+03,1.464000000000000057e+01,1.193217398830707765e+01,-3.830302108924427351e+00,6.026563865429362288e+00,1.302157340714075850e+00,2.157340714075806076e-03,8.000640030481804388e+01,0.000000000000000000e+00
1.465000000000000000e+03,1.465000000000000036e+01,1.194428340196301264e+01,-3.832746996820048491e+00,6.024889139336480071e+00,1.305870372770399968e+00,5.870372770399923112e-03,8.000033669469837605e+01,0.000000000000000000e+00
1.466000000000000000e+03,1.466000000000000014e+01,1.193168965675411464e+01,-3.852236610321333465e+00,6.011522897269280463e+00,1.308519913545747926e+00,8.519913545747881400e-03,7.999648617016660523e+01,0.000000000000000000e+00
1.467000000000000000e+03,1.466999999999999993e+01,1.191185126758252899e+01,-3.876564165302511800e+00,5.994839894928707835e+00,1.309305170565378429e+00,9.305170565378384495e-03,7.999541715451077550e+01,0.000000000000000000e+00
1.468000000000000000e+03,1.467999999999999972e+01,1.186692172447096105e+01,-3.918219836833492398e+00,5.966277819978457408e+00,1.308431489233840672e+00,8.431489233840627762e-03,8.000012209360610882e+01,0.000000000000000000e+00
1.469000000000000000e+03,1.468999999999999950e+01,1.182402723766919372e+01,-3.958216431767821675e+00,5.938860789638207294e+00,1.305248208302522750e+00,5.248208302522705537e-03,8.000858846142673997e+01,0.000000000000000000e+00
1.470000000000000000e+03,1.470000000000000107e+01,1.176157673180103913e+01,-4.011654849907839271e+00,5.902240413525700724e+00,1.300496893721046821e+00,4.968937210467760934e-04,8.002234825572244858e+01,0.000000000000000000e+00
1.471000000000000000e+03,1.471000000000000085e+01,1.180275657742313555e+01,-3.992448975373314557e+00,5.915390050095354901e+00,1.293744473383267923e+00,6.255526616732121070e-03,8.002520264406766159e+01,0.000000000000000000e+00
1.472000000000000000e+03,1.472000000000000064e+01,1.184260373349927065e+01,-3.950071907509656643e+00,5.944414698389284268e+00,1.290227148890088493e+00,9.772851109911551148e-03,8.002337289401617682e+01,0.000000000000000000e+00
1.473000000000000000e+03,1.473000000000000043e+01,1.187440095905497373e+01,-3.899860255763928141e+00,5.978819432505275699e+00,1.289676557007154445e+00,1.032344299284559952e-02,8.002082082429123489e+01,0.000000000000000000e+00
1.474000000000000000e+03,1.474000000000000021e+01,1.189977450268023240e+01,-3.845637702073381625e+00,6.015990629630288744e+00,1.291303145417131315e+00,8.696854582868729366e-03,8.001956191328751800e+01,0.000000000000000000e+00
1.475000000000000000e+03,1.475000000000000000e+01,1.192002207789634660e+01,-3.802218539486480253e+00,6.045772573297631070e+00,1.294471976327658203e+00,5.528023672341841888e-03,8.001906742054339361e+01,0.000000000000000000e+00
1.476000000000000000e+03,1.475999999999999979e+01,1.193617923387688329e+01,-3.732452167711792335e+00,6.093645498060687338e+00,1.298360350193480395e+00,1.639649806519649644e-03,8.002308421540206496e+01,3.000000000000000000e+00
1.477000000000000000e+03,1.476999999999999957e+01,1.194554237251972140e+01,-3.738891742210944891e+00,6.089234778459788444e+00,1.303396955169086047e+00,3.396955169086002257e-03,8.002302404737733355e+01,0.000000000000000000e+00
1.478000000000000000e+03,1.478000000000000114e+01,1.195144798277187093e+01,-3.747461928451116808e+00,6.083360971611163848e+00,1.307084270144595939e+00,7.084270144595894436e-03,8.002056225068110962e+01,0.000000000000000000e+00
1.479000000000000000e+03,1.479000000000000092e+01,1.193527378932670224e+01,-3.771179902644852699e+00,6.067088743933314987e+00,1.309689350835224753e+00,9.689350835224708192e-03,8.001973173207944967e+01,0.000000000000000000e+00
1.480000000000000000e+03,1.480000000000000071e+01,1.191522141570262150e+01,-3.797236661748051301e+00,6.049212946972146732e+00,1.310576406262547566e+00,1.057640626254752192e-02,8.002074219914739217e+01,0.000000000000000000e+00
1.481000000000000000e+03,1.481000000000000050e+01,1.187070571631508109e+01,-3.840124319319741186e+00,6.019790973184194094e+00,1.310098148717927291e+00,1.009814871792724666e-02,8.002674658161330967e+01,0.000000000000000000e+00
1.482000000000000000e+03,1.482000000000000028e+01,1.182045325959876614e+01,-3.886753413820336789e+00,5.987810802584074388e+00,1.307587247882026515e+00,7.587247882026471046e-03,8.003705416941990336e+01,0.000000000000000000e+00
1.483000000000000000e+03,1.483000000000000007e+01,1.177857032985166263e+01,-3.927275583326541586e+00,5.960027493379913999e+00,1.303389010593662078e+00,3.389010593662034054e-03,8.004901662455202427e+01,0.000000000000000000e+00
1.484000000000000000e+03,1.483999999999999986e+01,1.176724917657691627e+01,-3.946216749980737237e+00,5.947043455273659518e+00,1.298381269499423896e+00,1.618730500576148756e-03,8.005774071985422324e+01,0.000000000000000000e+00
1.485000000000000000e+03,1.484999999999999964e+01,1.181334925452095419e+01,-3.924847255543837399e+00,5.961686459963231322e+00,1.294200112741563213e+00,5.799887258436831061e-03,8.005632314131946714e+01,0.000000000000000000e+00
1.486000000000000000e+03,1.485999999999999943e+01,1.185105647582985178e+01,-3.889701741248607902e+00,5.985774681324919300e+00,1.293250221852686233e+00,6.749778147313811871e-03,8.005109460945347166e+01,0.000000000000000000e+00
1.487000000000000000e+03,1.487000000000000099e+01,1.188114607667230516e+01,-3.866173316677669280e+00,6.001906439316717190e+00,1.294840239280570904e+00,5.159760719429140607e-03,8.004336138594973704e+01,0.000000000000000000e+00
1.488000000000000000e+03,1.488000000000000078e+01,1.190515697027385933e+01,-3.839120588217995955e+00,6.020459115707151199e+00,1.297800098424948256e+00,2.199901575051788072e-03,8.003547429453418260e+01,0.000000000000000000e+00
1.489000000000000000e+03,1.489000000000000057e+01,1.191483278046174732e+01,-3.843396187288277588e+00,6.017529569792114508e+00,1.301725322857495870e+00,1.725322857495825701e-03,8.002698845276310635e+01,0.000000000000000000e+00
1.490000000000000000e+03,1.490000000000000036e+01,1.188293322452838474e+01,-3.876504590465251976e+00,5.994824429203859495e+00,1.305172642269159189e+00,5.172642269159144490e-03,8.002416364135895321e+01,0.000000000000000000e+00
1.491000000000000000e+03,1.491000000000000014e+01,1.186845108574808982e+01,-3.897198502211915550e+00,5.980636130916991533e+00,1.306454091319373401e+00,6.454091319373356228e-03,8.002298412444334019e+01,0.000000000000000000e+00
1.492000000000000000e+03,1.491999999999999993e+01,1.183472825750387969e+01,-3.931116816023483729e+00,5.957383211262473388e+00,1.306986466843810701e+00,6.986466843810656968e-03,8.002577604811220624e+01,0.000000000000000000e+00
1.493000000000000000e+03,1.492999999999999972e+01,1.176032473689989111e+01,-3.993239592647783276e+00,5.914804730888710615e+00,1.306148511785403477e+00,6.148511785403432128e-03,8.003707422925893411e+01,0.000000000000000000e+00
1.494000000000000000e+03,1.493999999999999950e+01,1.177399995780575281e+01,-3.993586864314623508e+00,5.914563400676758675e+00,1.302517054463141477e+00,2.517054463141432663e-03,8.004200550256885549e+01,0.000000000000000000e+00
1.495000000000000000e+03,1.495000000000000107e+01,1.180457037091451866e+01,-3.981915234305767104e+00,5.922555455826196358e+00,1.300845865366366372e+00,8.458653663663273647e-04,8.004020645848490290e+01,0.000000000000000000e+00
1.496000000000000000e+03,1.496000000000000085e+01,1.176521114157323744e+01,-4.018908813324565621e+00,5.897208704040186156e+00,1.301391528570301936e+00,1.391528570301892032e-03,8.004315128108814292e+01,0.000000000000000000e+00
1.497000000000000000e+03,1.497000000000000064e+01,1.173270940825930353e+01,-4.050894937239753801e+00,5.875297548458858543e+00,1.300415315339593647e+00,4.153153395936026726e-04,8.004849991230001649e+01,0.000000000000000000e+00
1.498000000000000000e+03,1.498000000000000043e+01,1.172881865700893833e+01,-4.062686229936077531e+00,5.867218865703147657e+00,1.298660977050877907e+00,1.339022949122137263e-03,8.005173972412902117e+01,0.000000000000000000e+00
1.499000000000000000e+03,1.499000000000000021e+01,1.175016494545468504e+01,-4.056650384360183104e+00,5.871346373724218637e+00,1.297651105137020755e+00,2.348894862979289400e-03,8.005022537753299616e+01,0.000000000000000000e+00
1.500000000000000000e+03,1.500000000000000000e+01,1.177579201125948316e+01,-4.047522930304283229e+00,5.877590881136613987e+00,1.298339464253992714e+00,1.660535746007330005e-03,8.004476074762891358e+01,0.000000000000000000e+00
1.501000000000000000e+03,1.500999999999999979e+01,1.178384883998304034e+01,-4.050484673177924044e+00,5.875558314979991259e+00,1.300461833867534445e+00,4.618338675344002553e-04,8.003873941493594657e+01,0.000000000000000000e+00
1.502000000000000000e+03,1.501999999999999957e+01,1.173021840873024502e+01,-4.096412056230789744e+00,5.844107692897907214e+00,1.302831912628579003e+00,2.831912628578958646e-03,8.004042833879908869e+01,0.000000000000000000e+00
1.503000000000000000e+03,1.503000000000000114e+01,1.170054336786557592e+01,-4.125383131189702901e+00,5.824272545587474426e+00,1.302581069733977470e+00,2.581069733977425784e-03,8.004448889430962311e+01,0.000000000000000000e+00
1.504000000000000000e+03,1.504000000000000092e+01,1.166000265197279973e+01,-4.161762455905306801e+00,5.799371454420550798e+00,1.301509433064808929e+00,1.509433064808884950e-03,8.005154056731223022e+01,0.000000000000000000e+00
1.505000000000000000e+03,1.505000000000000071e+01,1.157650122423953576e+01,-4.227965196965278949e+00,5.754072265611898551e+00,1.299335287747850565e+00,6.647122521494797098e-04,8.006576744369583309e+01,0.000000000000000000e+00
1.506000000000000000e+03,1.506000000000000050e+01,1.157412437314058273e+01,-4.237313038825909928e+00,5.747673092590255273e+00,1.294379393087672137e+00,5.620606912327907878e-03,8.007502536312181007e+01,0.000000000000000000e+00
1.507000000000000000e+03,1.507000000000000028e+01,1.153702885638312026e+01,-4.270726131238311574e+00,5.724817963084871231e+00,1.291085994188602371e+00,8.914005811397673895e-03,8.008483384441066733e+01,0.000000000000000000e+00
1.508000000000000000e+03,1.508000000000000007e+01,1.155861479296831540e+01,-4.263022069752271825e+00,5.730078957031670583e+00,1.287389047063425052e+00,1.261095293657499283e-02,8.008844085912899402e+01,0.000000000000000000e+00
1.509000000000000000e+03,1.508999999999999986e+01,1.157891168585334718e+01,-4.256054131667719176e+00,5.734836901367578399e+00,1.286069447012416989e+00,1.393055298758305582e-02,8.008793058573675694e+01,0.000000000000000000e+00
1.510000000000000000e+03,1.509999999999999964e+01,1.164172290150298394e+01,-4.219241284774819967e+00,5.760000479463756484e+00,1.286392690854693655e+00,1.360730914530638991e-02,8.007981331701998329e+01,0.000000000000000000e+00
1.511000000000000000e+03,1.510999999999999943e+01,1.168991169750777814e+01,-4.192456364071355246e+00,5.778311581930470453e+00,1.289834513998029619e+00,1.016548600197042518e-02,8.006762473307561834e+01,0.000000000000000000e+00
1.512000000000000000e+03,1.512000000000000099e+01,1.175255579902135850e+01,-4.152867939801829777e+00,5.805382470828710062e+00,1.294827119054151376e+00,5.172880945848667977e-03,8.005079692255684165e+01,0.000000000000000000e+00
1.513000000000000000e+03,1.513000000000000078e+01,1.172348430762480298e+01,-4.179886470365477003e+00,5.786894221532702609e+00,1.301632950959823676e+00,1.632950959823631365e-03,8.004101359346154254e+01,0.000000000000000000e+00
1.514000000000000000e+03,1.514000000000000057e+01,1.171049404232516444e+01,-4.195495294794563179e+00,5.776213248500233099e+00,1.305428427193029428e+00,5.428427193029383702e-03,8.003467125474384147e+01,0.000000000000000000e+00
1.515000000000000000e+03,1.515000000000000036e+01,1.164301019945455451e+01,-4.249103231324300900e+00,5.739545851385383202e+00,1.307740543477552198e+00,7.740543477552153107e-03,8.003750202654364898e+01,0.000000000000000000e+00
1.516000000000000000e+03,1.516000000000000014e+01,1.157653635143590165e+01,-4.301818699549305514e+00,5.703500908633445832e+00,1.306432522104926219e+00,6.432522104926174933e-03,8.004662707190126980e+01,0.000000000000000000e+00
1.517000000000000000e+03,1.516999999999999993e+01,1.156934470855375885e+01,-4.312932028722102906e+00,5.695900598832733586e+00,1.302490513522640114e+00,2.490513522640069866e-03,8.005314762947668328e+01,0.000000000000000000e+00
1.518000000000000000e+03,1.517999999999999972e+01,1.159700611789421032e+01,-4.299561599595513428e+00,5.705033310998251395e+00,1.299306515139180052e+00,6.934848608199928321e-04,8.005394277485264354e+01,0.000000000000000000e+00
1.519000000000000000e+03,1.518999999999999950e+01,1.162294021428245827e+01,-4.287262393289515749e+00,5.713434485200739488e+00,1.298228721176609923e+00,1.771278823390121104e-03,8.005090825221672901e+01,0.000000000000000000e+00
1.520000000000000000e+03,1.520000000000000107e+01,1.157951147883395926e+01,-4.323377031382533708e+00,5.688746503515285546e+00,1.298549960527393798e+00,1.450039472606245994e-03,8.005293140461530754e+01,0.000000000000000000e+00
1.521000000000000000e+03,1.521000000000000085e+01,1.160860605642622367e+01,-4.308653704137876517e+00,5.698803074860655293e+00,1.296633646962584097e+00,3.366353037415947824e-03,8.005048115311522849e+01,0.000000000000000000e+00
1.522000000000000000e+03,1.522000000000000064e+01,1.160500638417441799e+01,-4.316664112927991681e+00,5.693324749073742197e+00,1.296386303106478621e+00,3.613696893521423092e-03,8.004847482718375318e+01,0.000000000000000000e+00
1.523000000000000000e+03,1.523000000000000043e+01,1.163362451433764200e+01,-4.302022834731957346e+00,5.703325468178147339e+00,1.295788098462183013e+00,4.211901537817031027e-03,8.004319356256763740e+01,0.000000000000000000e+00
1.524000000000000000e+03,1.524000000000000021e+01,1.164101743129216082e+01,-4.302108011141144495e+00,5.703263217088784920e+00,1.296369992171504837e+00,3.630007828495207534e-03,8.003790450371332099e+01,0.000000000000000000e+00
1.525000000000000000e+03,1.525000000000000000e+01,1.171353916234424908e+01,-4.255344106077552091e+00,5.735216043462823876e+00,1.296775537635230791e+00,3.224462364769253853e-03,8.002521635317832249e+01,0.000000000000000000e+00
1.526000000000000000e+03,1.525999999999999979e+01,1.176219237946340890e+01,-4.226315669296262456e+00,5.755054479088326680e+00,1.300037138525708347e+00,3.713852570830233901e-05,8.000940578076539111e+01,0.000000000000000000e+00
1.527000000000000000e+03,1.526999999999999957e+01,1.174519683950359727e+01,-4.243188122011313013e+00,5.743515983584538631e+00,1.304179677281184668e+00,4.179677281184623894e-03,7.999916718260513449e+01,0.000000000000000000e+00
1.528000000000000000e+03,1.528000000000000114e+01,1.172625513870409364e+01,-4.261313633095974218e+00,5.731122293283553049e+00,1.305890226855264125e+00,5.890226855264080186e-03,7.999344120147083004e+01,0.000000000000000000e+00
1.529000000000000000e+03,1.529000000000000092e+01,1.169466731031219453e+01,-4.288193913860093076e+00,5.712746356035653506e+00,1.305707739967957748e+00,5.707739967957703442e-03,7.999265355542446798e+01,0.000000000000000000e+00
1.530000000000000000e+03,1.530000000000000071e+01,1.166946805200170090e+01,-4.310482713503891894e+00,5.697511383713923294e+00,1.303530349419544931e+00,3.530349419544887013e-03,7.999465107881974291e+01,0.000000000000000000e+00
1.531000000000000000e+03,1.531000000000000050e+01,1.161641806151342848e+01,-4.352171115764140730e+00,5.669023404449364811e+00,1.300159395571690357e+00,1.593955716903128206e-04,8.000197763841178755e+01,0.000000000000000000e+00
1.532000000000000000e+03,1.532000000000000028e+01,1.163132141907013306e+01,-4.346164975600411928e+00,5.673123302518056299e+00,1.294601587658944064e+00,5.398412341055980335e-03,8.000488252398618272e+01,0.000000000000000000e+00
1.533000000000000000e+03,1.533000000000000007e+01,1.167703980819210763e+01,-4.318485635350933549e+00,5.692028789072365313e+00,1.290551096646170848e+00,9.448903353829196661e-03,8.000103127005409931e+01,0.000000000000000000e+00
1.534000000000000000e+03,1.533999999999999986e+01,1.173227448788327010e+01,-4.284022252074875858e+00,5.715571930672049383e+00,1.288987190312226749e+00,1.101280968777329505e-02,7.999107144065081343e+01,0.000000000000000000e+00
1.535000000000000000e+03,1.534999999999999964e+01,1.178636044992705401e+01,-4.241835989579504584e+00,5.744397067364343634e+00,1.289638194901172152e+00,1.036180509882789202e-02,7.997751126017506351e+01,0.000000000000000000e+00
1.536000000000000000e+03,1.535999999999999943e+01,1.182951995499229625e+01,-4.193165571139598313e+00,5.777662504778158237e+00,1.292045132214059144e+00,7.954867785940900049e-03,7.996401837087648801e+01,0.000000000000000000e+00
1.537000000000000000e+03,1.537000000000000099e+01,1.184118332757834935e+01,-4.189625032550928552e+00,5.780081427108049397e+00,1.295580806019615006e+00,4.419193980385038856e-03,7.995183762478498579e+01,0.000000000000000000e+00
1.538000000000000000e+03,1.538000000000000078e+01,1.187326750382514717e+01,-4.155844414557842370e+00,5.803178466728682316e+00,1.297836936907918126e+00,2.163063092081918271e-03,7.993973944237795592e+01,0.000000000000000000e+00
1.539000000000000000e+03,1.539000000000000057e+01,1.188603777551165841e+01,-4.151667077301626207e+00,5.806034212691841390e+00,1.300523719654433474e+00,5.237196544334299375e-04,7.992839118068481241e+01,0.000000000000000000e+00
1.540000000000000000e+03,1.540000000000000036e+01,1.190906044712546397e+01,-4.130376280654147081e+00,5.820595479374475190e+00,1.302191684253616311e+00,2.191684253616266176e-03,7.991730920242629566e+01,0.000000000000000000e+00
1.541000000000000000e+03,1.541000000000000014e+01,1.190576137696191417e+01,-4.137432608479746143e+00,5.815767321879417473e+00,1.303856357932557719e+00,3.856357932557674673e-03,7.990903044660510091e+01,0.000000000000000000e+00
1.542000000000000000e+03,1.541999999999999993e+01,1.186859883682743622e+01,-4.168193789075549383e+00,5.794723864081075426e+00,1.304052893319998185e+00,4.052893319998140953e-03,7.990782852419906135e+01,0.000000000000000000e+00
1.543000000000000000e+03,1.542999999999999972e+01,1.189514452635724773e+01,-4.151004295394702837e+00,5.806478334460822843e+00,1.301656342330512084e+00,1.656342330512039496e-03,7.990291018534621514e+01,0.000000000000000000e+00
1.544000000000000000e+03,1.543999999999999950e+01,1.191632745032548080e+01,-4.110589499218568754e+00,5.834120186193228363e+00,1.300376172782921946e+00,3.761727829219019270e-04,7.989918907186410024e+01,0.000000000000000000e+00
1.545000000000000000e+03,1.545000000000000107e+01,1.191330556797996465e+01,-4.117767567372759174e+00,5.829208595913145885e+00,1.300407500184512344e+00,4.075001845122994126e-04,7.989630741952312576e+01,0.000000000000000000e+00
1.546000000000000000e+03,1.546000000000000085e+01,1.193081959465067854e+01,-4.090827530341761609e+00,5.847639847586510342e+00,1.299477762787874635e+00,5.222372121254093003e-04,7.989329009150620209e+01,0.000000000000000000e+00
1.547000000000000000e+03,1.547000000000000064e+01,1.194479543411518740e+01,-4.062643540514285334e+00,5.866927185450158788e+00,1.299340391369677716e+00,6.596086303223280822e-04,7.989110987820660625e+01,0.000000000000000000e+00
1.548000000000000000e+03,1.548000000000000043e+01,1.195594787166767503e+01,-4.024201963595049669e+00,5.893241253803192414e+00,1.299742869439113768e+00,2.571305608862761716e-04,7.989138331109990077e+01,1.000000000000000000e+00
1.549000000000000000e+03,1.549000000000000021e+01,1.196484729153279147e+01,-4.000611513681455733e+00,5.909396621476124878e+00,1.300768247067914274e+00,7.682470679142294756e-04,7.989221186096672511e+01,0.000000000000000000e+00
1.550000000000000000e+03,1.550000000000000000e+01,1.197127460930672704e+01,-4.002789386172341146e+00,5.907908245251398682e+00,1.301816546875380842e+00,1.816546875380797843e-03,7.989099472312389594e+01,0.000000000000000000e+00
1.551000000000000000e+03,1.550999999999999979e+01,1.197707771853769110e+01,-3.967505243556771255e+00,5.932075696573088308e+00,1.302158654662862514e+00,2.158654662862469209e-03,7.989285097720174633e+01,1.000000000000000000e+00
1.552000000000000000e+03,1.551999999999999957e+01,1.198170848246946996e+01,-3.925041143831259127e+00,5.961171071635590124e+00,1.303022404102287757e+00,3.022404102287712391e-03,7.989806365472739458e+01,1.000000000000000000e+00
1.553000000000000000e+03,1.553000000000000114e+01,1.198540373853624352e+01,-3.918160034399598146e+00,5.965893345901238654e+00,1.304467313016917540e+00,4.467313016917495716e-03,7.990174879174458056e+01,1.000000000000000000e+00
1.554000000000000000e+03,1.554000000000000092e+01,1.198835247822589167e+01,-3.876168012310683864e+00,5.994680311999094791e+00,1.305396652658450174e+00,5.396652658450129536e-03,7.990864003066138821e+01,1.000000000000000000e+00
1.555000000000000000e+03,1.555000000000000071e+01,1.199070551292773246e+01,-3.856189363276858906e+00,6.008387217262160185e+00,1.306921813646814146e+00,6.921813646814101162e-03,7.991540994258620856e+01,1.000000000000000000e+00
1.556000000000000000e+03,1.556000000000000050e+01,1.196524120082299447e+01,-3.883458922946597891e+00,5.989696507833889072e+00,1.308320500873746628e+00,8.320500873746583537e-03,7.992325869848676234e+01,0.000000000000000000e+00
1.557000000000000000e+03,1.557000000000000028e+01,1.194092829135470701e+01,-3.909714826974031610e+00,5.971703575479815562e+00,1.307691887172456768e+00,7.691887172456723931e-03,7.993169718664212553e+01,0.000000000000000000e+00
1.558000000000000000e+03,1.558000000000000007e+01,1.192161855506951085e+01,-3.932262824585122551e+00,5.956254829770604609e+00,1.305703357628691164e+00,5.703357628691119174e-03,7.993974201137500302e+01,0.000000000000000000e+00
1.559000000000000000e+03,1.558999999999999986e+01,1.188121958432162728e+01,-3.969390728631983389e+00,5.930816063321650233e+00,1.303008586011927816e+00,3.008586011927771864e-03,7.995071029075148772e+01,0.000000000000000000e+00
1.560000000000000000e+03,1.559999999999999964e+01,1.190521562789301591e+01,-3.945541638568466070e+00,5.947159278748178401e+00,1.298911167388558940e+00,1.088832611441103992e-03,7.995572685391452694e+01,0.000000000000000000e+00
1.561000000000000000e+03,1.561000000000000121e+01,1.192436398589442703e+01,-3.916685890633081701e+00,5.966937325451271867e+00,1.297159110332250842e+00,2.840889667749202374e-03,7.995824815408445829e+01,0.000000000000000000e+00
1.562000000000000000e+03,1.562000000000000099e+01,1.193964398874403798e+01,-3.898986643232713156e+00,5.979074695295967246e+00,1.297168803832024375e+00,2.831196167975669198e-03,7.995856969909567624e+01,0.000000000000000000e+00
1.563000000000000000e+03,1.563000000000000078e+01,1.195183712233110107e+01,-3.898237073567679900e+00,5.979595397773810106e+00,1.298105229211379497e+00,1.894770788620547819e-03,7.995602130381426775e+01,0.000000000000000000e+00
1.564000000000000000e+03,1.564000000000000057e+01,1.195683879401884830e+01,-3.903832001689594211e+00,5.975766719585028142e+00,1.299226580182669011e+00,7.734198173310335989e-04,7.995232707423662077e+01,0.000000000000000000e+00
1.565000000000000000e+03,1.565000000000000036e+01,1.196555822957059689e+01,-3.859245787743861733e+00,6.006335788690005728e+00,1.300171377445378473e+00,1.713774453784289165e-04,7.995279825853218370e+01,1.000000000000000000e+00
1.566000000000000000e+03,1.566000000000000014e+01,1.197251616299067756e+01,-3.833457160127847541e+00,6.024028995775963402e+00,1.302472356732440106e+00,2.472356732440061933e-03,7.995449815661812920e+01,1.000000000000000000e+00
1.567000000000000000e+03,1.566999999999999993e+01,1.196040753589116434e+01,-3.852122484313808215e+00,6.011236314195122610e+00,1.305247895716320272e+00,5.247895716320227777e-03,7.995641458323152051e+01,0.000000000000000000e+00
1.568000000000000000e+03,1.567999999999999972e+01,1.194304396221030551e+01,-3.874248119031488802e+00,5.996071396969888667e+00,1.306723670261391135e+00,6.723670261391090364e-03,7.995933763895648383e+01,0.000000000000000000e+00
1.569000000000000000e+03,1.568999999999999950e+01,1.187671713988934563e+01,-3.930445088716907787e+00,5.957546537947813192e+00,1.307065956444780630e+00,7.065956444780585599e-03,7.997050647178048166e+01,0.000000000000000000e+00
1.570000000000000000e+03,1.570000000000000107e+01,1.182357005793068083e+01,-3.977173273788458641e+00,5.925526258931371970e+00,1.304434241858215771e+00,4.434241858215726140e-03,7.998530795657023873e+01,0.000000000000000000e+00
1.571000000000000000e+03,1.571000000000000085e+01,1.178291788998114953e+01,-4.014934696632676214e+00,5.899659033482341997e+00,1.300260835477420329e+00,2.608354774202847892e-04,8.000058572266692636e+01,0.000000000000000000e+00
1.572000000000000000e+03,1.572000000000000064e+01,1.181806230543539016e+01,-3.999494194020812188e+00,5.910236056782564695e+00,1.295550972817298918e+00,4.449027182701126293e-03,8.000529557658273916e+01,0.000000000000000000e+00
1.573000000000000000e+03,1.573000000000000043e+01,1.185481739524642286e+01,-3.981835894878821946e+00,5.922333587765542973e+00,1.293887450057818578e+00,6.112549942181466633e-03,8.000250230039313237e+01,0.000000000000000000e+00
1.574000000000000000e+03,1.574000000000000021e+01,1.188414721438855892e+01,-3.960615639207539118e+00,5.936873168435758963e+00,1.294560170597078175e+00,5.439829402921869672e-03,7.999636075386094092e+01,0.000000000000000000e+00
1.575000000000000000e+03,1.575000000000000000e+01,1.187587806264777868e+01,-3.975182506808768945e+00,5.926895925014188826e+00,1.296842547139322566e+00,3.157452860677478768e-03,7.999205789066509453e+01,0.000000000000000000e+00
1.576000000000000000e+03,1.575999999999999979e+01,1.185127149245869305e+01,-4.001001831425512911e+00,5.909210477840289855e+00,1.298351233968327634e+00,1.648766031672410648e-03,7.999147755285673611e+01,0.000000000000000000e+00
1.577000000000000000e+03,1.576999999999999957e+01,1.180907763932854060e+01,-4.038946523377872744e+00,5.883222669022666551e+00,1.298571627105463255e+00,1.428372894536789062e-03,7.999608659867287486e+01,0.000000000000000000e+00
1.578000000000000000e+03,1.578000000000000114e+01,1.183596253707685086e+01,-4.028347995692764805e+00,5.890480597158571641e+00,1.297066641735727277e+00,2.933358264272767357e-03,7.999462317407848388e+01,0.000000000000000000e+00
1.579000000000000000e+03,1.579000000000000092e+01,1.179160931995299144e+01,-4.067448424959978936e+00,5.863706374089525220e+00,1.297426375523479614e+00,2.573624476520430804e-03,7.999884711434651763e+01,0.000000000000000000e+00
1.580000000000000000e+03,1.580000000000000071e+01,1.182849531029464352e+01,-4.049538861911126553e+00,5.875966884119630862e+00,1.295914961185115066e+00,4.085038814884978109e-03,7.999580803635178938e+01,0.000000000000000000e+00
1.581000000000000000e+03,1.581000000000000050e+01,1.186280049662200220e+01,-4.033249297933963362e+00,5.887120040235858554e+00,1.296708400765922642e+00,3.291599234077402514e-03,7.998789663272916073e+01,0.000000000000000000e+00
1.582000000000000000e+03,1.582000000000000028e+01,1.184748314310234107e+01,-4.051555212050053534e+00,5.874586207512832559e+00,1.299044011559764122e+00,9.559884402359219990e-04,7.998341657618509259e+01,0.000000000000000000e+00
1.583000000000000000e+03,1.583000000000000007e+01,1.184841105988379439e+01,-4.058311127712604716e+00,5.869961161564964947e+00,1.300233079312689943e+00,2.330793126898988987e-04,7.997917189526900472e+01,0.000000000000000000e+00
1.584000000000000000e+03,1.583999999999999986e+01,1.187903508819009879e+01,-4.042350344391234529e+00,5.880887775259292738e+00,1.301302751453396578e+00,1.302751453396533421e-03,7.997109480099649659e+01,0.000000000000000000e+00
1.585000000000000000e+03,1.584999999999999964e+01,1.188094414129718857e+01,-4.048138775753815644e+00,5.876925089480423026e+00,1.303649345010649441e+00,3.649345010649396315e-03,7.996410036243993602e+01,0.000000000000000000e+00
1.586000000000000000e+03,1.586000000000000121e+01,1.189772288060291672e+01,-4.043342960131196762e+00,5.880208674319140627e+00,1.305542152048419613e+00,5.542152048419568544e-03,7.995576302467492269e+01,0.000000000000000000e+00
1.587000000000000000e+03,1.587000000000000099e+01,1.185027025557614522e+01,-4.083460809046887796e+00,5.852742540860384146e+00,1.307743298033271051e+00,7.743298033271006631e-03,7.995578604573091752e+01,0.000000000000000000e+00
1.588000000000000000e+03,1.588000000000000078e+01,1.178356696042194685e+01,-4.136908618418115857e+00,5.816160450896640022e+00,1.307223324059708869e+00,7.223324059708824407e-03,7.996454540571630787e+01,0.000000000000000000e+00
1.589000000000000000e+03,1.589000000000000057e+01,1.173671364204234457e+01,-4.176259500515822509e+00,5.789236319107365247e+00,1.303812250896675407e+00,3.812250896675362100e-03,7.997649146761435190e+01,0.000000000000000000e+00
1.590000000000000000e+03,1.590000000000000036e+01,1.174290745112922174e+01,-4.178303055210331074e+00,5.787836708165532862e+00,1.299149372348275877e+00,8.506276517241673218e-04,7.998332367597032544e+01,0.000000000000000000e+00
1.591000000000000000e+03,1.591000000000000014e+01,1.179158349492806401e+01,-4.150455814689865797e+00,5.806881376970179254e+00,1.295937375157459437e+00,4.062624842540607517e-03,7.998089481602258388e+01,0.000000000000000000e+00
1.592000000000000000e+03,1.591999999999999993e+01,1.180785283540218522e+01,-4.145161848998348830e+00,5.810501400738702138e+00,1.295666313630472910e+00,4.333686369527134374e-03,7.997621683567538753e+01,0.000000000000000000e+00
1.593000000000000000e+03,1.592999999999999972e+01,1.177819503530405321e+01,-4.171935679384353612e+00,5.792184114796666172e+00,1.296003575876622627e+00,3.996424123377417814e-03,7.997615057286131446e+01,0.000000000000000000e+00
1.594000000000000000e+03,1.593999999999999950e+01,1.182300411908101267e+01,-4.129981452347973203e+00,5.820877656038527803e+00,1.294636408187167076e+00,5.363591812832968486e-03,7.997124498452579644e+01,0.000000000000000000e+00
1.595000000000000000e+03,1.595000000000000107e+01,1.185876086270100949e+01,-4.087992316051483499e+00,5.849604602374689932e+00,1.295816904612603793e+00,4.183095387396251752e-03,7.996470757352606995e+01,0.000000000000000000e+00
1.596000000000000000e+03,1.596000000000000085e+01,1.188729402175131078e+01,-4.049111913452704492e+00,5.876214356839123631e+00,1.298544092214366952e+00,1.455907785633092644e-03,7.995808517554772266e+01,0.000000000000000000e+00
1.597000000000000000e+03,1.597000000000000064e+01,1.191006290624599551e+01,-4.023278493800129141e+00,5.893901479621941775e+00,1.302052628115906607e+00,2.052628115906562911e-03,7.995106657855268395e+01,0.000000000000000000e+00
1.598000000000000000e+03,1.598000000000000043e+01,1.191113884301221049e+01,-4.029593135345145960e+00,5.889579415164323706e+00,1.305557871712681450e+00,5.557871712681405896e-03,7.994487573996094909e+01,0.000000000000000000e+00
1.599000000000000000e+03,1.599000000000000021e+01,1.187634016618912902e+01,-4.060929514273726504e+00,5.868124447939552013e+00,1.307559550691301142e+00,7.559550691301097913e-03,7.994460344486753911e+01,0.000000000000000000e+00
